{
	"credit": "Made with Blockbench",
	"texture_size": [64, 64],
	"textures": {
		"0": "block/bottomsaloondoor",
		"particle": "block/bottomsaloondoor"
	},
	"elements": [
		{
			"from": [0, 3, 1],
			"to": [3, 5, 8],
			"rotation": {"angle": 0, "axis": "y", "origin": [6, 11, -7]},
			"faces": {
				"north": {"uv": [6, 0.5, 6.75, 1], "texture": "#0"},
				"east": {"uv": [4.75, 2.5, 6.5, 3], "texture": "#0"},
				"south": {"uv": [6, 1, 6.75, 1.5], "texture": "#0"},
				"west": {"uv": [3, 2.5, 4.75, 3], "texture": "#0"},
				"up": {"uv": [4.75, 2.5, 3, 1.75], "rotation": 270, "texture": "#0"},
				"down": {"uv": [6.25, 3.75, 4.5, 4.5], "rotation": 90, "texture": "#0"}
			}
		},
		{
			"from": [0, 9, 1],
			"to": [3, 11, 13],
			"rotation": {"angle": 0, "axis": "y", "origin": [6, 14, -6]},
			"faces": {
				"north": {"uv": [6.25, 3.5, 7, 4], "texture": "#0"},
				"east": {"uv": [3, 1.25, 6, 1.75], "texture": "#0"},
				"south": {"uv": [6.25, 4, 7, 4.5], "texture": "#0"},
				"west": {"uv": [3, 0.75, 6, 1.25], "texture": "#0"},
				"up": {"uv": [6, 3.75, 3, 3], "rotation": 270, "texture": "#0"},
				"down": {"uv": [6, 0, 3, 0.75], "rotation": 90, "texture": "#0"}
			}
		},
		{
			"from": [0, 4, 0],
			"to": [3, 16, 1],
			"rotation": {"angle": 0, "axis": "y", "origin": [6, 13, -7]},
			"faces": {
				"north": {"uv": [4.5, 4.5, 5.25, 7.5], "texture": "#0"},
				"east": {"uv": [1.5, 6.5, 1.75, 9.5], "texture": "#0"},
				"south": {"uv": [5.25, 5.25, 6, 8.25], "texture": "#0"},
				"west": {"uv": [1.25, 6.5, 1.5, 9.5], "texture": "#0"},
				"up": {"uv": [6.25, 7.25, 6, 6.5], "rotation": 270, "texture": "#0"},
				"down": {"uv": [6.5, 6.5, 6.25, 7.25], "rotation": 90, "texture": "#0"}
			}
		},
		{
			"from": [0, 4, 13],
			"to": [3, 16, 15],
			"rotation": {"angle": 0, "axis": "y", "origin": [6, 13, 7]},
			"faces": {
				"north": {"uv": [3, 3.75, 3.75, 6.75], "texture": "#0"},
				"east": {"uv": [0.5, 6, 1, 9], "texture": "#0"},
				"south": {"uv": [3.75, 3.75, 4.5, 6.75], "texture": "#0"},
				"west": {"uv": [0, 6, 0.5, 9], "texture": "#0"},
				"up": {"uv": [2.25, 7.25, 1.75, 6.5], "rotation": 270, "texture": "#0"},
				"down": {"uv": [2.75, 6.5, 2.25, 7.25], "rotation": 90, "texture": "#0"}
			}
		},
		{
			"from": [0, 2, 8],
			"to": [3, 4, 15],
			"rotation": {"angle": 0, "axis": "y", "origin": [6, 10, 1]},
			"faces": {
				"north": {"uv": [6, 3, 6.75, 3.5], "texture": "#0"},
				"east": {"uv": [6, 6, 7.75, 6.5], "texture": "#0"},
				"south": {"uv": [6, 5.25, 6.75, 5.75], "texture": "#0"},
				"west": {"uv": [1, 6, 2.75, 6.5], "texture": "#0"},
				"up": {"uv": [6.5, 2.5, 4.75, 1.75], "rotation": 270, "texture": "#0"},
				"down": {"uv": [7, 4.5, 5.25, 5.25], "rotation": 90, "texture": "#0"}
			}
		},
		{
			"from": [1, 4, 1],
			"to": [2, 16, 13],
			"rotation": {"angle": 0, "axis": "y", "origin": [6, 12, 1]},
			"faces": {
				"north": {"uv": [2.75, 6, 3, 9], "texture": "#0"},
				"east": {"uv": [0, 3, 3, 6], "texture": "#0"},
				"south": {"uv": [1, 6.5, 1.25, 9.5], "texture": "#0"},
				"west": {"uv": [0, 0, 3, 3], "texture": "#0"},
				"up": {"uv": [9, 0.25, 6, 0], "rotation": 270, "texture": "#0"},
				"down": {"uv": [9, 0.25, 6, 0.5], "rotation": 90, "texture": "#0"}
			}
		}
	]
}