{
	"credit": "Made with Blockbench",
	"texture_size": [64, 64],
	"textures": {
		"0": "block/topsaloondoor",
		"particle": "block/topsaloondoor"
	},
	"elements": [
		{
			"from": [0, 4, 3],
			"to": [3, 5, 15],
			"rotation": {"angle": 0, "axis": "y", "origin": [6, 8, 22]},
			"faces": {
				"north": {"uv": [7.25, 3.25, 6.5, 3.5], "texture": "#0"},
				"east": {"uv": [8.75, 1.5, 5.75, 1.75], "texture": "#0"},
				"south": {"uv": [7.25, 1.25, 6.5, 1.5], "texture": "#0"},
				"west": {"uv": [8.25, 5, 5.25, 5.25], "texture": "#0"},
				"up": {"uv": [3.25, 0.75, 6.25, 0], "rotation": 270, "texture": "#0"},
				"down": {"uv": [3.25, 0.75, 6.25, 1.5], "rotation": 90, "texture": "#0"}
			}
		},
		{
			"from": [0, 1, 3],
			"to": [3, 2, 15],
			"rotation": {"angle": 0, "axis": "y", "origin": [6, 5, 22]},
			"faces": {
				"north": {"uv": [7, 6, 6.25, 6.25], "texture": "#0"},
				"east": {"uv": [8.25, 4.75, 5.25, 5], "texture": "#0"},
				"south": {"uv": [3.25, 3.75, 2.5, 4], "texture": "#0"},
				"west": {"uv": [7.5, 3, 4.5, 3.25], "texture": "#0"},
				"up": {"uv": [0, 8.5, 3, 7.75], "rotation": 270, "texture": "#0"},
				"down": {"uv": [3.25, 3.25, 6.25, 4], "rotation": 90, "texture": "#0"}
			}
		},
		{
			"from": [0, 0, 15],
			"to": [3, 6, 16],
			"rotation": {"angle": 0, "axis": "y", "origin": [6, -3, 23]},
			"faces": {
				"north": {"uv": [5.25, 4.5, 4.5, 6], "texture": "#0"},
				"east": {"uv": [3.75, 5.75, 3.5, 7.25], "texture": "#0"},
				"south": {"uv": [4.5, 4, 3.75, 5.5], "texture": "#0"},
				"west": {"uv": [3.5, 5.75, 3.25, 7.25], "texture": "#0"},
				"up": {"uv": [2.25, 7, 2.5, 6.25], "rotation": 270, "texture": "#0"},
				"down": {"uv": [4.25, 6.5, 4.5, 7.25], "rotation": 90, "texture": "#0"}
			}
		},
		{
			"from": [0, 0, 1],
			"to": [3, 10, 3],
			"rotation": {"angle": 0, "axis": "y", "origin": [6, -3, 9]},
			"faces": {
				"north": {"uv": [1.5, 3.75, 0.75, 6.25], "texture": "#0"},
				"east": {"uv": [2.5, 3.75, 2, 6.25], "texture": "#0"},
				"south": {"uv": [0.75, 3.75, 0, 6.25], "texture": "#0"},
				"west": {"uv": [2, 3.75, 1.5, 6.25], "texture": "#0"},
				"up": {"uv": [3.75, 7.25, 4.25, 6.5], "rotation": 270, "texture": "#0"},
				"down": {"uv": [6.5, 0, 7, 0.75], "rotation": 90, "texture": "#0"}
			}
		},
		{
			"from": [0, 7, 3],
			"to": [3, 10, 7],
			"rotation": {"angle": 0, "axis": "y", "origin": [6, -5, 10]},
			"faces": {
				"north": {"uv": [3.25, 5.75, 2.5, 6.75], "texture": "#0"},
				"east": {"uv": [3.5, 4, 2.5, 4.75], "texture": "#0"},
				"south": {"uv": [4.5, 5.5, 3.75, 6.25], "texture": "#0"},
				"west": {"uv": [4.25, 1.5, 3.25, 2.25], "texture": "#0"},
				"up": {"uv": [3.25, 3.25, 4.25, 2.5], "rotation": 270, "texture": "#0"},
				"down": {"uv": [4.5, 1.5, 5.5, 2.25], "rotation": 90, "texture": "#0"}
			}
		},
		{
			"from": [0, 7, 7],
			"to": [3, 9, 12],
			"rotation": {"angle": 0, "axis": "y", "origin": [6, -6, 15]},
			"faces": {
				"north": {"uv": [0.75, 6.25, 0, 7], "texture": "#0"},
				"east": {"uv": [3.75, 5, 2.5, 5.5], "texture": "#0"},
				"south": {"uv": [6.25, 6, 5.5, 6.5], "texture": "#0"},
				"west": {"uv": [5.75, 2.25, 4.5, 2.75], "texture": "#0"},
				"up": {"uv": [5.25, 6, 6.5, 5.25], "rotation": 270, "texture": "#0"},
				"down": {"uv": [5.25, 4, 6.5, 4.75], "rotation": 90, "texture": "#0"}
			}
		},
		{
			"from": [0, 6, 12],
			"to": [3, 8, 16],
			"rotation": {"angle": 0, "axis": "y", "origin": [6, -6, 19]},
			"faces": {
				"north": {"uv": [7.25, 0.75, 6.5, 1.25], "texture": "#0"},
				"east": {"uv": [7.25, 6.25, 6.25, 6.75], "texture": "#0"},
				"south": {"uv": [5.25, 4, 4.5, 4.5], "texture": "#0"},
				"west": {"uv": [1.75, 6.25, 0.75, 6.75], "texture": "#0"},
				"up": {"uv": [5.75, 3, 6.75, 2.25], "rotation": 270, "texture": "#0"},
				"down": {"uv": [4.5, 6, 5.5, 6.75], "rotation": 90, "texture": "#0"}
			}
		},
		{
			"from": [1, 0, 2],
			"to": [2, 7, 15],
			"rotation": {"angle": 0, "axis": "y", "origin": [6, -4, 15]},
			"faces": {
				"north": {"uv": [2.25, 6.25, 2, 7.75], "texture": "#0"},
				"east": {"uv": [3.25, 1.5, 0, 3.25], "texture": "#0"},
				"south": {"uv": [2, 6.25, 1.75, 7.75], "texture": "#0"},
				"west": {"uv": [3.25, 0, 0, 1.75], "texture": "#0"},
				"up": {"uv": [5.75, 2, 9, 1.75], "rotation": 270, "texture": "#0"},
				"down": {"uv": [5.75, 2, 9, 2.25], "rotation": 90, "texture": "#0"}
			}
		}
	]
}