{
	"credit": "Made with Blockbench",
	"texture_size": [64, 64],
	"textures": {
		"0": "block/topsaloondoor",
		"particle": "block/topsaloondoor"
	},
	"elements": [
		{
			"from": [0, 4, 1],
			"to": [3, 5, 13],
			"rotation": {"angle": 0, "axis": "y", "origin": [6, 8, -6]},
			"faces": {
				"north": {"uv": [6.5, 1.25, 7.25, 1.5], "texture": "#0"},
				"east": {"uv": [5.75, 1.5, 8.75, 1.75], "texture": "#0"},
				"south": {"uv": [6.5, 3.25, 7.25, 3.5], "texture": "#0"},
				"west": {"uv": [5.25, 5, 8.25, 5.25], "texture": "#0"},
				"up": {"uv": [6.25, 0.75, 3.25, 0], "rotation": 270, "texture": "#0"},
				"down": {"uv": [6.25, 0.75, 3.25, 1.5], "rotation": 90, "texture": "#0"}
			}
		},
		{
			"from": [0, 1, 1],
			"to": [3, 2, 13],
			"rotation": {"angle": 0, "axis": "y", "origin": [6, 5, -6]},
			"faces": {
				"north": {"uv": [2.5, 3.75, 3.25, 4], "texture": "#0"},
				"east": {"uv": [5.25, 4.75, 8.25, 5], "texture": "#0"},
				"south": {"uv": [6.25, 6, 7, 6.25], "texture": "#0"},
				"west": {"uv": [4.5, 3, 7.5, 3.25], "texture": "#0"},
				"up": {"uv": [3, 8.5, 0, 7.75], "rotation": 270, "texture": "#0"},
				"down": {"uv": [6.25, 3.25, 3.25, 4], "rotation": 90, "texture": "#0"}
			}
		},
		{
			"from": [0, 0, 0],
			"to": [3, 6, 1],
			"rotation": {"angle": 0, "axis": "y", "origin": [6, -3, -7]},
			"faces": {
				"north": {"uv": [3.75, 4, 4.5, 5.5], "texture": "#0"},
				"east": {"uv": [3.5, 5.75, 3.75, 7.25], "texture": "#0"},
				"south": {"uv": [4.5, 4.5, 5.25, 6], "texture": "#0"},
				"west": {"uv": [3.25, 5.75, 3.5, 7.25], "texture": "#0"},
				"up": {"uv": [2.5, 7, 2.25, 6.25], "rotation": 270, "texture": "#0"},
				"down": {"uv": [4.5, 6.5, 4.25, 7.25], "rotation": 90, "texture": "#0"}
			}
		},
		{
			"from": [0, 0, 13],
			"to": [3, 10, 15],
			"rotation": {"angle": 0, "axis": "y", "origin": [6, -3, 7]},
			"faces": {
				"north": {"uv": [0, 3.75, 0.75, 6.25], "texture": "#0"},
				"east": {"uv": [2, 3.75, 2.5, 6.25], "texture": "#0"},
				"south": {"uv": [0.75, 3.75, 1.5, 6.25], "texture": "#0"},
				"west": {"uv": [1.5, 3.75, 2, 6.25], "texture": "#0"},
				"up": {"uv": [4.25, 7.25, 3.75, 6.5], "rotation": 270, "texture": "#0"},
				"down": {"uv": [7, 0, 6.5, 0.75], "rotation": 90, "texture": "#0"}
			}
		},
		{
			"from": [0, 7, 9],
			"to": [3, 10, 13],
			"rotation": {"angle": 0, "axis": "y", "origin": [6, -5, 6]},
			"faces": {
				"north": {"uv": [3.75, 5.5, 4.5, 6.25], "texture": "#0"},
				"east": {"uv": [2.5, 4, 3.5, 4.75], "texture": "#0"},
				"south": {"uv": [2.5, 5.75, 3.25, 6.75], "texture": "#0"},
				"west": {"uv": [3.25, 1.5, 4.25, 2.25], "texture": "#0"},
				"up": {"uv": [4.25, 3.25, 3.25, 2.5], "rotation": 270, "texture": "#0"},
				"down": {"uv": [5.5, 1.5, 4.5, 2.25], "rotation": 90, "texture": "#0"}
			}
		},
		{
			"from": [0, 7, 4],
			"to": [3, 9, 9],
			"rotation": {"angle": 0, "axis": "y", "origin": [6, -6, 1]},
			"faces": {
				"north": {"uv": [5.5, 6, 6.25, 6.5], "texture": "#0"},
				"east": {"uv": [2.5, 5, 3.75, 5.5], "texture": "#0"},
				"south": {"uv": [0, 6.25, 0.75, 7], "texture": "#0"},
				"west": {"uv": [4.5, 2.25, 5.75, 2.75], "texture": "#0"},
				"up": {"uv": [6.5, 6, 5.25, 5.25], "rotation": 270, "texture": "#0"},
				"down": {"uv": [6.5, 4, 5.25, 4.75], "rotation": 90, "texture": "#0"}
			}
		},
		{
			"from": [0, 6, 0],
			"to": [3, 8, 4],
			"rotation": {"angle": 0, "axis": "y", "origin": [6, -6, -3]},
			"faces": {
				"north": {"uv": [4.5, 4, 5.25, 4.5], "texture": "#0"},
				"east": {"uv": [6.25, 6.25, 7.25, 6.75], "texture": "#0"},
				"south": {"uv": [6.5, 0.75, 7.25, 1.25], "texture": "#0"},
				"west": {"uv": [0.75, 6.25, 1.75, 6.75], "texture": "#0"},
				"up": {"uv": [6.75, 3, 5.75, 2.25], "rotation": 270, "texture": "#0"},
				"down": {"uv": [5.5, 6, 4.5, 6.75], "rotation": 90, "texture": "#0"}
			}
		},
		{
			"from": [1, 0, 1],
			"to": [2, 7, 14],
			"rotation": {"angle": 0, "axis": "y", "origin": [6, -4, 1]},
			"faces": {
				"north": {"uv": [1.75, 6.25, 2, 7.75], "texture": "#0"},
				"east": {"uv": [0, 1.5, 3.25, 3.25], "texture": "#0"},
				"south": {"uv": [2, 6.25, 2.25, 7.75], "texture": "#0"},
				"west": {"uv": [0, 0, 3.25, 1.75], "texture": "#0"},
				"up": {"uv": [9, 2, 5.75, 1.75], "rotation": 270, "texture": "#0"},
				"down": {"uv": [9, 2, 5.75, 2.25], "rotation": 90, "texture": "#0"}
			}
		}
	]
}