{
	"credit": "Made with Blockbench",
	"texture_size": [64, 64],
	"textures": {
		"0": "block/hopper",
		"1": "block/basalt_top",
		"particle": "block/hopper"
	},
	"elements": [
		{
			"from": [1.47908, 16, 13],
			"to": [14.47908, 24, 14],
			"rotation": {"angle": 0, "axis": "y", "origin": [6.47908, 24, 21]},
			"faces": {
				"north": {"uv": [4, 6.5, 7.25, 8.5], "texture": "#0"},
				"east": {"uv": [2, 10, 2.25, 12], "texture": "#0"},
				"south": {"uv": [6.75, 0, 10, 2], "texture": "#0"},
				"west": {"uv": [2.25, 10, 2.5, 12], "texture": "#0"},
				"up": {"uv": [13.25, 0.75, 10, 0.5], "texture": "#0"},
				"down": {"uv": [13.25, 0.75, 10, 1], "texture": "#0"}
			}
		},
		{
			"from": [12.97908, 24, 3],
			"to": [13.47908, 29.5, 13],
			"rotation": {"angle": -45, "axis": "z", "origin": [13.47908, 24, 7]},
			"faces": {
				"north": {"uv": [6.5, 2.5, 6.75, 4], "texture": "#0"},
				"east": {"uv": [4, 2.5, 6.5, 4], "texture": "#0"},
				"south": {"uv": [2.5, 10.5, 2.75, 12], "texture": "#0"},
				"west": {"uv": [7.5, 9.25, 10, 10.75], "texture": "#0"},
				"up": {"uv": [0.25, 12.5, 0, 10], "texture": "#0"},
				"down": {"uv": [0.5, 10, 0.25, 12.5], "texture": "#0"}
			}
		},
		{
			"from": [2.62553, 23.64645, 3],
			"to": [3.12553, 29.14645, 13],
			"rotation": {"angle": 45, "axis": "z", "origin": [2.12553, 23.64645, 7]},
			"faces": {
				"north": {"uv": [2.75, 10.5, 3, 12], "texture": "#0"},
				"east": {"uv": [9.75, 6, 12.25, 7.5], "texture": "#0"},
				"south": {"uv": [3, 10.5, 3.25, 12], "texture": "#0"},
				"west": {"uv": [9.75, 7.5, 12.25, 9], "texture": "#0"},
				"up": {"uv": [0.75, 12.5, 0.5, 10], "texture": "#0"},
				"down": {"uv": [1, 10, 0.75, 12.5], "texture": "#0"}
			}
		},
		{
			"from": [1.47908, 16, 2],
			"to": [14.47908, 24, 3],
			"rotation": {"angle": 0, "axis": "y", "origin": [6.47908, 24, 10]},
			"faces": {
				"north": {"uv": [6.75, 2, 10, 4], "texture": "#0"},
				"east": {"uv": [10, 1.5, 10.25, 3.5], "texture": "#0"},
				"south": {"uv": [6.75, 4, 10, 6], "texture": "#0"},
				"west": {"uv": [10, 3.5, 10.25, 5.5], "texture": "#0"},
				"up": {"uv": [13.25, 1.25, 10, 1], "texture": "#0"},
				"down": {"uv": [13.25, 1.25, 10, 1.5], "texture": "#0"}
			}
		},
		{
			"from": [2.47908, 16, 3],
			"to": [13.47908, 17, 13],
			"rotation": {"angle": 0, "axis": "y", "origin": [6.47908, 24, 15]},
			"faces": {
				"north": {"uv": [6.75, 6, 9.5, 6.25], "texture": "#0"},
				"east": {"uv": [7.25, 6.5, 9.75, 6.75], "texture": "#0"},
				"south": {"uv": [6.75, 6.25, 9.5, 6.5], "texture": "#0"},
				"west": {"uv": [7.25, 6.75, 9.75, 7], "texture": "#0"},
				"up": {"uv": [6.75, 6.5, 4, 4], "texture": "#0"},
				"down": {"uv": [6.75, 0, 4, 2.5], "texture": "#0"}
			}
		},
		{
			"from": [1.47908, 16, 3],
			"to": [2.47908, 24, 13],
			"rotation": {"angle": 0, "axis": "y", "origin": [-5.52092, 24, 11]},
			"faces": {
				"north": {"uv": [10, 10.25, 10.25, 12.25], "texture": "#0"},
				"east": {"uv": [7.25, 7.25, 9.75, 9.25], "texture": "#0"},
				"south": {"uv": [10.25, 10.25, 10.5, 12.25], "texture": "#0"},
				"west": {"uv": [0, 8, 2.5, 10], "texture": "#0"},
				"up": {"uv": [1.25, 12.5, 1, 10], "texture": "#0"},
				"down": {"uv": [1.5, 10, 1.25, 12.5], "texture": "#0"}
			}
		},
		{
			"from": [13.47908, 16, 3],
			"to": [14.47908, 24, 13],
			"rotation": {"angle": 0, "axis": "y", "origin": [6.47908, 24, 11]},
			"faces": {
				"north": {"uv": [10.25, 1.5, 10.5, 3.5], "texture": "#0"},
				"east": {"uv": [2.5, 8.5, 5, 10.5], "texture": "#0"},
				"south": {"uv": [10.25, 3.5, 10.5, 5.5], "texture": "#0"},
				"west": {"uv": [5, 9.25, 7.5, 11.25], "texture": "#0"},
				"up": {"uv": [1.75, 12.5, 1.5, 10], "texture": "#0"},
				"down": {"uv": [2, 10, 1.75, 12.5], "texture": "#0"}
			}
		},
		{
			"from": [0, 15, 0],
			"to": [16, 16, 16],
			"rotation": {"angle": 0, "axis": "y", "origin": [8, 23, 8]},
			"faces": {
				"north": {"uv": [9.75, 9, 13.75, 9.25], "texture": "#1"},
				"east": {"uv": [10, 10, 14, 10.25], "texture": "#1"},
				"south": {"uv": [10, 0, 14, 0.25], "texture": "#1"},
				"west": {"uv": [10, 0.25, 14, 0.5], "texture": "#1"},
				"up": {"uv": [16, 16, 0, 0], "texture": "#1"},
				"down": {"uv": [16, 0, 0, 16], "texture": "#1"}
			}
		}
	]
}