{
	"credit": "Made with Blockbench",
	"texture_size": [64, 64],
	"textures": {
		"1": "mnaf:animatronics/heads/Springtrap"
	},
	"elements": [
		{
			"name": "head",
			"from": [4.89089, 13.35424, 7.35979],
			"to": [11.89089, 14.35424, 13.15979],
			"rotation": {"angle": 0, "axis": "y", "origin": [8.89089, 5.75424, 14.85479]},
			"faces": {
				"north": {"uv": [11, 5.25, 12.75, 5.5], "texture": "#1"},
				"east": {"uv": [6.25, 6, 7.75, 6.25], "texture": "#1"},
				"south": {"uv": [11, 5.5, 12.75, 5.75], "texture": "#1"},
				"west": {"uv": [11, 7.25, 12.5, 7.5], "texture": "#1"},
				"up": {"uv": [5.75, 5.5, 4, 4], "texture": "#1"},
				"down": {"uv": [5.75, 0, 4, 1.5], "texture": "#1"}
			}
		},
		{
			"name": "head",
			"from": [5.44089, 13.25424, 12.90479],
			"to": [11.44089, 13.75424, 14.20479],
			"rotation": {"angle": 0, "axis": "y", "origin": [8.44089, 5.75424, 17.22979]},
			"faces": {
				"north": {"uv": [11, 7.5, 12.5, 7.75], "texture": "#1"},
				"east": {"uv": [1.25, 7, 1.5, 7.25], "texture": "#1"},
				"south": {"uv": [11, 7.75, 12.5, 8], "texture": "#1"},
				"west": {"uv": [7.5, 7.25, 7.75, 7.5], "texture": "#1"},
				"up": {"uv": [12.5, 11, 11, 10.75], "texture": "#1"},
				"down": {"uv": [12.75, 11.25, 11.25, 11.5], "texture": "#1"}
			}
		},
		{
			"name": "head",
			"from": [5.44089, 13.25424, 6.35979],
			"to": [11.44089, 13.75424, 7.65979],
			"rotation": {"angle": 0, "axis": "y", "origin": [8.44089, 5.75424, 11.22979]},
			"faces": {
				"north": {"uv": [11.25, 2.25, 12.75, 2.5], "texture": "#1"},
				"east": {"uv": [8.75, 8.25, 9, 8.5], "texture": "#1"},
				"south": {"uv": [11.25, 2.5, 12.75, 2.75], "texture": "#1"},
				"west": {"uv": [5.75, 9.25, 6, 9.5], "texture": "#1"},
				"up": {"uv": [12.75, 9, 11.25, 8.75], "texture": "#1"},
				"down": {"uv": [3.5, 11.5, 2, 11.75], "texture": "#1"}
			}
		},
		{
			"name": "head",
			"from": [3.69089, 6.85424, 8.22979],
			"to": [5.39089, 10.35424, 13.22979],
			"rotation": {"angle": 0, "axis": "y", "origin": [8.44089, -1.24576, 16.22979]},
			"faces": {
				"north": {"uv": [0.75, 11, 1.25, 12], "texture": "#1"},
				"east": {"uv": [5, 6.5, 6.25, 7.5], "texture": "#1"},
				"south": {"uv": [1.25, 11, 1.75, 12], "texture": "#1"},
				"west": {"uv": [0, 7, 1.25, 8], "texture": "#1"},
				"up": {"uv": [2.5, 11.5, 2, 10.25], "texture": "#1"},
				"down": {"uv": [3, 10.25, 2.5, 11.5], "texture": "#1"}
			}
		},
		{
			"name": "head",
			"from": [11.31883, 6.85424, 8.22979],
			"to": [13.01883, 10.35424, 13.22979],
			"rotation": {"angle": 0, "axis": "y", "origin": [10.26883, -1.24576, 16.22979]},
			"faces": {
				"north": {"uv": [5.5, 11, 6, 12], "texture": "#1"},
				"east": {"uv": [1.25, 7.25, 2.5, 8.25], "texture": "#1"},
				"south": {"uv": [6, 11, 6.5, 12], "texture": "#1"},
				"west": {"uv": [2.5, 7.25, 3.75, 8.25], "texture": "#1"},
				"up": {"uv": [3.5, 11.5, 3, 10.25], "texture": "#1"},
				"down": {"uv": [4, 10.25, 3.5, 11.5], "texture": "#1"}
			}
		},
		{
			"name": "head",
			"from": [3.89089, 10.25424, 8.60479],
			"to": [4.69089, 12.25424, 12.60479],
			"rotation": {"angle": 0, "axis": "y", "origin": [8.94089, 1.75424, 16.60479]},
			"faces": {
				"north": {"uv": [1.5, 5.75, 1.75, 6.25], "texture": "#1"},
				"east": {"uv": [10.75, 3.25, 11.75, 3.75], "texture": "#1"},
				"south": {"uv": [7.75, 9, 8, 9.5], "texture": "#1"},
				"west": {"uv": [10.75, 6.5, 11.75, 7], "texture": "#1"},
				"up": {"uv": [6.75, 13.5, 6.5, 12.5], "texture": "#1"},
				"down": {"uv": [7, 12.5, 6.75, 13.5], "texture": "#1"}
			}
		},
		{
			"name": "head",
			"from": [12.01883, 10.25424, 8.60479],
			"to": [12.81883, 12.25424, 12.60479],
			"rotation": {"angle": 0, "axis": "y", "origin": [9.76883, 1.75424, 16.60479]},
			"faces": {
				"north": {"uv": [5, 9.75, 5.25, 10.25], "texture": "#1"},
				"east": {"uv": [10.75, 8.25, 11.75, 8.75], "texture": "#1"},
				"south": {"uv": [9.75, 1.5, 10, 2], "texture": "#1"},
				"west": {"uv": [10.75, 9, 11.75, 9.5], "texture": "#1"},
				"up": {"uv": [9, 13.5, 8.75, 12.5], "texture": "#1"},
				"down": {"uv": [9.25, 12.5, 9, 13.5], "texture": "#1"}
			}
		},
		{
			"name": "head",
			"from": [4.94089, 6.25424, 13.22979],
			"to": [11.94089, 12.05424, 15.22979],
			"rotation": {"angle": 0, "axis": "y", "origin": [9.94089, -0.24576, 25.22979]},
			"faces": {
				"north": {"uv": [4, 1.5, 5.75, 3], "texture": "#1"},
				"east": {"uv": [5.25, 9.25, 5.75, 10.75], "texture": "#1"},
				"south": {"uv": [0, 4.25, 1.75, 5.75], "texture": "#1"},
				"west": {"uv": [9.25, 5.75, 9.75, 7.25], "texture": "#1"},
				"up": {"uv": [1.75, 9.5, 0, 9], "texture": "#1"},
				"down": {"uv": [3.5, 9, 1.75, 9.5], "texture": "#1"}
			}
		},
		{
			"name": "head",
			"from": [5.39089, 5.65424, 13.65979],
			"to": [11.39089, 6.25424, 15.15979],
			"rotation": {"angle": 0, "axis": "y", "origin": [10.39089, -4.24576, 25.22979]},
			"faces": {
				"north": {"uv": [3.5, 11.5, 5, 11.75], "texture": "#1"},
				"east": {"uv": [5.75, 5.25, 6.25, 5.5], "texture": "#1"},
				"south": {"uv": [8.75, 11.5, 10.25, 11.75], "texture": "#1"},
				"west": {"uv": [4.5, 8.25, 5, 8.5], "texture": "#1"},
				"up": {"uv": [10.75, 3.75, 9.25, 3.25], "texture": "#1"},
				"down": {"uv": [1.5, 9.5, 0, 10], "texture": "#1"}
			}
		},
		{
			"from": [5.45836, 5.5, 3.40653],
			"to": [11.25836, 8, 6.40653],
			"rotation": {"angle": 0, "axis": "y", "origin": [18.45836, 23.25424, 19.20479]},
			"faces": {
				"north": {"uv": [7.75, 0, 9.2, 0.625], "texture": "#1"},
				"east": {"uv": [7, 10.5, 7.75, 11.25], "texture": "#1"},
				"south": {"uv": [7.75, 0.75, 9.25, 1.5], "texture": "#1"},
				"west": {"uv": [7.75, 10.5, 8.5, 11.25], "texture": "#1"},
				"up": {"uv": [9.25, 3.75, 7.75, 3], "texture": "#1"},
				"down": {"uv": [9.25, 6, 7.75, 6.75], "texture": "#1"}
			}
		},
		{
			"from": [7.41889, 5, 3.50653],
			"to": [8.28289, 5.8, 4.04653],
			"rotation": {"angle": 0, "axis": "y", "origin": [21.70289, 21.04224, 20.95239]},
			"faces": {
				"north": {"uv": [0.75, 10.75, 1, 11], "texture": "#1"},
				"east": {"uv": [5.5, 10.75, 5.75, 11], "texture": "#1"},
				"south": {"uv": [11.5, 6.25, 11.75, 6.5], "texture": "#1"},
				"west": {"uv": [10, 11.75, 10.25, 12], "texture": "#1"},
				"up": {"uv": [12.5, 8.25, 12.25, 8], "texture": "#1"},
				"down": {"uv": [12.75, 10.75, 12.5, 11], "texture": "#1"}
			}
		},
		{
			"from": [8.49889, 5, 3.50653],
			"to": [9.36289, 5.8, 4.04653],
			"rotation": {"angle": 0, "axis": "y", "origin": [22.78289, 21.04224, 20.95239]},
			"faces": {
				"north": {"uv": [13.25, 3, 13.5, 3.25], "texture": "#1"},
				"east": {"uv": [13.25, 7, 13.5, 7.25], "texture": "#1"},
				"south": {"uv": [13.25, 8.75, 13.5, 9], "texture": "#1"},
				"west": {"uv": [13.25, 11.75, 13.5, 12], "texture": "#1"},
				"up": {"uv": [13.5, 13.25, 13.25, 13], "texture": "#1"},
				"down": {"uv": [9.25, 13.5, 9, 13.75], "texture": "#1"}
			}
		},
		{
			"from": [6.19089, 5, 3.60653],
			"to": [7.05489, 5.8, 4.14653],
			"rotation": {"angle": 0, "axis": "y", "origin": [20.78289, 21.04224, 20.95239]},
			"faces": {
				"north": {"uv": [9.25, 13.5, 9.5, 13.75], "texture": "#1"},
				"east": {"uv": [9.5, 13.5, 9.75, 13.75], "texture": "#1"},
				"south": {"uv": [10.5, 13.5, 10.75, 13.75], "texture": "#1"},
				"west": {"uv": [11, 13.5, 11.25, 13.75], "texture": "#1"},
				"up": {"uv": [11.5, 13.75, 11.25, 13.5], "texture": "#1"},
				"down": {"uv": [11.75, 13.5, 11.5, 13.75], "texture": "#1"}
			}
		},
		{
			"from": [5.39089, 5, 4.10653],
			"to": [6.25489, 5.8, 4.64653],
			"rotation": {"angle": 0, "axis": "y", "origin": [19.78289, 21.04224, 21.95239]},
			"faces": {
				"north": {"uv": [12, 13.5, 12.25, 13.75], "texture": "#1"},
				"east": {"uv": [12.25, 13.5, 12.5, 13.75], "texture": "#1"},
				"south": {"uv": [12.5, 13.5, 12.75, 13.75], "texture": "#1"},
				"west": {"uv": [13.5, 13.5, 13.75, 13.75], "texture": "#1"},
				"up": {"uv": [13.75, 0.25, 13.5, 0], "texture": "#1"},
				"down": {"uv": [13.75, 0.25, 13.5, 0.5], "texture": "#1"}
			}
		},
		{
			"from": [10.52689, 5, 4.10653],
			"to": [11.39089, 5.8, 4.64653],
			"rotation": {"angle": 0, "axis": "y", "origin": [-1.00111, 21.04224, 21.95239]},
			"faces": {
				"north": {"uv": [13.5, 2, 13.75, 2.25], "texture": "#1"},
				"east": {"uv": [13.5, 2.25, 13.75, 2.5], "texture": "#1"},
				"south": {"uv": [13.5, 2.5, 13.75, 2.75], "texture": "#1"},
				"west": {"uv": [13.5, 2.75, 13.75, 3], "texture": "#1"},
				"up": {"uv": [13.75, 3.25, 13.5, 3], "texture": "#1"},
				"down": {"uv": [13.75, 3.25, 13.5, 3.5], "texture": "#1"}
			}
		},
		{
			"from": [5.39089, 5.15424, 5.15979],
			"to": [5.89089, 5.65424, 5.95979],
			"rotation": {"angle": 0, "axis": "y", "origin": [19.78289, 21.04224, 22.95239]},
			"faces": {
				"north": {"uv": [13.5, 3.5, 13.75, 3.75], "texture": "#1"},
				"east": {"uv": [13.5, 3.75, 13.75, 4], "texture": "#1"},
				"south": {"uv": [13.5, 4, 13.75, 4.25], "texture": "#1"},
				"west": {"uv": [13.5, 4.25, 13.75, 4.5], "texture": "#1"},
				"up": {"uv": [13.75, 4.75, 13.5, 4.5], "texture": "#1"},
				"down": {"uv": [13.75, 4.75, 13.5, 5], "texture": "#1"}
			}
		},
		{
			"from": [10.89089, 5.15424, 5.15979],
			"to": [11.39089, 5.65424, 5.95979],
			"rotation": {"angle": 0, "axis": "y", "origin": [-1.00111, 21.04224, 22.95239]},
			"faces": {
				"north": {"uv": [13.5, 5, 13.75, 5.25], "texture": "#1"},
				"east": {"uv": [13.5, 5.25, 13.75, 5.5], "texture": "#1"},
				"south": {"uv": [13.5, 5.5, 13.75, 5.75], "texture": "#1"},
				"west": {"uv": [13.5, 5.75, 13.75, 6], "texture": "#1"},
				"up": {"uv": [13.75, 6.25, 13.5, 6], "texture": "#1"},
				"down": {"uv": [13.75, 6.25, 13.5, 6.5], "texture": "#1"}
			}
		},
		{
			"from": [9.72689, 5, 3.60653],
			"to": [10.59089, 5.8, 4.14653],
			"rotation": {"angle": 0, "axis": "y", "origin": [-2.00111, 21.04224, 20.95239]},
			"faces": {
				"north": {"uv": [13.5, 6.5, 13.75, 6.75], "texture": "#1"},
				"east": {"uv": [13.5, 6.75, 13.75, 7], "texture": "#1"},
				"south": {"uv": [13.5, 7, 13.75, 7.25], "texture": "#1"},
				"west": {"uv": [13.5, 7.25, 13.75, 7.5], "texture": "#1"},
				"up": {"uv": [13.75, 7.75, 13.5, 7.5], "texture": "#1"},
				"down": {"uv": [13.75, 7.75, 13.5, 8], "texture": "#1"}
			}
		},
		{
			"from": [5.95836, 6.15424, 3.70653],
			"to": [10.75836, 8.65424, 7.20653],
			"rotation": {"angle": 0, "axis": "y", "origin": [17.95836, 23.25424, 19.70479]},
			"faces": {
				"north": {"uv": [8.75, 2, 10, 2.75], "texture": "#1"},
				"east": {"uv": [1.5, 9.5, 2.5, 10.25], "texture": "#1"},
				"south": {"uv": [8.75, 7.5, 10, 8.25], "texture": "#1"},
				"west": {"uv": [2.5, 9.5, 3.5, 10.25], "texture": "#1"},
				"up": {"uv": [5, 8.25, 3.75, 7.25], "texture": "#1"},
				"down": {"uv": [7.5, 7.25, 6.25, 8.25], "texture": "#1"}
			}
		},
		{
			"from": [7.60836, 4.40643, 5],
			"to": [9.10836, 5.70643, 6.3],
			"rotation": {"angle": 22.5, "axis": "x", "origin": [17.60836, 13.11868, 11.95083]},
			"faces": {
				"north": {"uv": [13.5, 8, 13.75, 8.25], "texture": "#1"},
				"east": {"uv": [13.5, 8.25, 13.75, 8.5], "texture": "#1"},
				"south": {"uv": [13.5, 8.5, 13.75, 8.75], "texture": "#1"},
				"west": {"uv": [13.5, 8.75, 13.75, 9], "texture": "#1"},
				"up": {"uv": [13.75, 9.25, 13.5, 9], "texture": "#1"},
				"down": {"uv": [13.75, 9.25, 13.5, 9.5], "texture": "#1"}
			}
		},
		{
			"from": [7.34089, 4.55424, 5.3],
			"to": [7.64089, 5.55424, 6.6],
			"rotation": {"angle": 22.5, "axis": "x", "origin": [16.34089, 13.23496, 11.93143]},
			"faces": {
				"north": {"uv": [13.5, 9.5, 13.75, 9.75], "texture": "#1"},
				"east": {"uv": [13.5, 9.75, 13.75, 10], "texture": "#1"},
				"south": {"uv": [13.5, 10, 13.75, 10.25], "texture": "#1"},
				"west": {"uv": [13.5, 10.25, 13.75, 10.5], "texture": "#1"},
				"up": {"uv": [13.75, 10.75, 13.5, 10.5], "texture": "#1"},
				"down": {"uv": [13.75, 10.75, 13.5, 11], "texture": "#1"}
			}
		},
		{
			"from": [9.10756, 4.35424, 5],
			"to": [9.60756, 5.35424, 6.3],
			"rotation": {"angle": 22.5, "axis": "x", "origin": [19.10756, 12.8665, 11.88841]},
			"faces": {
				"north": {"uv": [13.5, 11, 13.75, 11.25], "texture": "#1"},
				"east": {"uv": [13.5, 11.25, 13.75, 11.5], "texture": "#1"},
				"south": {"uv": [13.5, 11.5, 13.75, 11.75], "texture": "#1"},
				"west": {"uv": [13.5, 11.75, 13.75, 12], "texture": "#1"},
				"up": {"uv": [13.75, 12.25, 13.5, 12], "texture": "#1"},
				"down": {"uv": [13.75, 12.25, 13.5, 12.5], "texture": "#1"}
			}
		},
		{
			"from": [5.89089, 8.75424, 5.15979],
			"to": [7.49089, 10.35424, 6.45979],
			"rotation": {"angle": 0, "axis": "y", "origin": [14.64089, 16.85424, 13.35979]},
			"faces": {
				"north": {"uv": [14.5, 8.875, 15.25, 9.625], "texture": "#1"},
				"east": {"uv": [15.5, 6.25, 15.75, 6.75], "texture": "#1"},
				"south": {"uv": [12.5, 7.75, 13, 8.25], "texture": "#1"},
				"west": {"uv": [15.5, 6.875, 15.875, 7.25], "texture": "#1"},
				"up": {"uv": [13.5, 3.5, 13, 3.25], "texture": "#1"},
				"down": {"uv": [13.5, 3.5, 13, 3.75], "texture": "#1"}
			}
		},
		{
			"from": [9.29089, 8.75424, 5.15979],
			"to": [10.89089, 10.35424, 6.45979],
			"rotation": {"angle": 0, "axis": "y", "origin": [4.14089, 16.85424, 13.35979]},
			"faces": {
				"north": {"uv": [14.5, 8.875, 15.25, 9.625], "texture": "#1"},
				"east": {"uv": [15.375, 3.75, 15.75, 4.125], "texture": "#1"},
				"south": {"uv": [12.5, 9, 13, 9.5], "texture": "#1"},
				"west": {"uv": [14.75, 6.375, 15.125, 6.75], "texture": "#1"},
				"up": {"uv": [13.5, 7, 13, 6.75], "texture": "#1"},
				"down": {"uv": [13.5, 7.25, 13, 7.5], "texture": "#1"}
			}
		},
		{
			"from": [5.49089, 7, 7.15979],
			"to": [7.79089, 8.1, 9.15979],
			"rotation": {"angle": 22.5, "axis": "x", "origin": [14.54089, 14.85424, 15.35979]},
			"faces": {
				"north": {"uv": [13, 7.5, 13.5, 7.75], "texture": "#1"},
				"east": {"uv": [13, 7.75, 13.5, 8], "texture": "#1"},
				"south": {"uv": [13, 8, 13.5, 8.25], "texture": "#1"},
				"west": {"uv": [13, 8.25, 13.5, 8.5], "texture": "#1"},
				"up": {"uv": [1.25, 13.25, 0.75, 12.75], "texture": "#1"},
				"down": {"uv": [1.75, 12.75, 1.25, 13.25], "texture": "#1"}
			}
		},
		{
			"from": [5.49089, 6.0765, 6.77618],
			"to": [7.79089, 7.0765, 6.77618],
			"rotation": {"angle": 22.5, "axis": "x", "origin": [14.54089, 13.93075, 14.97618]},
			"faces": {
				"north": {"uv": [15, 8.25, 15.5, 8.5], "texture": "#1"},
				"east": {"uv": [13, 7.75, 13.5, 8], "texture": "#1"},
				"south": {"uv": [15, 0.25, 15.625, 0.5], "texture": "#1"},
				"west": {"uv": [13, 8.25, 13.5, 8.5], "texture": "#1"},
				"up": {"uv": [1.25, 13.25, 0.75, 12.75], "texture": "#1"},
				"down": {"uv": [1.75, 12.75, 1.25, 13.25], "texture": "#1"}
			}
		},
		{
			"from": [8.99089, 7, 7.15979],
			"to": [11.29089, 8.1, 9.15979],
			"rotation": {"angle": 22.5, "axis": "x", "origin": [4.24089, 14.85424, 15.35979]},
			"faces": {
				"north": {"uv": [13, 8.5, 13.5, 8.75], "texture": "#1"},
				"east": {"uv": [13, 9, 13.5, 9.25], "texture": "#1"},
				"south": {"uv": [13, 9.25, 13.5, 9.5], "texture": "#1"},
				"west": {"uv": [13, 9.5, 13.5, 9.75], "texture": "#1"},
				"up": {"uv": [2.25, 13.25, 1.75, 12.75], "texture": "#1"},
				"down": {"uv": [2.75, 12.75, 2.25, 13.25], "texture": "#1"}
			}
		},
		{
			"from": [8.99089, 6.0765, 6.77618],
			"to": [11.29089, 7.0765, 6.77618],
			"rotation": {"angle": 22.5, "axis": "x", "origin": [4.24089, 13.93075, 14.97618]},
			"faces": {
				"north": {"uv": [15, 8.25, 15.5, 8.5], "texture": "#1"},
				"east": {"uv": [13, 9, 13.5, 9.25], "texture": "#1"},
				"south": {"uv": [15, 0.25, 15.625, 0.5], "texture": "#1"},
				"west": {"uv": [13, 9.5, 13.5, 9.75], "texture": "#1"},
				"up": {"uv": [2.25, 13.25, 1.75, 12.75], "texture": "#1"},
				"down": {"uv": [2.75, 12.75, 2.25, 13.25], "texture": "#1"}
			}
		},
		{
			"from": [4.35836, 11.95424, 5.70479],
			"to": [12.35836, 13.35424, 14.70479],
			"rotation": {"angle": 0, "axis": "y", "origin": [13.35836, 28.95424, 20.70479]},
			"faces": {
				"north": {"uv": [9.75, 14.75, 11.75, 15.125], "texture": "#1"},
				"east": {"uv": [9, 8.75, 11.25, 9.1], "texture": "#1"},
				"south": {"uv": [10.75, 10, 12.75, 10.25], "texture": "#1"},
				"west": {"uv": [10, 8, 12.25, 8.35], "texture": "#1"},
				"up": {"uv": [2, 2.25, 0, 0], "texture": "#1"},
				"down": {"uv": [4, 2, 2, 4.25], "texture": "#1"}
			}
		},
		{
			"from": [7.65836, 7.95424, 5.70479],
			"to": [9.15836, 9.45424, 6.70479],
			"rotation": {"angle": 0, "axis": "y", "origin": [16.65836, 27.95424, 20.70479]},
			"faces": {
				"north": {"uv": [9.25, 12.75, 9.75, 13.25], "texture": "#1"},
				"east": {"uv": [13, 9.75, 13.25, 10.25], "texture": "#1"},
				"south": {"uv": [11.25, 12.75, 11.75, 13.25], "texture": "#1"},
				"west": {"uv": [13, 10.25, 13.25, 10.75], "texture": "#1"},
				"up": {"uv": [13.5, 11, 13, 10.75], "texture": "#1"},
				"down": {"uv": [13.5, 11, 13, 11.25], "texture": "#1"}
			}
		},
		{
			"from": [5.35836, 8.25424, 5.70479],
			"to": [11.35836, 8.75424, 6.70479],
			"rotation": {"angle": 0, "axis": "y", "origin": [19.35836, 28.25424, 20.70479]},
			"faces": {
				"north": {"uv": [11.25, 11.5, 12.75, 11.75], "texture": "#1"},
				"east": {"uv": [13.5, 12.5, 13.75, 12.75], "texture": "#1"},
				"south": {"uv": [11.5, 0.25, 13, 0.5], "texture": "#1"},
				"west": {"uv": [13.5, 12.75, 13.75, 13], "texture": "#1"},
				"up": {"uv": [13, 0.75, 11.5, 0.5], "texture": "#1"},
				"down": {"uv": [13, 0.75, 11.5, 1], "texture": "#1"}
			}
		},
		{
			"from": [7.65836, 11.45424, 5.70479],
			"to": [9.15836, 11.95424, 6.70479],
			"rotation": {"angle": 0, "axis": "y", "origin": [16.65836, 29.95424, 20.70479]},
			"faces": {
				"north": {"uv": [13, 11.25, 13.5, 11.5], "texture": "#1"},
				"east": {"uv": [13.5, 13, 13.75, 13.25], "texture": "#1"},
				"south": {"uv": [13, 11.5, 13.5, 11.75], "texture": "#1"},
				"west": {"uv": [13.5, 13.25, 13.75, 13.5], "texture": "#1"},
				"up": {"uv": [13.5, 12.25, 13, 12], "texture": "#1"},
				"down": {"uv": [13.5, 12.25, 13, 12.5], "texture": "#1"}
			}
		},
		{
			"from": [8.74089, 10.45424, 5.70479],
			"to": [9.04089, 11.45424, 6.70479],
			"rotation": {"angle": 0, "axis": "y", "origin": [17.74089, 28.45424, 20.70479]},
			"faces": {
				"north": {"uv": [0, 13.75, 0.25, 14], "texture": "#1"},
				"east": {"uv": [0.25, 13.75, 0.5, 14], "texture": "#1"},
				"south": {"uv": [0.5, 13.75, 0.75, 14], "texture": "#1"},
				"west": {"uv": [0.75, 13.75, 1, 14], "texture": "#1"},
				"up": {"uv": [1.25, 14, 1, 13.75], "texture": "#1"},
				"down": {"uv": [1.5, 13.75, 1.25, 14], "texture": "#1"}
			}
		},
		{
			"from": [7.75836, 9.45424, 5.70479],
			"to": [8.75836, 11.45424, 6.70479],
			"rotation": {"angle": 0, "axis": "y", "origin": [16.75836, 28.45424, 20.70479]},
			"faces": {
				"north": {"uv": [13, 12.5, 13.25, 13], "texture": "#1"},
				"east": {"uv": [0.75, 13.25, 1, 13.75], "texture": "#1"},
				"south": {"uv": [1, 13.25, 1.25, 13.75], "texture": "#1"},
				"west": {"uv": [1.25, 13.25, 1.5, 13.75], "texture": "#1"},
				"up": {"uv": [1.75, 14, 1.5, 13.75], "texture": "#1"},
				"down": {"uv": [2, 13.75, 1.75, 14], "texture": "#1"}
			}
		},
		{
			"from": [4.35836, 7.25424, 5.70479],
			"to": [12.35836, 8.25424, 13.70479],
			"rotation": {"angle": 0, "axis": "y", "origin": [13.35836, 24.25424, 20.70479]},
			"faces": {
				"north": {"uv": [10.75, 10.25, 12.75, 10.5], "texture": "#1"},
				"east": {"uv": [10.75, 10.5, 12.75, 10.75], "texture": "#1"},
				"south": {"uv": [11, 11, 13, 11.25], "texture": "#1"},
				"west": {"uv": [11, 0, 13, 0.25], "texture": "#1"},
				"up": {"uv": [4, 2, 2, 0], "texture": "#1"},
				"down": {"uv": [2, 2.25, 0, 4.25], "texture": "#1"}
			}
		},
		{
			"from": [4.34089, 6.23569, 6.00653],
			"to": [5.34089, 7.83569, 8.80653],
			"rotation": {"angle": 0, "axis": "y", "origin": [-1.65911, 24.65424, 21.70479]},
			"faces": {
				"north": {"uv": [1.5, 13.25, 1.75, 13.75], "texture": "#1"},
				"east": {"uv": [10.25, 11.5, 11, 12], "texture": "#1"},
				"south": {"uv": [1.75, 13.25, 2, 13.75], "texture": "#1"},
				"west": {"uv": [11.5, 5.75, 12.25, 6.25], "texture": "#1"},
				"up": {"uv": [13, 10.25, 12.75, 9.5], "texture": "#1"},
				"down": {"uv": [13, 10.25, 12.75, 11], "texture": "#1"}
			}
		},
		{
			"from": [11.24632, 6.23569, 6.00653],
			"to": [12.24632, 7.83569, 8.80653],
			"rotation": {"angle": 0, "axis": "y", "origin": [20.24632, 24.65424, 21.70479]},
			"faces": {
				"north": {"uv": [2, 13.25, 2.25, 13.75], "texture": "#1"},
				"east": {"uv": [11.5, 9.5, 12.25, 10], "texture": "#1"},
				"south": {"uv": [2.25, 13.25, 2.5, 13.75], "texture": "#1"},
				"west": {"uv": [2, 11.75, 2.75, 12.25], "texture": "#1"},
				"up": {"uv": [0.25, 13.75, 0, 13], "texture": "#1"},
				"down": {"uv": [0.5, 13, 0.25, 13.75], "texture": "#1"}
			}
		},
		{
			"from": [11.35836, 8.25424, 5.70479],
			"to": [12.35836, 11.95424, 14.70479],
			"rotation": {"angle": 0, "axis": "y", "origin": [5.35836, 25.25424, 20.70479]},
			"faces": {
				"north": {"uv": [10.5, 12.5, 10.75, 13.5], "texture": "#1"},
				"east": {"uv": [4, 3, 6.25, 4], "texture": "#1"},
				"south": {"uv": [8.5, 12.75, 8.75, 13.75], "texture": "#1"},
				"west": {"uv": [1.75, 4.25, 4, 5.25], "texture": "#1"},
				"up": {"uv": [8.75, 12.75, 8.5, 10.5], "texture": "#1"},
				"down": {"uv": [0.25, 10.75, 0, 13], "texture": "#1"}
			}
		},
		{
			"from": [4.35836, 8.25424, 5.70479],
			"to": [5.35836, 11.95424, 14.70479],
			"rotation": {"angle": 0, "axis": "y", "origin": [13.35836, 25.25424, 20.70479]},
			"faces": {
				"north": {"uv": [9.75, 12.75, 10, 13.75], "texture": "#1"},
				"east": {"uv": [1.75, 5.25, 4, 6.25], "texture": "#1"},
				"south": {"uv": [11.75, 12.75, 12, 13.75], "texture": "#1"},
				"west": {"uv": [4, 5.5, 6.25, 6.5], "texture": "#1"},
				"up": {"uv": [0.5, 13, 0.25, 10.75], "texture": "#1"},
				"down": {"uv": [0.75, 10.75, 0.5, 13], "texture": "#1"}
			}
		},
		{
			"name": "head",
			"from": [11.85836, 4.03693, 10.65979],
			"to": [12.45836, 6.03693, 13.15979],
			"rotation": {"angle": 0, "axis": "y", "origin": [31.15305, 8.03693, 16.22979]},
			"faces": {
				"north": {"uv": [13.25, 3.75, 13.5, 4.25], "texture": "#1"},
				"east": {"uv": [10, 12, 10.625, 12.5], "texture": "#1"},
				"south": {"uv": [13.25, 4.25, 13.4, 4.75], "texture": "#1"},
				"west": {"uv": [12, 12, 12.75, 12.5], "texture": "#1"},
				"up": {"uv": [0.75, 13.75, 0.5, 13], "texture": "#1"},
				"down": {"uv": [5, 13, 4.75, 13.75], "texture": "#1"}
			}
		},
		{
			"name": "head",
			"from": [4.15836, 4.03693, 10.65979],
			"to": [4.75836, 6.03693, 13.15979],
			"rotation": {"angle": 0, "axis": "y", "origin": [-14.49471, 8.03693, 16.22979]},
			"faces": {
				"north": {"uv": [13.25, 4.75, 13.5, 5.25], "texture": "#1"},
				"east": {"uv": [12, 1, 12.75, 1.5], "texture": "#1"},
				"south": {"uv": [13.25, 5.25, 13.4, 5.75], "texture": "#1"},
				"west": {"uv": [12, 1.5, 12.625, 2], "texture": "#1"},
				"up": {"uv": [5.25, 13.75, 5, 13], "texture": "#1"},
				"down": {"uv": [5.5, 13, 5.25, 13.75], "texture": "#1"}
			}
		},
		{
			"name": "head",
			"from": [18.08003, 6.54753, 8.7],
			"to": [19.08003, 8.14753, 13.2],
			"rotation": {"angle": 22.5, "axis": "z", "origin": [22.08003, -11.35247, 16.22979]},
			"faces": {
				"north": {"uv": [13.25, 5.75, 13.5, 6.25], "texture": "#1"},
				"east": {"uv": [10, 2.25, 11.25, 2.75], "texture": "#1"},
				"south": {"uv": [13.25, 6.25, 13.5, 6.75], "texture": "#1"},
				"west": {"uv": [4, 10.25, 5.25, 10.75], "texture": "#1"},
				"up": {"uv": [5.75, 13.75, 5.5, 12.5], "texture": "#1"},
				"down": {"uv": [6, 12.5, 5.75, 13.75], "texture": "#1"}
			}
		},
		{
			"name": "head",
			"from": [-2.46332, 6.54753, 8.7],
			"to": [-1.46332, 8.14753, 13.2],
			"rotation": {"angle": -22.5, "axis": "z", "origin": [-5.46332, -11.35247, 16.22979]},
			"faces": {
				"north": {"uv": [13.25, 9.75, 13.5, 10.25], "texture": "#1"},
				"east": {"uv": [10.25, 9.5, 11.5, 10], "texture": "#1"},
				"south": {"uv": [13.25, 10.25, 13.5, 10.75], "texture": "#1"},
				"west": {"uv": [5.75, 10.5, 7, 11], "texture": "#1"},
				"up": {"uv": [6.25, 13.75, 6, 12.5], "texture": "#1"},
				"down": {"uv": [6.5, 12.5, 6.25, 13.75], "texture": "#1"}
			}
		},
		{
			"name": "head",
			"from": [5.08224, 3.65424, 11.65979],
			"to": [11.58224, 5.25424, 13.15979],
			"rotation": {"angle": 0, "axis": "y", "origin": [9.08224, -14.24576, 19.22979]},
			"faces": {
				"north": {"uv": [8.75, 9.5, 10.25, 10], "texture": "#1"},
				"east": {"uv": [12.75, 2.25, 13.25, 2.75], "texture": "#1"},
				"south": {"uv": [9.5, 3.75, 11, 4.25], "texture": "#1"},
				"west": {"uv": [12.75, 2.75, 13.25, 3.25], "texture": "#1"},
				"up": {"uv": [11, 4.75, 9.5, 4.25], "texture": "#1"},
				"down": {"uv": [11, 4.75, 9.5, 5.25], "texture": "#1"}
			}
		},
		{
			"name": "head",
			"from": [5.32917, 6.31343, 15.38842],
			"to": [11.32917, 7.91343, 18.88842],
			"rotation": {"angle": -22.5, "axis": "x", "origin": [9.32917, -11.58657, 20.95842]},
			"faces": {
				"north": {"uv": [9.5, 5.25, 11, 5.75], "texture": "#1"},
				"east": {"uv": [12, 2.75, 12.75, 3.25], "texture": "#1"},
				"south": {"uv": [3.5, 9.75, 5, 10.25], "texture": "#1"},
				"west": {"uv": [12, 3.75, 12.75, 4.25], "texture": "#1"},
				"up": {"uv": [4.5, 9, 3, 8.25], "texture": "#1"},
				"down": {"uv": [6, 8.5, 4.5, 9.25], "texture": "#1"}
			}
		},
		{
			"name": "head",
			"from": [4.6, 2.81933, 6.46238],
			"to": [12.1, 4.41933, 8.96238],
			"rotation": {"angle": 0, "axis": "y", "origin": [9.82917, -15.08067, 14.03238]},
			"faces": {
				"north": {"uv": [6, 9, 7.75, 9.5], "texture": "#1"},
				"east": {"uv": [12.75, 3.75, 13.25, 4.25], "texture": "#1"},
				"south": {"uv": [9, 9, 10.75, 9.5], "texture": "#1"},
				"west": {"uv": [12.75, 4.25, 13.25, 4.75], "texture": "#1"},
				"up": {"uv": [16, 10.875, 14.25, 10.375], "texture": "#1"},
				"down": {"uv": [5.25, 9.25, 3.5, 9.75], "texture": "#1"}
			}
		},
		{
			"name": "head",
			"from": [5.10836, 3, 3.88842],
			"to": [11.60836, 4.5, 7.38842],
			"rotation": {"angle": 0, "axis": "y", "origin": [9.10836, -15.58657, 8.45842]},
			"faces": {
				"north": {"uv": [9.25, 0, 10.875, 0.5], "texture": "#1"},
				"east": {"uv": [11, 4.25, 11.875, 4.625], "texture": "#1"},
				"south": {"uv": [9.25, 0.5, 11, 1], "texture": "#1"},
				"west": {"uv": [11, 4.75, 11.875, 5.125], "texture": "#1"},
				"up": {"uv": [6.875, 3, 5.125, 2], "texture": "#1"},
				"down": {"uv": [3.25, 6.25, 1.5, 7.25], "texture": "#1"}
			}
		},
		{
			"name": "head",
			"from": [5.45836, 4.5, 3.40653],
			"to": [11.25836, 5.5, 3.40653],
			"rotation": {"angle": 0, "axis": "y", "origin": [9.45836, -13.4, 7.97653]},
			"faces": {
				"north": {"uv": [14.125, 5.75, 15.625, 6], "texture": "#1"},
				"east": {"uv": [6.25, 3.75, 6.75, 4], "texture": "#1"},
				"south": {"uv": [8, 1.5, 9.5, 1.75], "texture": "#1"},
				"west": {"uv": [8, 4.75, 8.5, 5], "texture": "#1"},
				"up": {"uv": [8.5, 2.75, 7, 2.25], "texture": "#1"},
				"down": {"uv": [8.5, 3.75, 7, 4.25], "texture": "#1"}
			}
		},
		{
			"from": [6.22646, 4.03569, 4.40653],
			"to": [7.09046, 4.83569, 4.94653],
			"rotation": {"angle": 0, "axis": "y", "origin": [19.81846, -2.57086, 14.95239]},
			"faces": {
				"north": {"uv": [8.5, 13.75, 8.75, 14], "texture": "#1"},
				"east": {"uv": [9, 13.75, 9.25, 14], "texture": "#1"},
				"south": {"uv": [9.25, 13.75, 9.5, 14], "texture": "#1"},
				"west": {"uv": [9.5, 13.75, 9.75, 14], "texture": "#1"},
				"up": {"uv": [10, 14, 9.75, 13.75], "texture": "#1"},
				"down": {"uv": [10.25, 13.75, 10, 14], "texture": "#1"}
			}
		},
		{
			"from": [9.76246, 4.03569, 4.40653],
			"to": [10.62646, 4.83569, 4.94653],
			"rotation": {"angle": 0, "axis": "y", "origin": [-2.96554, -2.57086, 14.95239]},
			"faces": {
				"north": {"uv": [10.25, 13.75, 10.5, 14], "texture": "#1"},
				"east": {"uv": [10.5, 13.75, 10.75, 14], "texture": "#1"},
				"south": {"uv": [10.75, 13.75, 11, 14], "texture": "#1"},
				"west": {"uv": [11, 13.75, 11.25, 14], "texture": "#1"},
				"up": {"uv": [11.5, 14, 11.25, 13.75], "texture": "#1"},
				"down": {"uv": [11.75, 13.75, 11.5, 14], "texture": "#1"}
			}
		},
		{
			"from": [7.45446, 4.03569, 4.20653],
			"to": [8.31846, 4.83569, 4.74653],
			"rotation": {"angle": 0, "axis": "y", "origin": [20.73846, -2.57086, 14.95239]},
			"faces": {
				"north": {"uv": [11.75, 13.75, 12, 14], "texture": "#1"},
				"east": {"uv": [12, 13.75, 12.25, 14], "texture": "#1"},
				"south": {"uv": [12.25, 13.75, 12.5, 14], "texture": "#1"},
				"west": {"uv": [12.5, 13.75, 12.75, 14], "texture": "#1"},
				"up": {"uv": [13, 14, 12.75, 13.75], "texture": "#1"},
				"down": {"uv": [13.25, 13.75, 13, 14], "texture": "#1"}
			}
		},
		{
			"from": [8.53446, 4.03569, 4.20653],
			"to": [9.39846, 4.83569, 4.74653],
			"rotation": {"angle": 0, "axis": "y", "origin": [21.81846, -2.57086, 14.95239]},
			"faces": {
				"north": {"uv": [13.25, 13.75, 13.5, 14], "texture": "#1"},
				"east": {"uv": [13.5, 13.75, 13.75, 14], "texture": "#1"},
				"south": {"uv": [13.75, 13.75, 14, 14], "texture": "#1"},
				"west": {"uv": [13.75, 0, 14, 0.25], "texture": "#1"},
				"up": {"uv": [14, 0.5, 13.75, 0.25], "texture": "#1"},
				"down": {"uv": [14, 0.5, 13.75, 0.75], "texture": "#1"}
			}
		},
		{
			"from": [5.42646, 4.03569, 5.10653],
			"to": [6.29046, 4.83569, 5.64653],
			"rotation": {"angle": 0, "axis": "y", "origin": [18.81846, 12.04224, 15.95239]},
			"faces": {
				"north": {"uv": [13.75, 0.75, 14, 1], "texture": "#1"},
				"east": {"uv": [13.75, 1, 14, 1.25], "texture": "#1"},
				"south": {"uv": [13.75, 1.25, 14, 1.5], "texture": "#1"},
				"west": {"uv": [13.75, 1.5, 14, 1.75], "texture": "#1"},
				"up": {"uv": [14, 2, 13.75, 1.75], "texture": "#1"},
				"down": {"uv": [14, 2, 13.75, 2.25], "texture": "#1"}
			}
		},
		{
			"from": [5.42646, 4.03569, 6.10653],
			"to": [6.22646, 4.83569, 6.97053],
			"rotation": {"angle": 0, "axis": "y", "origin": [18.81846, 12.04224, 16.95239]},
			"faces": {
				"north": {"uv": [13.75, 2.25, 14, 2.5], "texture": "#1"},
				"east": {"uv": [13.75, 2.5, 14, 2.75], "texture": "#1"},
				"south": {"uv": [13.75, 2.75, 14, 3], "texture": "#1"},
				"west": {"uv": [13.75, 3, 14, 3.25], "texture": "#1"},
				"up": {"uv": [14, 3.5, 13.75, 3.25], "texture": "#1"},
				"down": {"uv": [14, 3.5, 13.75, 3.75], "texture": "#1"}
			}
		},
		{
			"from": [10.43188, 4.03569, 6.10653],
			"to": [11.23188, 4.83569, 6.97053],
			"rotation": {"angle": 0, "axis": "y", "origin": [-2.16012, 12.04224, 16.95239]},
			"faces": {
				"north": {"uv": [13.75, 3.75, 14, 4], "texture": "#1"},
				"east": {"uv": [13.75, 4, 14, 4.25], "texture": "#1"},
				"south": {"uv": [13.75, 4.25, 14, 4.5], "texture": "#1"},
				"west": {"uv": [13.75, 4.5, 14, 4.75], "texture": "#1"},
				"up": {"uv": [14, 5, 13.75, 4.75], "texture": "#1"},
				"down": {"uv": [14, 5, 13.75, 5.25], "texture": "#1"}
			}
		},
		{
			"from": [5.42646, 4.03569, 7.2],
			"to": [6.22646, 4.83569, 8.064],
			"rotation": {"angle": 0, "axis": "y", "origin": [18.81846, 12.04224, 17.95239]},
			"faces": {
				"north": {"uv": [13.75, 5.25, 14, 5.5], "texture": "#1"},
				"east": {"uv": [13.75, 5.5, 14, 5.75], "texture": "#1"},
				"south": {"uv": [13.75, 5.75, 14, 6], "texture": "#1"},
				"west": {"uv": [13.75, 6, 14, 6.25], "texture": "#1"},
				"up": {"uv": [14, 6.5, 13.75, 6.25], "texture": "#1"},
				"down": {"uv": [14, 6.5, 13.75, 6.75], "texture": "#1"}
			}
		},
		{
			"from": [5.42646, 7.3, 4.8],
			"to": [6.22646, 8.1, 5.664],
			"rotation": {"angle": -22.5, "axis": "x", "origin": [18.81846, 15.04224, 14.95239]},
			"faces": {
				"north": {"uv": [13.75, 6.75, 14, 7], "texture": "#1"},
				"east": {"uv": [13.75, 7, 14, 7.25], "texture": "#1"},
				"south": {"uv": [13.75, 7.25, 14, 7.5], "texture": "#1"},
				"west": {"uv": [13.75, 7.5, 14, 7.75], "texture": "#1"},
				"up": {"uv": [14, 8, 13.75, 7.75], "texture": "#1"},
				"down": {"uv": [14, 8, 13.75, 8.25], "texture": "#1"}
			}
		},
		{
			"from": [10.43188, 4.03569, 7.2],
			"to": [11.23188, 4.83569, 8.064],
			"rotation": {"angle": 0, "axis": "y", "origin": [-2.16012, 12.04224, 17.95239]},
			"faces": {
				"north": {"uv": [13.75, 8.25, 14, 8.5], "texture": "#1"},
				"east": {"uv": [13.75, 8.5, 14, 8.75], "texture": "#1"},
				"south": {"uv": [13.75, 8.75, 14, 9], "texture": "#1"},
				"west": {"uv": [13.75, 9, 14, 9.25], "texture": "#1"},
				"up": {"uv": [14, 9.5, 13.75, 9.25], "texture": "#1"},
				"down": {"uv": [14, 9.5, 13.75, 9.75], "texture": "#1"}
			}
		},
		{
			"from": [10.43188, 7.3, 4.8],
			"to": [11.23188, 8.1, 5.664],
			"rotation": {"angle": -22.5, "axis": "x", "origin": [-2.16012, 15.04224, 14.95239]},
			"faces": {
				"north": {"uv": [13.75, 9.75, 14, 10], "texture": "#1"},
				"east": {"uv": [13.75, 10, 14, 10.25], "texture": "#1"},
				"south": {"uv": [13.75, 10.25, 14, 10.5], "texture": "#1"},
				"west": {"uv": [13.75, 10.5, 14, 10.75], "texture": "#1"},
				"up": {"uv": [14, 11, 13.75, 10.75], "texture": "#1"},
				"down": {"uv": [14, 11, 13.75, 11.25], "texture": "#1"}
			}
		},
		{
			"from": [10.56246, 4.03569, 5.10653],
			"to": [11.42646, 4.83569, 5.64653],
			"rotation": {"angle": 0, "axis": "y", "origin": [-1.96554, 12.04224, 15.95239]},
			"faces": {
				"north": {"uv": [13.75, 11.25, 14, 11.5], "texture": "#1"},
				"east": {"uv": [13.75, 11.5, 14, 11.75], "texture": "#1"},
				"south": {"uv": [13.75, 11.75, 14, 12], "texture": "#1"},
				"west": {"uv": [13.75, 12, 14, 12.25], "texture": "#1"},
				"up": {"uv": [14, 12.5, 13.75, 12.25], "texture": "#1"},
				"down": {"uv": [14, 12.5, 13.75, 12.75], "texture": "#1"}
			}
		},
		{
			"from": [4.64887, 4.87055, 10.24705],
			"to": [5.94487, 6.59855, 11.97505],
			"rotation": {"angle": 0, "axis": "y", "origin": [-0.10313, 11.78255, 17.37505]},
			"faces": {
				"north": {"uv": [13.25, 12.5, 13.5, 13], "texture": "#1"},
				"east": {"uv": [12, 4.25, 12.75, 4.75], "texture": "#1"},
				"south": {"uv": [2.5, 13.5, 2.75, 14], "texture": "#1"},
				"west": {"uv": [12, 4.75, 12.75, 5.25], "texture": "#1"},
				"up": {"uv": [7.25, 13.75, 7, 13], "texture": "#1"},
				"down": {"uv": [7.5, 13, 7.25, 13.75], "texture": "#1"}
			}
		},
		{
			"from": [4.64887, 4.87055, 11.97505],
			"to": [11.99287, 6.59855, 14.78305],
			"rotation": {"angle": 0, "axis": "y", "origin": [16.74487, 11.78255, 19.10305]},
			"faces": {
				"north": {"uv": [9.25, 1, 11, 1.5], "texture": "#1"},
				"east": {"uv": [2, 12.25, 2.75, 12.75], "texture": "#1"},
				"south": {"uv": [9.25, 2.75, 11, 3.25], "texture": "#1"},
				"west": {"uv": [9.25, 12.25, 10, 12.75], "texture": "#1"},
				"up": {"uv": [8, 6, 6.25, 5.25], "texture": "#1"},
				"down": {"uv": [5, 6.5, 3.25, 7.25], "texture": "#1"}
			}
		},
		{
			"from": [10.69687, 4.87055, 10.24705],
			"to": [11.99287, 6.59855, 11.97505],
			"rotation": {"angle": 0, "axis": "y", "origin": [16.74487, 11.78255, 17.37505]},
			"faces": {
				"north": {"uv": [2.75, 13.5, 3, 14], "texture": "#1"},
				"east": {"uv": [11.25, 12.25, 12, 12.75], "texture": "#1"},
				"south": {"uv": [3, 13.5, 3.25, 14], "texture": "#1"},
				"west": {"uv": [12.25, 5.75, 13, 6.25], "texture": "#1"},
				"up": {"uv": [7.75, 13.75, 7.5, 13], "texture": "#1"},
				"down": {"uv": [8, 13, 7.75, 13.75], "texture": "#1"}
			}
		},
		{
			"from": [4.86487, 6.42575, 10.24705],
			"to": [11.77687, 6.42575, 14.13505],
			"rotation": {"angle": 0, "axis": "y", "origin": [1.19287, 11.78168, 17.37505]},
			"faces": {
				"north": {"uv": [0, 0, 1, 0], "texture": "#1"},
				"east": {"uv": [0, 0, 0.75, 0], "texture": "#1"},
				"south": {"uv": [0, 0, 1, 0], "texture": "#1"},
				"west": {"uv": [0, 0, 0.75, 0], "texture": "#1"},
				"up": {"uv": [14.125, 7.5, 15.125, 8.5], "texture": "#1"},
				"down": {"uv": [15.25, 7.25, 14.25, 8.25], "texture": "#1"}
			}
		},
		{
			"from": [4.86487, 5.90735, 10.24705],
			"to": [11.77687, 5.90735, 14.13505],
			"rotation": {"angle": 0, "axis": "y", "origin": [1.19287, 11.78168, 17.37505]},
			"faces": {
				"north": {"uv": [0, 0, 1, 0], "texture": "#1"},
				"east": {"uv": [0, 0, 0.75, 0], "texture": "#1"},
				"south": {"uv": [0, 0, 1, 0], "texture": "#1"},
				"west": {"uv": [0, 0, 0.75, 0], "texture": "#1"},
				"up": {"uv": [14.25, 7.5, 15.125, 8.5], "texture": "#1"},
				"down": {"uv": [15.25, 7.25, 14.25, 8.25], "texture": "#1"}
			}
		},
		{
			"from": [6.35836, 4, 7],
			"to": [10.35836, 7, 11],
			"rotation": {"angle": 0, "axis": "y", "origin": [16.35836, 12, 15]},
			"faces": {
				"north": {"uv": [9.75, 10, 10.75, 10.75], "texture": "#1"},
				"east": {"uv": [10, 1.5, 11, 2.25], "texture": "#1"},
				"south": {"uv": [10, 7.25, 11, 8], "texture": "#1"},
				"west": {"uv": [1, 10.25, 2, 11], "texture": "#1"},
				"up": {"uv": [9, 9.5, 8, 8.5], "texture": "#1"},
				"down": {"uv": [9.5, 3.75, 8.5, 4.75], "texture": "#1"}
			}
		},
		{
			"from": [10.35836, 6, 7.5],
			"to": [11.15836, 7, 10.5],
			"rotation": {"angle": 0, "axis": "y", "origin": [20.35836, 12, 14.5]},
			"faces": {
				"north": {"uv": [13.75, 12.75, 14, 13], "texture": "#1"},
				"east": {"uv": [3.25, 6.25, 4, 6.5], "texture": "#1"},
				"south": {"uv": [13.75, 13, 14, 13.25], "texture": "#1"},
				"west": {"uv": [7.25, 5, 8, 5.25], "texture": "#1"},
				"up": {"uv": [8.25, 13.75, 8, 13], "texture": "#1"},
				"down": {"uv": [8.5, 13, 8.25, 13.75], "texture": "#1"}
			}
		},
		{
			"from": [5.55836, 6, 7.5],
			"to": [6.35836, 7, 10.5],
			"rotation": {"angle": 0, "axis": "y", "origin": [-3.64164, 12, 14.5]},
			"faces": {
				"north": {"uv": [13.75, 13.25, 14, 13.5], "texture": "#1"},
				"east": {"uv": [7.75, 3.75, 8.5, 4], "texture": "#1"},
				"south": {"uv": [13.75, 13.5, 14, 13.75], "texture": "#1"},
				"west": {"uv": [9.25, 7.25, 10, 7.5], "texture": "#1"},
				"up": {"uv": [10.25, 13.75, 10, 13], "texture": "#1"},
				"down": {"uv": [10.5, 13, 10.25, 13.75], "texture": "#1"}
			}
		},
		{
			"from": [5.35836, 7, 6.5],
			"to": [11.35836, 11, 11.5],
			"rotation": {"angle": 0, "axis": "y", "origin": [16.35836, 17, 15.5]},
			"faces": {
				"north": {"uv": [6.25, 6.25, 7.75, 7.25], "texture": "#1"},
				"east": {"uv": [7.25, 4, 8.5, 5], "texture": "#1"},
				"south": {"uv": [6.25, 3, 7.75, 4], "texture": "#1"},
				"west": {"uv": [7.25, 4, 8.5, 5], "texture": "#1"},
				"up": {"uv": [1.5, 7, 0, 5.75], "texture": "#1"},
				"down": {"uv": [7.25, 4, 5.75, 5.25], "texture": "#1"}
			}
		},
		{
			"from": [5.85836, 11, 7],
			"to": [10.85836, 12, 11],
			"rotation": {"angle": 0, "axis": "y", "origin": [16.85836, 21, 15.5]},
			"faces": {
				"north": {"uv": [12, 2, 13.25, 2.25], "texture": "#1"},
				"east": {"uv": [8.5, 4.75, 9.5, 5], "texture": "#1"},
				"south": {"uv": [12, 11.75, 13.25, 12], "texture": "#1"},
				"west": {"uv": [3.5, 9, 4.5, 9.25], "texture": "#1"},
				"up": {"uv": [8.75, 8.5, 7.5, 7.5], "texture": "#1"},
				"down": {"uv": [8.75, 2, 7.5, 3], "texture": "#1"}
			}
		},
		{
			"from": [7.85836, 3, 8.2],
			"to": [8.85836, 4.5, 10.2],
			"rotation": {"angle": 22.5, "axis": "x", "origin": [15.85836, 10.40569, 16.56982]},
			"faces": {
				"north": {"uv": [3.25, 13.5, 3.5, 14], "texture": "#1"},
				"east": {"uv": [12.75, 4.75, 13.25, 5.25], "texture": "#1"},
				"south": {"uv": [6.5, 13.5, 6.75, 14], "texture": "#1"},
				"west": {"uv": [12.75, 5.25, 13.25, 5.75], "texture": "#1"},
				"up": {"uv": [7, 14, 6.75, 13.5], "texture": "#1"},
				"down": {"uv": [9, 13.5, 8.75, 14], "texture": "#1"}
			}
		},
		{
			"from": [5.2971, 8.73569, -0.59347],
			"to": [8.2971, 8.73569, 3.40653],
			"rotation": {"angle": 22.5, "axis": "y", "origin": [13.2971, 17.23569, 7.40653]},
			"faces": {
				"north": {"uv": [0, 0, 0.75, 0], "texture": "#1"},
				"east": {"uv": [0, 0, 1, 0], "texture": "#1"},
				"south": {"uv": [0, 0, 0.75, 0], "texture": "#1"},
				"west": {"uv": [0, 0, 1, 0], "texture": "#1"},
				"up": {"uv": [15.25, 13.5, 16, 14.5], "texture": "#1"},
				"down": {"uv": [14.625, 12.75, 15.375, 13.75], "texture": "#1"}
			}
		},
		{
			"from": [2.27996, 9.01506, 7.78745],
			"to": [5.15996, 12.61506, 7.78745],
			"rotation": {"angle": 0, "axis": "y", "origin": [10.19996, 16.21506, 13.54745]},
			"faces": {
				"north": {"uv": [13.875, 14.375, 14.875, 15.625], "texture": "#1"},
				"east": {"uv": [0, 0, 0, 1.25], "texture": "#1"},
				"south": {"uv": [12.5, 14.375, 13.5, 15.625], "texture": "#1"},
				"west": {"uv": [0, 0, 0, 1.25], "texture": "#1"},
				"up": {"uv": [0, 0, 1, 0], "texture": "#1"},
				"down": {"uv": [7.75, 5, 8.75, 5], "texture": "#1"}
			}
		},
		{
			"from": [4.79995, 13.01882, 6.83431],
			"to": [7.49995, 15.71882, 6.83431],
			"rotation": {"angle": 0, "axis": "y", "origin": [13.79995, 20.21882, 14.03431]},
			"faces": {
				"north": {"uv": [14.5, 4.125, 15.25, 4.875], "texture": "#1"},
				"east": {"uv": [0, 0, 0, 0.75], "texture": "#1"},
				"south": {"uv": [14.375, 4.75, 15.125, 5.5], "texture": "#1"},
				"west": {"uv": [0, 0, 0, 0.75], "texture": "#1"},
				"up": {"uv": [0, 0, 0.75, 0], "texture": "#1"},
				"down": {"uv": [0, 0, 0.75, 0], "texture": "#1"}
			}
		},
		{
			"from": [11.61773, 7.58923, 7.77564],
			"to": [14.65773, 11.38923, 7.77564],
			"rotation": {"angle": 0, "axis": "y", "origin": [19.97773, 15.18923, 13.85564]},
			"faces": {
				"north": {"uv": [14.375, 0.875, 15.375, 2.125], "texture": "#1"},
				"east": {"uv": [0, 0, 0, 1.25], "texture": "#1"},
				"south": {"uv": [14.375, 2.125, 15.375, 3.375], "texture": "#1"},
				"west": {"uv": [0, 0, 0, 1.25], "texture": "#1"},
				"up": {"uv": [0, 0, 1, 0], "texture": "#1"},
				"down": {"uv": [0, 0, 1, 0], "texture": "#1"}
			}
		},
		{
			"from": [1.41961, 11.53569, 8.80653],
			"to": [4.61961, 15.73569, 11.10653],
			"rotation": {"angle": 22.5, "axis": "z", "origin": [-3.15197, 19.19611, 17.60479]},
			"faces": {
				"north": {"uv": [5.75, 9.5, 6.5, 10.5], "texture": "#1"},
				"east": {"uv": [6.5, 11, 7, 12], "texture": "#1"},
				"south": {"uv": [6.5, 9.5, 7.25, 10.5], "texture": "#1"},
				"west": {"uv": [11, 0.25, 11.5, 1.25], "texture": "#1"},
				"up": {"uv": [12.5, 3.75, 11.75, 3.25], "texture": "#1"},
				"down": {"uv": [12.5, 6.25, 11.75, 6.75], "texture": "#1"}
			}
		},
		{
			"from": [2.18641, 8.88996, 9.60479],
			"to": [2.98641, 15.68996, 10.40479],
			"rotation": {"angle": 22.5, "axis": "z", "origin": [-5.01359, 17.88996, 17.60479]},
			"faces": {
				"north": {"uv": [7.75, 11.25, 8, 13], "texture": "#1"},
				"east": {"uv": [8, 11.25, 8.25, 13], "texture": "#1"},
				"south": {"uv": [8.25, 11.25, 8.5, 13], "texture": "#1"},
				"west": {"uv": [11, 11.25, 11.25, 13], "texture": "#1"},
				"up": {"uv": [4.75, 14, 4.5, 13.75], "texture": "#1"},
				"down": {"uv": [5, 13.75, 4.75, 14], "texture": "#1"}
			}
		},
		{
			"from": [3.18641, 9.88996, 9.60479],
			"to": [3.98641, 16.08996, 10.40479],
			"rotation": {"angle": 22.5, "axis": "z", "origin": [-4.01359, 18.88996, 17.60479]},
			"faces": {
				"north": {"uv": [3.25, 11.75, 3.5, 13.25], "texture": "#1"},
				"east": {"uv": [3.5, 11.75, 3.75, 13.25], "texture": "#1"},
				"south": {"uv": [3.75, 11.75, 4, 13.25], "texture": "#1"},
				"west": {"uv": [4, 11.75, 4.25, 13.25], "texture": "#1"},
				"up": {"uv": [7.25, 14, 7, 13.75], "texture": "#1"},
				"down": {"uv": [7.5, 13.75, 7.25, 14], "texture": "#1"}
			}
		},
		{
			"from": [-0.18766, 16, 5.50653],
			"to": [1.01234, 17.5, 6.80653],
			"rotation": {"angle": 22.5, "axis": "z", "origin": [-4.75924, 23.0764, 13.30479]},
			"faces": {
				"north": {"uv": [12.75, 13.25, 13, 13.75], "texture": "#1"},
				"east": {"uv": [12.75, 1, 13.25, 1.5], "texture": "#1"},
				"south": {"uv": [13, 13.25, 13.25, 13.75], "texture": "#1"},
				"west": {"uv": [12.75, 1.5, 13.25, 2], "texture": "#1"},
				"up": {"uv": [13.5, 13.75, 13.25, 13.25], "texture": "#1"},
				"down": {"uv": [13.5, 0, 13.25, 0.5], "texture": "#1"}
			}
		},
		{
			"from": [-0.18766, 16.1, 4.20653],
			"to": [2.01234, 17.5, 5.50653],
			"rotation": {"angle": 22.5, "axis": "z", "origin": [-4.75924, 23.0764, 12.00479]},
			"faces": {
				"north": {"uv": [13.25, 0.5, 13.75, 0.75], "texture": "#1"},
				"east": {"uv": [7.5, 13.75, 7.75, 14], "texture": "#1"},
				"south": {"uv": [13.25, 0.75, 13.75, 1], "texture": "#1"},
				"west": {"uv": [7.75, 13.75, 8.075, 14.1], "texture": "#1"},
				"up": {"uv": [13.75, 1.25, 13.25, 1], "texture": "#1"},
				"down": {"uv": [13.75, 1.25, 13.25, 1.5], "texture": "#1"}
			}
		},
		{
			"from": [3.49256, 16.15086, 5.60479],
			"to": [4.29256, 16.95086, 10.40479],
			"rotation": {"angle": 22.5, "axis": "z", "origin": [-3.70744, 18.15086, 17.60479]},
			"faces": {
				"north": {"uv": [5.5, 13.75, 5.75, 14], "texture": "#1"},
				"east": {"uv": [6.25, 8.25, 7.5, 8.5], "texture": "#1"},
				"south": {"uv": [5.75, 13.75, 6, 14], "texture": "#1"},
				"west": {"uv": [11.75, 6.75, 13, 7], "texture": "#1"},
				"up": {"uv": [4.5, 13.75, 4.25, 12.5], "texture": "#1"},
				"down": {"uv": [4.75, 12.5, 4.5, 13.75], "texture": "#1"}
			}
		},
		{
			"from": [2.26295, 15.70518, 5.60479],
			"to": [3.06295, 16.50518, 10.40479],
			"rotation": {"angle": 22.5, "axis": "z", "origin": [-4.93705, 17.70518, 17.60479]},
			"faces": {
				"north": {"uv": [5, 13.75, 5.25, 14], "texture": "#1"},
				"east": {"uv": [0, 8, 1.25, 8.25], "texture": "#1"},
				"south": {"uv": [5.25, 13.75, 5.5, 14], "texture": "#1"},
				"west": {"uv": [8, 5.75, 9.25, 6], "texture": "#1"},
				"up": {"uv": [5, 13, 4.75, 11.75], "texture": "#1"},
				"down": {"uv": [11, 12, 10.75, 13.25], "texture": "#1"}
			}
		},
		{
			"from": [-0.18766, 16, 6.80653],
			"to": [3.01234, 17.5, 11.10653],
			"rotation": {"angle": 22.5, "axis": "z", "origin": [-4.75924, 23.0764, 17.60479]},
			"faces": {
				"north": {"uv": [11.75, 8.25, 12.5, 8.75], "texture": "#1"},
				"east": {"uv": [11, 1.25, 12, 1.75], "texture": "#1"},
				"south": {"uv": [11.5, 9, 12.25, 9.375], "texture": "#1"},
				"west": {"uv": [14.25, 0.5, 15.375, 0.875], "texture": "#1"},
				"up": {"uv": [8, 10.5, 7.25, 9.5], "texture": "#1"},
				"down": {"uv": [8.75, 9.5, 8, 10.5], "texture": "#1"}
			}
		},
		{
			"from": [12.60779, 9.88996, 9.60479],
			"to": [13.40779, 16.08996, 10.40479],
			"rotation": {"angle": -22.5, "axis": "z", "origin": [20.60779, 18.88996, 17.60479]},
			"faces": {
				"north": {"uv": [5, 11.5, 5.25, 13], "texture": "#1"},
				"east": {"uv": [5.25, 11.5, 5.5, 13], "texture": "#1"},
				"south": {"uv": [2.75, 11.75, 3, 13.25], "texture": "#1"},
				"west": {"uv": [3, 11.75, 3.25, 13.25], "texture": "#1"},
				"up": {"uv": [6.25, 14, 6, 13.75], "texture": "#1"},
				"down": {"uv": [6.5, 13.75, 6.25, 14], "texture": "#1"}
			}
		},
		{
			"from": [13.60779, 8.88996, 9.60479],
			"to": [14.40779, 15.68996, 10.40479],
			"rotation": {"angle": -22.5, "axis": "z", "origin": [21.60779, 17.88996, 17.60479]},
			"faces": {
				"north": {"uv": [5, 14.25, 5.25, 16], "texture": "#1"},
				"east": {"uv": [7, 11.25, 7.25, 13], "texture": "#1"},
				"south": {"uv": [7.25, 11.25, 7.5, 13], "texture": "#1"},
				"west": {"uv": [7.5, 11.25, 7.75, 13], "texture": "#1"},
				"up": {"uv": [4.25, 14, 4, 13.75], "texture": "#1"},
				"down": {"uv": [4.5, 13.75, 4.25, 14], "texture": "#1"}
			}
		},
		{
			"from": [12.0971, 11.53569, 8.80653],
			"to": [15.2971, 14.73569, 11.10653],
			"rotation": {"angle": -22.5, "axis": "z", "origin": [19.86868, 19.19611, 17.60479]},
			"faces": {
				"north": {"uv": [4, 10.75, 4.75, 11.5], "texture": "#1"},
				"east": {"uv": [4.25, 11.75, 4.75, 12.5], "texture": "#1"},
				"south": {"uv": [4.75, 10.75, 5.5, 11.5], "texture": "#1"},
				"west": {"uv": [8.75, 11.75, 9.25, 12.5], "texture": "#1"},
				"up": {"uv": [10, 12.25, 9.25, 11.75], "texture": "#1"},
				"down": {"uv": [12, 11.75, 11.25, 12.25], "texture": "#1"}
			}
		},
		{
			"from": [11.79095, 14.79659, 8.80653],
			"to": [14.99095, 17.99659, 8.80653],
			"rotation": {"angle": -22.5, "axis": "z", "origin": [19.56254, 18.457, 17.60479]},
			"faces": {
				"north": {"uv": [7, 14.625, 7.75, 15.375], "texture": "#1"},
				"east": {"uv": [4.25, 11.75, 4.75, 12.5], "texture": "#1"},
				"south": {"uv": [8.125, 15, 8.875, 15.75], "texture": "#1"},
				"west": {"uv": [8.75, 11.75, 9.25, 12.5], "texture": "#1"},
				"up": {"uv": [10, 12.25, 9.25, 11.75], "texture": "#1"},
				"down": {"uv": [12, 11.75, 11.25, 12.25], "texture": "#1"}
			}
		},
		{
			"from": [11.8971, 11.03569, 9.40653],
			"to": [13.1971, 12.03569, 10.90653],
			"rotation": {"angle": -22.5, "axis": "z", "origin": [20.86868, 19.19611, 17.60479]},
			"faces": {
				"north": {"uv": [8, 13.75, 8.25, 14], "texture": "#1"},
				"east": {"uv": [13.25, 1.5, 13.75, 1.75], "texture": "#1"},
				"south": {"uv": [8.25, 13.75, 8.5, 14], "texture": "#1"},
				"west": {"uv": [13.25, 1.75, 13.75, 2], "texture": "#1"},
				"up": {"uv": [13.5, 2.5, 13.25, 2], "texture": "#1"},
				"down": {"uv": [13.5, 2.5, 13.25, 3], "texture": "#1"}
			}
		}
	],
	"display": {
		"thirdperson_righthand": {
			"rotation": [0, 25, -3.75],
			"scale": [0.8, 0.8, 0.8]
		},
		"gui": {
			"rotation": [0, 149.25, 0],
			"translation": [-0.25, -3, 0],
			"scale": [0.8, 0.8, 0.8]
		},
		"head": {
			"translation": [-0.5, 1.75, -3.25],
			"scale": [1.7, 1.7, 1.7]
		}
	},
	"groups": [
		{
			"name": "steve",
			"origin": [8, 8, 8],
			"children": [0, 1, 2, 3, 4, 5, 6, 7, 8, 9, 10, 11, 12,
				{
					"name": "teeth",
					"origin": [18.48929, -5.80655, 15.54586],
					"children": []
				}, 13, 14, 15, 16, 17, 18, 19, 20, 21, 22, 23, 24, 25, 26, 27, 28, 29, 30, 31, 32, 33, 34, 35, 36, 37, 38]
		},
		{
			"name": "group",
			"origin": [8, 8, 17],
			"children": [39, 40, 41, 42, 43, 44, 45, 46, 47, 48, 49, 50, 51, 52, 53, 54, 55, 56, 57, 58, 59]
		}, 60, 61, 62, 63, 64,
		{
			"name": "afton head",
			"origin": [8, 8, 8],
			"children": [65, 66, 67, 68, 69, 70]
		},
		{
			"name": "wires",
			"origin": [19.97773, 15.18923, 13.85564],
			"children": [71, 72, 73, 74]
		},
		{
			"name": "ears",
			"origin": [20.86868, 19.19611, 17.60479],
			"children": [75, 76, 77, 78, 79, 80, 81, 82, 83, 84, 85, 86, 87]
		}
	]
}