{
	"credit": "Made with Blockbench",
	"textures": {
		"0": "block/lever"
	},
	"elements": [
		{
			"from": [5, 0, 5],
			"to": [10, 1, 12],
			"rotation": {"angle": 0, "axis": "x", "origin": [17, -7, 13]},
			"faces": {
				"north": {"uv": [10, 1, 5, 2], "rotation": 180, "texture": "#0"},
				"east": {"uv": [0, 7, 1, 14], "rotation": 270, "texture": "#0"},
				"south": {"uv": [10, 1, 5, 0], "texture": "#0"},
				"west": {"uv": [1, 7, 2, 14], "rotation": 90, "texture": "#0"},
				"up": {"uv": [0, 0, 5, 7], "rotation": 180, "texture": "#0"},
				"down": {"uv": [5, 5, 10, 12], "texture": "#0"}
			}
		},
		{
			"from": [7, -4, 10.11566],
			"to": [8, -1, 11.11566],
			"rotation": {"angle": -45, "axis": "x", "origin": [2, -3.763, 4.11566]},
			"faces": {
				"north": {"uv": [0, 0, 1, 3], "rotation": 180, "texture": "#0"},
				"east": {"uv": [0, 0, 3, 1], "rotation": 270, "texture": "#0"},
				"south": {"uv": [8, 2, 9, 5], "texture": "#0"},
				"west": {"uv": [11, 3, 14, 4], "rotation": 90, "texture": "#0"},
				"up": {"uv": [10, 2, 11, 3], "rotation": 180, "texture": "#0"},
				"down": {"uv": [0, 0, 1, 1], "texture": "#0"}
			}
		}
	],
	"display": {
		"thirdperson_righthand": {
			"rotation": [-44, 13.5, 10],
			"translation": [-1.5, 4, -6]
		},
		"thirdperson_lefthand": {
			"rotation": [-44, 13.5, 10],
			"translation": [-1.5, 4, -6]
		},
		"firstperson_righthand": {
			"rotation": [-78, -7.25, 91.25],
			"translation": [-5.75, -0.5, -2.25]
		},
		"firstperson_lefthand": {
			"rotation": [-78, -7.25, 91.25],
			"translation": [-5.75, -0.5, -2.25]
		},
		"ground": {
			"rotation": [-62.25, 0, 5.25],
			"translation": [0, 3.25, -5.75]
		},
		"gui": {
			"rotation": [86.5, 175.5, -47],
			"translation": [-6.75, -0.25, 0]
		},
		"fixed": {
			"translation": [0.75, 6.5, 10.5],
			"scale": [1.6, 1.6, 1.5]
		}
	},
	"groups": [0,
		{
			"name": "group",
			"origin": [15, 4.23674, 10.035],
			"children": [1]
		}
	]
}