{
	"textures": {
		"0": "mnaf:props/blocks/bar_stool"
	},
	"elements": [
		{
			"from": [3, 0, 3],
			"to": [5, 10, 5],
			"rotation": {"angle": 0, "axis": "y", "origin": [11, 5.9, 11]},
			"faces": {
				"north": {"uv": [3, 7, 3.5, 9.5], "texture": "#0"},
				"east": {"uv": [3.5, 7, 4, 10], "texture": "#0"},
				"south": {"uv": [4, 7, 4.5, 10], "texture": "#0"},
				"west": {"uv": [4.5, 7, 5, 10], "texture": "#0"},
				"up": {"uv": [6.5, 6, 6, 5.5], "texture": "#0"},
				"down": {"uv": [7, 5.5, 6.5, 6], "texture": "#0"}
			}
		},
		{
			"from": [5, 5, 4],
			"to": [11, 11, 4],
			"rotation": {"angle": 0, "axis": "y", "origin": [13, 6.9, 11]},
			"faces": {
				"north": {"uv": [3, 5.5, 4.5, 7], "texture": "#0"},
				"east": {"uv": [0, 0, 0, 1.5], "texture": "#0"},
				"south": {"uv": [4.5, 5.5, 6, 7], "texture": "#0"},
				"west": {"uv": [0, 0, 0, 1.5], "texture": "#0"},
				"up": {"uv": [1.5, 0, 0, 0], "texture": "#0"},
				"down": {"uv": [1.5, 0, 0, 0], "texture": "#0"}
			}
		},
		{
			"from": [12, 5, 5],
			"to": [12, 11, 11],
			"rotation": {"angle": 0, "axis": "y", "origin": [5, 6.9, 13]},
			"faces": {
				"north": {"uv": [0, 0, 0, 1.5], "texture": "#0"},
				"east": {"uv": [5.5, 0, 7, 1.5], "texture": "#0"},
				"south": {"uv": [0, 0, 0, 1.5], "texture": "#0"},
				"west": {"uv": [5.5, 1.5, 7, 3], "texture": "#0"},
				"up": {"uv": [0, 1.5, 0, 0], "texture": "#0"},
				"down": {"uv": [0, 0, 0, 1.5], "texture": "#0"}
			}
		},
		{
			"from": [5, 5, 12],
			"to": [11, 11, 12],
			"rotation": {"angle": 0, "axis": "y", "origin": [13, 6.9, 19]},
			"faces": {
				"north": {"uv": [5.5, 3, 7, 4.5], "texture": "#0"},
				"east": {"uv": [0, 0, 0, 1.5], "texture": "#0"},
				"south": {"uv": [0, 6, 1.5, 7.5], "texture": "#0"},
				"west": {"uv": [0, 0, 0, 1.5], "texture": "#0"},
				"up": {"uv": [1.5, 0, 0, 0], "texture": "#0"},
				"down": {"uv": [1.5, 0, 0, 0], "texture": "#0"}
			}
		},
		{
			"from": [4, 5, 5],
			"to": [4, 11, 11],
			"rotation": {"angle": 0, "axis": "y", "origin": [-3, 6.9, 13]},
			"faces": {
				"north": {"uv": [0, 0, 0, 1.5], "texture": "#0"},
				"east": {"uv": [1.5, 6, 3, 7.5], "texture": "#0"},
				"south": {"uv": [0, 0, 0, 1.5], "texture": "#0"},
				"west": {"uv": [6, 6, 7.5, 7.5], "texture": "#0"},
				"up": {"uv": [0, 1.5, 0, 0], "texture": "#0"},
				"down": {"uv": [0, 0, 0, 1.5], "texture": "#0"}
			}
		},
		{
			"from": [3, 10, 3],
			"to": [13, 12, 13],
			"rotation": {"angle": 0, "axis": "y", "origin": [11, 5.9, 11]},
			"faces": {
				"north": {"uv": [3, 2.5, 5.5, 3], "texture": "#0"},
				"east": {"uv": [7, 7.5, 9.5, 8], "texture": "#0"},
				"south": {"uv": [7.5, 0, 10, 0.5], "texture": "#0"},
				"west": {"uv": [7.5, 0.5, 10, 1], "texture": "#0"},
				"up": {"uv": [5.5, 5.5, 3, 3], "texture": "#0"},
				"down": {"uv": [5.5, 0, 3, 2.5], "texture": "#0"}
			}
		},
		{
			"from": [2, 10, 2],
			"to": [14, 11, 14],
			"rotation": {"angle": 0, "axis": "y", "origin": [11, 5.9, 11]},
			"faces": {
				"north": {"uv": [7.5, 1, 10.5, 1.25], "texture": "#0"},
				"east": {"uv": [7.5, 1.25, 10.5, 1.5], "texture": "#0"},
				"south": {"uv": [7.5, 1.5, 10.5, 1.75], "texture": "#0"},
				"west": {"uv": [7.5, 1.75, 10.5, 2], "texture": "#0"},
				"up": {"uv": [3, 3, 0, 0], "texture": "#0"},
				"down": {"uv": [3, 3, 0, 6], "texture": "#0"}
			}
		},
		{
			"from": [4, 2.9, 5],
			"to": [5, 4.9, 11],
			"rotation": {"angle": 0, "axis": "y", "origin": [11, 7.9, 3]},
			"faces": {
				"north": {"uv": [8.25, 8.75, 8.5, 9.25], "texture": "#0"},
				"east": {"uv": [5.5, 4.5, 7, 5], "texture": "#0"},
				"south": {"uv": [9.25, 9.25, 9.5, 9.75], "texture": "#0"},
				"west": {"uv": [5.5, 5, 7, 5.5], "texture": "#0"},
				"up": {"uv": [8.75, 10, 8.5, 8.5], "texture": "#0"},
				"down": {"uv": [7.25, 8.75, 7, 10.25], "texture": "#0"}
			}
		},
		{
			"from": [11, 2.9, 5],
			"to": [12, 4.9, 11],
			"rotation": {"angle": 0, "axis": "y", "origin": [18, 7.9, 3]},
			"faces": {
				"north": {"uv": [7.75, 9.5, 8, 10], "texture": "#0"},
				"east": {"uv": [7.5, 2, 9, 2.5], "texture": "#0"},
				"south": {"uv": [8, 9.5, 8.25, 10], "texture": "#0"},
				"west": {"uv": [7.5, 2.5, 9, 3], "texture": "#0"},
				"up": {"uv": [7.5, 10.25, 7.25, 8.75], "texture": "#0"},
				"down": {"uv": [7.75, 8.75, 7.5, 10.25], "texture": "#0"}
			}
		},
		{
			"from": [5, 2.9, 4],
			"to": [11, 4.9, 5],
			"rotation": {"angle": 0, "axis": "y", "origin": [13, 7.9, 11]},
			"faces": {
				"north": {"uv": [7.5, 3, 9, 3.5], "texture": "#0"},
				"east": {"uv": [8.25, 9.5, 8.5, 10], "texture": "#0"},
				"south": {"uv": [7.5, 3.5, 9, 4], "texture": "#0"},
				"west": {"uv": [8.75, 9.5, 9, 10], "texture": "#0"},
				"up": {"uv": [9, 7.5, 7.5, 7.25], "texture": "#0"},
				"down": {"uv": [10, 8, 8.5, 8.25], "texture": "#0"}
			}
		},
		{
			"from": [5, 2.9, 11],
			"to": [11, 4.9, 12],
			"rotation": {"angle": 0, "axis": "y", "origin": [13, 7.9, 18]},
			"faces": {
				"north": {"uv": [7.5, 4, 9, 4.5], "texture": "#0"},
				"east": {"uv": [9, 9.5, 9.25, 10], "texture": "#0"},
				"south": {"uv": [7.5, 4.5, 9, 5], "texture": "#0"},
				"west": {"uv": [9.5, 9.5, 9.75, 10], "texture": "#0"},
				"up": {"uv": [10, 8.5, 8.5, 8.25], "texture": "#0"},
				"down": {"uv": [10.25, 8.75, 8.75, 9], "texture": "#0"}
			}
		},
		{
			"from": [3, 0, 11],
			"to": [5, 10, 13],
			"rotation": {"angle": 0, "axis": "y", "origin": [11, 5.9, 5]},
			"faces": {
				"north": {"uv": [5, 7, 5.5, 9.5], "texture": "#0"},
				"east": {"uv": [5.5, 7, 6, 10], "texture": "#0"},
				"south": {"uv": [7, 0, 7.5, 3], "texture": "#0"},
				"west": {"uv": [7, 3, 7.5, 6], "texture": "#0"},
				"up": {"uv": [8.25, 9.25, 7.75, 8.75], "texture": "#0"},
				"down": {"uv": [9.25, 9, 8.75, 9.5], "texture": "#0"}
			}
		},
		{
			"from": [11, 0, 3],
			"to": [13, 10, 5],
			"rotation": {"angle": 0, "axis": "y", "origin": [5, 6, 11]},
			"faces": {
				"north": {"uv": [0, 7.5, 0.5, 10], "texture": "#0"},
				"east": {"uv": [0.5, 7.5, 1, 10], "texture": "#0"},
				"south": {"uv": [1, 7.5, 1.5, 10.5], "texture": "#0"},
				"west": {"uv": [1.5, 7.5, 2, 10.5], "texture": "#0"},
				"up": {"uv": [9.5, 2.5, 9, 2], "texture": "#0"},
				"down": {"uv": [9.5, 2.5, 9, 3], "texture": "#0"}
			}
		},
		{
			"from": [10.5, 0, 2.5],
			"to": [13.5, 1, 5.5],
			"rotation": {"angle": 0, "axis": "y", "origin": [5.5, 8, 11.5]},
			"faces": {
				"north": {"uv": [8.75, 8.5, 9.5, 8.75], "texture": "#0"},
				"east": {"uv": [9, 4, 9.75, 4.25], "texture": "#0"},
				"south": {"uv": [9, 4.25, 9.75, 4.5], "texture": "#0"},
				"west": {"uv": [9, 4.5, 9.75, 4.75], "texture": "#0"},
				"up": {"uv": [8.25, 5.75, 7.5, 5], "texture": "#0"},
				"down": {"uv": [8.25, 5.75, 7.5, 6.5], "texture": "#0"}
			}
		},
		{
			"from": [10.5, 0, 10.5],
			"to": [13.5, 1, 13.5],
			"rotation": {"angle": 0, "axis": "y", "origin": [5.5, 8, 19.5]},
			"faces": {
				"north": {"uv": [9, 4.75, 9.75, 5], "texture": "#0"},
				"east": {"uv": [9, 5, 9.75, 5.25], "texture": "#0"},
				"south": {"uv": [9, 5.25, 9.75, 5.5], "texture": "#0"},
				"west": {"uv": [9, 5.5, 9.75, 5.75], "texture": "#0"},
				"up": {"uv": [8.25, 7.25, 7.5, 6.5], "texture": "#0"},
				"down": {"uv": [7.75, 8, 7, 8.75], "texture": "#0"}
			}
		},
		{
			"from": [2.5, 0, 2.5],
			"to": [5.5, 1, 5.5],
			"rotation": {"angle": 0, "axis": "y", "origin": [-2.5, 8, 11.5]},
			"faces": {
				"north": {"uv": [9, 5.75, 9.75, 6], "texture": "#0"},
				"east": {"uv": [9, 6, 9.75, 6.25], "texture": "#0"},
				"south": {"uv": [9, 6.25, 9.75, 6.5], "texture": "#0"},
				"west": {"uv": [9, 6.5, 9.75, 6.75], "texture": "#0"},
				"up": {"uv": [8.5, 8.75, 7.75, 8], "texture": "#0"},
				"down": {"uv": [9, 5, 8.25, 5.75], "texture": "#0"}
			}
		},
		{
			"from": [2.5, 0, 10.5],
			"to": [5.5, 1, 13.5],
			"rotation": {"angle": 0, "axis": "y", "origin": [-2.5, 8, 19.5]},
			"faces": {
				"north": {"uv": [9, 6.75, 9.75, 7], "texture": "#0"},
				"east": {"uv": [9, 7, 9.75, 7.25], "texture": "#0"},
				"south": {"uv": [9, 7.25, 9.75, 7.5], "texture": "#0"},
				"west": {"uv": [7.75, 9.25, 8.5, 9.5], "texture": "#0"},
				"up": {"uv": [9, 6.5, 8.25, 5.75], "texture": "#0"},
				"down": {"uv": [9, 6.5, 8.25, 7.25], "texture": "#0"}
			}
		},
		{
			"from": [11, 0, 11],
			"to": [13, 10, 13],
			"rotation": {"angle": 0, "axis": "y", "origin": [5, 6, 5]},
			"faces": {
				"north": {"uv": [2, 7.5, 2.5, 10], "texture": "#0"},
				"east": {"uv": [2.5, 7.5, 3, 10.5], "texture": "#0"},
				"south": {"uv": [6, 7.5, 6.5, 10.5], "texture": "#0"},
				"west": {"uv": [6.5, 7.5, 7, 10.5], "texture": "#0"},
				"up": {"uv": [9.5, 3.5, 9, 3], "texture": "#0"},
				"down": {"uv": [9.5, 3.5, 9, 4], "texture": "#0"}
			}
		}
	],
	"display": {
		"thirdperson_righthand": {
			"rotation": [60, 0, 0],
			"translation": [0, 1.75, 0.25],
			"scale": [0.35, 0.35, 0.35]
		},
		"thirdperson_lefthand": {
			"rotation": [60, 0, 0],
			"translation": [0, 1.75, 0.25],
			"scale": [0.35, 0.35, 0.35]
		},
		"firstperson_righthand": {
			"rotation": [0, 45, 0],
			"scale": [0.5, 0.5, 0.5]
		},
		"firstperson_lefthand": {
			"rotation": [0, 45, 0],
			"scale": [0.5, 0.5, 0.5]
		},
		"ground": {
			"translation": [0, 1, 0],
			"scale": [0.6, 0.6, 0.6]
		},
		"gui": {
			"rotation": [30, 225, 0],
			"translation": [-0.25, 1, 0],
			"scale": [0.8, 0.8, 0.8]
		},
		"head": {
			"translation": [0, 14.25, 0]
		},
		"fixed": {
			"rotation": [-90, 0, 0],
			"translation": [0, 0, -16],
			"scale": [2, 2, 2]
		}
	}
}