{
	"credit": "Made with Blockbench",
	"textures": {
		"0": "mnaf:props/blocks/mic_stand"
	},
	"elements": [
		{
			"from": [6.85, 0.80625, 7.35],
			"to": [8.15, 22.80625, 8.65],
			"rotation": {"angle": 0, "axis": "y", "origin": [14.85, 10.80625, 17.35]},
			"faces": {
				"north": {"uv": [3, 2.75, 2.75, 8.75], "texture": "#0"},
				"east": {"uv": [2.75, 2.5, 2.5, 8.5], "texture": "#0"},
				"south": {"uv": [2.5, 2.25, 2.25, 8.25], "texture": "#0"},
				"west": {"uv": [2.25, 2, 2, 8], "texture": "#0"},
				"up": {"uv": [4, 3.5, 3.75, 3.75], "rotation": 90, "texture": "#0"},
				"down": {"uv": [4.25, 2.25, 4, 2], "rotation": 270, "texture": "#0"}
			}
		},
		{
			"from": [7, -0.19375, 1],
			"to": [8, 0.80625, 8],
			"rotation": {"angle": 0, "axis": "y", "origin": [15, 7.80625, 15]},
			"faces": {
				"north": {"uv": [4.75, 3.5, 4.5, 3.75], "texture": "#0"},
				"east": {"uv": [4.75, 0.5, 3, 0.75], "texture": "#0"},
				"south": {"uv": [4.75, 3.25, 4.5, 3.5], "texture": "#0"},
				"west": {"uv": [4.75, 0.25, 3, 0.5], "texture": "#0"},
				"up": {"uv": [4.75, 0.75, 3, 1], "rotation": 90, "texture": "#0"},
				"down": {"uv": [4.75, 1.25, 3, 1], "rotation": 270, "texture": "#0"}
			}
		},
		{
			"from": [7.5, -0.19375, 7.5],
			"to": [14.5, 0.80625, 8.5],
			"rotation": {"angle": 0, "axis": "y", "origin": [0.5, 7.80625, 15.5]},
			"faces": {
				"north": {"uv": [4.75, 2.75, 3, 3], "texture": "#0"},
				"east": {"uv": [4.75, 4, 4.5, 4.25], "texture": "#0"},
				"south": {"uv": [4.75, 1.25, 3, 1.5], "texture": "#0"},
				"west": {"uv": [4.75, 3.75, 4.5, 4], "texture": "#0"},
				"up": {"uv": [4.25, 4, 4, 5.75], "rotation": 90, "texture": "#0"},
				"down": {"uv": [4.5, 6, 4.25, 4.25], "rotation": 270, "texture": "#0"}
			}
		},
		{
			"from": [7, -0.19375, 8],
			"to": [8, 0.80625, 15],
			"rotation": {"angle": 0, "axis": "y", "origin": [15, 7.80625, 1]},
			"faces": {
				"north": {"uv": [4.75, 4.5, 4.5, 4.75], "texture": "#0"},
				"east": {"uv": [3.75, 1.75, 2, 2], "texture": "#0"},
				"south": {"uv": [4.5, 4, 4.25, 4.25], "texture": "#0"},
				"west": {"uv": [3.75, 1.5, 2, 1.75], "texture": "#0"},
				"up": {"uv": [4, 2, 2.25, 2.25], "rotation": 90, "texture": "#0"},
				"down": {"uv": [4.25, 2.5, 2.5, 2.25], "rotation": 270, "texture": "#0"}
			}
		},
		{
			"from": [0.5, -0.19375, 7.5],
			"to": [7.5, 0.80625, 8.5],
			"rotation": {"angle": 0, "axis": "y", "origin": [14.5, 7.80625, 15.5]},
			"faces": {
				"north": {"uv": [4.75, 0, 3, 0.25], "texture": "#0"},
				"east": {"uv": [4.75, 3, 4.5, 3.25], "texture": "#0"},
				"south": {"uv": [4.5, 2.5, 2.75, 2.75], "texture": "#0"},
				"west": {"uv": [4.75, 2.5, 4.5, 2.75], "texture": "#0"},
				"up": {"uv": [3.75, 3.5, 3.5, 5.25], "rotation": 90, "texture": "#0"},
				"down": {"uv": [4, 5.5, 3.75, 3.75], "rotation": 270, "texture": "#0"}
			}
		},
		{
			"from": [7.5, 18.80625, 7.25],
			"to": [13.5, 20.30625, 8.75],
			"rotation": {"angle": -22.5, "axis": "z", "origin": [16.5, 27.80625, 15.25]},
			"faces": {
				"north": {"uv": [2.5, 0.5, 1, 1], "texture": "#0"},
				"east": {"uv": [3.5, 4.5, 3, 5], "texture": "#0"},
				"south": {"uv": [2.5, 0, 1, 0.5], "texture": "#0"},
				"west": {"uv": [4.75, 2, 4.25, 2.5], "texture": "#0"},
				"up": {"uv": [3, 0, 2.5, 1.5], "rotation": 90, "texture": "#0"},
				"down": {"uv": [3.5, 4.5, 3, 3], "rotation": 270, "texture": "#0"}
			}
		},
		{
			"from": [5.5, 18.60625, 7],
			"to": [7.5, 20.60625, 9],
			"rotation": {"angle": -22.5, "axis": "z", "origin": [16.5, 27.80625, 15]},
			"faces": {
				"north": {"uv": [4.5, 3, 4, 3.5], "texture": "#0"},
				"east": {"uv": [4.25, 1.5, 3.75, 2], "texture": "#0"},
				"south": {"uv": [4, 3, 3.5, 3.5], "texture": "#0"},
				"west": {"uv": [2.5, 1, 2, 1.5], "texture": "#0"},
				"up": {"uv": [4.5, 3.5, 4, 4], "rotation": 90, "texture": "#0"},
				"down": {"uv": [4.75, 2, 4.25, 1.5], "rotation": 270, "texture": "#0"}
			}
		},
		{
			"from": [7.5, 1.80625, 8],
			"to": [11.5, 21.80625, 8],
			"rotation": {"angle": 0, "axis": "y", "origin": [15.5, 9.80625, 16]},
			"faces": {
				"north": {"uv": [2, 1, 1, 6], "texture": "#0"},
				"east": {"uv": [0, 0, 0, 5], "texture": "#0"},
				"south": {"uv": [1, 0, 0, 5], "texture": "#0"},
				"west": {"uv": [0, 0, 0, 5], "texture": "#0"},
				"up": {"uv": [0, 0, 0, 1], "rotation": 90, "texture": "#0"},
				"down": {"uv": [0, 1, 0, 0], "rotation": 270, "texture": "#0"}
			}
		}
	],
	"display": {
		"thirdperson_righthand": {
			"rotation": [55, 0, 0],
			"translation": [0, 0.5, 1],
			"scale": [0.4, 0.4, 0.4]
		},
		"thirdperson_lefthand": {
			"rotation": [55, 0, 0],
			"translation": [0, 0.5, 1],
			"scale": [0.4, 0.4, 0.4]
		},
		"firstperson_righthand": {
			"rotation": [0, 45, 0],
			"translation": [0, 3.25, 0],
			"scale": [0.4, 0.4, 0.4]
		},
		"firstperson_lefthand": {
			"rotation": [0, 45, 0],
			"translation": [0, 3.25, 0],
			"scale": [0.4, 0.4, 0.4]
		},
		"ground": {
			"translation": [0, 1, 0],
			"scale": [0.6, 0.6, 0.6]
		},
		"gui": {
			"rotation": [30, 135, 0],
			"translation": [0, -1.5, 0],
			"scale": [0.62, 0.62, 0.62]
		},
		"head": {
			"rotation": [-90, 0, 0],
			"translation": [0, 6.75, 3]
		},
		"fixed": {
			"rotation": [-90, 0, 0],
			"translation": [0, 0, -16],
			"scale": [2, 2, 2]
		}
	}
}