{
	"texture_size": [128, 128],
	"textures": {
		"0": "mnaf:props/blocks/fnaf_table"
	},
	"elements": [
		{
			"from": [-13.97818, 15.87636, -2.18545],
			"to": [29.98182, 16.43636, 18.29455],
			"rotation": {"angle": 0, "axis": "y", "origin": [0, 0, 0]},
			"faces": {
				"north": {"uv": [7.875, 3.375, 13.375, 3.5], "texture": "#0"},
				"east": {"uv": [2.5, 2, 5, 2.125], "texture": "#0"},
				"south": {"uv": [7.875, 3.25, 13.375, 3.375], "texture": "#0"},
				"west": {"uv": [2.5, 2.125, 5, 2.25], "texture": "#0"},
				"up": {"uv": [2.5, 5.5, 0, 0], "rotation": 90, "texture": "#0"},
				"down": {"uv": [2.5, 0, 0, 5.5], "rotation": 270, "texture": "#0"}
			}
		},
		{
			"from": [29.98182, 8.19636, -3.46545],
			"to": [31.26182, 16.43636, 19.57455],
			"rotation": {"angle": 0, "axis": "y", "origin": [0, 0, 0]},
			"faces": {
				"north": {"uv": [2.125, 7.5, 2.25, 8.5], "texture": "#0"},
				"east": {"uv": [5, 3, 7.875, 4], "texture": "#0"},
				"south": {"uv": [2, 7.5, 2.125, 8.5], "texture": "#0"},
				"west": {"uv": [5, 3.125, 7.875, 4.125], "texture": "#0"},
				"up": {"uv": [10.75, 4.125, 7.875, 4], "rotation": 90, "texture": "#0"},
				"down": {"uv": [10.75, 4.125, 7.875, 4.25], "rotation": 270, "texture": "#0"}
			}
		},
		{
			"from": [-15.49818, 8.19636, -3.46545],
			"to": [-13.97818, 16.43636, 19.57455],
			"rotation": {"angle": 0, "axis": "y", "origin": [0, 0, 0]},
			"faces": {
				"north": {"uv": [1.25, 5.5, 1.5, 6.5], "texture": "#0"},
				"east": {"uv": [5, 7, 7.875, 8], "texture": "#0"},
				"south": {"uv": [1, 5.5, 1.25, 6.5], "texture": "#0"},
				"west": {"uv": [5, 7, 7.875, 8], "texture": "#0"},
				"up": {"uv": [10.75, 8.125, 7.875, 7.875], "rotation": 90, "texture": "#0"},
				"down": {"uv": [10.75, 3, 7.875, 3.25], "rotation": 270, "texture": "#0"}
			}
		},
		{
			"from": [-13.97818, 8.19636, 18.29455],
			"to": [29.98182, 16.43636, 19.57455],
			"rotation": {"angle": 0, "axis": "y", "origin": [0, 0, 0]},
			"faces": {
				"north": {"uv": [2.5, 0, 8, 1], "texture": "#0"},
				"east": {"uv": [2.25, 7.5, 2.375, 8.5], "texture": "#0"},
				"south": {"uv": [2.5, 0, 8, 1], "texture": "#0"},
				"west": {"uv": [2.375, 7.5, 2.5, 8.5], "texture": "#0"},
				"up": {"uv": [0.125, 11, 0, 5.5], "rotation": 90, "texture": "#0"},
				"down": {"uv": [0.25, 5.5, 0.125, 11], "rotation": 270, "texture": "#0"}
			}
		},
		{
			"from": [-13.97818, 8.19636, -3.46545],
			"to": [29.98182, 16.43636, -2.18545],
			"rotation": {"angle": 0, "axis": "y", "origin": [0, 0, 0]},
			"faces": {
				"north": {"uv": [5, 2, 10.5, 3], "texture": "#0"},
				"east": {"uv": [7.875, 6, 8, 7], "texture": "#0"},
				"south": {"uv": [5, 2, 10.5, 3], "texture": "#0"},
				"west": {"uv": [2.5, 8, 2.625, 9], "texture": "#0"},
				"up": {"uv": [0.375, 11, 0.25, 5.5], "rotation": 90, "texture": "#0"},
				"down": {"uv": [0.5, 5.5, 0.375, 11], "rotation": 270, "texture": "#0"}
			}
		},
		{
			"from": [27.70182, -0.04364, -2.18545],
			"to": [28.98182, 15.87636, -0.90545],
			"rotation": {"angle": 0, "axis": "y", "origin": [0, 0, 0]},
			"faces": {
				"north": {"uv": [1.875, 5.5, 2, 7.5], "texture": "#0"},
				"east": {"uv": [1.5, 5.5, 1.625, 7.5], "texture": "#0"},
				"south": {"uv": [1.625, 5.5, 1.75, 7.5], "texture": "#0"},
				"west": {"uv": [1.75, 5.5, 1.875, 7.5], "texture": "#0"},
				"up": {"uv": [2.625, 2.375, 2.5, 2.25], "rotation": 90, "texture": "#0"},
				"down": {"uv": [2.625, 2.375, 2.5, 2.5], "rotation": 270, "texture": "#0"}
			}
		},
		{
			"from": [27.70182, -0.04364, 16.81455],
			"to": [28.98182, 15.87636, 18.09455],
			"rotation": {"angle": 0, "axis": "y", "origin": [0, 0, 0]},
			"faces": {
				"north": {"uv": [2.375, 5.5, 2.5, 7.5], "texture": "#0"},
				"east": {"uv": [2, 5.5, 2.125, 7.5], "texture": "#0"},
				"south": {"uv": [2.125, 5.5, 2.25, 7.5], "texture": "#0"},
				"west": {"uv": [2.25, 5.5, 2.375, 7.5], "texture": "#0"},
				"up": {"uv": [2.75, 2.375, 2.625, 2.25], "rotation": 90, "texture": "#0"},
				"down": {"uv": [2.75, 2.375, 2.625, 2.5], "rotation": 270, "texture": "#0"}
			}
		},
		{
			"from": [-12.97818, -0.04364, -2.18545],
			"to": [-11.69818, 15.87636, -0.90545],
			"rotation": {"angle": 0, "axis": "y", "origin": [0, 0, 0]},
			"faces": {
				"north": {"uv": [1.375, 6.5, 1.5, 8.5], "texture": "#0"},
				"east": {"uv": [1, 6.5, 1.125, 8.5], "texture": "#0"},
				"south": {"uv": [1.125, 6.5, 1.25, 8.5], "texture": "#0"},
				"west": {"uv": [1.25, 6.5, 1.375, 8.5], "texture": "#0"},
				"up": {"uv": [2.875, 2.375, 2.75, 2.25], "rotation": 90, "texture": "#0"},
				"down": {"uv": [2.875, 2.375, 2.75, 2.5], "rotation": 270, "texture": "#0"}
			}
		},
		{
			"from": [-12.97818, -0.04364, 16.81455],
			"to": [-11.69818, 15.87636, 18.09455],
			"rotation": {"angle": 0, "axis": "y", "origin": [0, 0, 0]},
			"faces": {
				"north": {"uv": [1.875, 7.5, 2, 9.5], "texture": "#0"},
				"east": {"uv": [1.5, 7.5, 1.625, 9.5], "texture": "#0"},
				"south": {"uv": [1.625, 7.5, 1.75, 9.5], "texture": "#0"},
				"west": {"uv": [1.75, 7.5, 1.875, 9.5], "texture": "#0"},
				"up": {"uv": [3, 2.375, 2.875, 2.25], "rotation": 90, "texture": "#0"},
				"down": {"uv": [3, 2.375, 2.875, 2.5], "rotation": 270, "texture": "#0"}
			}
		},
		{
			"from": [-11.69818, 5.95636, -1.94545],
			"to": [27.80182, 6.95636, -0.94545],
			"rotation": {"angle": 0, "axis": "y", "origin": [0, 0, 0]},
			"faces": {
				"north": {"uv": [12.875, 3.75, 7.875, 3.875], "texture": "#0"},
				"east": {"uv": [3.25, 2.25, 3.125, 2.375], "texture": "#0"},
				"south": {"uv": [12.875, 3.875, 7.875, 4], "texture": "#0"},
				"west": {"uv": [3.25, 2.375, 3.125, 2.5], "texture": "#0"},
				"up": {"uv": [0.75, 10.5, 0.875, 5.5], "rotation": 90, "texture": "#0"},
				"down": {"uv": [0.875, 5.5, 1, 10.5], "rotation": 270, "texture": "#0"}
			}
		},
		{
			"from": [-11.69818, 5.95636, 16.85455],
			"to": [27.80182, 6.95636, 17.85455],
			"rotation": {"angle": 0, "axis": "y", "origin": [0, 0, 0]},
			"faces": {
				"north": {"uv": [12.875, 4.25, 7.875, 4.375], "texture": "#0"},
				"east": {"uv": [4.125, 2.25, 4, 2.375], "texture": "#0"},
				"south": {"uv": [12.875, 4.5, 7.875, 4.625], "texture": "#0"},
				"west": {"uv": [3.25, 2.375, 3.125, 2.5], "texture": "#0"},
				"up": {"uv": [2.75, 13, 2.875, 8], "rotation": 90, "texture": "#0"},
				"down": {"uv": [3.625, 8, 3.75, 13], "rotation": 270, "texture": "#0"}
			}
		}
	],
	"display": {
		"thirdperson_righthand": {
			"scale": [0.15, 0.15, 0.15]
		},
		"thirdperson_lefthand": {
			"scale": [0.15, 0.15, 0.15]
		},
		"firstperson_righthand": {
			"rotation": [0, 45, 0],
			"scale": [0.25, 0.25, 0.25]
		},
		"firstperson_lefthand": {
			"rotation": [0, 45, 0],
			"scale": [0.25, 0.25, 0.25]
		},
		"ground": {
			"translation": [0, -0.25, 0],
			"scale": [0.4, 0.4, 0.4]
		},
		"gui": {
			"rotation": [30, 135, 0],
			"scale": [0.3, 0.3, 0.3]
		},
		"fixed": {
			"rotation": [-90, 0, 0],
			"translation": [0, 0, -16],
			"scale": [2, 2, 2]
		}
	}
}