{
	"textures": {
		"0": "mnaf:props/blocks/poker_table_4"
	},
	"elements": [
		{
			"from": [-1, 14, -1],
			"to": [17, 15, 17],
			"rotation": {"angle": 0, "axis": "y", "origin": [7, 22, 7]},
			"faces": {
				"north": {"uv": [8.25, 7.5, 12.75, 7.75], "texture": "#0"},
				"east": {"uv": [9.5, 2.25, 14, 2.5], "texture": "#0"},
				"south": {"uv": [9.5, 2.5, 14, 2.75], "texture": "#0"},
				"west": {"uv": [9.5, 2.75, 14, 3], "texture": "#0"},
				"up": {"uv": [4.5, 4.5, 0, 0], "texture": "#0"},
				"down": {"uv": [4.5, 4.5, 0, 9], "texture": "#0"}
			}
		},
		{
			"from": [-2, 14, 0],
			"to": [-1, 15, 16],
			"rotation": {"angle": 0, "axis": "y", "origin": [-11, 22, 7]},
			"faces": {
				"north": {"uv": [7.75, 4.25, 8, 4.5], "texture": "#0"},
				"east": {"uv": [9.5, 9.25, 13.5, 9.5], "texture": "#0"},
				"south": {"uv": [8, 4.25, 8.25, 4.5], "texture": "#0"},
				"west": {"uv": [3, 10.25, 7, 10.5], "texture": "#0"},
				"up": {"uv": [7.25, 14.25, 7, 10.25], "texture": "#0"},
				"down": {"uv": [7.5, 10.25, 7.25, 14.25], "texture": "#0"}
			}
		},
		{
			"from": [0, 14, -2],
			"to": [16, 15, -1],
			"rotation": {"angle": 0, "axis": "y", "origin": [9, 22, -11]},
			"faces": {
				"north": {"uv": [10.25, 3, 14.25, 3.25], "texture": "#0"},
				"east": {"uv": [4.25, 10, 4.5, 10.25], "texture": "#0"},
				"south": {"uv": [10.25, 3.25, 14.25, 3.5], "texture": "#0"},
				"west": {"uv": [2.25, 10.75, 2.5, 11], "texture": "#0"},
				"up": {"uv": [14.25, 3.75, 10.25, 3.5], "texture": "#0"},
				"down": {"uv": [14.25, 3.75, 10.25, 4], "texture": "#0"}
			}
		},
		{
			"from": [17, 14, 0],
			"to": [18, 15, 16],
			"rotation": {"angle": 0, "axis": "y", "origin": [27, 22, 7]},
			"faces": {
				"north": {"uv": [2.5, 10.75, 2.75, 11], "texture": "#0"},
				"east": {"uv": [10.25, 4, 14.25, 4.25], "texture": "#0"},
				"south": {"uv": [2.75, 10.75, 3, 11], "texture": "#0"},
				"west": {"uv": [10.25, 4.25, 14.25, 4.5], "texture": "#0"},
				"up": {"uv": [7.75, 14.25, 7.5, 10.25], "texture": "#0"},
				"down": {"uv": [8, 10.25, 7.75, 14.25], "texture": "#0"}
			}
		},
		{
			"from": [0, 14, 17],
			"to": [16, 15, 18],
			"rotation": {"angle": 0, "axis": "y", "origin": [9, 22, 27]},
			"faces": {
				"north": {"uv": [10.25, 4.5, 14.25, 4.75], "texture": "#0"},
				"east": {"uv": [6, 10.75, 6.25, 11], "texture": "#0"},
				"south": {"uv": [10.25, 4.75, 14.25, 5], "texture": "#0"},
				"west": {"uv": [6.25, 10.75, 6.5, 11], "texture": "#0"},
				"up": {"uv": [14.25, 5.25, 10.25, 5], "texture": "#0"},
				"down": {"uv": [14.25, 5.25, 10.25, 5.5], "texture": "#0"}
			}
		},
		{
			"from": [0.5, 12, 1.5],
			"to": [15.5, 14, 14.5],
			"rotation": {"angle": 0, "axis": "y", "origin": [8.5, 21, 7.5]},
			"faces": {
				"north": {"uv": [4.5, 3.25, 8.25, 3.75], "texture": "#0"},
				"east": {"uv": [9.5, 0, 12.75, 0.5], "texture": "#0"},
				"south": {"uv": [4.5, 3.75, 8.25, 4.25], "texture": "#0"},
				"west": {"uv": [9.5, 0.5, 12.75, 1], "texture": "#0"},
				"up": {"uv": [8.25, 7.75, 4.5, 4.5], "texture": "#0"},
				"down": {"uv": [8.25, 0, 4.5, 3.25], "texture": "#0"}
			}
		},
		{
			"from": [5.5, 2, 5.5],
			"to": [10.5, 12, 10.5],
			"rotation": {"angle": 0, "axis": "y", "origin": [13.5, 19, 11.5]},
			"faces": {
				"north": {"uv": [8.25, 0, 9.5, 2.5], "texture": "#0"},
				"east": {"uv": [8.25, 2.5, 9.5, 5], "texture": "#0"},
				"south": {"uv": [8.25, 5, 9.5, 7.5], "texture": "#0"},
				"west": {"uv": [0, 9, 1.25, 11.5], "texture": "#0"},
				"up": {"uv": [4.25, 10.25, 3, 9], "texture": "#0"},
				"down": {"uv": [10.75, 1, 9.5, 2.25], "texture": "#0"}
			}
		},
		{
			"from": [2.1, 15, 9.1],
			"to": [4.9, 20.8, 11.9],
			"rotation": {"angle": 0, "axis": "y", "origin": [10, 24, 18]},
			"faces": {
				"north": {"uv": [14, 8.75, 14.75, 10.25], "texture": "#0"},
				"east": {"uv": [5, 11.75, 5.75, 13.25], "texture": "#0"},
				"south": {"uv": [12, 11.75, 12.75, 13.25], "texture": "#0"},
				"west": {"uv": [9, 13.75, 9.75, 15.25], "texture": "#0"},
				"up": {"uv": [12.25, 16, 11.5, 15.25], "texture": "#0"},
				"down": {"uv": [15, 15.25, 14.25, 16], "texture": "#0"}
			}
		},
		{
			"from": [2.6, 20.8, 9.55],
			"to": [4.4, 22.3, 11.35],
			"rotation": {"angle": 0, "axis": "y", "origin": [10, 30, 18]},
			"faces": {
				"north": {"uv": [3, 11.5, 3.5, 12], "texture": "#0"},
				"east": {"uv": [2, 12.75, 2.5, 13.25], "texture": "#0"},
				"south": {"uv": [3.75, 11.5, 4.25, 12], "texture": "#0"},
				"west": {"uv": [3.75, 12.5, 4.25, 13], "texture": "#0"},
				"up": {"uv": [2.25, 13.5, 1.75, 13], "texture": "#0"},
				"down": {"uv": [1.25, 12.25, 0.75, 12.75], "texture": "#0"}
			}
		},
		{
			"from": [2.3, 22, 9.2],
			"to": [4.8, 22.5, 11.7],
			"rotation": {"angle": 0, "axis": "y", "origin": [10, 31.5, 18]},
			"faces": {
				"north": {"uv": [7, 4.25, 7.75, 4.5], "texture": "#0"},
				"east": {"uv": [10.25, 9, 11, 9.25], "texture": "#0"},
				"south": {"uv": [6, 10.5, 6.75, 10.75], "texture": "#0"},
				"west": {"uv": [1.25, 10.75, 2, 11], "texture": "#0"},
				"up": {"uv": [11, 7, 10.25, 6.25], "texture": "#0"},
				"down": {"uv": [11, 7.75, 10.25, 8.5], "texture": "#0"}
			}
		},
		{
			"from": [2.85, 22, 9.8],
			"to": [4.15, 24, 11.1],
			"rotation": {"angle": 0, "axis": "y", "origin": [11.8, 31, 17.2]},
			"faces": {
				"north": {"uv": [4.25, 9, 4.5, 9.5], "texture": "#0"},
				"east": {"uv": [4.25, 9.5, 4.5, 10], "texture": "#0"},
				"south": {"uv": [6.75, 10.5, 7, 11], "texture": "#0"},
				"west": {"uv": [2, 10.75, 2.25, 11.25], "texture": "#0"},
				"up": {"uv": [6.75, 11, 6.5, 10.75], "texture": "#0"},
				"down": {"uv": [11, 1, 10.75, 1.25], "texture": "#0"}
			}
		},
		{
			"from": [4.5, 1, 4.5],
			"to": [11.5, 2, 11.5],
			"rotation": {"angle": 0, "axis": "y", "origin": [12.5, 9, 12.5]},
			"faces": {
				"north": {"uv": [10.25, 7, 12, 7.25], "texture": "#0"},
				"east": {"uv": [10.25, 7.25, 12, 7.5], "texture": "#0"},
				"south": {"uv": [10.25, 8.5, 12, 8.75], "texture": "#0"},
				"west": {"uv": [10.25, 8.75, 12, 9], "texture": "#0"},
				"up": {"uv": [3, 10.75, 1.25, 9], "texture": "#0"},
				"down": {"uv": [11.25, 9.5, 9.5, 11.25], "texture": "#0"}
			}
		},
		{
			"from": [3, 0, 3],
			"to": [13, 1, 13],
			"rotation": {"angle": 0, "axis": "y", "origin": [11, 8, 11]},
			"faces": {
				"north": {"uv": [4.5, 4.25, 7, 4.5], "texture": "#0"},
				"east": {"uv": [10.25, 5.5, 12.75, 5.75], "texture": "#0"},
				"south": {"uv": [10.25, 5.75, 12.75, 6], "texture": "#0"},
				"west": {"uv": [10.25, 6, 12.75, 6.25], "texture": "#0"},
				"up": {"uv": [7, 10.25, 4.5, 7.75], "texture": "#0"},
				"down": {"uv": [9.5, 7.75, 7, 10.25], "texture": "#0"}
			}
		}
	],
	"display": {
		"thirdperson_righthand": {
			"rotation": [28, 0, 0],
			"translation": [0, 0.5, 0.25],
			"scale": [0.25, 0.25, 0.25]
		},
		"thirdperson_lefthand": {
			"rotation": [28, 0, 0],
			"translation": [0, 0.5, 0.25],
			"scale": [0.25, 0.25, 0.25]
		},
		"firstperson_righthand": {
			"translation": [-1, 1.5, 0],
			"scale": [0.35, 0.35, 0.35]
		},
		"firstperson_lefthand": {
			"translation": [-1, 1.5, 0],
			"scale": [0.35, 0.35, 0.35]
		},
		"ground": {
			"translation": [0, -0.5, 0],
			"scale": [0.4, 0.4, 0.4]
		},
		"gui": {
			"rotation": [30, 225, 0],
			"translation": [0, -1.75, 0],
			"scale": [0.55, 0.55, 0.55]
		},
		"head": {
			"translation": [0, 0.5, 0]
		},
		"fixed": {
			"rotation": [-90, 0, 0],
			"translation": [0, 0, -16],
			"scale": [2, 2, 2]
		}
	}
}