{
	"credit": "Made with Blockbench",
	"texture_size": [64, 64],
	"textures": {
		"0": "mnaf:props/blocks/chair",
		"particle": "mnaf:props/blocks/chair"
	},
	"elements": [
		{
			"from": [1, 0, 3],
			"to": [3, 7, 5],
			"rotation": {"angle": 0, "axis": "y", "origin": [9, 8, 11]},
			"faces": {
				"north": {"uv": [0, 7, 0.5, 8.75], "texture": "#0"},
				"east": {"uv": [0.5, 7, 1, 8.75], "texture": "#0"},
				"south": {"uv": [1, 7, 1.5, 8.75], "texture": "#0"},
				"west": {"uv": [1.5, 7, 2, 8.75], "texture": "#0"},
				"up": {"uv": [3.5, 5.5, 3, 5], "texture": "#0"},
				"down": {"uv": [7.5, 5.25, 7, 5.75], "texture": "#0"}
			}
		},
		{
			"from": [1, 7, 2],
			"to": [15, 8, 11],
			"rotation": {"angle": 0, "axis": "y", "origin": [9, 8, 11]},
			"faces": {
				"north": {"uv": [3.5, 3.25, 7, 3.5], "texture": "#0"},
				"east": {"uv": [7, 4.75, 9.25, 5], "texture": "#0"},
				"south": {"uv": [6.5, 5.75, 10, 6], "texture": "#0"},
				"west": {"uv": [7, 5, 9.25, 5.25], "texture": "#0"},
				"up": {"uv": [7, 5.75, 3.5, 3.5], "texture": "#0"},
				"down": {"uv": [7, 0, 3.5, 2.25], "texture": "#0"}
			}
		},
		{
			"from": [1, 7, 11],
			"to": [15, 9, 13],
			"rotation": {"angle": 0, "axis": "y", "origin": [9, 8, 13]},
			"faces": {
				"north": {"uv": [3.5, 2.25, 7, 2.75], "texture": "#0"},
				"east": {"uv": [7.5, 2.5, 8, 3], "texture": "#0"},
				"south": {"uv": [3.5, 2.75, 7, 3.25], "texture": "#0"},
				"west": {"uv": [7.5, 3, 8, 3.5], "texture": "#0"},
				"up": {"uv": [6.5, 6.25, 3, 5.75], "texture": "#0"},
				"down": {"uv": [6.5, 6.25, 3, 6.75], "texture": "#0"}
			}
		},
		{
			"from": [1, 8, 13],
			"to": [15, 18, 14],
			"rotation": {"angle": 0, "axis": "y", "origin": [9, 8, 14]},
			"faces": {
				"north": {"uv": [0, 0, 3.5, 2.5], "texture": "#0"},
				"east": {"uv": [7, 1.75, 7.25, 4.25], "texture": "#0"},
				"south": {"uv": [0, 2.5, 3.5, 5], "texture": "#0"},
				"west": {"uv": [7.25, 1.75, 7.5, 4.25], "texture": "#0"},
				"up": {"uv": [10, 6.25, 6.5, 6], "texture": "#0"},
				"down": {"uv": [10, 6.25, 6.5, 6.5], "texture": "#0"}
			}
		},
		{
			"from": [4.6, 12, 12.9],
			"to": [10.6, 18, 12.9],
			"rotation": {"angle": 0, "axis": "y", "origin": [8.6, 8, 12.9]},
			"faces": {
				"north": {"uv": [0, 10.25, 3, 13.25], "texture": "#0"},
				"east": {"uv": [0, 0, 0, 1.5], "texture": "#0"},
				"south": {"uv": [1.5, 5, 3, 6.5], "texture": "#0"},
				"west": {"uv": [0, 0, 0, 1.5], "texture": "#0"},
				"up": {"uv": [1.5, 0, 0, 0], "texture": "#0"},
				"down": {"uv": [1.5, 0, 0, 0], "texture": "#0"}
			}
		},
		{
			"from": [3, 18, 13],
			"to": [13, 20, 14],
			"rotation": {"angle": 0, "axis": "y", "origin": [9, 9, 14]},
			"faces": {
				"north": {"uv": [0, 6.5, 2.5, 7], "texture": "#0"},
				"east": {"uv": [7.5, 3.5, 7.75, 4], "texture": "#0"},
				"south": {"uv": [6.5, 6.5, 9, 7], "texture": "#0"},
				"west": {"uv": [7.5, 5.25, 7.75, 5.75], "texture": "#0"},
				"up": {"uv": [9.5, 4.5, 7, 4.25], "texture": "#0"},
				"down": {"uv": [9.5, 4.5, 7, 4.75], "texture": "#0"}
			}
		},
		{
			"from": [13, 0, 3],
			"to": [15, 7, 5],
			"rotation": {"angle": 0, "axis": "y", "origin": [21, 8, 11]},
			"faces": {
				"north": {"uv": [2, 7, 2.5, 8.75], "texture": "#0"},
				"east": {"uv": [6.5, 7, 7, 8.75], "texture": "#0"},
				"south": {"uv": [7, 7, 7.5, 8.75], "texture": "#0"},
				"west": {"uv": [7, 0, 7.5, 1.75], "texture": "#0"},
				"up": {"uv": [8, 1, 7.5, 0.5], "texture": "#0"},
				"down": {"uv": [8, 1, 7.5, 1.5], "texture": "#0"}
			}
		},
		{
			"from": [1, 0, 12],
			"to": [3, 8, 14],
			"rotation": {"angle": 0, "axis": "y", "origin": [9, 8, 20]},
			"faces": {
				"north": {"uv": [2.5, 6.5, 3, 8.5], "texture": "#0"},
				"east": {"uv": [3, 6.75, 3.5, 8.75], "texture": "#0"},
				"south": {"uv": [3.5, 6.75, 4, 8.75], "texture": "#0"},
				"west": {"uv": [4, 6.75, 4.5, 8.75], "texture": "#0"},
				"up": {"uv": [8, 8, 7.5, 7.5], "texture": "#0"},
				"down": {"uv": [8, 0, 7.5, 0.5], "texture": "#0"}
			}
		},
		{
			"from": [13, 0, 12],
			"to": [15, 8, 14],
			"rotation": {"angle": 0, "axis": "y", "origin": [21, 8, 20]},
			"faces": {
				"north": {"uv": [4.5, 6.75, 5, 8.75], "texture": "#0"},
				"east": {"uv": [5, 6.75, 5.5, 8.75], "texture": "#0"},
				"south": {"uv": [5.5, 6.75, 6, 8.75], "texture": "#0"},
				"west": {"uv": [6, 6.75, 6.5, 8.75], "texture": "#0"},
				"up": {"uv": [8, 2, 7.5, 1.5], "texture": "#0"},
				"down": {"uv": [8, 2, 7.5, 2.5], "texture": "#0"}
			}
		}
	],
	"display": {
		"thirdperson_righthand": {
			"translation": [0, 0.5, 0],
			"scale": [0.5, 0.5, 0.5]
		},
		"thirdperson_lefthand": {
			"translation": [0, 0.5, 0],
			"scale": [0.5, 0.5, 0.5]
		},
		"firstperson_righthand": {
			"scale": [0.5, 0.5, 0.5]
		},
		"firstperson_lefthand": {
			"scale": [0.5, 0.5, 0.5]
		},
		"ground": {
			"scale": [0.2, 0.2, 0.2]
		},
		"gui": {
			"rotation": [0, 114.75, 18],
			"scale": [0.5, 0.5, 0.5]
		},
		"fixed": {
			"rotation": [-90, 0, 0],
			"translation": [0, 0, -15],
			"scale": [2, 2, 2]
		}
	}
}