{
	"credit": "Made with Blockbench",
	"ambientocclusion": false,
	"texture_size": [32, 32],
	"textures": {
		"0": "mnaf:props/blocks/cream_soda_rack",
		"particle": "mnaf:props/blocks/cream_soda_rack"
	},
	"elements": [
		{
			"from": [0, 0, 5.5],
			"to": [16, 1, 10.5],
			"rotation": {"angle": 0, "axis": "y", "origin": [8, 8, 15.5]},
			"faces": {
				"north": {"uv": [7.5, 6, 15.5, 6.5], "texture": "#0"},
				"east": {"uv": [11, 2, 13.5, 2.5], "texture": "#0"},
				"south": {"uv": [7.5, 6.5, 15.5, 7], "texture": "#0"},
				"west": {"uv": [11, 2.5, 13.5, 3], "texture": "#0"},
				"up": {"uv": [8, 2.5, 0, 0], "texture": "#0"},
				"down": {"uv": [8, 2.5, 0, 5], "texture": "#0"}
			}
		},
		{
			"from": [1.1, 1, 7.6375],
			"to": [3.9, 6.8, 10.4375],
			"rotation": {"angle": 0, "axis": "y", "origin": [9, 10, 16.5375]},
			"faces": {
				"north": {"uv": [6, 6, 7.5, 9], "texture": "#0"},
				"east": {"uv": [7.5, 7.5, 9, 10.5], "texture": "#0"},
				"south": {"uv": [0, 8, 1.5, 11], "texture": "#0"},
				"west": {"uv": [1.5, 8, 3, 11], "texture": "#0"},
				"up": {"uv": [10.5, 8.5, 9, 7], "texture": "#0"},
				"down": {"uv": [11, 0, 9.5, 1.5], "texture": "#0"}
			}
		},
		{
			"from": [7.1, 1, 4.6375],
			"to": [9.9, 6.8, 7.4375],
			"rotation": {"angle": 0, "axis": "y", "origin": [15, 10, 13.5375]},
			"faces": {
				"north": {"uv": [3, 8, 4.5, 11], "texture": "#0"},
				"east": {"uv": [4.5, 8, 6, 11], "texture": "#0"},
				"south": {"uv": [8, 0, 9.5, 3], "texture": "#0"},
				"west": {"uv": [8, 3, 9.5, 6], "texture": "#0"},
				"up": {"uv": [11, 3, 9.5, 1.5], "texture": "#0"},
				"down": {"uv": [11, 3, 9.5, 4.5], "texture": "#0"}
			}
		},
		{
			"from": [12.1, 1, 6.6375],
			"to": [14.9, 6.8, 9.4375],
			"rotation": {"angle": 0, "axis": "y", "origin": [20, 10, 15.5375]},
			"faces": {
				"north": {"uv": [0, 5, 1.5, 8], "texture": "#0"},
				"east": {"uv": [1.5, 5, 3, 8], "texture": "#0"},
				"south": {"uv": [3, 5, 4.5, 8], "texture": "#0"},
				"west": {"uv": [4.5, 5, 6, 8], "texture": "#0"},
				"up": {"uv": [7.5, 10.5, 6, 9], "texture": "#0"},
				"down": {"uv": [10.5, 9, 9, 10.5], "texture": "#0"}
			}
		},
		{
			"from": [4.87, 0.7, 7.04625],
			"to": [6.83, 4.76, 9.00625],
			"rotation": {"angle": 0, "axis": "y", "origin": [10.4, 7, 13.27625]},
			"faces": {
				"north": {"uv": [10.5, 8.5, 11.5, 10.5], "texture": "#0"},
				"east": {"uv": [0, 11, 1, 13], "texture": "#0"},
				"south": {"uv": [1, 11, 2, 13], "texture": "#0"},
				"west": {"uv": [2, 11, 3, 13], "texture": "#0"},
				"up": {"uv": [7, 6, 6, 5], "texture": "#0"},
				"down": {"uv": [8, 5, 7, 6], "texture": "#0"}
			}
		},
		{
			"from": [9.87, 0.7, 6.04625],
			"to": [11.83, 4.76, 8.00625],
			"rotation": {"angle": 0, "axis": "y", "origin": [15.4, 7, 12.27625]},
			"faces": {
				"north": {"uv": [3, 11, 4, 13], "texture": "#0"},
				"east": {"uv": [4, 11, 5, 13], "texture": "#0"},
				"south": {"uv": [5, 11, 6, 13], "texture": "#0"},
				"west": {"uv": [11, 0, 12, 2], "texture": "#0"},
				"up": {"uv": [12, 4, 11, 3], "texture": "#0"},
				"down": {"uv": [12, 4, 11, 5], "texture": "#0"}
			}
		},
		{
			"from": [1.6, 6.8, 8.0875],
			"to": [3.4, 8.3, 9.8875],
			"rotation": {"angle": 0, "axis": "y", "origin": [9, 16, 16.5375]},
			"faces": {
				"north": {"uv": [11, 5, 12, 6], "texture": "#0"},
				"east": {"uv": [11.5, 8.5, 12.5, 9.5], "texture": "#0"},
				"south": {"uv": [11.5, 9.5, 12.5, 10.5], "texture": "#0"},
				"west": {"uv": [6, 12, 7, 13], "texture": "#0"},
				"up": {"uv": [8, 13, 7, 12], "texture": "#0"},
				"down": {"uv": [9, 12, 8, 13], "texture": "#0"}
			}
		},
		{
			"from": [7.6, 6.8, 5.0875],
			"to": [9.4, 8.3, 6.8875],
			"rotation": {"angle": 0, "axis": "y", "origin": [15, 16, 13.5375]},
			"faces": {
				"north": {"uv": [9, 12, 10, 13], "texture": "#0"},
				"east": {"uv": [10, 12, 11, 13], "texture": "#0"},
				"south": {"uv": [11, 12, 12, 13], "texture": "#0"},
				"west": {"uv": [12, 12, 13, 13], "texture": "#0"},
				"up": {"uv": [13, 1, 12, 0], "texture": "#0"},
				"down": {"uv": [13, 1, 12, 2], "texture": "#0"}
			}
		},
		{
			"from": [12.6, 6.8, 7.0875],
			"to": [14.4, 8.3, 8.8875],
			"rotation": {"angle": 0, "axis": "y", "origin": [20, 16, 15.5375]},
			"faces": {
				"north": {"uv": [12, 3, 13, 4], "texture": "#0"},
				"east": {"uv": [12, 4, 13, 5], "texture": "#0"},
				"south": {"uv": [12, 5, 13, 6], "texture": "#0"},
				"west": {"uv": [12, 7, 13, 8], "texture": "#0"},
				"up": {"uv": [13, 11.5, 12, 10.5], "texture": "#0"},
				"down": {"uv": [13.5, 8, 12.5, 9], "texture": "#0"}
			}
		},
		{
			"from": [5.22, 4.76, 7.36125],
			"to": [6.48, 5.81, 8.62125],
			"rotation": {"angle": 0, "axis": "y", "origin": [10.4, 11.2, 13.27625]},
			"faces": {
				"north": {"uv": [12, 8, 12.5, 8.5], "texture": "#0"},
				"east": {"uv": [13, 5.5, 13.5, 6], "texture": "#0"},
				"south": {"uv": [7.5, 13.5, 8, 14], "texture": "#0"},
				"west": {"uv": [8, 13.5, 8.5, 14], "texture": "#0"},
				"up": {"uv": [9, 14, 8.5, 13.5], "texture": "#0"},
				"down": {"uv": [9.5, 13.5, 9, 14], "texture": "#0"}
			}
		},
		{
			"from": [10.22, 4.76, 6.36125],
			"to": [11.48, 5.81, 7.62125],
			"rotation": {"angle": 0, "axis": "y", "origin": [15.4, 11.2, 12.27625]},
			"faces": {
				"north": {"uv": [9.5, 13.5, 10, 14], "texture": "#0"},
				"east": {"uv": [10, 13.5, 10.5, 14], "texture": "#0"},
				"south": {"uv": [10.5, 13.5, 11, 14], "texture": "#0"},
				"west": {"uv": [11, 13.5, 11.5, 14], "texture": "#0"},
				"up": {"uv": [12, 14, 11.5, 13.5], "texture": "#0"},
				"down": {"uv": [12.5, 13.5, 12, 14], "texture": "#0"}
			}
		},
		{
			"from": [1.3, 8, 7.7375],
			"to": [3.8, 8.5, 10.2375],
			"rotation": {"angle": 0, "axis": "y", "origin": [9, 17.5, 16.5375]},
			"faces": {
				"north": {"uv": [7.5, 7, 9, 7.5], "texture": "#0"},
				"east": {"uv": [9, 8.5, 10.5, 9], "texture": "#0"},
				"south": {"uv": [12, 11.5, 13.5, 12], "texture": "#0"},
				"west": {"uv": [12.5, 10, 14, 10.5], "texture": "#0"},
				"up": {"uv": [11, 6, 9.5, 4.5], "texture": "#0"},
				"down": {"uv": [7.5, 10.5, 6, 12], "texture": "#0"}
			}
		},
		{
			"from": [7.3, 8, 4.7375],
			"to": [9.8, 8.5, 7.2375],
			"rotation": {"angle": 0, "axis": "y", "origin": [15, 17.5, 13.5375]},
			"faces": {
				"north": {"uv": [3, 13, 4.5, 13.5], "texture": "#0"},
				"east": {"uv": [4.5, 13, 6, 13.5], "texture": "#0"},
				"south": {"uv": [6, 13, 7.5, 13.5], "texture": "#0"},
				"west": {"uv": [7.5, 13, 9, 13.5], "texture": "#0"},
				"up": {"uv": [9, 12, 7.5, 10.5], "texture": "#0"},
				"down": {"uv": [10.5, 10.5, 9, 12], "texture": "#0"}
			}
		},
		{
			"from": [12.3, 8, 6.7375],
			"to": [14.8, 8.5, 9.2375],
			"rotation": {"angle": 0, "axis": "y", "origin": [20, 17.5, 15.5375]},
			"faces": {
				"north": {"uv": [9, 13, 10.5, 13.5], "texture": "#0"},
				"east": {"uv": [10.5, 13, 12, 13.5], "texture": "#0"},
				"south": {"uv": [12, 13, 13.5, 13.5], "texture": "#0"},
				"west": {"uv": [13, 0, 14.5, 0.5], "texture": "#0"},
				"up": {"uv": [12, 12, 10.5, 10.5], "texture": "#0"},
				"down": {"uv": [12, 7, 10.5, 8.5], "texture": "#0"}
			}
		},
		{
			"from": [5.01, 5.6, 7.11625],
			"to": [6.76, 5.95, 8.86625],
			"rotation": {"angle": 0, "axis": "y", "origin": [10.4, 12.25, 13.27625]},
			"faces": {
				"north": {"uv": [13, 0.5, 14, 1], "texture": "#0"},
				"east": {"uv": [13, 1, 14, 1.5], "texture": "#0"},
				"south": {"uv": [13, 1.5, 14, 2], "texture": "#0"},
				"west": {"uv": [13, 3, 14, 3.5], "texture": "#0"},
				"up": {"uv": [13.5, 10, 12.5, 9], "texture": "#0"},
				"down": {"uv": [1, 13, 0, 14], "texture": "#0"}
			}
		},
		{
			"from": [10.01, 5.6, 6.11625],
			"to": [11.76, 5.95, 7.86625],
			"rotation": {"angle": 0, "axis": "y", "origin": [15.4, 12.25, 12.27625]},
			"faces": {
				"north": {"uv": [13, 3.5, 14, 4], "texture": "#0"},
				"east": {"uv": [13, 4, 14, 4.5], "texture": "#0"},
				"south": {"uv": [13, 4.5, 14, 5], "texture": "#0"},
				"west": {"uv": [13, 5, 14, 5.5], "texture": "#0"},
				"up": {"uv": [2, 14, 1, 13], "texture": "#0"},
				"down": {"uv": [3, 13, 2, 14], "texture": "#0"}
			}
		},
		{
			"from": [1.85, 8, 8.3375],
			"to": [3.15, 10, 9.6375],
			"rotation": {"angle": 0, "axis": "y", "origin": [10.8, 17, 15.7375]},
			"faces": {
				"north": {"uv": [13, 7, 13.5, 8], "texture": "#0"},
				"east": {"uv": [13, 10.5, 13.5, 11.5], "texture": "#0"},
				"south": {"uv": [13, 12, 13.5, 13], "texture": "#0"},
				"west": {"uv": [3, 13.5, 3.5, 14.5], "texture": "#0"},
				"up": {"uv": [13, 14, 12.5, 13.5], "texture": "#0"},
				"down": {"uv": [13.5, 13.5, 13, 14], "texture": "#0"}
			}
		},
		{
			"from": [7.85, 8, 5.3375],
			"to": [9.15, 10, 6.6375],
			"rotation": {"angle": 0, "axis": "y", "origin": [16.8, 17, 12.7375]},
			"faces": {
				"north": {"uv": [3.5, 13.5, 4, 14.5], "texture": "#0"},
				"east": {"uv": [4, 13.5, 4.5, 14.5], "texture": "#0"},
				"south": {"uv": [4.5, 13.5, 5, 14.5], "texture": "#0"},
				"west": {"uv": [5, 13.5, 5.5, 14.5], "texture": "#0"},
				"up": {"uv": [14, 14, 13.5, 13.5], "texture": "#0"},
				"down": {"uv": [14, 2, 13.5, 2.5], "texture": "#0"}
			}
		},
		{
			"from": [12.85, 8, 7.3375],
			"to": [14.15, 10, 8.6375],
			"rotation": {"angle": 0, "axis": "y", "origin": [21.8, 17, 14.7375]},
			"faces": {
				"north": {"uv": [5.5, 13.5, 6, 14.5], "texture": "#0"},
				"east": {"uv": [6, 13.5, 6.5, 14.5], "texture": "#0"},
				"south": {"uv": [6.5, 13.5, 7, 14.5], "texture": "#0"},
				"west": {"uv": [7, 13.5, 7.5, 14.5], "texture": "#0"},
				"up": {"uv": [14, 3, 13.5, 2.5], "texture": "#0"},
				"down": {"uv": [14, 5.5, 13.5, 6], "texture": "#0"}
			}
		},
		{
			"from": [5.395, 5.6, 7.53625],
			"to": [6.305, 7, 8.44625],
			"rotation": {"angle": 0, "axis": "y", "origin": [11.66, 11.9, 12.71625]},
			"faces": {
				"north": {"uv": [13.5, 7, 14, 7.5], "texture": "#0"},
				"east": {"uv": [13.5, 7.5, 14, 8], "texture": "#0"},
				"south": {"uv": [13.5, 8, 14, 8.5], "texture": "#0"},
				"west": {"uv": [13.5, 8.5, 14, 9], "texture": "#0"},
				"up": {"uv": [14, 9.5, 13.5, 9], "texture": "#0"},
				"down": {"uv": [14, 9.5, 13.5, 10], "texture": "#0"}
			}
		},
		{
			"from": [10.395, 5.6, 6.53625],
			"to": [11.305, 7, 7.44625],
			"rotation": {"angle": 0, "axis": "y", "origin": [16.66, 11.9, 11.71625]},
			"faces": {
				"north": {"uv": [13.5, 10.5, 14, 11], "texture": "#0"},
				"east": {"uv": [13.5, 11, 14, 11.5], "texture": "#0"},
				"south": {"uv": [13.5, 11.5, 14, 12], "texture": "#0"},
				"west": {"uv": [13.5, 12, 14, 12.5], "texture": "#0"},
				"up": {"uv": [14, 13, 13.5, 12.5], "texture": "#0"},
				"down": {"uv": [14, 13, 13.5, 13.5], "texture": "#0"}
			}
		}
	],
	"display": {
		"thirdperson_righthand": {
			"rotation": [0, 38, 0],
			"translation": [-0.75, 1.75, 1]
		},
		"thirdperson_lefthand": {
			"rotation": [0, 38, 0],
			"translation": [-0.75, 1.75, 1]
		},
		"firstperson_righthand": {
			"rotation": [-27.25, 125.75, 0],
			"translation": [0, 3, -0.75]
		},
		"firstperson_lefthand": {
			"rotation": [-27.25, 125.75, 0],
			"translation": [0, 3, -0.75]
		},
		"ground": {
			"translation": [0, 4.25, 0]
		},
		"gui": {
			"rotation": [16, -39.75, 0.5],
			"translation": [0, 1, 0]
		},
		"fixed": {
			"rotation": [-90, 0, 0],
			"translation": [0, -0.5, -16.5],
			"scale": [2, 2, 2]
		}
	},
	"groups": [0,
		{
			"name": "bottles",
			"origin": [16.66, 11.9, 11.71625],
			"children": [1, 2, 3, 4, 5, 6, 7, 8, 9, 10, 11, 12, 13, 14, 15, 16, 17, 18, 19, 20]
		}
	]
}