{
	"textures": {
		"0": "mnaf:props/blocks/western_table"
	},
	"elements": [
		{
			"from": [-15, 14, -2],
			"to": [31, 16.5, 18],
			"rotation": {"angle": 0, "axis": "y", "origin": [0, 0, 0]},
			"faces": {
				"north": {"uv": [0, 5, 5.5, 5.375], "texture": "#0"},
				"east": {"uv": [5.5, 5.5, 8, 5.875], "texture": "#0"},
				"south": {"uv": [0, 5.375, 5.5, 5.75], "texture": "#0"},
				"west": {"uv": [5.5, 0, 8, 0.375], "texture": "#0"},
				"up": {"uv": [5.5, 2.5, 0, 0], "texture": "#0"},
				"down": {"uv": [5.5, 2.5, 0, 5], "texture": "#0"}
			}
		},
		{
			"from": [27.75, 0, -0.25],
			"to": [29.25, 14, 1.25],
			"rotation": {"angle": 0, "axis": "y", "origin": [0, 0, 0]},
			"faces": {
				"north": {"uv": [5.5, 2.375, 5.625, 4.125], "texture": "#0"},
				"east": {"uv": [5.625, 2.375, 5.75, 4.125], "texture": "#0"},
				"south": {"uv": [0, 5.75, 0.125, 7.5], "texture": "#0"},
				"west": {"uv": [0.125, 5.75, 0.25, 7.5], "texture": "#0"},
				"up": {"uv": [5.625, 4.25, 5.5, 4.125], "texture": "#0"},
				"down": {"uv": [5.625, 4.25, 5.5, 4.375], "texture": "#0"}
			}
		},
		{
			"from": [27.75, 0, 14.75],
			"to": [29.25, 14, 16.25],
			"rotation": {"angle": 0, "axis": "y", "origin": [0, 0, 0]},
			"faces": {
				"north": {"uv": [0.25, 5.75, 0.375, 7.5], "texture": "#0"},
				"east": {"uv": [0.375, 5.75, 0.5, 7.5], "texture": "#0"},
				"south": {"uv": [0.5, 5.75, 0.625, 7.5], "texture": "#0"},
				"west": {"uv": [0.625, 5.75, 0.75, 7.5], "texture": "#0"},
				"up": {"uv": [5.625, 4.5, 5.5, 4.375], "texture": "#0"},
				"down": {"uv": [5.625, 4.5, 5.5, 4.625], "texture": "#0"}
			}
		},
		{
			"from": [-13.25, 0, -0.25],
			"to": [-11.75, 14, 1.25],
			"rotation": {"angle": 0, "axis": "y", "origin": [0, 0, 2]},
			"faces": {
				"north": {"uv": [0.75, 5.75, 0.875, 7.5], "texture": "#0"},
				"east": {"uv": [0.875, 5.75, 1, 7.5], "texture": "#0"},
				"south": {"uv": [1, 5.75, 1.125, 7.5], "texture": "#0"},
				"west": {"uv": [1.125, 5.75, 1.25, 7.5], "texture": "#0"},
				"up": {"uv": [5.625, 4.75, 5.5, 4.625], "texture": "#0"},
				"down": {"uv": [5.625, 4.75, 5.5, 4.875], "texture": "#0"}
			}
		},
		{
			"from": [-13.25, 0, 14.75],
			"to": [-11.75, 14, 16.25],
			"rotation": {"angle": 0, "axis": "y", "origin": [-1, 0, -2]},
			"faces": {
				"north": {"uv": [1.25, 5.75, 1.375, 7.5], "texture": "#0"},
				"east": {"uv": [1.375, 5.75, 1.5, 7.5], "texture": "#0"},
				"south": {"uv": [1.5, 5.75, 1.625, 7.5], "texture": "#0"},
				"west": {"uv": [1.625, 5.75, 1.75, 7.5], "texture": "#0"},
				"up": {"uv": [5.625, 5, 5.5, 4.875], "texture": "#0"},
				"down": {"uv": [5.625, 5, 5.5, 5.125], "texture": "#0"}
			}
		},
		{
			"from": [-12, 6, 0],
			"to": [28, 7, 1],
			"rotation": {"angle": 0, "axis": "y", "origin": [0, 0, 0]},
			"faces": {
				"north": {"uv": [5.5, 0.375, 10.5, 0.5], "texture": "#0"},
				"east": {"uv": [5.5, 5.125, 5.625, 5.25], "texture": "#0"},
				"south": {"uv": [5.5, 0.5, 10.5, 0.625], "texture": "#0"},
				"west": {"uv": [5.5, 5.25, 5.625, 5.375], "texture": "#0"},
				"up": {"uv": [10.5, 0.75, 5.5, 0.625], "texture": "#0"},
				"down": {"uv": [10.5, 0.75, 5.5, 0.875], "texture": "#0"}
			}
		},
		{
			"from": [-12, 10, 0],
			"to": [28, 11, 1],
			"rotation": {"angle": 0, "axis": "y", "origin": [0, 0, 0]},
			"faces": {
				"north": {"uv": [5.5, 0.875, 10.5, 1], "texture": "#0"},
				"east": {"uv": [5.5, 5.375, 5.625, 5.5], "texture": "#0"},
				"south": {"uv": [5.5, 1, 10.5, 1.125], "texture": "#0"},
				"west": {"uv": [5.625, 4.125, 5.75, 4.25], "texture": "#0"},
				"up": {"uv": [10.5, 1.25, 5.5, 1.125], "texture": "#0"},
				"down": {"uv": [10.5, 1.25, 5.5, 1.375], "texture": "#0"}
			}
		},
		{
			"from": [-12, 6, 15],
			"to": [28, 7, 16],
			"rotation": {"angle": 0, "axis": "y", "origin": [0, 0, 0]},
			"faces": {
				"north": {"uv": [5.5, 1.375, 10.5, 1.5], "texture": "#0"},
				"east": {"uv": [5.625, 4.25, 5.75, 4.375], "texture": "#0"},
				"south": {"uv": [5.5, 1.5, 10.5, 1.625], "texture": "#0"},
				"west": {"uv": [5.625, 4.375, 5.75, 4.5], "texture": "#0"},
				"up": {"uv": [10.5, 1.75, 5.5, 1.625], "texture": "#0"},
				"down": {"uv": [10.5, 1.75, 5.5, 1.875], "texture": "#0"}
			}
		},
		{
			"from": [-12, 10, 15],
			"to": [28, 11, 16],
			"rotation": {"angle": 0, "axis": "y", "origin": [0, 0, 0]},
			"faces": {
				"north": {"uv": [5.5, 1.875, 10.5, 2], "texture": "#0"},
				"east": {"uv": [5.625, 4.5, 5.75, 4.625], "texture": "#0"},
				"south": {"uv": [5.5, 2, 10.5, 2.125], "texture": "#0"},
				"west": {"uv": [5.625, 4.625, 5.75, 4.75], "texture": "#0"},
				"up": {"uv": [10.5, 2.25, 5.5, 2.125], "texture": "#0"},
				"down": {"uv": [10.5, 2.25, 5.5, 2.375], "texture": "#0"}
			}
		}
	],
	"display": {
		"thirdperson_righthand": {
			"rotation": [30, 0, 0],
			"translation": [0, 0.25, 0.25],
			"scale": [0.15, 0.15, 0.15]
		},
		"thirdperson_lefthand": {
			"rotation": [30, 0, 0],
			"translation": [0, 0.25, 0.25],
			"scale": [0.15, 0.15, 0.15]
		},
		"firstperson_righthand": {
			"rotation": [0, 45, 0],
			"scale": [0.3, 0.3, 0.3]
		},
		"firstperson_lefthand": {
			"rotation": [0, 45, 0],
			"scale": [0.3, 0.3, 0.3]
		},
		"ground": {
			"translation": [0, -1.25, 0],
			"scale": [0.3, 0.3, 0.3]
		},
		"gui": {
			"rotation": [30, 225, 0],
			"translation": [0, -0.5, 0],
			"scale": [0.3, 0.3, 0.3]
		},
		"head": {
			"translation": [0, 0.5, 0]
		},
		"fixed": {
			"rotation": [-90, 0, 0],
			"translation": [0, 0, 16],
			"scale": [2, 2, 2]
		}
	}
}