{
	"credit": "Made with Blockbench",
	"ambientocclusion": false,
	"texture_size": [32, 32],
	"textures": {
		"0": "mnaf:props/blocks/stagelight",
		"particle": "mnaf:props/blocks/stagelight"
	},
	"elements": [
		{
			"from": [4.96875, -0.26875, 5],
			"to": [10.96875, 0.73125, 11],
			"rotation": {"angle": 0, "axis": "y", "origin": [12.96875, 7.73125, 17]},
			"faces": {
				"north": {"uv": [12, 9.5, 9, 10], "texture": "#0"},
				"east": {"uv": [12, 8.5, 9, 9], "texture": "#0"},
				"south": {"uv": [12, 8, 9, 8.5], "texture": "#0"},
				"west": {"uv": [12, 7.5, 9, 8], "texture": "#0"},
				"up": {"uv": [3, 0, 0, 3], "rotation": 90, "texture": "#0"},
				"down": {"uv": [3, 6, 0, 3], "rotation": 270, "texture": "#0"}
			}
		},
		{
			"from": [6.96875, 0.73125, 4.5],
			"to": [8.96875, 1.33125, 11.5],
			"rotation": {"angle": 0, "axis": "y", "origin": [14.96875, 8.73125, 17.5]},
			"faces": {
				"north": {"uv": [6.5, 4.5, 5.5, 5], "texture": "#0"},
				"east": {"uv": [12.5, 7, 9, 7.5], "texture": "#0"},
				"south": {"uv": [6.5, 4, 5.5, 4.5], "texture": "#0"},
				"west": {"uv": [12.5, 5.5, 9, 6], "texture": "#0"},
				"up": {"uv": [10.5, 6, 7, 7], "rotation": 90, "texture": "#0"},
				"down": {"uv": [11, 4, 7.5, 3], "rotation": 270, "texture": "#0"}
			}
		},
		{
			"from": [6.96875, 1.33125, 4.5],
			"to": [8.96875, 6.93125, 5.3],
			"rotation": {"angle": 0, "axis": "y", "origin": [14.96875, 9.33125, 17.5]},
			"faces": {
				"north": {"uv": [2, 8, 1, 11], "texture": "#0"},
				"east": {"uv": [3, 9.5, 2.5, 12.5], "texture": "#0"},
				"south": {"uv": [1, 8, 0, 11], "texture": "#0"},
				"west": {"uv": [2.5, 9.5, 2, 12.5], "texture": "#0"},
				"up": {"uv": [2.5, 6, 2, 7], "rotation": 90, "texture": "#0"},
				"down": {"uv": [3, 7, 2.5, 6], "rotation": 270, "texture": "#0"}
			}
		},
		{
			"from": [6.96875, 1.33125, 10.7],
			"to": [8.96875, 6.93125, 11.5],
			"rotation": {"angle": 0, "axis": "y", "origin": [14.96875, 9.33125, -1.5]},
			"faces": {
				"north": {"uv": [9, 9, 8, 12], "texture": "#0"},
				"east": {"uv": [4, 9.5, 3.5, 12.5], "texture": "#0"},
				"south": {"uv": [8, 9, 7, 12], "texture": "#0"},
				"west": {"uv": [3.5, 9.5, 3, 12.5], "texture": "#0"},
				"up": {"uv": [7, 4, 6.5, 5], "rotation": 90, "texture": "#0"},
				"down": {"uv": [9.5, 11, 9, 10], "rotation": 270, "texture": "#0"}
			}
		},
		{
			"from": [8.96875, 0.73125, 6],
			"to": [12.96875, 4.73125, 10],
			"rotation": {"angle": -22.5, "axis": "z", "origin": [16.96875, 8.73125, 14]},
			"faces": {
				"north": {"uv": [7.5, 2, 5.5, 4], "texture": "#0"},
				"east": {"uv": [7.5, 0, 5.5, 2], "texture": "#0"},
				"south": {"uv": [7, 5.5, 5, 7.5], "texture": "#0"},
				"west": {"uv": [5, 5.5, 3, 7.5], "texture": "#0"},
				"up": {"uv": [2, 6, 0, 8], "rotation": 90, "texture": "#0"},
				"down": {"uv": [9, 9, 7, 7], "rotation": 270, "texture": "#0"}
			}
		},
		{
			"from": [5.96875, 0.53125, 5.75],
			"to": [8.96875, 5.03125, 10.25],
			"rotation": {"angle": -22.5, "axis": "z", "origin": [16.96875, 8.73125, 13.75]},
			"faces": {
				"north": {"uv": [7, 7.5, 5.5, 10], "texture": "#0"},
				"east": {"uv": [5.5, 0, 3, 2.5], "texture": "#0"},
				"south": {"uv": [5.5, 7.5, 4, 10], "texture": "#0"},
				"west": {"uv": [5.5, 3, 3, 5.5], "texture": "#0"},
				"up": {"uv": [10, 0, 7.5, 1.5], "rotation": 90, "texture": "#0"},
				"down": {"uv": [10, 3, 7.5, 1.5], "rotation": 270, "texture": "#0"}
			}
		},
		{
			"from": [5.56875, 0.98125, 6.25],
			"to": [5.86875, 4.48125, 9.75],
			"rotation": {"angle": -22.5, "axis": "z", "origin": [17.43069, 8.53991, 13.75]},
			"faces": {
				"north": {"uv": [5, 10, 4.5, 12], "texture": "#0"},
				"east": {"uv": [4, 7.5, 2, 9.5], "texture": "#0"},
				"south": {"uv": [4.5, 10, 4, 12], "texture": "#0"},
				"west": {"uv": [9, 4, 7, 6], "texture": "#0"},
				"up": {"uv": [5, 2.5, 3, 3], "rotation": 90, "texture": "#0"},
				"down": {"uv": [7, 10.5, 5, 10], "rotation": 270, "texture": "#0"}
			}
		},
		{
			"from": [7.46875, 5.73125, 4],
			"to": [8.46875, 6.73125, 12],
			"rotation": {"angle": 0, "axis": "y", "origin": [15.46875, 13.73125, 12]},
			"faces": {
				"north": {"uv": [6, 5, 5.5, 5.5], "texture": "#0"},
				"east": {"uv": [13, 4, 9, 4.5], "texture": "#0"},
				"south": {"uv": [5.5, 2.5, 5, 3], "texture": "#0"},
				"west": {"uv": [13, 9, 9, 9.5], "texture": "#0"},
				"up": {"uv": [13, 4.5, 9, 5], "rotation": 90, "texture": "#0"},
				"down": {"uv": [13, 5.5, 9, 5], "rotation": 270, "texture": "#0"}
			}
		}
	],
	"display": {
		"gui": {
			"rotation": [0, 145.25, 0],
			"translation": [0, 1, 0]
		}
	}
}