{
	"credit": "Made with Blockbench",
	"texture_size": [32, 32],
	"textures": {
		"0": "block/button",
		"particle": "block/button"
	},
	"elements": [
		{
			"from": [4, 0, 4],
			"to": [12, 1, 12],
			"rotation": {"angle": 0, "axis": "y", "origin": [18, 8, 11]},
			"faces": {
				"north": {"uv": [4, 3, 8, 3.5], "texture": "#0"},
				"east": {"uv": [4, 3.5, 8, 4], "texture": "#0"},
				"south": {"uv": [4, 7, 8, 7.5], "texture": "#0"},
				"west": {"uv": [7, 0, 11, 0.5], "texture": "#0"},
				"up": {"uv": [4, 4, 0, 0], "texture": "#0"},
				"down": {"uv": [4, 4, 0, 8], "texture": "#0"}
			}
		},
		{
			"from": [5, 1, 5],
			"to": [11, 2, 11],
			"rotation": {"angle": 0, "axis": "y", "origin": [18, 9, 11]},
			"faces": {
				"north": {"uv": [7, 6.5, 10, 7], "texture": "#0"},
				"east": {"uv": [7, 7.5, 10, 8], "texture": "#0"},
				"south": {"uv": [0, 8, 3, 8.5], "texture": "#0"},
				"west": {"uv": [7, 8, 10, 8.5], "texture": "#0"},
				"up": {"uv": [7, 7, 4, 4], "texture": "#0"},
				"down": {"uv": [7, 0, 4, 3], "texture": "#0"}
			}
		},
		{
			"from": [4.5, 0, 12],
			"to": [11.5, 1, 13],
			"rotation": {"angle": 0, "axis": "y", "origin": [18.5, 8, 19]},
			"faces": {
				"north": {"uv": [7, 0.5, 10.5, 1], "texture": "#0"},
				"east": {"uv": [8, 3, 8.5, 3.5], "texture": "#0"},
				"south": {"uv": [7, 1, 10.5, 1.5], "texture": "#0"},
				"west": {"uv": [8, 3.5, 8.5, 4], "texture": "#0"},
				"up": {"uv": [10.5, 2, 7, 1.5], "texture": "#0"},
				"down": {"uv": [10.5, 2, 7, 2.5], "texture": "#0"}
			}
		},
		{
			"from": [4.5, 1, 12],
			"to": [5.3, 3.8, 12.8],
			"rotation": {"angle": 0, "axis": "y", "origin": [12.5, 9, 20]},
			"faces": {
				"north": {"uv": [9, 9, 9.5, 10.5], "texture": "#0"},
				"east": {"uv": [9.5, 9.5, 10, 11], "texture": "#0"},
				"south": {"uv": [3, 10, 3.5, 11.5], "texture": "#0"},
				"west": {"uv": [3.5, 10, 4, 11.5], "texture": "#0"},
				"up": {"uv": [8.5, 7.5, 8, 7], "texture": "#0"},
				"down": {"uv": [9, 3, 8.5, 3.5], "texture": "#0"}
			}
		},
		{
			"from": [4.5, 0, 18],
			"to": [5.3, 3.8, 18.8],
			"rotation": {"angle": 0, "axis": "y", "origin": [12.5, 9, 26]},
			"faces": {
				"north": {"uv": [3, 8, 3.5, 10], "texture": "#0"},
				"east": {"uv": [3.5, 8, 4, 10], "texture": "#0"},
				"south": {"uv": [0, 8.5, 0.5, 10.5], "texture": "#0"},
				"west": {"uv": [0.5, 8.5, 1, 10.5], "texture": "#0"},
				"up": {"uv": [9, 4, 8.5, 3.5], "texture": "#0"},
				"down": {"uv": [9, 7, 8.5, 7.5], "texture": "#0"}
			}
		},
		{
			"from": [7.6, 1, 12],
			"to": [8.4, 3.8, 12.8],
			"rotation": {"angle": 0, "axis": "y", "origin": [15.6, 9, 20]},
			"faces": {
				"north": {"uv": [10, 10, 10.5, 11.5], "texture": "#0"},
				"east": {"uv": [10, 6.5, 10.5, 8], "texture": "#0"},
				"south": {"uv": [10, 8, 10.5, 9.5], "texture": "#0"},
				"west": {"uv": [0, 10.5, 0.5, 12], "texture": "#0"},
				"up": {"uv": [9.5, 3.5, 9, 3], "texture": "#0"},
				"down": {"uv": [9.5, 3.5, 9, 4], "texture": "#0"}
			}
		},
		{
			"from": [7.6, 0, 18],
			"to": [8.4, 3.8, 18.8],
			"rotation": {"angle": 0, "axis": "y", "origin": [15.6, 9, 26]},
			"faces": {
				"north": {"uv": [1, 8.5, 1.5, 10.5], "texture": "#0"},
				"east": {"uv": [1.5, 8.5, 2, 10.5], "texture": "#0"},
				"south": {"uv": [2, 8.5, 2.5, 10.5], "texture": "#0"},
				"west": {"uv": [2.5, 8.5, 3, 10.5], "texture": "#0"},
				"up": {"uv": [9.5, 7.5, 9, 7], "texture": "#0"},
				"down": {"uv": [9.5, 8.5, 9, 9], "texture": "#0"}
			}
		},
		{
			"from": [10.5, 1, 12],
			"to": [11.3, 3.8, 12.8],
			"rotation": {"angle": 0, "axis": "y", "origin": [18.5, 9, 20]},
			"faces": {
				"north": {"uv": [0.5, 10.5, 1, 12], "texture": "#0"},
				"east": {"uv": [1, 10.5, 1.5, 12], "texture": "#0"},
				"south": {"uv": [1.5, 10.5, 2, 12], "texture": "#0"},
				"west": {"uv": [2, 10.5, 2.5, 12], "texture": "#0"},
				"up": {"uv": [10, 3.5, 9.5, 3], "texture": "#0"},
				"down": {"uv": [10, 3.5, 9.5, 4], "texture": "#0"}
			}
		},
		{
			"from": [10.5, 0, 18],
			"to": [11.3, 3.8, 18.8],
			"rotation": {"angle": 0, "axis": "y", "origin": [18.5, 9, 26]},
			"faces": {
				"north": {"uv": [7, 8.5, 7.5, 10.5], "texture": "#0"},
				"east": {"uv": [7.5, 8.5, 8, 10.5], "texture": "#0"},
				"south": {"uv": [8, 8.5, 8.5, 10.5], "texture": "#0"},
				"west": {"uv": [8.5, 8.5, 9, 10.5], "texture": "#0"},
				"up": {"uv": [10, 7.5, 9.5, 7], "texture": "#0"},
				"down": {"uv": [10, 8.5, 9.5, 9], "texture": "#0"}
			}
		},
		{
			"from": [4.5, 3.8, 12],
			"to": [5.3, 4.8, 18.8],
			"rotation": {"angle": 0, "axis": "y", "origin": [12.5, 11.8, 20]},
			"faces": {
				"north": {"uv": [9.5, 9, 10, 9.5], "texture": "#0"},
				"east": {"uv": [7, 2.5, 10.5, 3], "texture": "#0"},
				"south": {"uv": [10, 3, 10.5, 3.5], "texture": "#0"},
				"west": {"uv": [7, 4, 10.5, 4.5], "texture": "#0"},
				"up": {"uv": [4.5, 11, 4, 7.5], "texture": "#0"},
				"down": {"uv": [5, 7.5, 4.5, 11], "texture": "#0"}
			}
		},
		{
			"from": [7.6, 3.8, 12],
			"to": [8.4, 4.8, 18.8],
			"rotation": {"angle": 0, "axis": "y", "origin": [15.6, 11.8, 20]},
			"faces": {
				"north": {"uv": [10, 3.5, 10.5, 4], "texture": "#0"},
				"east": {"uv": [7, 4.5, 10.5, 5], "texture": "#0"},
				"south": {"uv": [10, 9.5, 10.5, 10], "texture": "#0"},
				"west": {"uv": [7, 5, 10.5, 5.5], "texture": "#0"},
				"up": {"uv": [5.5, 11, 5, 7.5], "texture": "#0"},
				"down": {"uv": [6, 7.5, 5.5, 11], "texture": "#0"}
			}
		},
		{
			"from": [10.5, 3.8, 12],
			"to": [11.3, 4.8, 18.8],
			"rotation": {"angle": 0, "axis": "y", "origin": [18.5, 11.8, 20]},
			"faces": {
				"north": {"uv": [2.5, 10.5, 3, 11], "texture": "#0"},
				"east": {"uv": [7, 5.5, 10.5, 6], "texture": "#0"},
				"south": {"uv": [7, 10.5, 7.5, 11], "texture": "#0"},
				"west": {"uv": [7, 6, 10.5, 6.5], "texture": "#0"},
				"up": {"uv": [6.5, 11, 6, 7.5], "texture": "#0"},
				"down": {"uv": [7, 7.5, 6.5, 11], "texture": "#0"}
			}
		}
	],
	"display": {
		"gui": {
			"rotation": [63.75, 177, -18.25],
			"translation": [-1.5, -0.5, 0],
			"scale": [0.8, 0.8, 0.8]
		}
	}
}