{
	"textures": {
		"0": "mnaf:props/items/toy_gun_3"
	},
	"elements": [
		{
			"from": [6.5, 0, 10],
			"to": [9.5, 6, 14],
			"rotation": {"angle": -22.5, "axis": "x", "origin": [9.5, 6, 14]},
			"faces": {
				"north": {"uv": [3.5, 7.5, 2.75, 9], "texture": "#0"},
				"east": {"uv": [1, 7.5, 0, 9], "texture": "#0"},
				"south": {"uv": [1.75, 7.5, 1, 9], "texture": "#0"},
				"west": {"uv": [2.75, 7.5, 1.75, 9], "texture": "#0"},
				"up": {"uv": [1.75, 6.5, 1, 7.5], "texture": "#0"},
				"down": {"uv": [2.5, 7.5, 1.75, 6.5], "texture": "#0"}
			}
		},
		{
			"from": [6.75, 2, 10],
			"to": [9.25, 6, 14],
			"rotation": {"angle": 22.5, "axis": "x", "origin": [7.2, 6, 14]},
			"faces": {
				"north": {"uv": [6.5, 7.5, 6, 8.5], "texture": "#0"},
				"east": {"uv": [4.5, 7.5, 3.5, 8.5], "texture": "#0"},
				"south": {"uv": [5, 7.5, 4.5, 8.5], "texture": "#0"},
				"west": {"uv": [6, 7.5, 5, 8.5], "texture": "#0"},
				"up": {"uv": [5, 6.5, 4.5, 7.5], "texture": "#0"},
				"down": {"uv": [5.5, 7.5, 5, 6.5], "texture": "#0"}
			}
		},
		{
			"from": [7, 3.83073, 8.80448],
			"to": [9, 6.53073, 10.80448],
			"rotation": {"angle": 0, "axis": "x", "origin": [7, 3.83073, 10.80448]},
			"faces": {
				"north": {"uv": [2, 0.5, 1.5, 1], "texture": "#0"},
				"east": {"uv": [0.5, 0.5, 0, 1], "texture": "#0"},
				"south": {"uv": [1, 0.5, 0.5, 1], "texture": "#0"},
				"west": {"uv": [1.5, 0.5, 1, 1], "texture": "#0"},
				"up": {"uv": [1, 0, 0.5, 0.5], "texture": "#0"},
				"down": {"uv": [1.5, 0.5, 1, 0], "texture": "#0"}
			}
		},
		{
			"from": [8, 2.53073, -3.69552],
			"to": [8, 12.53073, 12.30448],
			"rotation": {"angle": 0, "axis": "x", "origin": [7, 2.53073, 10.30448]},
			"faces": {
				"north": {"uv": [8, 4, 8, 6.5], "texture": "#0"},
				"east": {"uv": [4, 4, 0, 6.5], "texture": "#0"},
				"south": {"uv": [4, 4, 4, 6.5], "texture": "#0"},
				"west": {"uv": [8, 4, 4, 6.5], "texture": "#0"},
				"up": {"uv": [4, 0, 4, 4], "texture": "#0"},
				"down": {"uv": [4, 4, 4, 0], "texture": "#0"}
			}
		},
		{
			"from": [6.75, 7.53073, 4.30448],
			"to": [9.25, 10.03073, 10.30448],
			"rotation": {"angle": 0, "axis": "x", "origin": [7, 4.53073, 10.30448]},
			"faces": {
				"north": {"uv": [10, 3.5, 9.5, 4], "texture": "#0"},
				"east": {"uv": [7.5, 3.5, 6, 4], "texture": "#0"},
				"south": {"uv": [8, 3.5, 7.5, 4], "texture": "#0"},
				"west": {"uv": [9.5, 3.5, 8, 4], "texture": "#0"},
				"up": {"uv": [8, 2, 7.5, 3.5], "texture": "#0"},
				"down": {"uv": [8.5, 3.5, 8, 2], "texture": "#0"}
			}
		},
		{
			"from": [7, 6.53073, 4.30448],
			"to": [9, 7.53073, 12.30448],
			"rotation": {"angle": 0, "axis": "x", "origin": [7, 3.53073, 10.30448]},
			"faces": {
				"north": {"uv": [5, 2, 4.5, 2.25], "texture": "#0"},
				"east": {"uv": [2, 2, 0, 2.25], "texture": "#0"},
				"south": {"uv": [2.5, 2, 2, 2.25], "texture": "#0"},
				"west": {"uv": [4.5, 2, 2.5, 2.25], "texture": "#0"},
				"up": {"uv": [2.5, 0, 2, 2], "texture": "#0"},
				"down": {"uv": [3, 2, 2.5, 0], "texture": "#0"}
			}
		},
		{
			"from": [7.25, 8.53073, -3.69552],
			"to": [8.75, 10.03073, 4.30448],
			"rotation": {"angle": 0, "axis": "x", "origin": [6.5, 4.53073, 4.30448]},
			"faces": {
				"north": {"uv": [7.5, 2.25, 7.25, 2.5], "texture": "#0"},
				"east": {"uv": [5, 2.25, 3, 2.5], "texture": "#0"},
				"south": {"uv": [5.25, 2.25, 5, 2.5], "texture": "#0"},
				"west": {"uv": [7.25, 2.25, 5.25, 2.5], "texture": "#0"},
				"up": {"uv": [5.25, 0.25, 5, 2.25], "texture": "#0"},
				"down": {"uv": [5.5, 2.25, 5.25, 0.25], "texture": "#0"}
			}
		},
		{
			"from": [7.5, 7.53073, -1.69552],
			"to": [8.5, 8.53073, 4.30448],
			"rotation": {"angle": 0, "axis": "x", "origin": [6.8, 3.53073, 4.30448]},
			"faces": {
				"north": {"uv": [3.5, 3.75, 3.25, 4], "texture": "#0"},
				"east": {"uv": [1.5, 3.75, 0, 4], "texture": "#0"},
				"south": {"uv": [1.75, 3.75, 1.5, 4], "texture": "#0"},
				"west": {"uv": [3.25, 3.75, 1.75, 4], "texture": "#0"},
				"up": {"uv": [1.75, 2.25, 1.5, 3.75], "texture": "#0"},
				"down": {"uv": [2, 3.75, 1.75, 2.25], "texture": "#0"}
			}
		},
		{
			"from": [6.95, 7.53073, 5.30448],
			"to": [9.45, 10.03073, 11.30448],
			"rotation": {"angle": 45, "axis": "z", "origin": [8.2, 8.53073, 9.30448]},
			"faces": {
				"north": {"uv": [9.5, 1.5, 9, 2], "texture": "#0"},
				"east": {"uv": [7, 1.5, 5.5, 2], "texture": "#0"},
				"south": {"uv": [7.5, 1.5, 7, 2], "texture": "#0"},
				"west": {"uv": [9, 1.5, 7.5, 2], "texture": "#0"},
				"up": {"uv": [7.5, 0, 7, 1.5], "texture": "#0"},
				"down": {"uv": [8, 1.5, 7.5, 0], "texture": "#0"}
			}
		}
	],
	"display": {
		"thirdperson_righthand": {
			"rotation": [10, 0, 0],
			"translation": [0, 1.5, -0.5],
			"scale": [0.5, 0.5, 0.5]
		},
		"thirdperson_lefthand": {
			"rotation": [10, 0, 0],
			"translation": [0, 1.5, -0.5],
			"scale": [0.5, 0.5, 0.5]
		},
		"firstperson_righthand": {
			"rotation": [0, -10, 0],
			"translation": [3, 1, -5]
		},
		"firstperson_lefthand": {
			"rotation": [0, -10, 0],
			"translation": [3, 1, -5]
		},
		"ground": {
			"translation": [0, 1, 0],
			"scale": [0.5, 0.5, 0.5]
		},
		"gui": {
			"rotation": [25, 45, -30],
			"translation": [1, 1.25, 0],
			"scale": [0.75, 0.75, 0.75]
		},
		"head": {
			"translation": [0, 11, -4]
		},
		"fixed": {
			"rotation": [-90, 115, 90],
			"translation": [1.75, 1, 0],
			"scale": [0.8, 0.8, 0.8]
		}
	}
}