{
	"textures": {
		"texture": "mnaf:materials/black",
		"button": "mnaf:materials/neon_red",
		"white": "mnaf:materials/white",
		"color": "mnaf:materials/gold",
		"screen": "mnaf:materials/minigame/minigame_stage"
	},
	"elements": [
		{
			"from": [0, 10, 0],
			"to": [16, 15, 16],
			"faces": {
				"north": {"uv": [0, 0, 16, 5], "texture": "#color"},
				"east": {"uv": [0, 0, 16, 5], "texture": "#color"},
				"south": {"uv": [0, 0, 16, 5], "texture": "#color"},
				"west": {"uv": [0, 0, 16, 5], "texture": "#color"},
				"up": {"uv": [0, 0, 16, 16], "rotation": 180, "texture": "#texture"},
				"down": {"uv": [0, 0, 16, 16], "rotation": 180, "texture": "#texture"}
			}
		},
		{
			"from": [0, 15, 8],
			"to": [16, 31, 16],
			"faces": {
				"north": {"uv": [0, 0, 16, 16], "texture": "#texture"},
				"east": {"uv": [0, 0, 8, 16], "texture": "#color"},
				"south": {"uv": [0, 0, 16, 16], "texture": "#color"},
				"west": {"uv": [8, 0, 16, 16], "texture": "#color"},
				"up": {"uv": [0, 0, 16, 8], "rotation": 180, "texture": "#color"},
				"down": {"uv": [0, 0, 16, 8], "rotation": 180, "texture": "#texture"}
			}
		},
		{
			"from": [0.1, 26.1, 2.6],
			"to": [15.9, 30.4, 4.65],
			"rotation": {"angle": 22.5, "axis": "x", "origin": [16, 30.25, 4.5]},
			"faces": {
				"north": {"uv": [0, 0, 16, 4], "texture": "#color"},
				"east": {"uv": [13, 0, 16, 6], "texture": "#color"},
				"south": {"uv": [0, 0, 16, 4], "texture": "#texture"},
				"west": {"uv": [0, 0, 3, 6], "texture": "#color"},
				"up": {"uv": [0, 8, 16, 15], "rotation": 180, "texture": "#color"},
				"down": {"uv": [0, 8, 16, 15], "rotation": 180, "texture": "#texture"}
			}
		},
		{
			"from": [0.5, 16.5, -0.4529],
			"to": [15.5, 18.5, 8.54713],
			"rotation": {"angle": -22.5, "axis": "x", "origin": [15.5, 18.5, 8.54713]},
			"faces": {
				"north": {"uv": [0.5, 0, 15.5, 2], "texture": "#texture"},
				"east": {"uv": [7, 0, 16, 2], "texture": "#texture"},
				"south": {"uv": [0.5, 0, 15.5, 2], "texture": "#texture"},
				"west": {"uv": [7, 0, 16, 2], "texture": "#texture"},
				"up": {"uv": [0.5, 7, 15.5, 16], "rotation": 180, "texture": "#texture"},
				"down": {"uv": [0.5, 7, 15.5, 16], "rotation": 180, "texture": "#texture"}
			}
		},
		{
			"from": [15.25, 15, 3],
			"to": [16, 27, 8],
			"faces": {
				"north": {"uv": [0, 0, 0.5, 12], "texture": "#texture"},
				"east": {"uv": [8, 4, 13, 16], "texture": "#color"},
				"south": {"uv": [0, 0, 0.5, 12], "texture": "#texture"},
				"west": {"uv": [8, 0, 13, 12], "texture": "#texture"},
				"up": {"uv": [0, 8, 0.5, 13], "rotation": 180, "texture": "#texture"},
				"down": {"uv": [0, 8, 0.5, 13], "rotation": 180, "texture": "#texture"}
			}
		},
		{
			"from": [0, 15, 3],
			"to": [0.75, 27, 8],
			"faces": {
				"north": {"uv": [15.5, 0, 16, 12.5], "texture": "#texture"},
				"east": {"uv": [8, 0, 13, 12.5], "texture": "#texture"},
				"south": {"uv": [15.5, 0, 16, 12.5], "texture": "#texture"},
				"west": {"uv": [3, 4, 8, 16], "texture": "#color"},
				"up": {"uv": [15.5, 8, 16, 13], "rotation": 180, "texture": "#texture"},
				"down": {"uv": [15.5, 8, 16, 13], "rotation": 180, "texture": "#texture"}
			}
		},
		{
			"from": [0.5, 18, 7.5],
			"to": [15.5, 27, 8],
			"faces": {
				"north": {"uv": [0, 0.75, 16, 15.5], "texture": "#screen"},
				"east": {"uv": [8, 0, 8.5, 9], "texture": "#texture"},
				"south": {"uv": [0.5, 0, 15.5, 9], "texture": "#texture"},
				"west": {"uv": [8, 0, 8.5, 9], "texture": "#texture"},
				"up": {"uv": [0.5, 8, 15.5, 8.5], "rotation": 180, "texture": "#texture"},
				"down": {"uv": [0.5, 8, 15.5, 8.5], "rotation": 180, "texture": "#texture"}
			}
		},
		{
			"from": [2, 16.5, 3.9375],
			"to": [3, 17.5, 4.9375],
			"rotation": {"angle": -22.5, "axis": "x", "origin": [3, 17.5, 4.9375]},
			"faces": {
				"north": {"uv": [0, 0, 1, 1], "texture": "#button"},
				"east": {"uv": [0, 0, 1, 1], "texture": "#button"},
				"south": {"uv": [0, 0, 1, 1], "texture": "#button"},
				"west": {"uv": [0, 0, 1, 1], "texture": "#button"},
				"up": {"uv": [0, 0, 1, 1], "texture": "#button"},
				"down": {"uv": [0, 0, 1, 1], "texture": "#button"}
			}
		},
		{
			"from": [2, 15.75, 2.1875],
			"to": [3, 16.75, 3.1875],
			"rotation": {"angle": -22.5, "axis": "x", "origin": [3, 16.75, 3.1875]},
			"faces": {
				"north": {"uv": [0, 0, 1, 1], "texture": "#button"},
				"east": {"uv": [0, 0, 1, 1], "texture": "#button"},
				"south": {"uv": [0, 0, 1, 1], "texture": "#button"},
				"west": {"uv": [0, 0, 1, 1], "texture": "#button"},
				"up": {"uv": [0, 0, 1, 1], "texture": "#button"},
				"down": {"uv": [0, 0, 1, 1], "texture": "#button"}
			}
		},
		{
			"from": [3.5, 16.4375, 3.5625],
			"to": [4.5, 17.4375, 4.5625],
			"rotation": {"angle": -22.5, "axis": "x", "origin": [4.5, 17.4375, 4.5625]},
			"faces": {
				"north": {"uv": [0, 0, 1, 1], "texture": "#button"},
				"east": {"uv": [0, 0, 1, 1], "texture": "#button"},
				"south": {"uv": [0, 0, 1, 1], "texture": "#button"},
				"west": {"uv": [0, 0, 1, 1], "texture": "#button"},
				"up": {"uv": [0, 0, 1, 1], "texture": "#button"},
				"down": {"uv": [0, 0, 1, 1], "texture": "#button"}
			}
		},
		{
			"from": [3.5, 15.6875, 1.9375],
			"to": [4.5, 16.6875, 2.9375],
			"rotation": {"angle": -22.5, "axis": "x", "origin": [4.5, 16.6875, 2.9375]},
			"faces": {
				"north": {"uv": [0, 0, 1, 1], "texture": "#button"},
				"east": {"uv": [0, 0, 1, 1], "texture": "#button"},
				"south": {"uv": [0, 0, 1, 1], "texture": "#button"},
				"west": {"uv": [0, 0, 1, 1], "texture": "#button"},
				"up": {"uv": [0, 0, 1, 1], "texture": "#button"},
				"down": {"uv": [0, 0, 1, 1], "texture": "#button"}
			}
		},
		{
			"from": [5.5, 17.5, 6],
			"to": [6.5, 18.5, 7],
			"rotation": {"angle": -22.5, "axis": "x", "origin": [6.5, 18.5, 7]},
			"faces": {
				"north": {"uv": [0, 0, 1, 1], "texture": "#white"},
				"east": {"uv": [0, 0, 1, 1], "texture": "#white"},
				"south": {"uv": [0, 0, 1, 1], "texture": "#white"},
				"west": {"uv": [0, 0, 1, 1], "texture": "#white"},
				"up": {"uv": [0, 0, 1, 1], "texture": "#white"},
				"down": {"uv": [0, 0, 1, 1], "texture": "#white"}
			}
		},
		{
			"from": [9.5, 17.5, 6],
			"to": [10.5, 18.5, 7],
			"rotation": {"angle": -22.5, "axis": "x", "origin": [10.5, 18.5, 7]},
			"faces": {
				"north": {"uv": [0, 0, 1, 1], "texture": "#white"},
				"east": {"uv": [0, 0, 1, 1], "texture": "#white"},
				"south": {"uv": [0, 0, 1, 1], "texture": "#white"},
				"west": {"uv": [0, 0, 1, 1], "texture": "#white"},
				"up": {"uv": [0, 0, 1, 1], "texture": "#white"},
				"down": {"uv": [0, 0, 1, 1], "texture": "#white"}
			}
		},
		{
			"from": [6.5, 16.5, 4],
			"to": [7, 17.5, 4.5],
			"rotation": {"angle": -22.5, "axis": "x", "origin": [7, 17.5, 4.5]},
			"faces": {
				"north": {"uv": [0, 0, 1, 1], "texture": "#white"},
				"east": {"uv": [0, 0, 1, 1], "texture": "#white"},
				"south": {"uv": [0, 0, 1, 1], "texture": "#white"},
				"west": {"uv": [0, 0, 1, 1], "texture": "#white"},
				"up": {"uv": [0, 0, 1, 1], "texture": "#white"},
				"down": {"uv": [0, 0, 1, 1], "texture": "#white"}
			}
		},
		{
			"from": [6.25, 17.5, 3.4375],
			"to": [7.25, 18.5, 4.4375],
			"rotation": {"angle": -22.5, "axis": "x", "origin": [7.25, 18.5, 4.4375]},
			"faces": {
				"north": {"uv": [0, 0, 1, 1], "texture": "#button"},
				"east": {"uv": [0, 0, 1, 1], "texture": "#button"},
				"south": {"uv": [0, 0, 1, 1], "texture": "#button"},
				"west": {"uv": [0, 0, 1, 1], "texture": "#button"},
				"up": {"uv": [0, 0, 1, 1], "texture": "#button"},
				"down": {"uv": [0, 0, 1, 1], "texture": "#button"}
			}
		},
		{
			"from": [10.5, 15.5625, 2],
			"to": [11.5, 16.5625, 3],
			"rotation": {"angle": -22.5, "axis": "x", "origin": [11.5, 16.5625, 3]},
			"faces": {
				"north": {"uv": [0, 0, 1, 1], "texture": "#button"},
				"east": {"uv": [0, 0, 1, 1], "texture": "#button"},
				"south": {"uv": [0, 0, 1, 1], "texture": "#button"},
				"west": {"uv": [0, 0, 1, 1], "texture": "#button"},
				"up": {"uv": [0, 0, 1, 1], "texture": "#button"},
				"down": {"uv": [0, 0, 1, 1], "texture": "#button"}
			}
		},
		{
			"from": [10.5, 16.25, 3.5625],
			"to": [11.5, 17.25, 4.5625],
			"rotation": {"angle": -22.5, "axis": "x", "origin": [11.5, 17.25, 4.5625]},
			"faces": {
				"north": {"uv": [0, 0, 1, 1], "texture": "#button"},
				"east": {"uv": [0, 0, 1, 1], "texture": "#button"},
				"south": {"uv": [0, 0, 1, 1], "texture": "#button"},
				"west": {"uv": [0, 0, 1, 1], "texture": "#button"},
				"up": {"uv": [0, 0, 1, 1], "texture": "#button"},
				"down": {"uv": [0, 0, 1, 1], "texture": "#button"}
			}
		},
		{
			"from": [9, 16.5, 4],
			"to": [10, 17.5, 5],
			"rotation": {"angle": -22.5, "axis": "x", "origin": [10, 17.5, 5]},
			"faces": {
				"north": {"uv": [0, 0, 1, 1], "texture": "#button"},
				"east": {"uv": [0, 0, 1, 1], "texture": "#button"},
				"south": {"uv": [0, 0, 1, 1], "texture": "#button"},
				"west": {"uv": [0, 0, 1, 1], "texture": "#button"},
				"up": {"uv": [0, 0, 1, 1], "texture": "#button"},
				"down": {"uv": [0, 0, 1, 1], "texture": "#button"}
			}
		},
		{
			"from": [9, 15.8125, 2.4375],
			"to": [10, 16.8125, 3.4375],
			"rotation": {"angle": -22.5, "axis": "x", "origin": [10, 16.8125, 3.4375]},
			"faces": {
				"north": {"uv": [0, 0, 1, 1], "texture": "#button"},
				"east": {"uv": [0, 0, 1, 1], "texture": "#button"},
				"south": {"uv": [0, 0, 1, 1], "texture": "#button"},
				"west": {"uv": [0, 0, 1, 1], "texture": "#button"},
				"up": {"uv": [0, 0, 1, 1], "texture": "#button"},
				"down": {"uv": [0, 0, 1, 1], "texture": "#button"}
			}
		},
		{
			"from": [12.75, 17.5, 3.25],
			"to": [13.75, 18.5, 4.25],
			"rotation": {"angle": -22.5, "axis": "x", "origin": [13.75, 18.5, 4.25]},
			"faces": {
				"north": {"uv": [0, 0, 1, 1], "texture": "#button"},
				"east": {"uv": [0, 0, 1, 1], "texture": "#button"},
				"south": {"uv": [0, 0, 1, 1], "texture": "#button"},
				"west": {"uv": [0, 0, 1, 1], "texture": "#button"},
				"up": {"uv": [0, 0, 1, 1], "texture": "#button"},
				"down": {"uv": [0, 0, 1, 1], "texture": "#button"}
			}
		},
		{
			"from": [13, 16.5, 4],
			"to": [13.5, 17.5, 4.5],
			"rotation": {"angle": -22.5, "axis": "x", "origin": [13.5, 17.5, 4.5]},
			"faces": {
				"north": {"uv": [0, 0, 1, 1], "texture": "#white"},
				"east": {"uv": [0, 0, 1, 1], "texture": "#white"},
				"south": {"uv": [0, 0, 1, 1], "texture": "#white"},
				"west": {"uv": [0, 0, 1, 1], "texture": "#white"},
				"up": {"uv": [0, 0, 1, 1], "texture": "#white"},
				"down": {"uv": [0, 0, 1, 1], "texture": "#white"}
			}
		},
		{
			"from": [0, 0, 1],
			"to": [16, 10, 16],
			"faces": {
				"north": {"uv": [0, 5, 16, 16], "texture": "#texture"},
				"east": {"uv": [0, 5, 15, 16], "texture": "#color"},
				"south": {"uv": [0, 5, 16, 16], "texture": "#color"},
				"west": {"uv": [1, 5, 16, 16], "texture": "#color"},
				"up": {"uv": [0, 0, 16, 15], "rotation": 180, "texture": "#texture"},
				"down": {"uv": [0, 0, 16, 15], "rotation": 180, "texture": "#texture"}
			}
		},
		{
			"from": [0, 27, 3],
			"to": [16, 31, 8],
			"faces": {
				"north": {"uv": [0, 0, 16, 4], "texture": "#color"},
				"east": {"uv": [8, 0, 13.25, 4], "texture": "#color"},
				"south": {"uv": [0, 0, 16, 4], "texture": "#texture"},
				"west": {"uv": [2, 0, 7, 4], "texture": "#color"},
				"up": {"uv": [0, 8, 16, 13.25], "rotation": 180, "texture": "#color"},
				"down": {"uv": [0, 8, 16, 13.25], "rotation": 180, "texture": "#texture"}
			}
		},
		{
			"from": [15.25, 26.375, 2.375],
			"to": [16.25, 31.375, 2.875],
			"rotation": {"angle": 22.5, "axis": "x", "origin": [16.25, 31.375, 2.875]},
			"faces": {
				"north": {"uv": [0, 0, 1, 1], "texture": "#texture"},
				"east": {"uv": [0, 0, 1, 1], "texture": "#texture"},
				"south": {"uv": [0, 0, 1, 1], "texture": "#texture"},
				"west": {"uv": [0, 0, 1, 1], "texture": "#texture"},
				"up": {"uv": [0, 0, 1, 1], "texture": "#texture"},
				"down": {"uv": [0, 0, 1, 1], "texture": "#texture"}
			}
		},
		{
			"from": [15.25, 26, 1],
			"to": [16.25, 26.5, 3],
			"rotation": {"angle": 22.5, "axis": "x", "origin": [16.25, 26.5, 3]},
			"faces": {
				"north": {"uv": [0, 0, 1, 1], "texture": "#texture"},
				"east": {"uv": [0, 0, 1, 1], "texture": "#texture"},
				"south": {"uv": [0, 0, 1, 1], "texture": "#texture"},
				"west": {"uv": [0, 0, 1, 1], "texture": "#texture"},
				"up": {"uv": [0, 0, 1, 1], "texture": "#texture"},
				"down": {"uv": [0, 0, 1, 1], "texture": "#texture"}
			}
		},
		{
			"from": [15.25, 16.25, 2.5],
			"to": [16.25, 26.5, 3],
			"faces": {
				"north": {"uv": [0, 0, 1, 1], "texture": "#texture"},
				"east": {"uv": [0, 0, 1, 1], "texture": "#texture"},
				"south": {"uv": [0, 0, 1, 1], "texture": "#texture"},
				"west": {"uv": [0, 0, 1, 1], "texture": "#texture"},
				"up": {"uv": [0, 0, 1, 1], "texture": "#texture"},
				"down": {"uv": [0, 0, 1, 1], "texture": "#texture"}
			}
		},
		{
			"from": [15.25, 16.125, -0.6875],
			"to": [16.25, 16.625, 2.8125],
			"rotation": {"angle": -22.5, "axis": "x", "origin": [16.25, 16.625, 2.8125]},
			"faces": {
				"north": {"uv": [0, 0, 1, 1], "texture": "#texture"},
				"east": {"uv": [0, 0, 1, 1], "texture": "#texture"},
				"south": {"uv": [0, 0, 1, 1], "texture": "#texture"},
				"west": {"uv": [0, 0, 1, 1], "texture": "#texture"},
				"up": {"uv": [0, 0, 1, 1], "texture": "#texture"},
				"down": {"uv": [0, 0, 1, 1], "texture": "#texture"}
			}
		},
		{
			"from": [15.25, 10, -0.5],
			"to": [16.25, 15.25, 0],
			"faces": {
				"north": {"uv": [0, 0, 1, 1], "texture": "#texture"},
				"east": {"uv": [0, 0, 1, 1], "texture": "#texture"},
				"south": {"uv": [0, 0, 1, 1], "texture": "#texture"},
				"west": {"uv": [0, 0, 1, 1], "texture": "#texture"},
				"up": {"uv": [0, 0, 1, 1], "texture": "#texture"},
				"down": {"uv": [0, 0, 1, 1], "texture": "#texture"}
			}
		},
		{
			"from": [15.25, 9.5, -0.5],
			"to": [16.25, 10, 0.5],
			"faces": {
				"north": {"uv": [0, 0, 1, 1], "texture": "#texture"},
				"east": {"uv": [0, 0, 1, 1], "texture": "#texture"},
				"south": {"uv": [0, 0, 1, 1], "texture": "#texture"},
				"west": {"uv": [0, 0, 1, 1], "texture": "#texture"},
				"up": {"uv": [0, 0, 1, 1], "texture": "#texture"},
				"down": {"uv": [0, 0, 1, 1], "texture": "#texture"}
			}
		},
		{
			"from": [15.25, 0, 0.5],
			"to": [16.25, 10, 1],
			"faces": {
				"north": {"uv": [0, 0, 1, 1], "texture": "#texture"},
				"east": {"uv": [0, 0, 1, 1], "texture": "#texture"},
				"south": {"uv": [0, 0, 1, 1], "texture": "#texture"},
				"west": {"uv": [0, 0, 1, 1], "texture": "#texture"},
				"up": {"uv": [0, 0, 1, 1], "texture": "#texture"},
				"down": {"uv": [0, 0, 1, 1], "texture": "#texture"}
			}
		},
		{
			"from": [15.25, 31, 2.5],
			"to": [16.25, 31.5, 16],
			"faces": {
				"north": {"uv": [0, 0, 1, 1], "texture": "#texture"},
				"east": {"uv": [0, 0, 1, 1], "texture": "#texture"},
				"south": {"uv": [0, 0, 1, 1], "texture": "#texture"},
				"west": {"uv": [0, 0, 1, 1], "texture": "#texture"},
				"up": {"uv": [0, 0, 1, 1], "texture": "#texture"},
				"down": {"uv": [0, 0, 1, 1], "texture": "#texture"}
			}
		},
		{
			"from": [0, 31, 2.5],
			"to": [1, 31.5, 16],
			"faces": {
				"north": {"uv": [0, 0, 1, 1], "texture": "#texture"},
				"east": {"uv": [0, 0, 1, 1], "texture": "#texture"},
				"south": {"uv": [0, 0, 1, 1], "texture": "#texture"},
				"west": {"uv": [0, 0, 1, 1], "texture": "#texture"},
				"up": {"uv": [0, 0, 1, 1], "texture": "#texture"},
				"down": {"uv": [0, 0, 1, 1], "texture": "#texture"}
			}
		},
		{
			"from": [0, 26.375, 2.375],
			"to": [1, 31.375, 2.875],
			"rotation": {"angle": 22.5, "axis": "x", "origin": [1, 31.375, 2.875]},
			"faces": {
				"north": {"uv": [0, 0, 1, 1], "texture": "#texture"},
				"east": {"uv": [0, 0, 1, 1], "texture": "#texture"},
				"south": {"uv": [0, 0, 1, 1], "texture": "#texture"},
				"west": {"uv": [0, 0, 1, 1], "texture": "#texture"},
				"up": {"uv": [0, 0, 1, 1], "texture": "#texture"},
				"down": {"uv": [0, 0, 1, 1], "texture": "#texture"}
			}
		},
		{
			"from": [0, 26, 1],
			"to": [1, 26.5, 3],
			"rotation": {"angle": 22.5, "axis": "x", "origin": [1, 26.5, 3]},
			"faces": {
				"north": {"uv": [0, 0, 1, 1], "texture": "#texture"},
				"east": {"uv": [0, 0, 1, 1], "texture": "#texture"},
				"south": {"uv": [0, 0, 1, 1], "texture": "#texture"},
				"west": {"uv": [0, 0, 1, 1], "texture": "#texture"},
				"up": {"uv": [0, 0, 1, 1], "texture": "#texture"},
				"down": {"uv": [0, 0, 1, 1], "texture": "#texture"}
			}
		},
		{
			"from": [0, 16, 2.5],
			"to": [1, 26.25, 3],
			"faces": {
				"north": {"uv": [0, 0, 1, 1], "texture": "#texture"},
				"east": {"uv": [0, 0, 1, 1], "texture": "#texture"},
				"south": {"uv": [0, 0, 1, 1], "texture": "#texture"},
				"west": {"uv": [0, 0, 1, 1], "texture": "#texture"},
				"up": {"uv": [0, 0, 1, 1], "texture": "#texture"},
				"down": {"uv": [0, 0, 1, 1], "texture": "#texture"}
			}
		},
		{
			"from": [0, 16.125, -0.6875],
			"to": [1, 16.625, 2.8125],
			"rotation": {"angle": -22.5, "axis": "x", "origin": [1, 16.625, 2.8125]},
			"faces": {
				"north": {"uv": [0, 0, 1, 1], "texture": "#texture"},
				"east": {"uv": [0, 0, 1, 1], "texture": "#texture"},
				"south": {"uv": [0, 0, 1, 1], "texture": "#texture"},
				"west": {"uv": [0, 0, 1, 1], "texture": "#texture"},
				"up": {"uv": [0, 0, 1, 1], "texture": "#texture"},
				"down": {"uv": [0, 0, 1, 1], "texture": "#texture"}
			}
		},
		{
			"from": [0, 10, -0.5],
			"to": [1, 15.25, 0],
			"faces": {
				"north": {"uv": [0, 0, 1, 1], "texture": "#texture"},
				"east": {"uv": [0, 0, 1, 1], "texture": "#texture"},
				"south": {"uv": [0, 0, 1, 1], "texture": "#texture"},
				"west": {"uv": [0, 0, 1, 1], "texture": "#texture"},
				"up": {"uv": [0, 0, 1, 1], "texture": "#texture"},
				"down": {"uv": [0, 0, 1, 1], "texture": "#texture"}
			}
		},
		{
			"from": [0, 9.5, -0.5],
			"to": [1, 10, 0.5],
			"faces": {
				"north": {"uv": [0, 0, 1, 1], "texture": "#texture"},
				"east": {"uv": [0, 0, 1, 1], "texture": "#texture"},
				"south": {"uv": [0, 0, 1, 1], "texture": "#texture"},
				"west": {"uv": [0, 0, 1, 1], "texture": "#texture"},
				"up": {"uv": [0, 0, 1, 1], "texture": "#texture"},
				"down": {"uv": [0, 0, 1, 1], "texture": "#texture"}
			}
		},
		{
			"from": [0, 0, 0.5],
			"to": [1, 10, 1],
			"faces": {
				"north": {"uv": [0, 0, 1, 1], "texture": "#texture"},
				"east": {"uv": [0, 0, 1, 1], "texture": "#texture"},
				"south": {"uv": [0, 0, 1, 1], "texture": "#texture"},
				"west": {"uv": [0, 0, 1, 1], "texture": "#texture"},
				"up": {"uv": [0, 0, 1, 1], "texture": "#texture"},
				"down": {"uv": [0, 0, 1, 1], "texture": "#texture"}
			}
		},
		{
			"from": [3, 5.5, 0.5],
			"to": [6, 8, 1],
			"faces": {
				"north": {"uv": [10, 8, 13, 10.5], "texture": "#texture"},
				"east": {"uv": [15, 8, 15.5, 10.5], "texture": "#texture"},
				"south": {"uv": [3, 8, 6, 10.5], "texture": "#texture"},
				"west": {"uv": [0.5, 8, 1, 10.5], "texture": "#texture"},
				"up": {"uv": [10, 15, 13, 15.5], "rotation": 180, "texture": "#texture"},
				"down": {"uv": [6, 15.5, 3, 15], "rotation": 180, "texture": "#texture"}
			}
		},
		{
			"from": [8.5, 6, 0.25],
			"to": [9.5, 7.25, 0.5],
			"faces": {
				"north": {"uv": [0, 0, 2, 1], "texture": "#button"},
				"east": {"uv": [0, 0, 2, 1], "texture": "#button"},
				"south": {"uv": [0, 0, 2, 1], "texture": "#button"},
				"west": {"uv": [0, 0, 2, 1], "texture": "#button"},
				"up": {"uv": [0, 0, 2, 1], "texture": "#button"},
				"down": {"uv": [0, 0, 2, 1], "texture": "#button"}
			}
		},
		{
			"from": [8, 5.5, 0.5],
			"to": [11, 8, 1],
			"faces": {
				"north": {"uv": [5, 8, 8, 10.5], "texture": "#texture"},
				"east": {"uv": [15, 8, 15.5, 10.5], "texture": "#texture"},
				"south": {"uv": [8, 8, 11, 10.5], "texture": "#texture"},
				"west": {"uv": [0.5, 8, 1, 10.5], "texture": "#texture"},
				"up": {"uv": [5, 15, 8, 15.5], "rotation": 180, "texture": "#texture"},
				"down": {"uv": [11, 15.5, 8, 15], "rotation": 180, "texture": "#texture"}
			}
		},
		{
			"from": [9.75, 6, 0.25],
			"to": [10.75, 7.25, 0.5],
			"faces": {
				"north": {"uv": [0, 0, 2, 1], "texture": "#button"},
				"east": {"uv": [0, 0, 2, 1], "texture": "#button"},
				"south": {"uv": [0, 0, 2, 1], "texture": "#button"},
				"west": {"uv": [0, 0, 2, 1], "texture": "#button"},
				"up": {"uv": [0, 0, 2, 1], "texture": "#button"},
				"down": {"uv": [0, 0, 2, 1], "texture": "#button"}
			}
		},
		{
			"from": [4.75, 6, 0.25],
			"to": [5.75, 7.25, 0.5],
			"faces": {
				"north": {"uv": [0, 0, 2, 1], "texture": "#button"},
				"east": {"uv": [0, 0, 2, 1], "texture": "#button"},
				"south": {"uv": [0, 0, 2, 1], "texture": "#button"},
				"west": {"uv": [0, 0, 2, 1], "texture": "#button"},
				"up": {"uv": [0, 0, 2, 1], "texture": "#button"},
				"down": {"uv": [0, 0, 2, 1], "texture": "#button"}
			}
		},
		{
			"from": [3.5, 6, 0.25],
			"to": [4.5, 7.25, 0.5],
			"faces": {
				"north": {"uv": [0, 0, 2, 1], "texture": "#button"},
				"east": {"uv": [0, 0, 2, 1], "texture": "#button"},
				"south": {"uv": [0, 0, 2, 1], "texture": "#button"},
				"west": {"uv": [0, 0, 2, 1], "texture": "#button"},
				"up": {"uv": [0, 0, 2, 1], "texture": "#button"},
				"down": {"uv": [0, 0, 2, 1], "texture": "#button"}
			}
		},
		{
			"from": [10.5, 3.25, 0.5],
			"to": [11, 5.5, 1],
			"faces": {
				"north": {"uv": [5, 10.5, 5.5, 12.75], "texture": "#texture"},
				"east": {"uv": [15, 10.5, 15.5, 12.75], "texture": "#texture"},
				"south": {"uv": [10.5, 10.5, 11, 12.75], "texture": "#texture"},
				"west": {"uv": [0.5, 10.5, 1, 12.75], "texture": "#texture"},
				"up": {"uv": [5, 15, 5.5, 15.5], "rotation": 180, "texture": "#texture"},
				"down": {"uv": [11, 15.5, 10.5, 15], "rotation": 180, "texture": "#texture"}
			}
		},
		{
			"from": [8, 3.25, 0.5],
			"to": [8.5, 5.5, 1],
			"faces": {
				"north": {"uv": [7.5, 10.5, 8, 12.75], "texture": "#texture"},
				"east": {"uv": [15, 10.5, 15.5, 12.75], "texture": "#texture"},
				"south": {"uv": [8, 10.5, 8.5, 12.75], "texture": "#texture"},
				"west": {"uv": [0.5, 10.5, 1, 12.75], "texture": "#texture"},
				"up": {"uv": [7.5, 15, 8, 15.5], "rotation": 180, "texture": "#texture"},
				"down": {"uv": [8.5, 15.5, 8, 15], "rotation": 180, "texture": "#texture"}
			}
		},
		{
			"from": [8.5, 3.25, 0.5],
			"to": [10.5, 3.75, 1],
			"faces": {
				"north": {"uv": [5.5, 12.25, 7.5, 12.75], "texture": "#texture"},
				"east": {"uv": [15, 12.25, 15.5, 12.75], "texture": "#texture"},
				"south": {"uv": [8.5, 12.25, 10.5, 12.75], "texture": "#texture"},
				"west": {"uv": [0.5, 12.25, 1, 12.75], "texture": "#texture"},
				"up": {"uv": [5.5, 15, 7.5, 15.5], "rotation": 180, "texture": "#texture"},
				"down": {"uv": [10.5, 15.5, 8.5, 15], "rotation": 180, "texture": "#texture"}
			}
		},
		{
			"from": [3.5, 3.25, 0.5],
			"to": [5.5, 3.75, 1],
			"faces": {
				"north": {"uv": [10.5, 12.25, 12.5, 12.75], "texture": "#texture"},
				"east": {"uv": [15, 12.25, 15.5, 12.75], "texture": "#texture"},
				"south": {"uv": [3.5, 12.25, 5.5, 12.75], "texture": "#texture"},
				"west": {"uv": [0.5, 12.25, 1, 12.75], "texture": "#texture"},
				"up": {"uv": [10.5, 15, 12.5, 15.5], "rotation": 180, "texture": "#texture"},
				"down": {"uv": [5.5, 15.5, 3.5, 15], "rotation": 180, "texture": "#texture"}
			}
		},
		{
			"from": [5.5, 3.25, 0.5],
			"to": [6, 5.5, 1],
			"faces": {
				"north": {"uv": [10, 10.5, 10.5, 12.75], "texture": "#texture"},
				"east": {"uv": [15, 10.5, 15.5, 12.75], "texture": "#texture"},
				"south": {"uv": [5.5, 10.5, 6, 12.75], "texture": "#texture"},
				"west": {"uv": [0.5, 10.5, 1, 12.75], "texture": "#texture"},
				"up": {"uv": [10, 15, 10.5, 15.5], "rotation": 180, "texture": "#texture"},
				"down": {"uv": [6, 15.5, 5.5, 15], "rotation": 180, "texture": "#texture"}
			}
		},
		{
			"from": [3, 3.25, 0.5],
			"to": [3.5, 5.5, 1],
			"faces": {
				"north": {"uv": [12.5, 10.5, 13, 12.75], "texture": "#texture"},
				"east": {"uv": [15, 10.5, 15.5, 12.75], "texture": "#texture"},
				"south": {"uv": [3, 10.5, 3.5, 12.75], "texture": "#texture"},
				"west": {"uv": [0.5, 10.5, 1, 12.75], "texture": "#texture"},
				"up": {"uv": [12.5, 15, 13, 15.5], "rotation": 180, "texture": "#texture"},
				"down": {"uv": [3.5, 15.5, 3, 15], "rotation": 180, "texture": "#texture"}
			}
		}
	],
	"display": {
		"thirdperson_righthand": {
			"rotation": [57, 0, 0],
			"translation": [0, 0.5, 0.5],
			"scale": [0.24, 0.25, 0.25]
		},
		"thirdperson_lefthand": {
			"rotation": [57, 0, 0],
			"translation": [0, 0.5, 0.5],
			"scale": [0.24, 0.25, 0.25]
		},
		"firstperson_righthand": {
			"rotation": [0, 125, 0],
			"translation": [-0.25, 1, 0],
			"scale": [0.3, 0.3, 0.3]
		},
		"firstperson_lefthand": {
			"rotation": [0, 125, 0],
			"translation": [-0.25, 1, 0],
			"scale": [0.3, 0.3, 0.3]
		},
		"ground": {
			"translation": [0, 0.5, 0],
			"scale": [0.5, 0.5, 0.5]
		},
		"gui": {
			"rotation": [20, 135, 0],
			"translation": [0, -3, 0],
			"scale": [0.41, 0.41, 0.41]
		},
		"head": {
			"translation": [0, 1, -0.25]
		},
		"fixed": {
			"rotation": [-90, 0, 0],
			"translation": [0, 0, -16],
			"scale": [2, 2, 2]
		}
	}
}