{
	"textures": {
		"0": "mnaf:props/blocks/arcade_cabinet_red"
	},
	"elements": [
		{
			"from": [0.8432, -0.03867, 1.71861],
			"to": [15.1568, 13.81413, 16.03221],
			"rotation": {"angle": 0, "axis": "y", "origin": [8, 6.11813, 7.87541]},
			"faces": {
				"north": {"uv": [1.875, 0, 3.625, 1.75], "texture": "#0"},
				"east": {"uv": [0, 2.375, 1.75, 4.125], "texture": "#0"},
				"south": {"uv": [3.625, 0, 5.375, 1.75], "texture": "#0"},
				"west": {"uv": [3.75, 3.75, 5.5, 5.5], "texture": "#0"},
				"up": {"uv": [3.75, 1.75, 5.5, 3.5], "rotation": 180, "texture": "#0", "cullface": "up"},
				"down": {"uv": [0, 5.875, 1.75, 4.125], "rotation": 180, "texture": "#0"}
			}
		},
		{
			"from": [0.3432, 13.81413, -2.63179],
			"to": [15.6568, 17.66213, 16.03221],
			"rotation": {"angle": 0, "axis": "y", "origin": [8.5, 18.43173, 8.64501]},
			"faces": {
				"north": {"uv": [7.25, 1, 9.125, 1.5], "texture": "#0"},
				"east": {"uv": [7.25, 0, 9.625, 0.5], "texture": "#0"},
				"south": {"uv": [7.25, 1.5, 9.125, 2], "texture": "#0"},
				"west": {"uv": [7.25, 0.5, 9.625, 1], "texture": "#0"},
				"up": {"uv": [0, 0, 1.875, 2.375], "rotation": 180, "texture": "#0", "cullface": "up"},
				"down": {"uv": [1.875, 4.25, 3.75, 1.875], "rotation": 180, "texture": "#0"}
			}
		},
		{
			"from": [0.45, 17.62817, 10.39895],
			"to": [15.55, 27.71325, 16.01815],
			"rotation": {"angle": 0, "axis": "y", "origin": [7.6068, 22.24577, 8.63095]},
			"faces": {
				"north": {"uv": [0, 5.875, 1.875, 7.125], "texture": "#0"},
				"east": {"uv": [7.25, 2, 8, 3.25], "texture": "#0"},
				"south": {"uv": [1.875, 6.875, 3.75, 8.125], "texture": "#0"},
				"west": {"uv": [7.25, 3.25, 8, 4.5], "texture": "#0"},
				"up": {"uv": [3.75, 6.875, 5.625, 7.625], "rotation": 180, "texture": "#0", "cullface": "up"},
				"down": {"uv": [5.625, 7.625, 7.5, 6.875], "rotation": 180, "texture": "#0"}
			}
		},
		{
			"from": [0.78, 16.66213, 5.56501],
			"to": [15.22, 27.66693, 12.26421],
			"rotation": {"angle": 22.5, "axis": "x", "origin": [8.9368, 22.27973, 5.79541]},
			"faces": {
				"north": {"uv": [5.5, 1.625, 7.25, 3], "texture": "#0"},
				"east": {"uv": [0, 7.125, 0.875, 8.5], "texture": "#0"},
				"south": {"uv": [5.5, 3, 7.25, 4.375], "texture": "#0"},
				"west": {"uv": [0.875, 7.125, 1.75, 8.5], "texture": "#0"},
				"up": {"uv": [5.5, 4.375, 7.25, 5.25], "rotation": 180, "texture": "#0", "cullface": "up"},
				"down": {"uv": [1.875, 6.75, 3.625, 5.875], "rotation": 180, "texture": "#0"}
			}
		},
		{
			"from": [0.92016, 6.65013, -2.48051],
			"to": [15.07984, 10.49813, 0.59789],
			"rotation": {"angle": -45, "axis": "x", "origin": [7.96152, 14.38773, -5.55891]},
			"faces": {
				"north": {"uv": [7.5, 7.5, 9.25, 8], "texture": "#0"},
				"east": {"uv": [8, 2.375, 8.375, 2.875], "texture": "#0"},
				"south": {"uv": [7.5, 6.5, 9.25, 7], "texture": "#0"},
				"west": {"uv": [8, 2.875, 8.375, 3.375], "texture": "#0"},
				"up": {"uv": [6.375, 8, 8.125, 8.375], "rotation": 180, "texture": "#0", "cullface": "up"},
				"down": {"uv": [8, 2.375, 9.75, 2], "rotation": 180, "texture": "#0"}
			}
		},
		{
			"from": [0.40016, 27.8816, 1.01439],
			"to": [15.59984, 32, 14.02239],
			"rotation": {"angle": 22.5, "axis": "x", "origin": [8.48152, 24.83995, 4.24479]},
			"faces": {
				"north": {"uv": [7.375, 5.5, 9.25, 6], "texture": "#0"},
				"east": {"uv": [7.5, 7, 9.125, 7.5], "texture": "#0"},
				"south": {"uv": [7.375, 6, 9.25, 6.5], "texture": "#0"},
				"west": {"uv": [3.75, 7.625, 5.375, 8.125], "texture": "#0"},
				"up": {"uv": [1.75, 4.25, 3.625, 5.875], "rotation": 180, "texture": "#0", "cullface": "up"},
				"down": {"uv": [5.375, 1.625, 7.25, 0], "rotation": 180, "texture": "#0"}
			}
		},
		{
			"from": [7, 17, -1.89918],
			"to": [7.8, 19, -1.09918],
			"rotation": {"angle": 0, "axis": "y", "origin": [15, 26, 6.10082]},
			"faces": {
				"north": {"uv": [1.75, 2.375, 1.875, 2.625], "texture": "#0"},
				"east": {"uv": [1.75, 2.625, 1.875, 2.875], "texture": "#0"},
				"south": {"uv": [1.75, 2.875, 1.875, 3.125], "texture": "#0"},
				"west": {"uv": [1.75, 3.125, 1.875, 3.375], "texture": "#0"},
				"up": {"uv": [1.875, 1.75, 2, 1.875], "rotation": 180, "texture": "#0", "cullface": "up"},
				"down": {"uv": [2, 1.875, 2.125, 1.75], "rotation": 180, "texture": "#0"}
			}
		},
		{
			"from": [13, 17, 1.10082],
			"to": [13.8, 19, 1.90082],
			"rotation": {"angle": 0, "axis": "y", "origin": [21, 26, 9.10082]},
			"faces": {
				"north": {"uv": [1.75, 3.375, 1.875, 3.625], "texture": "#0"},
				"east": {"uv": [1.75, 3.625, 1.875, 3.875], "texture": "#0"},
				"south": {"uv": [3.75, 3.5, 3.875, 3.75], "texture": "#0"},
				"west": {"uv": [1.75, 3.875, 1.875, 4.125], "texture": "#0"},
				"up": {"uv": [2.125, 1.75, 2.25, 1.875], "rotation": 180, "texture": "#0", "cullface": "up"},
				"down": {"uv": [2.25, 1.875, 2.375, 1.75], "rotation": 180, "texture": "#0"}
			}
		},
		{
			"from": [6.8, 19, -2.19918],
			"to": [8.1, 20.3, -0.89918],
			"rotation": {"angle": 0, "axis": "y", "origin": [15, 28, 6.10082]},
			"faces": {
				"north": {"uv": [2.375, 1.75, 2.5, 1.875], "texture": "#0"},
				"east": {"uv": [2.5, 1.75, 2.625, 1.875], "texture": "#0"},
				"south": {"uv": [2.625, 1.75, 2.75, 1.875], "texture": "#0"},
				"west": {"uv": [2.75, 1.75, 2.875, 1.875], "texture": "#0"},
				"up": {"uv": [2.875, 1.75, 3, 1.875], "rotation": 180, "texture": "#0", "cullface": "up"},
				"down": {"uv": [3, 1.875, 3.125, 1.75], "rotation": 180, "texture": "#0"}
			}
		},
		{
			"from": [12.8, 19, 0.80082],
			"to": [14.1, 20.3, 2.10082],
			"rotation": {"angle": 0, "axis": "y", "origin": [21, 28, 9.10082]},
			"faces": {
				"north": {"uv": [3.125, 1.75, 3.25, 1.875], "texture": "#0"},
				"east": {"uv": [3.25, 1.75, 3.375, 1.875], "texture": "#0"},
				"south": {"uv": [3.375, 1.75, 3.5, 1.875], "texture": "#0"},
				"west": {"uv": [3.5, 1.75, 3.625, 1.875], "texture": "#0"},
				"up": {"uv": [3.625, 1.75, 3.75, 1.875], "rotation": 180, "texture": "#0", "cullface": "up"},
				"down": {"uv": [3.875, 3.625, 4, 3.5], "rotation": 180, "texture": "#0"}
			}
		}
	],
	"display": {
		"thirdperson_righthand": {
			"rotation": [57, 0, 0],
			"translation": [0, 0.5, 0.5],
			"scale": [0.25, 0.25, 0.25]
		},
		"thirdperson_lefthand": {
			"rotation": [57, 0, 0],
			"translation": [0, 0.5, 0.5],
			"scale": [0.25, 0.25, 0.25]
		},
		"firstperson_righthand": {
			"rotation": [0, 125, 0],
			"translation": [-0.25, 1, 0],
			"scale": [0.3, 0.3, 0.3]
		},
		"firstperson_lefthand": {
			"rotation": [0, 125, 0],
			"translation": [-0.25, 1, 0],
			"scale": [0.3, 0.3, 0.3]
		},
		"ground": {
			"translation": [0, 0.5, 0],
			"scale": [0.5, 0.5, 0.5]
		},
		"gui": {
			"rotation": [20, 135, 0],
			"translation": [0, -3, 0],
			"scale": [0.45, 0.45, 0.45]
		},
		"head": {
			"translation": [0, 1, -0.25]
		},
		"fixed": {
			"rotation": [-90, 0, 0],
			"translation": [0, 0, -16],
			"scale": [2, 2, 2]
		}
	}
}