{
	"texture_size": [128, 128],
	"textures": {
		"0": "mnaf:props/blocks/balloon_barrel"
	},
	"elements": [
		{
			"from": [2, -15.5, 2.5],
			"to": [14, -0.5, 14.5],
			"rotation": {"angle": 0, "axis": "y", "origin": [10, 1.5, 6.5]},
			"faces": {
				"north": {"uv": [0, 0, 1.5, 1.875], "texture": "#0"},
				"east": {"uv": [1.5, 1.5, 3, 3.375], "texture": "#0"},
				"south": {"uv": [0, 1.875, 1.5, 3.75], "texture": "#0"},
				"west": {"uv": [3, 3, 4.5, 4.875], "texture": "#0"},
				"up": {"uv": [3, 1.5, 1.5, 0], "texture": "#0"},
				"down": {"uv": [4.5, 0, 3, 1.5], "texture": "#0"}
			}
		},
		{
			"from": [3, -14.5, 1.5],
			"to": [13, -1, 2.5],
			"rotation": {"angle": 0, "axis": "y", "origin": [11, -7.5, -5.5]},
			"faces": {
				"north": {"uv": [1.5, 3.375, 2.75, 5.125], "texture": "#0"},
				"east": {"uv": [2.5, 10.625, 2.625, 12.375], "texture": "#0"},
				"south": {"uv": [0, 3.75, 1.25, 5.5], "texture": "#0"},
				"west": {"uv": [1.5, 10.75, 1.625, 12.5], "texture": "#0"},
				"up": {"uv": [11.875, 10.625, 10.625, 10.5], "texture": "#0"},
				"down": {"uv": [10.375, 11, 9.125, 11.125], "texture": "#0"}
			}
		},
		{
			"from": [14, -14.5, 3.5],
			"to": [15, -1, 13.5],
			"rotation": {"angle": 0, "axis": "y", "origin": [22, -7.5, 10.5]},
			"faces": {
				"north": {"uv": [4.125, 10.75, 4.25, 12.5], "texture": "#0"},
				"east": {"uv": [4.5, 4.5, 5.75, 6.25], "texture": "#0"},
				"south": {"uv": [4.25, 10.75, 4.375, 12.5], "texture": "#0"},
				"west": {"uv": [4.5, 0, 5.75, 1.75], "texture": "#0"},
				"up": {"uv": [2.875, 4.625, 2.75, 3.375], "texture": "#0"},
				"down": {"uv": [3, 3.375, 2.875, 4.625], "texture": "#0"}
			}
		},
		{
			"from": [3, -14.5, 14.5],
			"to": [13, -1, 15.5],
			"rotation": {"angle": 0, "axis": "y", "origin": [11, -7.5, 22.5]},
			"faces": {
				"north": {"uv": [4.5, 1.75, 5.75, 3.5], "texture": "#0"},
				"east": {"uv": [4.375, 10.75, 4.5, 12.5], "texture": "#0"},
				"south": {"uv": [2.75, 4.875, 4, 6.625], "texture": "#0"},
				"west": {"uv": [7.375, 10.75, 7.5, 12.5], "texture": "#0"},
				"up": {"uv": [11.625, 11.125, 10.375, 11], "texture": "#0"},
				"down": {"uv": [5.875, 11.125, 4.625, 11.25], "texture": "#0"}
			}
		},
		{
			"from": [1, -14.5, 3.5],
			"to": [2, -1, 13.5],
			"rotation": {"angle": 0, "axis": "y", "origin": [-6, -7.5, 10.5]},
			"faces": {
				"north": {"uv": [7.5, 10.75, 7.625, 12.5], "texture": "#0"},
				"east": {"uv": [1.25, 5.125, 2.5, 6.875], "texture": "#0"},
				"south": {"uv": [0.5, 11, 0.625, 12.75], "texture": "#0"},
				"west": {"uv": [0, 5.5, 1.25, 7.25], "texture": "#0"},
				"up": {"uv": [1.375, 5, 1.25, 3.75], "texture": "#0"},
				"down": {"uv": [1.5, 3.75, 1.375, 5], "texture": "#0"}
			}
		},
		{
			"from": [4, -15, 0],
			"to": [12, -5, 0],
			"rotation": {"angle": 22.5, "axis": "x", "origin": [12, -7, 8]},
			"faces": {
				"north": {"uv": [13.625, 4, 14.625, 5.25], "texture": "#0"},
				"east": {"uv": [13, 6, 13, 7.25], "texture": "#0"},
				"south": {"uv": [14.25, 1.625, 15.25, 2.875], "texture": "#0"},
				"west": {"uv": [15, 5, 15, 6.25], "texture": "#0"},
				"up": {"uv": [13.125, 3.625, 14.125, 3.625], "texture": "#0"},
				"down": {"uv": [13.625, 5.625, 14.625, 5.625], "texture": "#0"}
			}
		},
		{
			"name": "Element",
			"from": [13.9634, 1.0884, 8.1339],
			"to": [13.9644, 6.5884, 8.9509],
			"rotation": {"angle": -22.5, "axis": "z", "origin": [13.5, 1, 8.5]},
			"faces": {
				"east": {"uv": [3, 8.875, 3.125, 9.625], "texture": "#0"},
				"west": {"uv": [3.125, 8.875, 3.25, 9.625], "texture": "#0"}
			}
		},
		{
			"name": "Element",
			"from": [9.453, -4.4248, 8.1321],
			"to": [9.454, 3.5752, 8.9531],
			"rotation": {"angle": -45, "axis": "z", "origin": [9, -3.5, 8.5]},
			"faces": {
				"east": {"uv": [2.25, 6.875, 2.375, 7.875], "texture": "#0"},
				"west": {"uv": [2.375, 6.875, 2.5, 7.875], "texture": "#0"}
			}
		},
		{
			"name": "Element",
			"from": [16, 5.5, 8.15],
			"to": [16.001, 12.5, 9],
			"rotation": {"angle": 0, "axis": "y", "origin": [9, 2, 12]},
			"faces": {
				"east": {"uv": [6.875, 11.25, 7, 12.125], "texture": "#0"},
				"west": {"uv": [7, 11.25, 7.125, 12.125], "texture": "#0"}
			}
		},
		{
			"name": "Element",
			"from": [13.4894, 11.7308, 6.6711],
			"to": [17.1182, 14.15, 10.2999],
			"rotation": {"angle": -22.5, "axis": "z", "origin": [16, 9.5, 10]},
			"faces": {
				"north": {"uv": [3, 2.75, 3.5, 3], "texture": "#0"},
				"east": {"uv": [3.5, 2.75, 4, 3], "texture": "#0"},
				"south": {"uv": [4, 5.875, 4.5, 6.125], "texture": "#0"},
				"west": {"uv": [3.5, 7.125, 4, 7.375], "texture": "#0"},
				"up": {"uv": [4.5, 2, 4, 1.5], "texture": "#0"},
				"down": {"uv": [4.5, 2, 4, 2.5], "texture": "#0"}
			}
		},
		{
			"name": "Element",
			"from": [12.2798, 12.5, 5.4615],
			"to": [18.3278, 15.3596, 11.5095],
			"rotation": {"angle": -22.5, "axis": "z", "origin": [16, 9.5, 10]},
			"faces": {
				"north": {"uv": [6.75, 6.25, 7.5, 6.625], "texture": "#0"},
				"east": {"uv": [7.75, 7.25, 8.5, 7.625], "texture": "#0"},
				"south": {"uv": [8, 9, 8.75, 9.375], "texture": "#0"},
				"west": {"uv": [10.5, 7.5, 11.25, 7.875], "texture": "#0"},
				"up": {"uv": [6.5, 5.75, 5.75, 5], "texture": "#0"},
				"down": {"uv": [5.75, 6.25, 5, 7], "texture": "#0"}
			}
		},
		{
			"name": "Element",
			"from": [11.0702, 14.15, 4.2519],
			"to": [19.5374, 23.8268, 12.7191],
			"rotation": {"angle": -22.5, "axis": "z", "origin": [16, 9.5, 10]},
			"faces": {
				"north": {"uv": [3, 1.5, 4, 2.75], "texture": "#0"},
				"east": {"uv": [5.75, 5.75, 6.75, 7], "texture": "#0"},
				"south": {"uv": [5.75, 0, 6.75, 1.25], "texture": "#0"},
				"west": {"uv": [5.75, 1.25, 6.75, 2.5], "texture": "#0"},
				"up": {"uv": [5.5, 4.5, 4.5, 3.5], "texture": "#0"},
				"down": {"uv": [8.75, 1.25, 7.75, 2.25], "texture": "#0"}
			}
		},
		{
			"name": "Element",
			"from": [18.9326, 15.3596, 5.0986],
			"to": [20.1422, 22.0124, 11.7514],
			"rotation": {"angle": -22.5, "axis": "z", "origin": [16, 9.5, 10]},
			"faces": {
				"north": {"uv": [1.125, 11.125, 1.25, 12], "texture": "#0"},
				"east": {"uv": [8.75, 0, 9.625, 0.875], "texture": "#0"},
				"south": {"uv": [1.25, 11.125, 1.375, 12], "texture": "#0"},
				"west": {"uv": [8.75, 0.875, 9.625, 1.75], "texture": "#0"},
				"up": {"uv": [1.5, 12, 1.375, 11.125], "texture": "#0"},
				"down": {"uv": [4, 11.125, 3.875, 12], "texture": "#0"}
			}
		},
		{
			"name": "Element",
			"from": [12.0379, 15.3596, 3.6471],
			"to": [18.6907, 22.0124, 4.8567],
			"rotation": {"angle": -22.5, "axis": "z", "origin": [16, 9.5, 10]},
			"faces": {
				"north": {"uv": [3.25, 8.75, 4.125, 9.625], "texture": "#0"},
				"east": {"uv": [2.25, 11, 2.375, 11.875], "texture": "#0"},
				"south": {"uv": [8.75, 8.75, 9.625, 9.625], "texture": "#0"},
				"west": {"uv": [2.375, 11, 2.5, 11.875], "texture": "#0"},
				"up": {"uv": [7.625, 6.75, 6.75, 6.625], "texture": "#0"},
				"down": {"uv": [8.625, 7.625, 7.75, 7.75], "texture": "#0"}
			}
		},
		{
			"name": "Element",
			"from": [12.2798, 23.8268, 5.4615],
			"to": [18.3278, 25.0364, 11.5095],
			"rotation": {"angle": -22.5, "axis": "z", "origin": [16, 9.5, 10]},
			"faces": {
				"north": {"uv": [9.75, 9.625, 10.5, 9.75], "texture": "#0"},
				"east": {"uv": [11.375, 4.25, 12.125, 4.375], "texture": "#0"},
				"south": {"uv": [11.375, 4.375, 12.125, 4.5], "texture": "#0"},
				"west": {"uv": [11.375, 4.5, 12.125, 4.625], "texture": "#0"},
				"up": {"uv": [6.75, 7.75, 6, 7], "texture": "#0"},
				"down": {"uv": [7.75, 8, 7, 8.75], "texture": "#0"}
			}
		},
		{
			"name": "Element",
			"from": [12.0379, 15.3596, 12.1143],
			"to": [18.6907, 22.0124, 13.3239],
			"rotation": {"angle": -22.5, "axis": "z", "origin": [16, 9.5, 10]},
			"faces": {
				"north": {"uv": [8.75, 1.75, 9.625, 2.625], "texture": "#0"},
				"east": {"uv": [4, 11.125, 4.125, 12], "texture": "#0"},
				"south": {"uv": [8.75, 2.625, 9.625, 3.5], "texture": "#0"},
				"west": {"uv": [2.625, 11.25, 2.75, 12.125], "texture": "#0"},
				"up": {"uv": [5.5, 11.375, 4.625, 11.25], "texture": "#0"},
				"down": {"uv": [8.5, 11.25, 7.625, 11.375], "texture": "#0"}
			}
		},
		{
			"name": "Element",
			"from": [10.4654, 15.3596, 5.0986],
			"to": [11.675, 22.0124, 11.7514],
			"rotation": {"angle": -22.5, "axis": "z", "origin": [16, 9.5, 10]},
			"faces": {
				"north": {"uv": [1, 7.25, 1.125, 8.125], "texture": "#0"},
				"east": {"uv": [4.5, 8.25, 5.375, 9.125], "texture": "#0"},
				"south": {"uv": [1.125, 7.25, 1.25, 8.125], "texture": "#0"},
				"west": {"uv": [0, 8.5, 0.875, 9.375], "texture": "#0"},
				"up": {"uv": [3.375, 8.75, 3.25, 7.875], "texture": "#0"},
				"down": {"uv": [3.5, 7.875, 3.375, 8.75], "texture": "#0"}
			}
		},
		{
			"name": "Element",
			"from": [-2.9298, 13.65, 4.2519],
			"to": [5.5374, 23.3268, 12.7191],
			"rotation": {"angle": 22.5, "axis": "z", "origin": [2, 9, 10]},
			"faces": {
				"north": {"uv": [6.75, 3.75, 7.75, 5], "texture": "#0"},
				"east": {"uv": [6.75, 5, 7.75, 6.25], "texture": "#0"},
				"south": {"uv": [1.25, 6.875, 2.25, 8.125], "texture": "#0"},
				"west": {"uv": [5, 7, 6, 8.25], "texture": "#0"},
				"up": {"uv": [8.75, 7.25, 7.75, 6.25], "texture": "#0"},
				"down": {"uv": [3.25, 7.875, 2.25, 8.875], "texture": "#0"}
			}
		},
		{
			"name": "Element",
			"from": [-1.9621, 14.8596, 3.6471],
			"to": [4.6907, 21.5124, 4.8567],
			"rotation": {"angle": 22.5, "axis": "z", "origin": [2, 9, 10]},
			"faces": {
				"north": {"uv": [9.625, 0, 10.5, 0.875], "texture": "#0"},
				"east": {"uv": [3.75, 11.375, 3.875, 12.25], "texture": "#0"},
				"south": {"uv": [9.625, 0.875, 10.5, 1.75], "texture": "#0"},
				"west": {"uv": [4.625, 11.375, 4.75, 12.25], "texture": "#0"},
				"up": {"uv": [6.75, 11.5, 5.875, 11.375], "texture": "#0"},
				"down": {"uv": [8.5, 11.375, 7.625, 11.5], "texture": "#0"}
			}
		},
		{
			"name": "Element",
			"from": [-3.5346, 14.8596, 5.0986],
			"to": [-2.325, 21.5124, 11.7514],
			"rotation": {"angle": 22.5, "axis": "z", "origin": [2, 9, 10]},
			"faces": {
				"north": {"uv": [4.75, 11.375, 4.875, 12.25], "texture": "#0"},
				"east": {"uv": [9.625, 1.75, 10.5, 2.625], "texture": "#0"},
				"south": {"uv": [4.875, 11.375, 5, 12.25], "texture": "#0"},
				"west": {"uv": [9.625, 2.625, 10.5, 3.5], "texture": "#0"},
				"up": {"uv": [5.125, 12.25, 5, 11.375], "texture": "#0"},
				"down": {"uv": [5.25, 11.375, 5.125, 12.25], "texture": "#0"}
			}
		},
		{
			"name": "Element",
			"from": [-1.7202, 23.3268, 5.4615],
			"to": [4.3278, 24.5364, 11.5095],
			"rotation": {"angle": 22.5, "axis": "z", "origin": [2, 9, 10]},
			"faces": {
				"north": {"uv": [11.375, 10.875, 12.125, 11], "texture": "#0"},
				"east": {"uv": [5.875, 11.5, 6.625, 11.625], "texture": "#0"},
				"south": {"uv": [7.625, 11.5, 8.375, 11.625], "texture": "#0"},
				"west": {"uv": [9.125, 11.5, 9.875, 11.625], "texture": "#0"},
				"up": {"uv": [11.25, 2.25, 10.5, 1.5], "texture": "#0"},
				"down": {"uv": [11.25, 2.25, 10.5, 3], "texture": "#0"}
			}
		},
		{
			"name": "Element",
			"from": [-1.9621, 14.8596, 12.1143],
			"to": [4.6907, 21.5124, 13.3239],
			"rotation": {"angle": 22.5, "axis": "z", "origin": [2, 9, 10]},
			"faces": {
				"north": {"uv": [9.625, 3.5, 10.5, 4.375], "texture": "#0"},
				"east": {"uv": [5.25, 11.375, 5.375, 12.25], "texture": "#0"},
				"south": {"uv": [9.625, 4.375, 10.5, 5.25], "texture": "#0"},
				"west": {"uv": [5.375, 11.375, 5.5, 12.25], "texture": "#0"},
				"up": {"uv": [10, 11.5, 9.125, 11.375], "texture": "#0"},
				"down": {"uv": [10.875, 11.375, 10, 11.5], "texture": "#0"}
			}
		},
		{
			"name": "Element",
			"from": [4.9326, 14.8596, 5.0986],
			"to": [6.1422, 21.5124, 11.7514],
			"rotation": {"angle": 22.5, "axis": "z", "origin": [2, 9, 10]},
			"faces": {
				"north": {"uv": [6.75, 11.375, 6.875, 12.25], "texture": "#0"},
				"east": {"uv": [9.625, 5.25, 10.5, 6.125], "texture": "#0"},
				"south": {"uv": [10.875, 11.375, 11, 12.25], "texture": "#0"},
				"west": {"uv": [9.625, 6.125, 10.5, 7], "texture": "#0"},
				"up": {"uv": [11.125, 12.25, 11, 11.375], "texture": "#0"},
				"down": {"uv": [11.25, 11.375, 11.125, 12.25], "texture": "#0"}
			}
		},
		{
			"name": "Element",
			"from": [-1.7202, 12, 5.4615],
			"to": [4.3278, 14.8596, 11.5095],
			"rotation": {"angle": 22.5, "axis": "z", "origin": [2, 9, 10]},
			"faces": {
				"north": {"uv": [10.625, 10.625, 11.375, 11], "texture": "#0"},
				"east": {"uv": [10.625, 9.75, 11.375, 10.125], "texture": "#0"},
				"south": {"uv": [10.625, 10.125, 11.375, 10.5], "texture": "#0"},
				"west": {"uv": [0.75, 10.75, 1.5, 11.125], "texture": "#0"},
				"up": {"uv": [11.25, 3.75, 10.5, 3], "texture": "#0"},
				"down": {"uv": [11.25, 3.75, 10.5, 4.5], "texture": "#0"}
			}
		},
		{
			"name": "Element",
			"from": [-0.5106, 11.2308, 6.6711],
			"to": [3.1182, 13.65, 10.2999],
			"rotation": {"angle": 22.5, "axis": "z", "origin": [2, 9, 10]},
			"faces": {
				"north": {"uv": [5.875, 11.125, 6.375, 11.375], "texture": "#0"},
				"east": {"uv": [6.375, 11.125, 6.875, 11.375], "texture": "#0"},
				"south": {"uv": [9.125, 11.125, 9.625, 11.375], "texture": "#0"},
				"west": {"uv": [9.625, 11.125, 10.125, 11.375], "texture": "#0"},
				"up": {"uv": [5, 8, 4.5, 7.5], "texture": "#0"},
				"down": {"uv": [5.875, 8.25, 5.375, 8.75], "texture": "#0"}
			}
		},
		{
			"name": "Element",
			"from": [0.499, 4.5, 7.5],
			"to": [0.5, 11.5, 8.35],
			"rotation": {"angle": 0, "axis": "y", "origin": [9, 2, 12]},
			"faces": {
				"east": {"uv": [3.25, 11.25, 3.375, 12.125], "texture": "#0"},
				"west": {"uv": [5.5, 11.25, 5.625, 12.125], "texture": "#0"}
			}
		},
		{
			"name": "Element",
			"from": [2.5356, 0.0884, 7.5491],
			"to": [2.5366, 5.5884, 8.3661],
			"rotation": {"angle": 22.5, "axis": "z", "origin": [3, 0, 8]},
			"faces": {
				"east": {"uv": [2, 8.125, 2.125, 8.875], "texture": "#0"},
				"west": {"uv": [2.125, 8.125, 2.25, 8.875], "texture": "#0"}
			}
		},
		{
			"name": "Element",
			"from": [7.046, -5.4248, 7.5469],
			"to": [7.047, 2.5752, 8.3679],
			"rotation": {"angle": 45, "axis": "z", "origin": [7.5, -4.5, 8]},
			"faces": {
				"east": {"uv": [2.5, 5.125, 2.625, 6.125], "texture": "#0"},
				"west": {"uv": [2.625, 5.125, 2.75, 6.125], "texture": "#0"}
			}
		},
		{
			"name": "Element",
			"from": [8.1339, 0.0884, 4.0356],
			"to": [8.9509, 5.5884, 4.0366],
			"rotation": {"angle": -22.5, "axis": "x", "origin": [8.5, 0, 4.5]},
			"faces": {
				"north": {"uv": [5.875, 8.25, 6, 9], "texture": "#0"},
				"south": {"uv": [2.875, 8.875, 3, 9.625], "texture": "#0"}
			}
		},
		{
			"name": "Element",
			"from": [8.15, 4.5, 1.999],
			"to": [9, 11.5, 2],
			"rotation": {"angle": 0, "axis": "y", "origin": [9, 2, 12]},
			"faces": {
				"north": {"uv": [5.625, 11.25, 5.75, 12.125], "texture": "#0"},
				"south": {"uv": [5.75, 11.25, 5.875, 12.125], "texture": "#0"}
			}
		},
		{
			"name": "Element",
			"from": [6.4894, 10.2308, 0.1711],
			"to": [10.1182, 12.65, 3.7999],
			"rotation": {"angle": -22.5, "axis": "x", "origin": [9, 8, 3.5]},
			"faces": {
				"north": {"uv": [8, 9.375, 8.5, 9.625], "texture": "#0"},
				"east": {"uv": [1.75, 11, 2.25, 11.25], "texture": "#0"},
				"south": {"uv": [0.625, 11.125, 1.125, 11.375], "texture": "#0"},
				"west": {"uv": [3.375, 11.125, 3.875, 11.375], "texture": "#0"},
				"up": {"uv": [4.5, 5.875, 4, 5.375], "texture": "#0"},
				"down": {"uv": [4, 6.625, 3.5, 7.125], "texture": "#0"}
			}
		},
		{
			"name": "Element",
			"from": [5.2798, 11, -1.0385],
			"to": [11.3278, 13.8596, 5.0095],
			"rotation": {"angle": -22.5, "axis": "x", "origin": [9, 8, 3.5]},
			"faces": {
				"north": {"uv": [10.5, 9.375, 11.25, 9.75], "texture": "#0"},
				"east": {"uv": [1.75, 10.625, 2.5, 11], "texture": "#0"},
				"south": {"uv": [9.125, 10.625, 9.875, 11], "texture": "#0"},
				"west": {"uv": [9.875, 10.625, 10.625, 11], "texture": "#0"},
				"up": {"uv": [8.375, 11.25, 7.625, 10.5], "texture": "#0"},
				"down": {"uv": [9.125, 10.5, 8.375, 11.25], "texture": "#0"}
			}
		},
		{
			"name": "Element",
			"from": [5.0379, 13.8596, -2.8529],
			"to": [11.6907, 20.5124, -1.6433],
			"rotation": {"angle": -22.5, "axis": "x", "origin": [9, 8, 3.5]},
			"faces": {
				"north": {"uv": [0.875, 9.125, 1.75, 10], "texture": "#0"},
				"east": {"uv": [11.25, 8.375, 11.375, 9.25], "texture": "#0"},
				"south": {"uv": [4.125, 9.125, 5, 10], "texture": "#0"},
				"west": {"uv": [0.625, 11.375, 0.75, 12.25], "texture": "#0"},
				"up": {"uv": [12.125, 9.375, 11.25, 9.25], "texture": "#0"},
				"down": {"uv": [12.125, 9.375, 11.25, 9.5], "texture": "#0"}
			}
		},
		{
			"name": "Element",
			"from": [4.0702, 12.65, -2.2481],
			"to": [12.5374, 22.3268, 6.2191],
			"rotation": {"angle": -22.5, "axis": "x", "origin": [9, 8, 3.5]},
			"faces": {
				"north": {"uv": [6.75, 6.75, 7.75, 8], "texture": "#0"},
				"east": {"uv": [6.75, 0, 7.75, 1.25], "texture": "#0"},
				"south": {"uv": [6.75, 1.25, 7.75, 2.5], "texture": "#0"},
				"west": {"uv": [6.75, 2.5, 7.75, 3.75], "texture": "#0"},
				"up": {"uv": [8.75, 5.25, 7.75, 4.25], "texture": "#0"},
				"down": {"uv": [8.75, 5.25, 7.75, 6.25], "texture": "#0"}
			}
		},
		{
			"name": "Element",
			"from": [3.4654, 13.8596, -1.4014],
			"to": [4.675, 20.5124, 5.2514],
			"rotation": {"angle": -22.5, "axis": "x", "origin": [9, 8, 3.5]},
			"faces": {
				"north": {"uv": [1, 11.375, 1.125, 12.25], "texture": "#0"},
				"east": {"uv": [8, 9.625, 8.875, 10.5], "texture": "#0"},
				"south": {"uv": [3.375, 11.375, 3.5, 12.25], "texture": "#0"},
				"west": {"uv": [8.875, 9.625, 9.75, 10.5], "texture": "#0"},
				"up": {"uv": [3.625, 12.25, 3.5, 11.375], "texture": "#0"},
				"down": {"uv": [3.75, 11.375, 3.625, 12.25], "texture": "#0"}
			}
		},
		{
			"name": "Element",
			"from": [5.2798, 22.3268, -1.0385],
			"to": [11.3278, 23.5364, 5.0095],
			"rotation": {"angle": -22.5, "axis": "x", "origin": [9, 8, 3.5]},
			"faces": {
				"north": {"uv": [11.375, 10.25, 12.125, 10.375], "texture": "#0"},
				"east": {"uv": [11.375, 10.375, 12.125, 10.5], "texture": "#0"},
				"south": {"uv": [11.375, 10.625, 12.125, 10.75], "texture": "#0"},
				"west": {"uv": [11.375, 10.75, 12.125, 10.875], "texture": "#0"},
				"up": {"uv": [11.25, 0.75, 10.5, 0], "texture": "#0"},
				"down": {"uv": [11.25, 0.75, 10.5, 1.5], "texture": "#0"}
			}
		},
		{
			"name": "Element",
			"from": [11.9326, 13.8596, -1.4014],
			"to": [13.1422, 20.5124, 5.2514],
			"rotation": {"angle": -22.5, "axis": "x", "origin": [9, 8, 3.5]},
			"faces": {
				"north": {"uv": [11.25, 4.875, 11.375, 5.75], "texture": "#0"},
				"east": {"uv": [6.25, 9, 7.125, 9.875], "texture": "#0"},
				"south": {"uv": [11.25, 5.75, 11.375, 6.625], "texture": "#0"},
				"west": {"uv": [7.125, 9, 8, 9.875], "texture": "#0"},
				"up": {"uv": [11.375, 7.5, 11.25, 6.625], "texture": "#0"},
				"down": {"uv": [11.375, 7.5, 11.25, 8.375], "texture": "#0"}
			}
		},
		{
			"name": "Element",
			"from": [5.0379, 13.8596, 5.6143],
			"to": [11.6907, 20.5124, 6.8239],
			"rotation": {"angle": -22.5, "axis": "x", "origin": [9, 8, 3.5]},
			"faces": {
				"north": {"uv": [0, 9.375, 0.875, 10.25], "texture": "#0"},
				"east": {"uv": [0.75, 11.375, 0.875, 12.25], "texture": "#0"},
				"south": {"uv": [2.875, 9.625, 3.75, 10.5], "texture": "#0"},
				"west": {"uv": [0.875, 11.375, 1, 12.25], "texture": "#0"},
				"up": {"uv": [12.125, 9.625, 11.25, 9.5], "texture": "#0"},
				"down": {"uv": [12.125, 9.625, 11.25, 9.75], "texture": "#0"}
			}
		},
		{
			"name": "Element",
			"from": [8.1321, -5.4248, 8.546],
			"to": [8.9531, 2.5752, 8.547],
			"rotation": {"angle": -45, "axis": "x", "origin": [8.5, -4.5, 9]},
			"faces": {
				"north": {"uv": [5.5, 3.5, 5.625, 4.5], "texture": "#0"},
				"south": {"uv": [5.625, 3.5, 5.75, 4.5], "texture": "#0"}
			}
		},
		{
			"name": "Element",
			"from": [8.0469, -4.4248, 8.453],
			"to": [8.8679, 2.5752, 8.454],
			"rotation": {"angle": 45, "axis": "x", "origin": [8.5, -4.5, 8]},
			"faces": {
				"north": {"uv": [2.75, 11.25, 2.875, 12.125], "texture": "#0"},
				"south": {"uv": [2.875, 11.25, 3, 12.125], "texture": "#0"}
			}
		},
		{
			"name": "Element",
			"from": [8.0491, 0.0884, 12.9634],
			"to": [8.8661, 5.5884, 12.9644],
			"rotation": {"angle": 22.5, "axis": "x", "origin": [8.5, 0, 12.5]},
			"faces": {
				"north": {"uv": [6.5, 5, 6.625, 5.75], "texture": "#0"},
				"south": {"uv": [6.625, 5, 6.75, 5.75], "texture": "#0"}
			}
		},
		{
			"name": "Element",
			"from": [8, 4.5, 15],
			"to": [8.85, 11.5, 15.001],
			"rotation": {"angle": 0, "axis": "y", "origin": [9, 2, 12]},
			"faces": {
				"north": {"uv": [3, 11.25, 3.125, 12.125], "texture": "#0"},
				"south": {"uv": [3.125, 11.25, 3.25, 12.125], "texture": "#0"}
			}
		},
		{
			"name": "Element",
			"from": [6.9894, 9.2308, 12.6711],
			"to": [10.6182, 11.65, 16.2999],
			"rotation": {"angle": 22.5, "axis": "x", "origin": [9.5, 7, 16]},
			"faces": {
				"north": {"uv": [6, 7.75, 6.5, 8], "texture": "#0"},
				"east": {"uv": [4.5, 8, 5, 8.25], "texture": "#0"},
				"south": {"uv": [5.375, 8.75, 5.875, 9], "texture": "#0"},
				"west": {"uv": [7, 8.75, 7.5, 9], "texture": "#0"},
				"up": {"uv": [4.5, 3, 4, 2.5], "texture": "#0"},
				"down": {"uv": [4.5, 4.875, 4, 5.375], "texture": "#0"}
			}
		},
		{
			"name": "Element",
			"from": [5.7798, 10, 11.4615],
			"to": [11.8278, 12.8596, 17.5095],
			"rotation": {"angle": 22.5, "axis": "x", "origin": [9.5, 7, 16]},
			"faces": {
				"north": {"uv": [10.5, 7.875, 11.25, 8.25], "texture": "#0"},
				"east": {"uv": [10.5, 8.25, 11.25, 8.625], "texture": "#0"},
				"south": {"uv": [10.5, 8.625, 11.25, 9], "texture": "#0"},
				"west": {"uv": [10.5, 9, 11.25, 9.375], "texture": "#0"},
				"up": {"uv": [1.625, 10.75, 0.875, 10], "texture": "#0"},
				"down": {"uv": [4.5, 10, 3.75, 10.75], "texture": "#0"}
			}
		},
		{
			"name": "Element",
			"from": [4.5702, 11.65, 10.2519],
			"to": [13.0374, 21.3268, 18.7191],
			"rotation": {"angle": 22.5, "axis": "x", "origin": [9.5, 7, 16]},
			"faces": {
				"north": {"uv": [5.75, 2.5, 6.75, 3.75], "texture": "#0"},
				"east": {"uv": [5.75, 3.75, 6.75, 5], "texture": "#0"},
				"south": {"uv": [4, 6.25, 5, 7.5], "texture": "#0"},
				"west": {"uv": [2.5, 6.625, 3.5, 7.875], "texture": "#0"},
				"up": {"uv": [8.75, 3.25, 7.75, 2.25], "texture": "#0"},
				"down": {"uv": [8.75, 3.25, 7.75, 4.25], "texture": "#0"}
			}
		},
		{
			"name": "Element",
			"from": [5.5379, 12.8596, 18.1143],
			"to": [12.1907, 19.5124, 19.3239],
			"rotation": {"angle": 22.5, "axis": "x", "origin": [9.5, 7, 16]},
			"faces": {
				"north": {"uv": [8.75, 5.25, 9.625, 6.125], "texture": "#0"},
				"east": {"uv": [8.75, 11.25, 8.875, 12.125], "texture": "#0"},
				"south": {"uv": [8.75, 6.125, 9.625, 7], "texture": "#0"},
				"west": {"uv": [8.875, 11.25, 9, 12.125], "texture": "#0"},
				"up": {"uv": [12.125, 0.125, 11.25, 0], "texture": "#0"},
				"down": {"uv": [12.125, 0.125, 11.25, 0.25], "texture": "#0"}
			}
		},
		{
			"name": "Element",
			"from": [12.4326, 12.8596, 11.0986],
			"to": [13.6422, 19.5124, 17.7514],
			"rotation": {"angle": 22.5, "axis": "x", "origin": [9.5, 7, 16]},
			"faces": {
				"north": {"uv": [7.125, 11.25, 7.25, 12.125], "texture": "#0"},
				"east": {"uv": [8.75, 3.5, 9.625, 4.375], "texture": "#0"},
				"south": {"uv": [7.25, 11.25, 7.375, 12.125], "texture": "#0"},
				"west": {"uv": [8.75, 4.375, 9.625, 5.25], "texture": "#0"},
				"up": {"uv": [8.625, 12.125, 8.5, 11.25], "texture": "#0"},
				"down": {"uv": [8.75, 11.25, 8.625, 12.125], "texture": "#0"}
			}
		},
		{
			"name": "Element",
			"from": [5.5379, 12.8596, 9.6471],
			"to": [12.1907, 19.5124, 10.8567],
			"rotation": {"angle": 22.5, "axis": "x", "origin": [9.5, 7, 16]},
			"faces": {
				"north": {"uv": [2, 8.875, 2.875, 9.75], "texture": "#0"},
				"east": {"uv": [11.25, 2.875, 11.375, 3.75], "texture": "#0"},
				"south": {"uv": [5.375, 9, 6.25, 9.875], "texture": "#0"},
				"west": {"uv": [11.25, 3.75, 11.375, 4.625], "texture": "#0"},
				"up": {"uv": [12.125, 4.75, 11.25, 4.625], "texture": "#0"},
				"down": {"uv": [12.125, 4.75, 11.25, 4.875], "texture": "#0"}
			}
		},
		{
			"name": "Element",
			"from": [3.9654, 12.8596, 11.0986],
			"to": [5.175, 19.5124, 17.7514],
			"rotation": {"angle": 22.5, "axis": "x", "origin": [9.5, 7, 16]},
			"faces": {
				"north": {"uv": [9, 11.25, 9.125, 12.125], "texture": "#0"},
				"east": {"uv": [8.75, 7, 9.625, 7.875], "texture": "#0"},
				"south": {"uv": [11.25, 0.25, 11.375, 1.125], "texture": "#0"},
				"west": {"uv": [8.75, 7.875, 9.625, 8.75], "texture": "#0"},
				"up": {"uv": [11.375, 2, 11.25, 1.125], "texture": "#0"},
				"down": {"uv": [11.375, 2, 11.25, 2.875], "texture": "#0"}
			}
		},
		{
			"name": "Element",
			"from": [5.7798, 21.3268, 11.4615],
			"to": [11.8278, 22.5364, 17.5095],
			"rotation": {"angle": 22.5, "axis": "x", "origin": [9.5, 7, 16]},
			"faces": {
				"north": {"uv": [11.375, 9.75, 12.125, 9.875], "texture": "#0"},
				"east": {"uv": [11.375, 9.875, 12.125, 10], "texture": "#0"},
				"south": {"uv": [11.375, 10, 12.125, 10.125], "texture": "#0"},
				"west": {"uv": [11.375, 10.125, 12.125, 10.25], "texture": "#0"},
				"up": {"uv": [0.75, 11, 0, 10.25], "texture": "#0"},
				"down": {"uv": [3.375, 10.5, 2.625, 11.25], "texture": "#0"}
			}
		}
	],
	"display": {
		"thirdperson_righthand": {
			"rotation": [0, 30, 6.5],
			"translation": [-0.5, 3, 0],
			"scale": [0.2, 0.2, 0.2]
		},
		"thirdperson_lefthand": {
			"rotation": [0, 30, 6.5],
			"translation": [-0.5, 3, 0],
			"scale": [0.2, 0.2, 0.2]
		},
		"firstperson_righthand": {
			"rotation": [0, 45, 0],
			"translation": [0, 4, 0],
			"scale": [0.25, 0.25, 0.25]
		},
		"firstperson_lefthand": {
			"rotation": [0, 30, 0],
			"translation": [0, 4, 0],
			"scale": [0.25, 0.25, 0.25]
		},
		"ground": {
			"translation": [0, 8.25, 0],
			"scale": [0.5, 0.5, 0.5]
		},
		"gui": {
			"rotation": [30, 135, 0],
			"translation": [0, 0.75, 0],
			"scale": [0.35, 0.35, 0.35]
		},
		"head": {
			"translation": [0, 1.5, 0]
		},
		"fixed": {
			"rotation": [-90, 0, 0],
			"translation": [0, 0, -16],
			"scale": [2, 2, 2]
		}
	},
	"groups": [
		{
			"name": "barrel",
			"origin": [-6, 7.5, 10.5],
			"children": [0, 1, 2, 3, 4, 5]
		},
		{
			"name": "balloons",
			"origin": [8, 8, 8],
			"children": [
				{
					"name": "yellow balloon",
					"origin": [16, 9.5, 10],
					"children": [6, 7, 8, 9, 10, 11, 12, 13, 14, 15,
						{
							"name": "group",
							"origin": [16, 9.5, 10],
							"children": []
						}, 16]
				},
				{
					"name": "red balloon",
					"origin": [7.5, -4.5, 8],
					"children": [17, 18, 19, 20, 21, 22, 23, 24, 25, 26, 27]
				},
				{
					"name": "blue balloon",
					"origin": [8.5, -4.5, 9],
					"children": [28, 29, 30, 31, 32, 33, 34, 35, 36, 37, 38]
				},
				{
					"name": "green balloon",
					"origin": [9.5, 7, 16],
					"children": [39, 40, 41, 42, 43, 44, 45, 46, 47, 48, 49]
				}
			]
		}
	]
}