{
	"credit": "Made with Blockbench",
	"texture_size": [32, 32],
	"textures": {
		"0": "mnaf:props/blocks/blue_guard_desk",
		"1": "mnaf:props/blocks/blue_guard_desk_monitor",
		"particle": "mnaf:props/blocks/blue_guard_desk_monitor"
	},
	"elements": [
		{
			"from": [24.88279, 0.10756, 3.58651],
			"to": [26.88279, 19.10756, 20.58651],
			"rotation": {"angle": 0, "axis": "y", "origin": [33.88279, 8.10756, 11.58651]},
			"faces": {
				"north": {"uv": [5.125, 8.75, 5.375, 11.125], "texture": "#0"},
				"east": {"uv": [4.25, 6.375, 6.375, 8.75], "texture": "#0"},
				"south": {"uv": [5.375, 8.75, 5.625, 11.125], "texture": "#0"},
				"west": {"uv": [0, 4.375, 2.125, 6.75], "texture": "#0"},
				"up": {"uv": [6.375, 4, 4.25, 3.75], "rotation": 270, "texture": "#0"},
				"down": {"uv": [6.375, 4, 4.25, 4.25], "rotation": 90, "texture": "#0"}
			}
		},
		{
			"from": [-12.11721, 0.10756, 3.58651],
			"to": [-10.11721, 19.10756, 20.58651],
			"rotation": {"angle": 0, "axis": "y", "origin": [-3.11721, 8.10756, 11.58651]},
			"faces": {
				"north": {"uv": [5.625, 8.75, 5.875, 11.125], "texture": "#0"},
				"east": {"uv": [2.125, 6.5, 4.25, 8.875], "texture": "#0"},
				"south": {"uv": [5.875, 8.75, 6.125, 11.125], "texture": "#0"},
				"west": {"uv": [6.375, 6.375, 8.5, 8.75], "texture": "#0"},
				"up": {"uv": [10.625, 8.375, 8.5, 8.125], "rotation": 270, "texture": "#0"},
				"down": {"uv": [10.75, 6, 8.625, 6.25], "rotation": 90, "texture": "#0"}
			}
		},
		{
			"from": [-10.11721, 17.10756, 3.58651],
			"to": [24.88279, 19.10756, 20.58651],
			"rotation": {"angle": 0, "axis": "y", "origin": [-2.11721, 26.10756, 11.58651]},
			"faces": {
				"north": {"uv": [8.25, 1.25, 12.625, 1.5], "texture": "#0"},
				"east": {"uv": [9, 0, 11.125, 0.25], "texture": "#0"},
				"south": {"uv": [8.25, 1.5, 12.625, 1.75], "texture": "#0"},
				"west": {"uv": [2.125, 8.875, 4.25, 9.125], "texture": "#0"},
				"up": {"uv": [2.125, 4.375, 0, 0], "rotation": 270, "texture": "#0"},
				"down": {"uv": [4.25, 2.125, 2.125, 6.5], "rotation": 90, "texture": "#0"}
			}
		},
		{
			"from": [-10.11721, 0.10756, 19.58651],
			"to": [24.88279, 17.10756, 20.58651],
			"rotation": {"angle": 0, "axis": "y", "origin": [26.88279, 27.10756, 12.58651]},
			"faces": {
				"north": {"uv": [2.125, 0, 6.5, 2.125], "texture": "#0"},
				"east": {"uv": [4.125, 9.125, 4.25, 11.25], "texture": "#0"},
				"south": {"uv": [2, 0, 6.375, 2.125], "texture": "#0"},
				"west": {"uv": [8.375, 8.75, 8.5, 10.875], "texture": "#0"},
				"up": {"uv": [7.75, 13.125, 7.625, 8.75], "rotation": 270, "texture": "#0"},
				"down": {"uv": [7.875, 8.75, 7.75, 13.125], "rotation": 90, "texture": "#0"}
			}
		},
		{
			"from": [2.38279, 19.10756, 8.58651],
			"to": [12.38279, 30.10756, 18.58651],
			"rotation": {"angle": 0, "axis": "y", "origin": [19.88279, 27.10756, 10.58651]},
			"faces": {
				"north": {"uv": [0, 6.75, 1.25, 8.125], "texture": "#0"},
				"east": {"uv": [7, 1.375, 8.25, 2.75], "texture": "#0"},
				"south": {"uv": [7, 2.75, 8.25, 4.125], "texture": "#0"},
				"west": {"uv": [6.5, 0, 7.75, 1.375], "texture": "#0"},
				"up": {"uv": [9, 1.25, 7.75, 0], "rotation": 270, "texture": "#0"},
				"down": {"uv": [1.25, 8.125, 0, 9.375], "rotation": 90, "texture": "#0"}
			}
		},
		{
			"from": [1.73279, 19.10756, 6.58651],
			"to": [13.03279, 31.60756, 8.58651],
			"rotation": {"angle": 0, "axis": "y", "origin": [19.88279, 27.10756, -0.41349]},
			"faces": {
				"north": {"uv": [4.25, 2.125, 5.625, 3.75], "texture": "#0"},
				"east": {"uv": [8.125, 8.75, 8.375, 10.375], "texture": "#0"},
				"south": {"uv": [5.625, 2.125, 7, 3.75], "texture": "#0"},
				"west": {"uv": [7.875, 8.75, 8.125, 10.375], "texture": "#0"},
				"up": {"uv": [2.375, 10.5, 2.125, 9.125], "rotation": 270, "texture": "#0"},
				"down": {"uv": [2.625, 9.125, 2.375, 10.5], "rotation": 90, "texture": "#0"}
			}
		},
		{
			"from": [11.03279, 20.10756, 5.58651],
			"to": [12.03279, 21.10756, 6.58651],
			"rotation": {"angle": 0, "axis": "y", "origin": [19.03279, 28.10756, -1.41349]},
			"faces": {
				"north": {"uv": [9.25, 3.375, 9.375, 3.5], "texture": "#0"},
				"east": {"uv": [9.25, 3.5, 9.375, 3.625], "texture": "#0"},
				"south": {"uv": [9.25, 3.625, 9.375, 3.75], "texture": "#0"},
				"west": {"uv": [9.25, 3.25, 9.375, 3.375], "texture": "#0"},
				"up": {"uv": [0.125, 9.5, 0, 9.375], "rotation": 270, "texture": "#0"},
				"down": {"uv": [0.25, 9.375, 0.125, 9.5], "rotation": 90, "texture": "#0"}
			}
		},
		{
			"from": [-5.02971, 19.22006, 2.46151],
			"to": [-3.22971, 21.02006, 3.96151],
			"rotation": {"angle": 0, "axis": "y", "origin": [3.42029, 13.62006, -5.23849]},
			"faces": {
				"north": {"uv": [9, 1, 9.25, 1.25], "texture": "#0"},
				"east": {"uv": [9.25, 1, 9.5, 1.25], "texture": "#0"},
				"south": {"uv": [9.25, 1.75, 9.5, 2], "texture": "#0"},
				"west": {"uv": [6.75, 3.75, 7, 4], "texture": "#0"},
				"up": {"uv": [9.5, 2.25, 9.25, 2], "rotation": 270, "texture": "#0"},
				"down": {"uv": [9.5, 2.25, 9.25, 2.5], "rotation": 90, "texture": "#0"}
			}
		},
		{
			"from": [-5.47971, 18.72006, 3.96151],
			"to": [-2.67971, 21.52006, 9.76151],
			"rotation": {"angle": 0, "axis": "y", "origin": [3.42029, 13.62006, 0.76151]},
			"faces": {
				"north": {"uv": [6.375, 3.75, 6.75, 4.125], "texture": "#0"},
				"east": {"uv": [9, 0.625, 9.75, 1], "texture": "#0"},
				"south": {"uv": [6.5, 1.375, 6.875, 1.75], "texture": "#0"},
				"west": {"uv": [9, 0.25, 9.75, 0.625], "texture": "#0"},
				"up": {"uv": [3.375, 9.5, 2.625, 9.125], "rotation": 270, "texture": "#0"},
				"down": {"uv": [4.125, 9.125, 3.375, 9.5], "rotation": 90, "texture": "#0"}
			}
		},
		{
			"from": [-5.37971, 18.82006, 2.26151],
			"to": [-2.87971, 21.32006, 2.76151],
			"rotation": {"angle": 0, "axis": "y", "origin": [3.42029, 13.62006, -6.73849]},
			"faces": {
				"north": {"uv": [6.5, 1.75, 6.875, 2.125], "texture": "#0"},
				"east": {"uv": [6.875, 1.75, 7, 2.125], "texture": "#0"},
				"south": {"uv": [8.25, 3.75, 8.625, 4.125], "texture": "#0"},
				"west": {"uv": [6.875, 1.375, 7, 1.75], "texture": "#0"},
				"up": {"uv": [9.375, 2.875, 9.25, 2.5], "rotation": 270, "texture": "#0"},
				"down": {"uv": [9.375, 2.875, 9.25, 3.25], "rotation": 90, "texture": "#0"}
			}
		},
		{
			"from": [-4.77971, 19.47006, 0.76151],
			"to": [-3.47971, 20.77006, 2.76151],
			"rotation": {"angle": 0, "axis": "y", "origin": [2.62029, 11.82006, -6.23849]},
			"faces": {
				"north": {"uv": [0.25, 9.375, 0.375, 9.5], "texture": "#0"},
				"east": {"uv": [7.75, 1.25, 8, 1.375], "texture": "#0"},
				"south": {"uv": [0.375, 9.375, 0.5, 9.5], "texture": "#0"},
				"west": {"uv": [6.75, 4, 7, 4.125], "texture": "#0"},
				"up": {"uv": [8.25, 1.375, 8, 1.25], "rotation": 270, "texture": "#0"},
				"down": {"uv": [8.625, 4.125, 8.375, 4.25], "rotation": 90, "texture": "#0"}
			}
		},
		{
			"from": [-8.61721, 0.10756, 9.58651],
			"to": [-1.61721, 8.10756, 16.58651],
			"rotation": {"angle": 0, "axis": "y", "origin": [4.88279, 8.10756, 2.58651]},
			"faces": {
				"north": {"uv": [1.25, 7.75, 2.125, 8.75], "texture": "#0"},
				"east": {"uv": [8.5, 8.5, 9.375, 9.5], "texture": "#0"},
				"south": {"uv": [8.5, 6.375, 9.375, 7.375], "texture": "#0"},
				"west": {"uv": [1.25, 6.75, 2.125, 7.75], "texture": "#0"},
				"up": {"uv": [2.125, 9.625, 1.25, 8.75], "rotation": 270, "texture": "#0"},
				"down": {"uv": [5.125, 8.75, 4.25, 9.625], "rotation": 90, "texture": "#0"}
			}
		},
		{
			"from": [-9.11721, 8.10756, 9.08651],
			"to": [-1.11721, 9.10756, 17.08651],
			"rotation": {"angle": 0, "axis": "y", "origin": [4.88279, 16.10756, 2.58651]},
			"faces": {
				"north": {"uv": [7.375, 4.125, 8.375, 4.25], "texture": "#0"},
				"east": {"uv": [8.5, 8.375, 9.5, 8.5], "texture": "#0"},
				"south": {"uv": [8.625, 6.25, 9.625, 6.375], "texture": "#0"},
				"west": {"uv": [6.375, 4.125, 7.375, 4.25], "texture": "#0"},
				"up": {"uv": [9.25, 2.75, 8.25, 1.75], "rotation": 270, "texture": "#0"},
				"down": {"uv": [9.25, 2.75, 8.25, 3.75], "rotation": 90, "texture": "#0"}
			}
		},
		{
			"from": [20.38279, 19.265, 7.08651],
			"to": [32, 30.265, 8.08651],
			"rotation": {"angle": 45, "axis": "x", "origin": [29.88279, 32.265, 0.08651]},
			"faces": {
				"north": {"uv": [0, 0, 6, 5.5], "texture": "#1"},
				"east": {"uv": [6, 0.5, 6.5, 6], "texture": "#1"},
				"south": {"uv": [0, 5.5, 6, 11], "texture": "#1"},
				"west": {"uv": [6, 6.5, 6.5, 12], "texture": "#1"},
				"up": {"uv": [12, 6.5, 6, 6], "texture": "#1"},
				"down": {"uv": [12, 0, 6, 0.5], "texture": "#1"}
			}
		},
		{
			"from": [25.88279, 19.10756, -0.41349],
			"to": [27.88279, 21.10756, 8.58651],
			"rotation": {"angle": 0, "axis": "y", "origin": [33.88279, 27.10756, -7.41349]},
			"faces": {
				"north": {"uv": [10.25, 13, 10.5, 13.25], "texture": "#0"},
				"east": {"uv": [11.875, 8.875, 13, 9.125], "texture": "#0"},
				"south": {"uv": [10.5, 12.125, 10.75, 12.375], "texture": "#0"},
				"west": {"uv": [13, 11.125, 14.125, 11.375], "texture": "#0"},
				"up": {"uv": [5.25, 12.5, 6.375, 12.75], "rotation": 270, "texture": "#0"},
				"down": {"uv": [4.625, 13.875, 5.75, 14.125], "rotation": 90, "texture": "#0"}
			}
		},
		{
			"from": [25.88279, 16.10756, 8.58651],
			"to": [27.88279, 27.10756, 10.58651],
			"rotation": {"angle": 0, "axis": "y", "origin": [33.88279, 27.10756, 1.58651]},
			"faces": {
				"north": {"uv": [12.75, 14.875, 13, 16.25], "texture": "#0"},
				"east": {"uv": [12.5, 9.875, 12.75, 11.25], "texture": "#0"},
				"south": {"uv": [11.625, 13, 11.875, 14.375], "texture": "#0"},
				"west": {"uv": [13, 11.125, 13.25, 12.5], "texture": "#0"},
				"up": {"uv": [7.875, 14.25, 8.125, 14.5], "rotation": 270, "texture": "#0"},
				"down": {"uv": [5.875, 15.125, 6.125, 15.375], "rotation": 90, "texture": "#0"}
			}
		},
		{
			"from": [25.88279, 24.62154, 2.8659],
			"to": [27.88279, 26.62154, 3.8659],
			"rotation": {"angle": 22.5, "axis": "x", "origin": [33.88279, 32.62154, -12.1341]},
			"faces": {
				"north": {"uv": [10, 14.375, 10.25, 14.625], "texture": "#0"},
				"east": {"uv": [13.625, 11.125, 13.75, 11.375], "texture": "#0"},
				"south": {"uv": [12.25, 13.875, 12.5, 14.125], "texture": "#0"},
				"west": {"uv": [11.125, 12.125, 11.25, 12.375], "texture": "#0"},
				"up": {"uv": [14, 15, 14.125, 15.25], "rotation": 270, "texture": "#0"},
				"down": {"uv": [12.625, 12.875, 12.75, 13.125], "rotation": 90, "texture": "#0"}
			}
		}
	],
	"display": {
		"thirdperson_righthand": {
			"rotation": [50, 0, 0],
			"translation": [0, 0.5, 0],
			"scale": [0.15, 0.15, 0.15]
		},
		"thirdperson_lefthand": {
			"rotation": [50, 0, 0],
			"translation": [0, 0.5, 0],
			"scale": [0.15, 0.15, 0.15]
		},
		"firstperson_righthand": {
			"rotation": [0, 155, 0],
			"translation": [-1.25, 1, 0],
			"scale": [0.2, 0.2, 0.2]
		},
		"firstperson_lefthand": {
			"rotation": [0, 155, 0],
			"translation": [-1.25, 1, 0],
			"scale": [0.2, 0.2, 0.2]
		},
		"ground": {
			"translation": [0, -2.25, 0],
			"scale": [0.2, 0.2, 0.2]
		},
		"gui": {
			"rotation": [30, 155, 0],
			"translation": [0.5, -2.5, 0],
			"scale": [0.3, 0.3, 0.3]
		},
		"head": {
			"translation": [0, -2.75, -4]
		},
		"fixed": {
			"rotation": [-90, 0, 0],
			"translation": [-22, -9.25, -15.75],
			"scale": [2, 2, 2]
		}
	}
}