{
	"credit": "Made with Blockbench",
	"texture_size": [64, 64],
	"textures": {
		"0": "mnaf:props/blocks/boxstack1",
		"particle": "mnaf:props/blocks/boxstack1"
	},
	"elements": [
		{
			"name": "Box1",
			"from": [4.5, 0, 1.5],
			"to": [13.5, 5.5, 8.5],
			"rotation": {"angle": 0, "axis": "y", "origin": [8, 2.5, 6]},
			"faces": {
				"north": {"uv": [3.5, 4.5, 5.75, 6], "texture": "#0"},
				"east": {"uv": [6.5, 2.75, 8.25, 4.25], "texture": "#0"},
				"south": {"uv": [3.25, 1.25, 5.5, 2.75], "texture": "#0"},
				"west": {"uv": [0, 6.75, 1.75, 8.25], "texture": "#0"},
				"up": {"uv": [1.75, 6.75, 0, 4.5], "rotation": 90, "texture": "#0"},
				"down": {"uv": [3.5, 4.5, 1.75, 6.75], "rotation": 270, "texture": "#0"}
			}
		},
		{
			"name": "Box2",
			"from": [3, 0, 10],
			"to": [12, 12.5, 15.5],
			"rotation": {"angle": 0, "axis": "y", "origin": [10, 6, 8]},
			"faces": {
				"north": {"uv": [3.25, 2.25, 0, 0], "rotation": 270, "texture": "#0"},
				"east": {"uv": [0, 11.75, 3.25, 13.25], "rotation": 90, "texture": "#0"},
				"south": {"uv": [3.25, 2.25, 0, 4.5], "rotation": 270, "texture": "#0"},
				"west": {"uv": [8.5, 0, 11.75, 1.5], "rotation": 270, "texture": "#0"},
				"up": {"uv": [8, 4.5, 10.25, 6], "texture": "#0"},
				"down": {"uv": [3.5, 8.75, 5.75, 10.25], "rotation": 180, "texture": "#0"}
			}
		}
	],
	"display": {
		"thirdperson_righthand": {
			"rotation": [0, 46.5, 0],
			"scale": [0.5, 0.5, 0.5]
		},
		"thirdperson_lefthand": {
			"rotation": [0, 46.5, 0],
			"scale": [0.5, 0.5, 0.5]
		},
		"firstperson_righthand": {
			"rotation": [0, 19.5, 0],
			"translation": [0, 1.75, -1.25],
			"scale": [0.5, 0.5, 0.5]
		},
		"firstperson_lefthand": {
			"rotation": [0, 19.5, 0],
			"translation": [0, 1.75, -1.25],
			"scale": [0.5, 0.5, 0.5]
		},
		"fixed": {
			"rotation": [-90, 0, 0],
			"translation": [-1.25, 0, -12.25],
			"scale": [1.5, 1.5, 1.5]
		}
	}
}