{
	"textures": {
		"texture": "mnaf:materials/dark_iron"
	},
	"elements": [
		{
			"from": [5, 4, 8],
			"to": [11, 12, 9],
			"rotation": {"angle": 0, "axis": "y", "origin": [8, 8, 1]},
			"faces": {
				"north": {"uv": [5, 4, 11, 12], "rotation": 180, "texture": "#texture"},
				"east": {"uv": [4, 15, 12, 16], "rotation": 90, "texture": "#texture"},
				"south": {"uv": [11, 12, 5, 4], "texture": "#texture"},
				"west": {"uv": [4, 15, 12, 16], "rotation": 270, "texture": "#texture"},
				"up": {"uv": [5, 15, 11, 16], "texture": "#texture"},
				"down": {"uv": [5, 15, 11, 16], "rotation": 180, "texture": "#texture"}
			}
		},
		{
			"from": [5, 4, 7.5],
			"to": [6, 12, 8],
			"rotation": {"angle": 0, "axis": "y", "origin": [8, 8, 1]},
			"faces": {
				"north": {"uv": [5, 4, 6, 12], "rotation": 180, "texture": "#texture"},
				"east": {"uv": [4, 14.5, 12, 15], "rotation": 90, "texture": "#texture"},
				"south": {"uv": [11, 12, 10, 4], "texture": "#texture"},
				"west": {"uv": [4, 14.5, 12, 15], "rotation": 270, "texture": "#texture"},
				"up": {"uv": [5, 14.5, 6, 15], "texture": "#texture"},
				"down": {"uv": [10, 14.5, 11, 15], "rotation": 180, "texture": "#texture"}
			}
		},
		{
			"from": [10, 4, 7.5],
			"to": [11, 12, 8],
			"rotation": {"angle": 0, "axis": "y", "origin": [8, 8, 1]},
			"faces": {
				"north": {"uv": [10, 4, 11, 12], "rotation": 180, "texture": "#texture"},
				"east": {"uv": [4, 14.5, 12, 15], "rotation": 90, "texture": "#texture"},
				"south": {"uv": [6, 12, 5, 4], "texture": "#texture"},
				"west": {"uv": [4, 14.5, 12, 15], "rotation": 270, "texture": "#texture"},
				"up": {"uv": [10, 14.5, 11, 15], "texture": "#texture"},
				"down": {"uv": [5, 14.5, 6, 15], "rotation": 180, "texture": "#texture"}
			}
		},
		{
			"from": [6, 11, 7.5],
			"to": [10, 12, 8],
			"rotation": {"angle": 0, "axis": "y", "origin": [8, 8, 1]},
			"faces": {
				"north": {"uv": [6, 11, 10, 12], "rotation": 180, "texture": "#texture"},
				"east": {"uv": [4, 14.5, 5, 15], "rotation": 90, "texture": "#texture"},
				"south": {"uv": [10, 12, 6, 11], "texture": "#texture"},
				"west": {"uv": [11, 14.5, 12, 15], "rotation": 270, "texture": "#texture"},
				"up": {"uv": [6, 14.5, 10, 15], "texture": "#texture"},
				"down": {"uv": [6, 14.5, 10, 15], "rotation": 180, "texture": "#texture"}
			}
		},
		{
			"from": [6, 4, 7.5],
			"to": [10, 5, 8],
			"rotation": {"angle": 0, "axis": "y", "origin": [8, 8, 1]},
			"faces": {
				"north": {"uv": [6, 4, 10, 5], "rotation": 180, "texture": "#texture"},
				"east": {"uv": [11, 14.5, 12, 15], "rotation": 90, "texture": "#texture"},
				"south": {"uv": [10, 5, 6, 4], "texture": "#texture"},
				"west": {"uv": [4, 14.5, 5, 15], "rotation": 270, "texture": "#texture"},
				"up": {"uv": [6, 14.5, 10, 15], "texture": "#texture"},
				"down": {"uv": [6, 14.5, 10, 15], "rotation": 180, "texture": "#texture"}
			}
		},
		{
			"from": [7, 7, 6.5],
			"to": [9, 9, 8],
			"rotation": {"angle": 0, "axis": "y", "origin": [8, 8, 1]},
			"faces": {
				"north": {"uv": [7, 7, 9, 9], "rotation": 180, "texture": "#texture"},
				"east": {"uv": [7, 13.5, 9, 15], "rotation": 90, "texture": "#texture"},
				"south": {"uv": [9, 9, 7, 7], "texture": "#texture"},
				"west": {"uv": [7, 13.5, 9, 15], "rotation": 270, "texture": "#texture"},
				"up": {"uv": [7, 13.5, 9, 15], "texture": "#texture"},
				"down": {"uv": [7, 13.5, 9, 15], "rotation": 180, "texture": "#texture"}
			}
		},
		{
			"from": [6.5, 7, 7],
			"to": [7, 9, 8],
			"rotation": {"angle": 0, "axis": "y", "origin": [8, 8, 1]},
			"faces": {
				"north": {"uv": [6.5, 7, 7, 9], "rotation": 180, "texture": "#texture"},
				"east": {"uv": [7, 14, 9, 15], "rotation": 90, "texture": "#texture"},
				"south": {"uv": [9.5, 9, 9, 7], "texture": "#texture"},
				"west": {"uv": [7, 14, 9, 15], "rotation": 270, "texture": "#texture"},
				"up": {"uv": [6.5, 14, 7, 15], "texture": "#texture"},
				"down": {"uv": [9, 14, 9.5, 15], "rotation": 180, "texture": "#texture"}
			}
		},
		{
			"from": [9, 7, 7],
			"to": [9.5, 9, 8],
			"rotation": {"angle": 0, "axis": "y", "origin": [8, 8, 1]},
			"faces": {
				"north": {"uv": [9, 7, 9.5, 9], "rotation": 180, "texture": "#texture"},
				"east": {"uv": [7, 14, 9, 15], "rotation": 90, "texture": "#texture"},
				"south": {"uv": [7, 9, 6.5, 7], "texture": "#texture"},
				"west": {"uv": [7, 14, 9, 15], "rotation": 270, "texture": "#texture"},
				"up": {"uv": [9, 14, 9.5, 15], "texture": "#texture"},
				"down": {"uv": [6.5, 14, 7, 15], "rotation": 180, "texture": "#texture"}
			}
		},
		{
			"from": [7, 6.5, 7],
			"to": [9, 7, 8],
			"rotation": {"angle": 0, "axis": "y", "origin": [8, 8, 1]},
			"faces": {
				"north": {"uv": [7, 6.5, 9, 7], "rotation": 180, "texture": "#texture"},
				"east": {"uv": [9, 14, 9.5, 15], "rotation": 90, "texture": "#texture"},
				"south": {"uv": [9, 7, 7, 6.5], "texture": "#texture"},
				"west": {"uv": [6.5, 14, 7, 15], "rotation": 270, "texture": "#texture"},
				"up": {"uv": [7, 14, 9, 15], "texture": "#texture"},
				"down": {"uv": [7, 14, 9, 15], "rotation": 180, "texture": "#texture"}
			}
		},
		{
			"from": [7, 9, 7],
			"to": [9, 9.5, 8],
			"rotation": {"angle": 0, "axis": "y", "origin": [8, 8, 1]},
			"faces": {
				"north": {"uv": [7, 9, 9, 9.5], "rotation": 180, "texture": "#texture"},
				"east": {"uv": [6.5, 14, 7, 15], "rotation": 90, "texture": "#texture"},
				"south": {"uv": [9, 9.5, 7, 9], "texture": "#texture"},
				"west": {"uv": [9, 14, 9.5, 15], "rotation": 270, "texture": "#texture"},
				"up": {"uv": [7, 14, 9, 15], "texture": "#texture"},
				"down": {"uv": [7, 14, 9, 15], "rotation": 180, "texture": "#texture"}
			}
		}
	],
	"display": {
		"thirdperson_righthand": {
			"rotation": [45, 0, 0],
			"translation": [0, 0.25, 0],
			"scale": [0.4, 0.4, 0.4]
		},
		"thirdperson_lefthand": {
			"rotation": [45, 0, 0],
			"translation": [0, 0.25, 0],
			"scale": [0.4, 0.4, 0.4]
		},
		"firstperson_righthand": {
			"rotation": [0, -90, 25],
			"translation": [1.13, 3.2, 1.13],
			"scale": [0.68, 0.68, -0.68]
		},
		"firstperson_lefthand": {
			"rotation": [0, -90, 25],
			"translation": [1.13, 3.2, 1.13],
			"scale": [0.68, 0.68, -0.68]
		},
		"ground": {
			"translation": [0, 0.25, 0]
		},
		"gui": {
			"rotation": [30, 135, 0],
			"scale": [1.3, 1.3, 1.3]
		},
		"head": {
			"rotation": [90, 0, 0],
			"translation": [0, 7.25, 0]
		},
		"fixed": {
			"translation": [0, 0, -2],
			"scale": [2, 2, 2]
		}
	}
}