{
	"textures": {
		"texture": "mnaf:materials/frosting",
		"cupcake_eye": "mnaf:materials/cupcake_eye",
		"cupcake_rapper": "mnaf:materials/cupcake_wrapper",
		"candle": "mnaf:materials/candle"
	},
	"elements": [
		{
			"from": [5.5, 0, 5],
			"to": [10.5, 5, 10],
			"faces": {
				"north": {"uv": [0, 0, 16, 16], "texture": "#cupcake_rapper"},
				"east": {"uv": [0, 0, 16, 16], "texture": "#cupcake_rapper"},
				"south": {"uv": [0, 0, 16, 16], "texture": "#cupcake_rapper"},
				"west": {"uv": [0, 0, 16, 16], "texture": "#cupcake_rapper"},
				"up": {"uv": [0, 0, 16, 16], "texture": "#cupcake_rapper"},
				"down": {"uv": [0, 0, 16, 16], "texture": "#cupcake_rapper"}
			}
		},
		{
			"from": [5, 4, 4.5],
			"to": [11, 5.5, 10.5],
			"faces": {
				"north": {"uv": [5, 10.5, 11, 12], "texture": "#texture"},
				"east": {"uv": [5.5, 10.5, 11.5, 12], "texture": "#texture"},
				"south": {"uv": [5, 10.5, 11, 12], "texture": "#texture"},
				"west": {"uv": [4.5, 10.5, 10.5, 12], "texture": "#texture"},
				"up": {"uv": [5, 4.5, 11, 10.5], "texture": "#texture"},
				"down": {"uv": [11, 10.5, 5, 4.5], "texture": "#texture"}
			}
		},
		{
			"from": [7.5, 5.5, 5],
			"to": [8.5, 7, 10],
			"faces": {
				"north": {"uv": [7.5, 9, 8.5, 10.5], "texture": "#texture"},
				"east": {"uv": [6, 9, 11, 10.5], "texture": "#texture"},
				"south": {"uv": [7.5, 9, 8.5, 10.5], "texture": "#texture"},
				"west": {"uv": [5, 9, 10, 10.5], "texture": "#texture"},
				"up": {"uv": [7.5, 5, 8.5, 10], "texture": "#texture"},
				"down": {"uv": [8.5, 10, 7.5, 5], "texture": "#texture"}
			}
		},
		{
			"from": [6, 7, 5],
			"to": [10, 7.5, 9.5],
			"faces": {
				"north": {"uv": [6, 8.5, 10, 9], "texture": "#texture"},
				"east": {"uv": [6.5, 8.5, 11, 9], "texture": "#texture"},
				"south": {"uv": [6, 8.5, 10, 9], "texture": "#texture"},
				"west": {"uv": [5, 8.5, 9.5, 9], "texture": "#texture"},
				"up": {"uv": [6, 5, 10, 9.5], "texture": "#texture"},
				"down": {"uv": [10, 9.5, 6, 5], "texture": "#texture"}
			}
		},
		{
			"from": [10, 5.5, 5],
			"to": [10.5, 7, 10],
			"faces": {
				"north": {"uv": [5.5, 9, 6, 10.5], "texture": "#texture"},
				"east": {"uv": [6, 9, 11, 10.5], "texture": "#texture"},
				"south": {"uv": [10, 9, 10.5, 10.5], "texture": "#texture"},
				"west": {"uv": [5, 9, 10, 10.5], "texture": "#texture"},
				"up": {"uv": [10, 5, 10.5, 10], "texture": "#texture"},
				"down": {"uv": [6, 10, 5.5, 5], "texture": "#texture"}
			}
		},
		{
			"from": [5.5, 5.5, 5],
			"to": [6, 7, 10],
			"faces": {
				"north": {"uv": [10, 9, 10.5, 10.5], "texture": "#texture"},
				"east": {"uv": [6, 9, 11, 10.5], "texture": "#texture"},
				"south": {"uv": [5.5, 9, 6, 10.5], "texture": "#texture"},
				"west": {"uv": [5, 9, 10, 10.5], "texture": "#texture"},
				"up": {"uv": [5.5, 5, 6, 10], "texture": "#texture"},
				"down": {"uv": [10.5, 10, 10, 5], "texture": "#texture"}
			}
		},
		{
			"from": [6, 5.5, 6.5],
			"to": [10, 7, 10],
			"faces": {
				"north": {"uv": [6, 9, 10, 10.5], "texture": "#texture"},
				"east": {"uv": [6, 9, 9.5, 10.5], "texture": "#texture"},
				"south": {"uv": [6, 9, 10, 10.5], "texture": "#texture"},
				"west": {"uv": [6.5, 9, 10, 10.5], "texture": "#texture"},
				"up": {"uv": [6, 6.5, 10, 10], "texture": "#texture"},
				"down": {"uv": [10, 10, 6, 6.5], "texture": "#texture"}
			}
		},
		{
			"from": [6, 5.5, 5.5],
			"to": [7.5, 7, 5.5625],
			"faces": {
				"north": {"uv": [0, 0, 16, 16], "texture": "#cupcake_eye"},
				"south": {"uv": [0, 0, 16, 16], "texture": "#cupcake_eye"}
			}
		},
		{
			"from": [8.5, 5.5, 5.5],
			"to": [10, 7, 5.5625],
			"faces": {
				"north": {"uv": [16, 0, 0, 16], "texture": "#cupcake_eye"},
				"south": {"uv": [16, 0, 0, 16], "texture": "#cupcake_eye"}
			}
		},
		{
			"from": [5, 3.5, 5.5],
			"to": [11, 4, 7],
			"faces": {
				"north": {"uv": [5, 12, 11, 12.5], "texture": "#texture"},
				"east": {"uv": [9, 12, 10.5, 12.5], "texture": "#texture"},
				"south": {"uv": [5, 12, 11, 12.5], "texture": "#texture"},
				"west": {"uv": [5.5, 12, 7, 12.5], "texture": "#texture"},
				"up": {"uv": [5, 5.5, 11, 7], "texture": "#texture"},
				"down": {"uv": [11, 7, 5, 5.5], "texture": "#texture"}
			}
		},
		{
			"from": [5, 3.5, 8],
			"to": [11, 4, 9.5],
			"faces": {
				"north": {"uv": [5, 12, 11, 12.5], "texture": "#texture"},
				"east": {"uv": [6.5, 12, 8, 12.5], "texture": "#texture"},
				"south": {"uv": [5, 12, 11, 12.5], "texture": "#texture"},
				"west": {"uv": [8, 12, 9.5, 12.5], "texture": "#texture"},
				"up": {"uv": [5, 8, 11, 9.5], "texture": "#texture"},
				"down": {"uv": [11, 9.5, 5, 8], "texture": "#texture"}
			}
		},
		{
			"from": [6, 3.5, 4.5],
			"to": [7.5, 4, 10.5],
			"faces": {
				"north": {"uv": [8.5, 12, 10, 12.5], "texture": "#texture"},
				"east": {"uv": [5.5, 12, 11.5, 12.5], "texture": "#texture"},
				"south": {"uv": [6, 12, 7.5, 12.5], "texture": "#texture"},
				"west": {"uv": [4.5, 12, 10.5, 12.5], "texture": "#texture"},
				"up": {"uv": [6, 4.5, 7.5, 10.5], "texture": "#texture"},
				"down": {"uv": [10, 10.5, 8.5, 4.5], "texture": "#texture"}
			}
		},
		{
			"from": [8.5, 3.5, 4.5],
			"to": [10, 4, 10.5],
			"faces": {
				"north": {"uv": [6, 12, 7.5, 12.5], "texture": "#texture"},
				"east": {"uv": [5.5, 12, 11.5, 12.5], "texture": "#texture"},
				"south": {"uv": [8.5, 12, 10, 12.5], "texture": "#texture"},
				"west": {"uv": [4.5, 12, 10.5, 12.5], "texture": "#texture"},
				"up": {"uv": [8.5, 4.5, 10, 10.5], "texture": "#texture"},
				"down": {"uv": [7.5, 10.5, 6, 4.5], "texture": "#texture"}
			}
		},
		{
			"from": [7.5, 7.5, 7],
			"to": [8.5, 10.5, 8],
			"faces": {
				"north": {"uv": [0, 0, 4, 16], "texture": "#candle"},
				"east": {"uv": [0, 0, 4, 16], "texture": "#candle"},
				"south": {"uv": [0, 0, 4, 16], "texture": "#candle"},
				"west": {"uv": [0, 0, 4, 4], "texture": "#candle"},
				"up": {"uv": [12, 0, 16, 4], "texture": "#candle"},
				"down": {"uv": [12.5, 0, 16, 3.5], "texture": "#candle"}
			}
		},
		{
			"from": [7.75, 10, 7.25],
			"to": [8.25, 11, 7.75],
			"faces": {
				"north": {"uv": [7.75, 5, 8.25, 6], "texture": "#candle"},
				"east": {"uv": [8.25, 5, 8.75, 6], "texture": "#candle"},
				"south": {"uv": [7.75, 5, 8.25, 6], "texture": "#candle"},
				"west": {"uv": [7.25, 5, 7.75, 6], "texture": "#candle"},
				"up": {"uv": [7.75, 7.25, 8.25, 7.75], "texture": "#candle"},
				"down": {"uv": [8.25, 7.75, 7.75, 7.25], "texture": "#candle"}
			}
		},
		{
			"from": [7.75, 10.75, 7],
			"to": [8.25, 12, 8],
			"faces": {
				"north": {"uv": [7.75, 4, 8.25, 5.25], "texture": "#candle"},
				"east": {"uv": [8, 4, 9, 5.25], "texture": "#candle"},
				"south": {"uv": [7.75, 4, 8.25, 5.25], "texture": "#candle"},
				"west": {"uv": [7, 4, 8, 5.25], "texture": "#candle"},
				"up": {"uv": [7.75, 7, 8.25, 8], "texture": "#candle"},
				"down": {"uv": [8.25, 8, 7.75, 7], "texture": "#candle"}
			}
		},
		{
			"from": [7.5, 10.75, 7.25],
			"to": [8.5, 12, 7.75],
			"faces": {
				"north": {"uv": [7.5, 4, 8.5, 5.25], "texture": "#candle"},
				"east": {"uv": [8.25, 4, 8.75, 5.25], "texture": "#candle"},
				"south": {"uv": [7.5, 4, 8.5, 5.25], "texture": "#candle"},
				"west": {"uv": [7.25, 4, 7.75, 5.25], "texture": "#candle"},
				"up": {"uv": [7.5, 7.25, 8.5, 7.75], "texture": "#candle"},
				"down": {"uv": [8.5, 7.75, 7.5, 7.25], "texture": "#candle"}
			}
		}
	],
	"display": {
		"thirdperson_righthand": {
			"rotation": [45, 0, 0],
			"translation": [0, 1.75, 1.5],
			"scale": [0.5, 0.5, 0.5]
		},
		"thirdperson_lefthand": {
			"rotation": [45, 0, 0],
			"translation": [0, 1.75, 1.5],
			"scale": [0.5, 0.5, 0.5]
		},
		"firstperson_righthand": {
			"rotation": [0, 135, -20],
			"translation": [0, 5.7, 1.13],
			"scale": [0.68, 0.68, 0.68]
		},
		"firstperson_lefthand": {
			"rotation": [0, 135, -20],
			"translation": [0, 5.7, 1.13],
			"scale": [0.68, 0.68, 0.68]
		},
		"ground": {
			"translation": [0, 4.5, 0]
		},
		"gui": {
			"rotation": [30, 135, 0],
			"translation": [0, 3, 0],
			"scale": [1.2, 1.2, 1.2]
		},
		"head": {
			"translation": [0, 14.25, 0.5]
		},
		"fixed": {
			"rotation": [-90, 0, 0],
			"translation": [0, 0, -16],
			"scale": [2, 2, 2]
		}
	}
}