{
	"texture_size": [128, 128],
	"textures": {
		"0": "mnaf:props/blocks/door_big"
	},
	"elements": [
		{
			"from": [-8, -16, 5],
			"to": [24, 32, 11],
			"rotation": {"angle": 0, "axis": "x", "origin": [0, 0, 0]},
			"faces": {
				"north": {"uv": [0, 0, 4, 6], "texture": "#0"},
				"east": {"uv": [0, 6, 0.75, 12], "texture": "#0"},
				"south": {"uv": [0, 0, 4, 6], "texture": "#0"},
				"west": {"uv": [0.75, 6, 1.5, 12], "texture": "#0"},
				"up": {"uv": [8, 0.75, 4, 0], "texture": "#0"},
				"down": {"uv": [8, 0.75, 4, 1.5], "texture": "#0"}
			}
		},
		{
			"from": [-2, 4, 2],
			"to": [2, 6, 4],
			"rotation": {"angle": 0, "axis": "x", "origin": [0, 0, 0]},
			"faces": {
				"north": {"uv": [4, 3, 4.5, 3.25], "texture": "#0"},
				"east": {"uv": [5, 2.25, 5.25, 2.5], "texture": "#0"},
				"south": {"uv": [4, 3.25, 4.5, 3.5], "texture": "#0"},
				"west": {"uv": [5, 2.5, 5.25, 2.75], "texture": "#0"},
				"up": {"uv": [4.5, 3.75, 4, 3.5], "texture": "#0"},
				"down": {"uv": [4.5, 3.75, 4, 4], "texture": "#0"}
			}
		},
		{
			"from": [-2, 4, 12],
			"to": [2, 6, 14],
			"rotation": {"angle": 0, "axis": "x", "origin": [0, 0, 0]},
			"faces": {
				"north": {"uv": [4.5, 2, 5, 2.25], "texture": "#0"},
				"east": {"uv": [5, 3.25, 5.25, 3.5], "texture": "#0"},
				"south": {"uv": [4.5, 2.25, 5, 2.5], "texture": "#0"},
				"west": {"uv": [5, 3.5, 5.25, 3.75], "texture": "#0"},
				"up": {"uv": [5, 2.75, 4.5, 2.5], "texture": "#0"},
				"down": {"uv": [5, 2.75, 4.5, 3], "texture": "#0"}
			}
		},
		{
			"from": [-6, 3, 2],
			"to": [-2, 6, 4],
			"rotation": {"angle": 0, "axis": "x", "origin": [0, 0, 0]},
			"faces": {
				"north": {"uv": [4, 1.5, 4.5, 1.875], "texture": "#0"},
				"east": {"uv": [4.5, 3.5, 4.75, 3.875], "texture": "#0"},
				"south": {"uv": [4, 1.875, 4.5, 2.25], "texture": "#0"},
				"west": {"uv": [4.75, 3.5, 5, 3.875], "texture": "#0"},
				"up": {"uv": [5, 1.75, 4.5, 1.5], "texture": "#0"},
				"down": {"uv": [5, 1.75, 4.5, 2], "texture": "#0"}
			}
		},
		{
			"from": [-6, 3, 12],
			"to": [-2, 6, 14],
			"rotation": {"angle": 0, "axis": "x", "origin": [0, 0, 0]},
			"faces": {
				"north": {"uv": [4, 2.25, 4.5, 2.625], "texture": "#0"},
				"east": {"uv": [5, 1.5, 5.25, 1.875], "texture": "#0"},
				"south": {"uv": [4, 2.625, 4.5, 3], "texture": "#0"},
				"west": {"uv": [5, 1.875, 5.25, 2.25], "texture": "#0"},
				"up": {"uv": [5, 3.25, 4.5, 3], "texture": "#0"},
				"down": {"uv": [5, 3.25, 4.5, 3.5], "texture": "#0"}
			}
		},
		{
			"from": [-5, 3.5, 4],
			"to": [-3, 5.5, 5],
			"rotation": {"angle": 0, "axis": "x", "origin": [0, 0, 0]},
			"faces": {
				"north": {"uv": [5, 2.75, 5.25, 3], "texture": "#0"},
				"east": {"uv": [5.25, 1.75, 5.375, 2], "texture": "#0"},
				"south": {"uv": [5, 3, 5.25, 3.25], "texture": "#0"},
				"west": {"uv": [5.25, 2, 5.375, 2.25], "texture": "#0"},
				"up": {"uv": [4.75, 4, 4.5, 3.875], "texture": "#0"},
				"down": {"uv": [5, 3.875, 4.75, 4], "texture": "#0"}
			}
		},
		{
			"from": [-5, 3.5, 11],
			"to": [-3, 5.5, 12],
			"rotation": {"angle": 0, "axis": "x", "origin": [0, 0, 0]},
			"faces": {
				"north": {"uv": [5, 3.75, 5.25, 4], "texture": "#0"},
				"east": {"uv": [5.25, 2.25, 5.375, 2.5], "texture": "#0"},
				"south": {"uv": [5.25, 1.5, 5.5, 1.75], "texture": "#0"},
				"west": {"uv": [5.25, 2.5, 5.375, 2.75], "texture": "#0"},
				"up": {"uv": [5.5, 2.875, 5.25, 2.75], "texture": "#0"},
				"down": {"uv": [5.5, 2.875, 5.25, 3], "texture": "#0"}
			}
		}
	],
	"display": {
		"thirdperson_righthand": {
			"rotation": [60, 0, 0],
			"translation": [0, 0.75, 1.5],
			"scale": [0.1, 0.1, 0.1]
		},
		"thirdperson_lefthand": {
			"rotation": [60, 0, 0],
			"translation": [0, 0.75, 1.5],
			"scale": [0.1, 0.1, 0.1]
		},
		"firstperson_righthand": {
			"rotation": [0, -45, 0],
			"scale": [0.2, 0.2, 0.2]
		},
		"firstperson_lefthand": {
			"rotation": [0, -45, 0],
			"scale": [0.2, 0.2, 0.2]
		},
		"ground": {
			"translation": [0, 3.5, 0],
			"scale": [0.3, 0.3, 0.3]
		},
		"gui": {
			"rotation": [30, 135, 0],
			"translation": [0, -0.25, 0],
			"scale": [0.27, 0.27, 0.27]
		},
		"head": {
			"rotation": [90, 0, 0],
			"translation": [0, 9.5, 0]
		},
		"fixed": {
			"rotation": [-90, 0, 0],
			"translation": [0, 0, -48],
			"scale": [2, 2, 2]
		}
	}
}