{
	"texture_size": [128, 128],
	"textures": {
		"0": "mnaf:props/blocks/fake_cactus"
	},
	"elements": [
		{
			"from": [4, -11, 4],
			"to": [12, 25, 12],
			"rotation": {"angle": 0, "axis": "y", "origin": [12, 5, 12]},
			"faces": {
				"north": {"uv": [0, 0, 1, 4.5], "texture": "#0"},
				"east": {"uv": [1, 1, 2, 5.5], "texture": "#0"},
				"south": {"uv": [2, 2, 3, 6.5], "texture": "#0"},
				"west": {"uv": [3, 3, 4, 7.5], "texture": "#0"},
				"up": {"uv": [2, 1, 1, 0], "texture": "#0"},
				"down": {"uv": [3, 0, 2, 1], "texture": "#0"}
			}
		},
		{
			"from": [4.5, 25, 4.5],
			"to": [11.5, 29, 11.5],
			"rotation": {"angle": 0, "axis": "y", "origin": [11.5, 9, 12.5]},
			"faces": {
				"north": {"uv": [7.5, 1.375, 8.375, 1.875], "texture": "#0"},
				"east": {"uv": [7.5, 1.875, 8.375, 2.375], "texture": "#0"},
				"south": {"uv": [7.5, 2.375, 8.375, 2.875], "texture": "#0"},
				"west": {"uv": [0, 7.625, 0.875, 8.125], "texture": "#0"},
				"up": {"uv": [2.875, 1.875, 2, 1], "texture": "#0"},
				"down": {"uv": [6.25, 1.5, 5.375, 2.375], "texture": "#0"}
			}
		},
		{
			"from": [5, -16, 5],
			"to": [11, -10, 11],
			"rotation": {"angle": 0, "axis": "y", "origin": [12, -26, 13]},
			"faces": {
				"north": {"uv": [6.625, 0, 7.375, 0.75], "texture": "#0"},
				"east": {"uv": [6.625, 0.75, 7.375, 1.5], "texture": "#0"},
				"south": {"uv": [6.75, 1.5, 7.5, 2.25], "texture": "#0"},
				"west": {"uv": [6.75, 2.25, 7.5, 3], "texture": "#0"},
				"up": {"uv": [7.625, 7.625, 6.875, 6.875], "texture": "#0"},
				"down": {"uv": [7.625, 6, 6.875, 6.75], "texture": "#0"}
			}
		},
		{
			"from": [3.5, -3, 3],
			"to": [12.5, 18, 13],
			"rotation": {"angle": 0, "axis": "y", "origin": [12.5, 5, 4]},
			"faces": {
				"north": {"uv": [4.25, 0, 5.375, 2.625], "texture": "#0"},
				"east": {"uv": [3, 0, 4.25, 2.625], "texture": "#0"},
				"south": {"uv": [5.25, 5.25, 6.375, 7.875], "texture": "#0"},
				"west": {"uv": [4, 4, 5.25, 6.625], "texture": "#0"},
				"up": {"uv": [5.125, 3.875, 4, 2.625], "texture": "#0"},
				"down": {"uv": [6.25, 2.625, 5.125, 3.875], "texture": "#0"}
			}
		},
		{
			"from": [-2.0719, 5.58385, 5.8],
			"to": [1.9281, 16.58385, 11.1],
			"rotation": {"angle": 0, "axis": "y", "origin": [5.9281, -1.41615, 14]},
			"faces": {
				"north": {"uv": [4, 6.625, 4.5, 8], "texture": "#0"},
				"east": {"uv": [5.25, 3.875, 5.875, 5.25], "texture": "#0"},
				"south": {"uv": [5.25, 6.625, 5.75, 8], "texture": "#0"},
				"west": {"uv": [4.5, 4, 5.125, 5.375], "texture": "#0"},
				"up": {"uv": [1.875, 7.625, 1.375, 7], "texture": "#0"},
				"down": {"uv": [8.125, 6.125, 7.625, 6.75], "texture": "#0"}
			}
		},
		{
			"from": [4.9, 4.58385, 14.0719],
			"to": [10.2, 16.58385, 18.0719],
			"rotation": {"angle": 0, "axis": "y", "origin": [13, -2.41615, 10.0719]},
			"faces": {
				"north": {"uv": [0, 4.5, 0.625, 6], "texture": "#0"},
				"east": {"uv": [6.25, 1.5, 6.75, 3], "texture": "#0"},
				"south": {"uv": [5.375, 0, 6, 1.5], "texture": "#0"},
				"west": {"uv": [6.375, 6.375, 6.875, 7.875], "texture": "#0"},
				"up": {"uv": [8.25, 7.25, 7.625, 6.75], "texture": "#0"},
				"down": {"uv": [8.375, 2.875, 7.75, 3.375], "texture": "#0"}
			}
		},
		{
			"from": [4.9, 2.58385, -2.0719],
			"to": [10.1, 14.58385, 1.9281],
			"rotation": {"angle": 0, "axis": "y", "origin": [13, -4.41615, 5.9281]},
			"faces": {
				"north": {"uv": [0.625, 5.5, 1.25, 7], "texture": "#0"},
				"east": {"uv": [1.875, 6.5, 2.375, 8], "texture": "#0"},
				"south": {"uv": [1.25, 5.5, 1.875, 7], "texture": "#0"},
				"west": {"uv": [2.375, 6.5, 2.875, 8], "texture": "#0"},
				"up": {"uv": [5.625, 8.375, 5, 7.875], "texture": "#0"},
				"down": {"uv": [6.25, 7.875, 5.625, 8.375], "texture": "#0"}
			}
		},
		{
			"from": [14.0719, 7.5838, 5.8],
			"to": [18.0719, 19.5838, 11.1],
			"rotation": {"angle": 0, "axis": "y", "origin": [10.0719, 0.58385, 14]},
			"faces": {
				"north": {"uv": [6.5, 3, 7, 4.5], "texture": "#0"},
				"east": {"uv": [0, 6, 0.625, 7.5], "texture": "#0"},
				"south": {"uv": [6.5, 4.5, 7, 6], "texture": "#0"},
				"west": {"uv": [6, 0, 6.625, 1.5], "texture": "#0"},
				"up": {"uv": [6.75, 8.5, 6.25, 7.875], "texture": "#0"},
				"down": {"uv": [2.125, 8, 1.625, 8.625], "texture": "#0"}
			}
		},
		{
			"from": [0, 0, 6],
			"to": [6, 4, 11],
			"rotation": {"angle": -22.5, "axis": "z", "origin": [13, 8, 14]},
			"faces": {
				"north": {"uv": [0.875, 7.625, 1.625, 8.125], "texture": "#0"},
				"east": {"uv": [2.125, 8, 2.75, 8.5], "texture": "#0"},
				"south": {"uv": [6.875, 7.625, 7.625, 8.125], "texture": "#0"},
				"west": {"uv": [3.625, 8, 4.25, 8.5], "texture": "#0"},
				"up": {"uv": [1.375, 7.625, 0.625, 7], "texture": "#0"},
				"down": {"uv": [7.75, 3, 7, 3.625], "texture": "#0"}
			}
		},
		{
			"from": [5, -1, 10],
			"to": [10, 3, 16],
			"rotation": {"angle": -22.5, "axis": "x", "origin": [13, 7, 3]},
			"faces": {
				"north": {"uv": [4.25, 8, 4.875, 8.5], "texture": "#0"},
				"east": {"uv": [7.625, 7.625, 8.375, 8.125], "texture": "#0"},
				"south": {"uv": [8, 0, 8.625, 0.5], "texture": "#0"},
				"west": {"uv": [7.625, 3.625, 8.375, 4.125], "texture": "#0"},
				"up": {"uv": [7.625, 4.375, 7, 3.625], "texture": "#0"},
				"down": {"uv": [7.625, 4.375, 7, 5.125], "texture": "#0"}
			}
		},
		{
			"from": [5, -3, 0],
			"to": [10, 1, 6],
			"rotation": {"angle": 22.5, "axis": "x", "origin": [13, 5, 13]},
			"faces": {
				"north": {"uv": [0, 8.125, 0.625, 8.625], "texture": "#0"},
				"east": {"uv": [7.625, 4.125, 8.375, 4.625], "texture": "#0"},
				"south": {"uv": [0.625, 8.125, 1.25, 8.625], "texture": "#0"},
				"west": {"uv": [7.625, 4.625, 8.375, 5.125], "texture": "#0"},
				"up": {"uv": [7.625, 5.875, 7, 5.125], "texture": "#0"},
				"down": {"uv": [8, 0, 7.375, 0.75], "texture": "#0"}
			}
		},
		{
			"from": [10, 2, 6],
			"to": [16, 6, 11],
			"rotation": {"angle": 22.5, "axis": "z", "origin": [3, 10, 14]},
			"faces": {
				"north": {"uv": [7.625, 5.125, 8.375, 5.625], "texture": "#0"},
				"east": {"uv": [2.75, 8.125, 3.375, 8.625], "texture": "#0"},
				"south": {"uv": [7.625, 5.625, 8.375, 6.125], "texture": "#0"},
				"west": {"uv": [6.75, 8.125, 7.375, 8.625], "texture": "#0"},
				"up": {"uv": [8.125, 1.375, 7.375, 0.75], "texture": "#0"},
				"down": {"uv": [3.625, 7.5, 2.875, 8.125], "texture": "#0"}
			}
		},
		{
			"from": [2.5, 5, 3],
			"to": [3.5, 6, 3],
			"rotation": {"angle": 0, "axis": "y", "origin": [10.5, 13, 11]},
			"faces": {
				"north": {"uv": [11.5, 8.5, 11.625, 8.625], "texture": "#0"},
				"east": {"uv": [10.875, 6.375, 10.875, 6.5], "texture": "#0"},
				"south": {"uv": [11.375, 10, 11.5, 10.125], "texture": "#0"},
				"west": {"uv": [12.5, 9, 12.5, 9.125], "texture": "#0"},
				"up": {"uv": [10.25, 6.5, 10.375, 6.5], "texture": "#0"},
				"down": {"uv": [13, 6.375, 13.125, 6.375], "texture": "#0"}
			}
		},
		{
			"from": [12.5, 5, 3],
			"to": [13.5, 6, 3],
			"rotation": {"angle": 0, "axis": "y", "origin": [20.5, 13, 11]},
			"faces": {
				"north": {"uv": [11.5, 8.5, 11.625, 8.625], "texture": "#0"},
				"east": {"uv": [10.875, 6.375, 10.875, 6.5], "texture": "#0"},
				"south": {"uv": [11.375, 10, 11.5, 10.125], "texture": "#0"},
				"west": {"uv": [12.5, 9, 12.5, 9.125], "texture": "#0"},
				"up": {"uv": [10.25, 6.5, 10.375, 6.5], "texture": "#0"},
				"down": {"uv": [13, 6.375, 13.125, 6.375], "texture": "#0"}
			}
		},
		{
			"from": [2.5, 0, 13],
			"to": [3.5, 1, 13],
			"rotation": {"angle": 0, "axis": "y", "origin": [10.5, 8, 21]},
			"faces": {
				"north": {"uv": [11.5, 8.5, 11.625, 8.625], "texture": "#0"},
				"east": {"uv": [10.875, 6.375, 10.875, 6.5], "texture": "#0"},
				"south": {"uv": [11.375, 10, 11.5, 10.125], "texture": "#0"},
				"west": {"uv": [12.5, 9, 12.5, 9.125], "texture": "#0"},
				"up": {"uv": [10.25, 6.5, 10.375, 6.5], "texture": "#0"},
				"down": {"uv": [13, 6.375, 13.125, 6.375], "texture": "#0"}
			}
		},
		{
			"from": [12.5, -3, 13],
			"to": [13.5, -2, 13],
			"rotation": {"angle": 0, "axis": "y", "origin": [20.5, 5, 21]},
			"faces": {
				"north": {"uv": [11.5, 8.5, 11.625, 8.625], "texture": "#0"},
				"east": {"uv": [10.875, 6.375, 10.875, 6.5], "texture": "#0"},
				"south": {"uv": [11.375, 10, 11.5, 10.125], "texture": "#0"},
				"west": {"uv": [12.5, 9, 12.5, 9.125], "texture": "#0"},
				"up": {"uv": [10.25, 6.5, 10.375, 6.5], "texture": "#0"},
				"down": {"uv": [13, 6.375, 13.125, 6.375], "texture": "#0"}
			}
		},
		{
			"from": [2.5, 15, 13],
			"to": [3.5, 16, 13],
			"rotation": {"angle": 0, "axis": "y", "origin": [10.5, 23, 21]},
			"faces": {
				"north": {"uv": [11.5, 8.5, 11.625, 8.625], "texture": "#0"},
				"east": {"uv": [10.875, 6.375, 10.875, 6.5], "texture": "#0"},
				"south": {"uv": [11.375, 10, 11.5, 10.125], "texture": "#0"},
				"west": {"uv": [12.5, 9, 12.5, 9.125], "texture": "#0"},
				"up": {"uv": [10.25, 6.5, 10.375, 6.5], "texture": "#0"},
				"down": {"uv": [13, 6.375, 13.125, 6.375], "texture": "#0"}
			}
		},
		{
			"from": [3, 24, 11.999],
			"to": [4, 25, 11.999],
			"rotation": {"angle": 0, "axis": "y", "origin": [11, 32, 19.999]},
			"faces": {
				"north": {"uv": [11.5, 8.5, 11.625, 8.625], "texture": "#0"},
				"east": {"uv": [10.875, 6.375, 10.875, 6.5], "texture": "#0"},
				"south": {"uv": [11.375, 10, 11.5, 10.125], "texture": "#0"},
				"west": {"uv": [12.5, 9, 12.5, 9.125], "texture": "#0"},
				"up": {"uv": [10.25, 6.5, 10.375, 6.5], "texture": "#0"},
				"down": {"uv": [13, 6.375, 13.125, 6.375], "texture": "#0"}
			}
		},
		{
			"from": [12, 24, 11.999],
			"to": [13, 25, 11.999],
			"rotation": {"angle": 0, "axis": "y", "origin": [20, 32, 19.999]},
			"faces": {
				"north": {"uv": [11.5, 8.5, 11.625, 8.625], "texture": "#0"},
				"east": {"uv": [10.875, 6.375, 10.875, 6.5], "texture": "#0"},
				"south": {"uv": [11.375, 10, 11.5, 10.125], "texture": "#0"},
				"west": {"uv": [12.5, 9, 12.5, 9.125], "texture": "#0"},
				"up": {"uv": [10.25, 6.5, 10.375, 6.5], "texture": "#0"},
				"down": {"uv": [13, 6.375, 13.125, 6.375], "texture": "#0"}
			}
		},
		{
			"from": [3, 19, 3.999],
			"to": [4, 20, 3.999],
			"rotation": {"angle": 0, "axis": "y", "origin": [11, 27, 11.999]},
			"faces": {
				"north": {"uv": [11.5, 8.5, 11.625, 8.625], "texture": "#0"},
				"east": {"uv": [10.875, 6.375, 10.875, 6.5], "texture": "#0"},
				"south": {"uv": [11.375, 10, 11.5, 10.125], "texture": "#0"},
				"west": {"uv": [12.5, 9, 12.5, 9.125], "texture": "#0"},
				"up": {"uv": [10.25, 6.5, 10.375, 6.5], "texture": "#0"},
				"down": {"uv": [13, 6.375, 13.125, 6.375], "texture": "#0"}
			}
		},
		{
			"from": [12, 19, 3.999],
			"to": [13, 20, 3.999],
			"rotation": {"angle": 0, "axis": "y", "origin": [20, 27, 11.999]},
			"faces": {
				"north": {"uv": [11.5, 8.5, 11.625, 8.625], "texture": "#0"},
				"east": {"uv": [10.875, 6.375, 10.875, 6.5], "texture": "#0"},
				"south": {"uv": [11.375, 10, 11.5, 10.125], "texture": "#0"},
				"west": {"uv": [12.5, 9, 12.5, 9.125], "texture": "#0"},
				"up": {"uv": [10.25, 6.5, 10.375, 6.5], "texture": "#0"},
				"down": {"uv": [13, 6.375, 13.125, 6.375], "texture": "#0"}
			}
		},
		{
			"from": [-3.0719, 15.58385, 5.8],
			"to": [-2.0719, 16.58385, 5.8],
			"rotation": {"angle": 0, "axis": "y", "origin": [4.9281, 23.58385, 13.8]},
			"faces": {
				"north": {"uv": [11.5, 8.5, 11.625, 8.625], "texture": "#0"},
				"east": {"uv": [10.875, 6.375, 10.875, 6.5], "texture": "#0"},
				"south": {"uv": [11.375, 10, 11.5, 10.125], "texture": "#0"},
				"west": {"uv": [12.5, 9, 12.5, 9.125], "texture": "#0"},
				"up": {"uv": [10.25, 6.5, 10.375, 6.5], "texture": "#0"},
				"down": {"uv": [13, 6.375, 13.125, 6.375], "texture": "#0"}
			}
		},
		{
			"from": [18.0719, 14.5838, 5.8],
			"to": [19.0719, 15.5838, 5.8],
			"rotation": {"angle": 0, "axis": "y", "origin": [26.0719, 22.5838, 13.8]},
			"faces": {
				"north": {"uv": [11.5, 8.5, 11.625, 8.625], "texture": "#0"},
				"east": {"uv": [10.875, 6.375, 10.875, 6.5], "texture": "#0"},
				"south": {"uv": [11.375, 10, 11.5, 10.125], "texture": "#0"},
				"west": {"uv": [12.5, 9, 12.5, 9.125], "texture": "#0"},
				"up": {"uv": [10.25, 6.5, 10.375, 6.5], "texture": "#0"},
				"down": {"uv": [13, 6.375, 13.125, 6.375], "texture": "#0"}
			}
		},
		{
			"from": [-3.0719, 7.58385, 5.8],
			"to": [-2.0719, 8.58385, 5.8],
			"rotation": {"angle": 0, "axis": "y", "origin": [4.9281, 15.58385, 13.8]},
			"faces": {
				"north": {"uv": [11.5, 8.5, 11.625, 8.625], "texture": "#0"},
				"east": {"uv": [10.875, 6.375, 10.875, 6.5], "texture": "#0"},
				"south": {"uv": [11.375, 10, 11.5, 10.125], "texture": "#0"},
				"west": {"uv": [12.5, 9, 12.5, 9.125], "texture": "#0"},
				"up": {"uv": [10.25, 6.5, 10.375, 6.5], "texture": "#0"},
				"down": {"uv": [13, 6.375, 13.125, 6.375], "texture": "#0"}
			}
		},
		{
			"from": [3.499, -3, 2],
			"to": [3.499, -2, 3],
			"rotation": {"angle": 0, "axis": "y", "origin": [11.499, 5, 10]},
			"faces": {
				"north": {"uv": [11.5, 8.5, 11.625, 8.625], "texture": "#0"},
				"east": {"uv": [10.875, 6.375, 10.875, 6.5], "texture": "#0"},
				"south": {"uv": [11.375, 10, 11.5, 10.125], "texture": "#0"},
				"west": {"uv": [12.5, 9, 12.5, 9.125], "texture": "#0"},
				"up": {"uv": [10.25, 6.5, 10.375, 6.5], "texture": "#0"},
				"down": {"uv": [13, 6.375, 13.125, 6.375], "texture": "#0"}
			}
		},
		{
			"from": [12.499, 0, 2],
			"to": [12.499, 1, 3],
			"rotation": {"angle": 0, "axis": "y", "origin": [20.499, 8, 10]},
			"faces": {
				"north": {"uv": [11.5, 8.5, 11.625, 8.625], "texture": "#0"},
				"east": {"uv": [10.875, 6.375, 10.875, 6.5], "texture": "#0"},
				"south": {"uv": [11.375, 10, 11.5, 10.125], "texture": "#0"},
				"west": {"uv": [12.5, 9, 12.5, 9.125], "texture": "#0"},
				"up": {"uv": [10.25, 6.5, 10.375, 6.5], "texture": "#0"},
				"down": {"uv": [13, 6.375, 13.125, 6.375], "texture": "#0"}
			}
		},
		{
			"from": [11.999, -9, 3],
			"to": [11.999, -8, 4],
			"rotation": {"angle": 0, "axis": "y", "origin": [19.999, -1, 11]},
			"faces": {
				"north": {"uv": [11.5, 8.5, 11.625, 8.625], "texture": "#0"},
				"east": {"uv": [10.875, 6.375, 10.875, 6.5], "texture": "#0"},
				"south": {"uv": [11.375, 10, 11.5, 10.125], "texture": "#0"},
				"west": {"uv": [12.5, 9, 12.5, 9.125], "texture": "#0"},
				"up": {"uv": [10.25, 6.5, 10.375, 6.5], "texture": "#0"},
				"down": {"uv": [13, 6.375, 13.125, 6.375], "texture": "#0"}
			}
		},
		{
			"from": [3.999, -9, 3],
			"to": [3.999, -8, 4],
			"rotation": {"angle": 0, "axis": "y", "origin": [11.999, -1, 11]},
			"faces": {
				"north": {"uv": [11.5, 8.5, 11.625, 8.625], "texture": "#0"},
				"east": {"uv": [10.875, 6.375, 10.875, 6.5], "texture": "#0"},
				"south": {"uv": [11.375, 10, 11.5, 10.125], "texture": "#0"},
				"west": {"uv": [12.5, 9, 12.5, 9.125], "texture": "#0"},
				"up": {"uv": [10.25, 6.5, 10.375, 6.5], "texture": "#0"},
				"down": {"uv": [13, 6.375, 13.125, 6.375], "texture": "#0"}
			}
		},
		{
			"from": [11.999, -9, 12],
			"to": [11.999, -8, 13],
			"rotation": {"angle": 0, "axis": "y", "origin": [19.999, -1, 20]},
			"faces": {
				"north": {"uv": [11.5, 8.5, 11.625, 8.625], "texture": "#0"},
				"east": {"uv": [10.875, 6.375, 10.875, 6.5], "texture": "#0"},
				"south": {"uv": [11.375, 10, 11.5, 10.125], "texture": "#0"},
				"west": {"uv": [12.5, 9, 12.5, 9.125], "texture": "#0"},
				"up": {"uv": [10.25, 6.5, 10.375, 6.5], "texture": "#0"},
				"down": {"uv": [13, 6.375, 13.125, 6.375], "texture": "#0"}
			}
		},
		{
			"from": [3.999, -9, 12],
			"to": [3.999, -8, 13],
			"rotation": {"angle": 0, "axis": "y", "origin": [11.999, -1, 20]},
			"faces": {
				"north": {"uv": [11.5, 8.5, 11.625, 8.625], "texture": "#0"},
				"east": {"uv": [10.875, 6.375, 10.875, 6.5], "texture": "#0"},
				"south": {"uv": [11.375, 10, 11.5, 10.125], "texture": "#0"},
				"west": {"uv": [12.5, 9, 12.5, 9.125], "texture": "#0"},
				"up": {"uv": [10.25, 6.5, 10.375, 6.5], "texture": "#0"},
				"down": {"uv": [13, 6.375, 13.125, 6.375], "texture": "#0"}
			}
		}
	],
	"display": {
		"thirdperson_righthand": {
			"translation": [0, 3, 1],
			"scale": [0.2, 0.2, 0.2]
		},
		"thirdperson_lefthand": {
			"translation": [0, 3, 1],
			"scale": [0.2, 0.2, 0.2]
		},
		"firstperson_righthand": {
			"rotation": [0, -90, 25],
			"translation": [0, 3, 0],
			"scale": [0.2, 0.2, 0.2]
		},
		"firstperson_lefthand": {
			"rotation": [0, -90, 25],
			"translation": [0, 3, 0],
			"scale": [0.2, 0.2, 0.2]
		},
		"ground": {
			"translation": [0, 6, 0],
			"scale": [0.4, 0.4, 0.4]
		},
		"gui": {
			"rotation": [30, 225, 0],
			"translation": [0, 0.25, 0],
			"scale": [0.33, 0.33, 0.33]
		},
		"head": {
			"translation": [0, 30, 0]
		},
		"fixed": {
			"rotation": [-90, 0, 0],
			"translation": [0, 0, -48],
			"scale": [2, 2, 2]
		}
	}
}