{
	"textures": {
		"1": "mnaf:materials/gold",
		"texture": "mnaf:materials/black"
	},
	"elements": [
		{
			"from": [7, 0, 7],
			"to": [9, 8, 9],
			"faces": {
				"north": {"uv": [7, 8, 9, 16], "texture": "#texture"},
				"east": {"uv": [7, 8, 9, 16], "texture": "#texture"},
				"south": {"uv": [7, 8, 9, 16], "texture": "#texture"},
				"west": {"uv": [7, 8, 9, 16], "texture": "#texture"},
				"up": {"uv": [7, 7, 9, 9], "texture": "#texture"},
				"down": {"uv": [9, 9, 7, 7], "texture": "#texture"}
			}
		},
		{
			"from": [6.5, 8, 6.5],
			"to": [9.5, 8.5, 9.5],
			"faces": {
				"north": {"uv": [6.5, 7.5, 9.5, 8], "texture": "#texture"},
				"east": {"uv": [6.5, 7.5, 9.5, 8], "texture": "#texture"},
				"south": {"uv": [6.5, 7.5, 9.5, 8], "texture": "#texture"},
				"west": {"uv": [6.5, 7.5, 9.5, 8], "texture": "#texture"},
				"up": {"uv": [6.5, 6.5, 9.5, 9.5], "texture": "#texture"},
				"down": {"uv": [9.5, 9.5, 6.5, 6.5], "texture": "#texture"}
			}
		},
		{
			"from": [6, 8.5, 6],
			"to": [6.5, 10, 10],
			"faces": {
				"north": {"uv": [9.5, 6, 10, 7.5], "texture": "#texture"},
				"east": {"uv": [6, 6, 10, 7.5], "texture": "#texture"},
				"south": {"uv": [6, 6, 6.5, 7.5], "texture": "#texture"},
				"west": {"uv": [6, 6, 10, 7.5], "texture": "#texture"},
				"up": {"uv": [6, 6, 6.5, 10], "texture": "#texture"},
				"down": {"uv": [10, 10, 9.5, 6], "texture": "#texture"}
			}
		},
		{
			"from": [9.5, 8.5, 6],
			"to": [10, 10, 10],
			"faces": {
				"north": {"uv": [6, 6, 6.5, 7.5], "texture": "#texture"},
				"east": {"uv": [6, 6, 10, 7.5], "texture": "#texture"},
				"south": {"uv": [9.5, 6, 10, 7.5], "texture": "#texture"},
				"west": {"uv": [6, 6, 10, 7.5], "texture": "#texture"},
				"up": {"uv": [9.5, 6, 10, 10], "texture": "#texture"},
				"down": {"uv": [6.5, 10, 6, 6], "texture": "#texture"}
			}
		},
		{
			"from": [6.5, 8.5, 6],
			"to": [9.5, 10, 6.5],
			"faces": {
				"north": {"uv": [6.5, 6, 9.5, 7.5], "texture": "#texture"},
				"east": {"uv": [9.5, 6, 10, 7.5], "texture": "#texture"},
				"south": {"uv": [6.5, 6, 9.5, 7.5], "texture": "#texture"},
				"west": {"uv": [6, 6, 6.5, 7.5], "texture": "#texture"},
				"up": {"uv": [6.5, 6, 9.5, 6.5], "texture": "#texture"},
				"down": {"uv": [9.5, 6.5, 6.5, 6], "texture": "#texture"}
			}
		},
		{
			"from": [6.5, 8.5, 9.5],
			"to": [9.5, 10, 10],
			"faces": {
				"north": {"uv": [6.5, 6, 9.5, 7.5], "texture": "#texture"},
				"east": {"uv": [6, 6, 6.5, 7.5], "texture": "#texture"},
				"south": {"uv": [6.5, 6, 9.5, 7.5], "texture": "#texture"},
				"west": {"uv": [9.5, 6, 10, 7.5], "texture": "#texture"},
				"up": {"uv": [6.5, 9.5, 9.5, 10], "texture": "#texture"},
				"down": {"uv": [9.5, 10, 6.5, 9.5], "texture": "#texture"}
			}
		},
		{
			"from": [6.5, 9.4375, 6.5],
			"to": [9.5, 9.5, 9.5],
			"shade": false,
			"faces": {
				"up": {"uv": [6.5, 6.5, 9.5, 9.5], "texture": "#1"},
				"down": {"uv": [9.5, 9.5, 6.5, 6.5], "texture": "#texture"}
			}
		}
	],
	"display": {
		"thirdperson_righthand": {
			"rotation": [-33, 0, 0],
			"translation": [0, 1.59, -1.19]
		},
		"thirdperson_lefthand": {
			"rotation": [-33, 0, 0],
			"translation": [0, 1.59, -1.19]
		},
		"firstperson_righthand": {
			"rotation": [-78, -1, -1],
			"translation": [-1.51, 2.46, 0.57]
		},
		"firstperson_lefthand": {
			"rotation": [-78, -1, -1],
			"translation": [-1.51, 2.46, 0.57]
		},
		"ground": {
			"rotation": [-84, 0, 0],
			"translation": [0, -1.5, -3]
		},
		"gui": {
			"rotation": [0, 35, 55],
			"translation": [-2.25, 1.75, 0],
			"scale": [1.5, 1.5, 1.5]
		},
		"head": {
			"rotation": [-90, 0, 0],
			"translation": [0, 7.25, -6.5]
		},
		"fixed": {
			"rotation": [0, 0, 50],
			"translation": [-1.5, 1.5, -2]
		}
	}
}