{
	"parent": "block/cube_all",
	"textures": {
		"1": "mnaf:materials/gold",
		"texture": "mnaf:materials/black"
	},
	"elements": [
		{
			"from": [6, 0, 6],
			"to": [10, 1, 10],
			"faces": {
				"north": {"uv": [6, 15, 10, 16], "texture": "#texture"},
				"east": {"uv": [6, 15, 10, 16], "texture": "#texture"},
				"south": {"uv": [6, 15, 10, 16], "texture": "#texture"},
				"west": {"uv": [6, 15, 10, 16], "texture": "#texture"},
				"up": {"uv": [6, 6, 10, 10], "texture": "#texture"},
				"down": {"uv": [10, 10, 6, 6], "texture": "#texture"}
			}
		},
		{
			"from": [5, 1, 5],
			"to": [11, 2, 11],
			"faces": {
				"north": {"uv": [5, 14, 11, 15], "texture": "#texture"},
				"east": {"uv": [5, 14, 11, 15], "texture": "#texture"},
				"south": {"uv": [5, 14, 11, 15], "texture": "#texture"},
				"west": {"uv": [5, 14, 11, 15], "texture": "#texture"},
				"up": {"uv": [5, 5, 11, 11], "texture": "#texture"},
				"down": {"uv": [11, 11, 5, 5], "texture": "#texture"}
			}
		},
		{
			"from": [5, 2, 5],
			"to": [6, 4, 6],
			"faces": {
				"north": {"uv": [10, 12, 11, 14], "texture": "#texture"},
				"east": {"uv": [10, 12, 11, 14], "texture": "#texture"},
				"south": {"uv": [5, 12, 6, 14], "texture": "#texture"},
				"west": {"uv": [5, 12, 6, 14], "texture": "#texture"},
				"up": {"uv": [5, 5, 6, 6], "texture": "#texture"},
				"down": {"uv": [11, 6, 10, 5], "texture": "#texture"}
			}
		},
		{
			"from": [4.5, 4, 4.5],
			"to": [5.5, 6, 5.5],
			"faces": {
				"north": {"uv": [10.5, 10, 11.5, 12], "texture": "#texture"},
				"east": {"uv": [10.5, 10, 11.5, 12], "texture": "#texture"},
				"south": {"uv": [4.5, 10, 5.5, 12], "texture": "#texture"},
				"west": {"uv": [4.5, 10, 5.5, 12], "texture": "#texture"},
				"up": {"uv": [4.5, 4.5, 5.5, 5.5], "texture": "#texture"},
				"down": {"uv": [11.5, 5.5, 10.5, 4.5], "texture": "#texture"}
			}
		},
		{
			"from": [4, 6, 4],
			"to": [5, 8, 5],
			"faces": {
				"north": {"uv": [11, 8, 12, 10], "texture": "#texture"},
				"east": {"uv": [11, 8, 12, 10], "texture": "#texture"},
				"south": {"uv": [4, 8, 5, 10], "texture": "#texture"},
				"west": {"uv": [4, 8, 5, 10], "texture": "#texture"},
				"up": {"uv": [4, 4, 5, 5], "texture": "#texture"},
				"down": {"uv": [12, 5, 11, 4], "texture": "#texture"}
			}
		},
		{
			"from": [3.5, 8, 3.5],
			"to": [4.5, 10, 4.5],
			"faces": {
				"north": {"uv": [11.5, 6, 12.5, 8], "texture": "#texture"},
				"east": {"uv": [11.5, 6, 12.5, 8], "texture": "#texture"},
				"south": {"uv": [3.5, 6, 4.5, 8], "texture": "#texture"},
				"west": {"uv": [3.5, 6, 4.5, 8], "texture": "#texture"},
				"up": {"uv": [3.5, 3.5, 4.5, 4.5], "texture": "#texture"},
				"down": {"uv": [12.5, 4.5, 11.5, 3.5], "texture": "#texture"}
			}
		},
		{
			"from": [10, 2, 5],
			"to": [11, 4, 6],
			"faces": {
				"north": {"uv": [5, 12, 6, 14], "texture": "#texture"},
				"east": {"uv": [10, 12, 11, 14], "texture": "#texture"},
				"south": {"uv": [10, 12, 11, 14], "texture": "#texture"},
				"west": {"uv": [5, 12, 6, 14], "texture": "#texture"},
				"up": {"uv": [10, 5, 11, 6], "texture": "#texture"},
				"down": {"uv": [6, 6, 5, 5], "texture": "#texture"}
			}
		},
		{
			"from": [10, 2, 10],
			"to": [11, 4, 11],
			"faces": {
				"north": {"uv": [5, 12, 6, 14], "texture": "#texture"},
				"east": {"uv": [5, 12, 6, 14], "texture": "#texture"},
				"south": {"uv": [10, 12, 11, 14], "texture": "#texture"},
				"west": {"uv": [10, 12, 11, 14], "texture": "#texture"},
				"up": {"uv": [10, 10, 11, 11], "texture": "#texture"},
				"down": {"uv": [6, 11, 5, 10], "texture": "#texture"}
			}
		},
		{
			"from": [5, 2, 10],
			"to": [6, 4, 11],
			"faces": {
				"north": {"uv": [10, 12, 11, 14], "texture": "#texture"},
				"east": {"uv": [5, 12, 6, 14], "texture": "#texture"},
				"south": {"uv": [5, 12, 6, 14], "texture": "#texture"},
				"west": {"uv": [10, 12, 11, 14], "texture": "#texture"},
				"up": {"uv": [5, 10, 6, 11], "texture": "#texture"},
				"down": {"uv": [11, 11, 10, 10], "texture": "#texture"}
			}
		},
		{
			"from": [4.5, 4, 10.5],
			"to": [5.5, 6, 11.5],
			"faces": {
				"north": {"uv": [10.5, 10, 11.5, 12], "texture": "#texture"},
				"east": {"uv": [4.5, 10, 5.5, 12], "texture": "#texture"},
				"south": {"uv": [4.5, 10, 5.5, 12], "texture": "#texture"},
				"west": {"uv": [10.5, 10, 11.5, 12], "texture": "#texture"},
				"up": {"uv": [4.5, 10.5, 5.5, 11.5], "texture": "#texture"},
				"down": {"uv": [11.5, 11.5, 10.5, 10.5], "texture": "#texture"}
			}
		},
		{
			"from": [10.5, 4, 10.5],
			"to": [11.5, 6, 11.5],
			"faces": {
				"north": {"uv": [4.5, 10, 5.5, 12], "texture": "#texture"},
				"east": {"uv": [4.5, 10, 5.5, 12], "texture": "#texture"},
				"south": {"uv": [10.5, 10, 11.5, 12], "texture": "#texture"},
				"west": {"uv": [10.5, 10, 11.5, 12], "texture": "#texture"},
				"up": {"uv": [10.5, 10.5, 11.5, 11.5], "texture": "#texture"},
				"down": {"uv": [5.5, 11.5, 4.5, 10.5], "texture": "#texture"}
			}
		},
		{
			"from": [10.5, 4, 4.5],
			"to": [11.5, 6, 5.5],
			"faces": {
				"north": {"uv": [4.5, 10, 5.5, 12], "texture": "#texture"},
				"east": {"uv": [10.5, 10, 11.5, 12], "texture": "#texture"},
				"south": {"uv": [10.5, 10, 11.5, 12], "texture": "#texture"},
				"west": {"uv": [4.5, 10, 5.5, 12], "texture": "#texture"},
				"up": {"uv": [10.5, 4.5, 11.5, 5.5], "texture": "#texture"},
				"down": {"uv": [5.5, 5.5, 4.5, 4.5], "texture": "#texture"}
			}
		},
		{
			"from": [11, 6, 4],
			"to": [12, 8, 5],
			"faces": {
				"north": {"uv": [4, 8, 5, 10], "texture": "#texture"},
				"east": {"uv": [11, 8, 12, 10], "texture": "#texture"},
				"south": {"uv": [11, 8, 12, 10], "texture": "#texture"},
				"west": {"uv": [4, 8, 5, 10], "texture": "#texture"},
				"up": {"uv": [11, 4, 12, 5], "texture": "#texture"},
				"down": {"uv": [5, 5, 4, 4], "texture": "#texture"}
			}
		},
		{
			"from": [11, 6, 11],
			"to": [12, 8, 12],
			"faces": {
				"north": {"uv": [4, 8, 5, 10], "texture": "#texture"},
				"east": {"uv": [4, 8, 5, 10], "texture": "#texture"},
				"south": {"uv": [11, 8, 12, 10], "texture": "#texture"},
				"west": {"uv": [11, 8, 12, 10], "texture": "#texture"},
				"up": {"uv": [11, 11, 12, 12], "texture": "#texture"},
				"down": {"uv": [5, 12, 4, 11], "texture": "#texture"}
			}
		},
		{
			"from": [4, 6, 11],
			"to": [5, 8, 12],
			"faces": {
				"north": {"uv": [11, 8, 12, 10], "texture": "#texture"},
				"east": {"uv": [4, 8, 5, 10], "texture": "#texture"},
				"south": {"uv": [4, 8, 5, 10], "texture": "#texture"},
				"west": {"uv": [11, 8, 12, 10], "texture": "#texture"},
				"up": {"uv": [4, 11, 5, 12], "texture": "#texture"},
				"down": {"uv": [12, 12, 11, 11], "texture": "#texture"}
			}
		},
		{
			"from": [11.5, 8, 11.5],
			"to": [12.5, 10, 12.5],
			"faces": {
				"north": {"uv": [3.5, 6, 4.5, 8], "texture": "#texture"},
				"east": {"uv": [3.5, 6, 4.5, 8], "texture": "#texture"},
				"south": {"uv": [11.5, 6, 12.5, 8], "texture": "#texture"},
				"west": {"uv": [11.5, 6, 12.5, 8], "texture": "#texture"},
				"up": {"uv": [11.5, 11.5, 12.5, 12.5], "texture": "#texture"},
				"down": {"uv": [4.5, 12.5, 3.5, 11.5], "texture": "#texture"}
			}
		},
		{
			"from": [11.5, 8, 3.5],
			"to": [12.5, 10, 4.5],
			"faces": {
				"north": {"uv": [3.5, 6, 4.5, 8], "texture": "#texture"},
				"east": {"uv": [11.5, 6, 12.5, 8], "texture": "#texture"},
				"south": {"uv": [11.5, 6, 12.5, 8], "texture": "#texture"},
				"west": {"uv": [3.5, 6, 4.5, 8], "texture": "#texture"},
				"up": {"uv": [11.5, 3.5, 12.5, 4.5], "texture": "#texture"},
				"down": {"uv": [4.5, 4.5, 3.5, 3.5], "texture": "#texture"}
			}
		},
		{
			"from": [3.5, 8, 11.5],
			"to": [4.5, 10, 12.5],
			"faces": {
				"north": {"uv": [11.5, 6, 12.5, 8], "texture": "#texture"},
				"east": {"uv": [3.5, 6, 4.5, 8], "texture": "#texture"},
				"south": {"uv": [3.5, 6, 4.5, 8], "texture": "#texture"},
				"west": {"uv": [11.5, 6, 12.5, 8], "texture": "#texture"},
				"up": {"uv": [3.5, 11.5, 4.5, 12.5], "texture": "#texture"},
				"down": {"uv": [12.5, 12.5, 11.5, 11.5], "texture": "#texture"}
			}
		},
		{
			"from": [3, 10, 3],
			"to": [13, 11, 13],
			"faces": {
				"north": {"uv": [3, 5, 13, 6], "texture": "#texture"},
				"east": {"uv": [3, 5, 13, 6], "texture": "#texture"},
				"south": {"uv": [3, 5, 13, 6], "texture": "#texture"},
				"west": {"uv": [3, 5, 13, 6], "texture": "#texture"},
				"up": {"uv": [3, 3, 13, 13], "texture": "#texture"},
				"down": {"uv": [13, 13, 3, 3], "texture": "#texture"}
			}
		},
		{
			"from": [4, 11, 4],
			"to": [12, 12, 12],
			"faces": {
				"north": {"uv": [4, 4, 12, 5], "texture": "#texture"},
				"east": {"uv": [4, 4, 12, 5], "texture": "#texture"},
				"south": {"uv": [4, 4, 12, 5], "texture": "#texture"},
				"west": {"uv": [4, 4, 12, 5], "texture": "#texture"},
				"up": {"uv": [4, 4, 12, 12], "texture": "#texture"},
				"down": {"uv": [12, 12, 4, 4], "texture": "#texture"}
			}
		},
		{
			"from": [6, 12, 6],
			"to": [10, 13, 10],
			"faces": {
				"north": {"uv": [6, 3, 10, 4], "texture": "#texture"},
				"east": {"uv": [6, 3, 10, 4], "texture": "#texture"},
				"south": {"uv": [6, 3, 10, 4], "texture": "#texture"},
				"west": {"uv": [6, 3, 10, 4], "texture": "#texture"},
				"up": {"uv": [6, 6, 10, 10], "texture": "#texture"},
				"down": {"uv": [10, 10, 6, 6], "texture": "#texture"}
			}
		},
		{
			"from": [7, 13, 7],
			"to": [9, 14, 9],
			"faces": {
				"north": {"uv": [7, 2, 9, 3], "texture": "#texture"},
				"east": {"uv": [7, 2, 9, 3], "texture": "#texture"},
				"south": {"uv": [7, 2, 9, 3], "texture": "#texture"},
				"west": {"uv": [7, 2, 9, 3], "texture": "#texture"},
				"up": {"uv": [7, 7, 9, 9], "texture": "#texture"},
				"down": {"uv": [9, 9, 7, 7], "texture": "#texture"}
			}
		},
		{
			"from": [7.5, 16, 7.5],
			"to": [8.5, 17.5, 8.5],
			"faces": {
				"north": {"uv": [7.5, 0, 8.5, 0], "texture": "#texture"},
				"east": {"uv": [7.5, 0, 8.5, 0], "texture": "#texture"},
				"south": {"uv": [7.5, 0, 8.5, 0], "texture": "#texture"},
				"west": {"uv": [7.5, 0, 8.5, 0], "texture": "#texture"},
				"up": {"uv": [7.5, 7.5, 8.5, 8.5], "texture": "#texture"},
				"down": {"uv": [8.5, 8.5, 7.5, 7.5], "texture": "#texture"}
			}
		},
		{
			"from": [4, 8, 4],
			"to": [12, 10, 12],
			"shade": false,
			"faces": {
				"north": {"uv": [4, 6, 12, 8], "texture": "#1"},
				"east": {"uv": [4, 6, 12, 8], "texture": "#1"},
				"south": {"uv": [4, 6, 12, 8], "texture": "#1"},
				"west": {"uv": [4, 6, 12, 8], "texture": "#1"},
				"up": {"uv": [4, 4, 12, 12], "texture": "#1"},
				"down": {"uv": [12, 12, 4, 4], "texture": "#1"}
			}
		},
		{
			"from": [4.5, 6, 4.5],
			"to": [11.5, 8, 11.5],
			"shade": false,
			"faces": {
				"north": {"uv": [4.5, 8, 11.5, 10], "texture": "#1"},
				"east": {"uv": [4.5, 8, 11.5, 10], "texture": "#1"},
				"south": {"uv": [4.5, 8, 11.5, 10], "texture": "#1"},
				"west": {"uv": [4.5, 8, 11.5, 10], "texture": "#1"},
				"up": {"uv": [4.5, 4.5, 11.5, 11.5], "texture": "#1"},
				"down": {"uv": [11.5, 11.5, 4.5, 4.5], "texture": "#1"}
			}
		},
		{
			"from": [5, 4, 5],
			"to": [11, 6, 11],
			"shade": false,
			"faces": {
				"north": {"uv": [5, 10, 11, 12], "texture": "#1"},
				"east": {"uv": [5, 10, 11, 12], "texture": "#1"},
				"south": {"uv": [5, 10, 11, 12], "texture": "#1"},
				"west": {"uv": [5, 10, 11, 12], "texture": "#1"},
				"up": {"uv": [5, 5, 11, 11], "texture": "#1"},
				"down": {"uv": [11, 11, 5, 5], "texture": "#1"}
			}
		},
		{
			"from": [5.5, 2, 5.5],
			"to": [10.5, 4, 10.5],
			"shade": false,
			"faces": {
				"north": {"uv": [5.5, 12, 10.5, 14], "texture": "#1"},
				"east": {"uv": [5.5, 12, 10.5, 14], "texture": "#1"},
				"south": {"uv": [5.5, 12, 10.5, 14], "texture": "#1"},
				"west": {"uv": [5.5, 12, 10.5, 14], "texture": "#1"},
				"up": {"uv": [5.5, 5.5, 10.5, 10.5], "texture": "#1"},
				"down": {"uv": [10.5, 10.5, 5.5, 5.5], "texture": "#1"}
			}
		},
		{
			"from": [7.5, 14, 7.5],
			"to": [8.5, 14.5, 8.5],
			"faces": {
				"north": {"uv": [7.5, 1.5, 8.5, 2], "texture": "#texture"},
				"east": {"uv": [7.5, 1.5, 8.5, 2], "texture": "#texture"},
				"south": {"uv": [7.5, 1.5, 8.5, 2], "texture": "#texture"},
				"west": {"uv": [7.5, 1.5, 8.5, 2], "texture": "#texture"},
				"up": {"uv": [7.5, 7.5, 8.5, 8.5], "texture": "#texture"},
				"down": {"uv": [8.5, 8.5, 7.5, 7.5], "texture": "#texture"}
			}
		},
		{
			"from": [7, 14.5, 7],
			"to": [9, 16, 9],
			"faces": {
				"north": {"uv": [7, 0, 9, 1.5], "texture": "#texture"},
				"east": {"uv": [7, 0, 9, 1.5], "texture": "#texture"},
				"south": {"uv": [7, 0, 9, 1.5], "texture": "#texture"},
				"west": {"uv": [7, 0, 9, 1.5], "texture": "#texture"},
				"up": {"uv": [7, 7, 9, 9], "texture": "#texture"},
				"down": {"uv": [9, 9, 7, 7], "texture": "#texture"}
			}
		}
	],
	"display": {
		"thirdperson_righthand": {
			"rotation": [0, 90, 55],
			"translation": [0, 1.5, 0.75],
			"scale": [0.35, 0.35, 0.35]
		},
		"thirdperson_lefthand": {
			"rotation": [0, 90, 55],
			"translation": [0, 1.5, 0.75],
			"scale": [0.35, 0.35, 0.35]
		},
		"firstperson_righthand": {
			"rotation": [0, -90, 25],
			"translation": [0, 3.2, 1.13],
			"scale": [0.5, 0.5, 0.5]
		},
		"firstperson_lefthand": {
			"rotation": [0, -90, 25],
			"translation": [0, 3.2, 1.13],
			"scale": [0.5, 0.5, 0.5]
		},
		"ground": {
			"translation": [0, 4.25, 0]
		},
		"gui": {
			"rotation": [30, 225, 0],
			"translation": [0, -0.25, 0],
			"scale": [0.9, 0.9, 0.9]
		},
		"head": {
			"translation": [0, 14.25, 0]
		},
		"fixed": {
			"rotation": [-90, 0, 0],
			"translation": [0, 0, -16],
			"scale": [2, 2, 2]
		}
	}
}