{
	"textures": {
		"0": "mnaf:props/blocks/mic_stand"
	},
	"elements": [
		{
			"from": [7.35, 1, 7.55],
			"to": [8.65, 23, 8.85],
			"rotation": {"angle": 0, "axis": "y", "origin": [17.35, 11, 15.55]},
			"faces": {
				"north": {"uv": [2, 2, 2.25, 8], "texture": "#0"},
				"east": {"uv": [2.25, 2.25, 2.5, 8.25], "texture": "#0"},
				"south": {"uv": [2.5, 2.5, 2.75, 8.5], "texture": "#0"},
				"west": {"uv": [2.75, 2.75, 3, 8.75], "texture": "#0"},
				"up": {"uv": [4, 3.75, 3.75, 3.5], "texture": "#0"},
				"down": {"uv": [4.25, 2, 4, 2.25], "texture": "#0"}
			}
		},
		{
			"from": [1, 0, 7.7],
			"to": [8, 1, 8.7],
			"rotation": {"angle": 0, "axis": "y", "origin": [15, 8, 15.7]},
			"faces": {
				"north": {"uv": [3, 0.25, 4.75, 0.5], "texture": "#0"},
				"east": {"uv": [4.5, 3.25, 4.75, 3.5], "texture": "#0"},
				"south": {"uv": [3, 0.5, 4.75, 0.75], "texture": "#0"},
				"west": {"uv": [4.5, 3.5, 4.75, 3.75], "texture": "#0"},
				"up": {"uv": [4.75, 1, 3, 0.75], "texture": "#0"},
				"down": {"uv": [4.75, 1, 3, 1.25], "texture": "#0"}
			}
		},
		{
			"from": [7.5, 0, 8.2],
			"to": [8.5, 1, 15.2],
			"rotation": {"angle": 0, "axis": "y", "origin": [15.5, 8, 1.2]},
			"faces": {
				"north": {"uv": [4.5, 3.75, 4.75, 4], "texture": "#0"},
				"east": {"uv": [3, 1.25, 4.75, 1.5], "texture": "#0"},
				"south": {"uv": [4.5, 4, 4.75, 4.25], "texture": "#0"},
				"west": {"uv": [3, 2.75, 4.75, 3], "texture": "#0"},
				"up": {"uv": [4.25, 5.75, 4, 4], "texture": "#0"},
				"down": {"uv": [4.5, 4.25, 4.25, 6], "texture": "#0"}
			}
		},
		{
			"from": [8, 0, 7.7],
			"to": [15, 1, 8.7],
			"rotation": {"angle": 0, "axis": "y", "origin": [1, 8, 15.7]},
			"faces": {
				"north": {"uv": [2, 1.5, 3.75, 1.75], "texture": "#0"},
				"east": {"uv": [4.25, 4, 4.5, 4.25], "texture": "#0"},
				"south": {"uv": [2, 1.75, 3.75, 2], "texture": "#0"},
				"west": {"uv": [4.5, 4.5, 4.75, 4.75], "texture": "#0"},
				"up": {"uv": [4, 2.25, 2.25, 2], "texture": "#0"},
				"down": {"uv": [4.25, 2.25, 2.5, 2.5], "texture": "#0"}
			}
		},
		{
			"from": [7.5, 0, 1.2],
			"to": [8.5, 1, 8.2],
			"rotation": {"angle": 0, "axis": "y", "origin": [15.5, 8, 15.2]},
			"faces": {
				"north": {"uv": [4.5, 2.5, 4.75, 2.75], "texture": "#0"},
				"east": {"uv": [2.75, 2.5, 4.5, 2.75], "texture": "#0"},
				"south": {"uv": [4.5, 3, 4.75, 3.25], "texture": "#0"},
				"west": {"uv": [3, 0, 4.75, 0.25], "texture": "#0"},
				"up": {"uv": [3.75, 5.25, 3.5, 3.5], "texture": "#0"},
				"down": {"uv": [4, 3.75, 3.75, 5.5], "texture": "#0"}
			}
		},
		{
			"from": [7.25, 19, 8.2],
			"to": [8.75, 20.5, 14.2],
			"rotation": {"angle": 22.5, "axis": "x", "origin": [15.25, 28, 17.2]},
			"faces": {
				"north": {"uv": [4.25, 2, 4.75, 2.5], "texture": "#0"},
				"east": {"uv": [1, 0, 2.5, 0.5], "texture": "#0"},
				"south": {"uv": [3, 4.5, 3.5, 5], "texture": "#0"},
				"west": {"uv": [1, 0.5, 2.5, 1], "texture": "#0"},
				"up": {"uv": [3, 1.5, 2.5, 0], "texture": "#0"},
				"down": {"uv": [3.5, 3, 3, 4.5], "texture": "#0"}
			}
		},
		{
			"from": [7, 18.8, 6.2],
			"to": [9, 20.8, 8.2],
			"rotation": {"angle": 22.5, "axis": "x", "origin": [15, 28, 17.2]},
			"faces": {
				"north": {"uv": [2, 1, 2.5, 1.5], "texture": "#0"},
				"east": {"uv": [3.5, 3, 4, 3.5], "texture": "#0"},
				"south": {"uv": [3.75, 1.5, 4.25, 2], "texture": "#0"},
				"west": {"uv": [4, 3, 4.5, 3.5], "texture": "#0"},
				"up": {"uv": [4.5, 4, 4, 3.5], "texture": "#0"},
				"down": {"uv": [4.75, 1.5, 4.25, 2], "texture": "#0"}
			}
		},
		{
			"from": [8, 2, 8.2],
			"to": [8, 22, 12.2],
			"rotation": {"angle": 0, "axis": "y", "origin": [16, 10, 16.2]},
			"faces": {
				"north": {"uv": [0, 0, 0, 5], "texture": "#0"},
				"east": {"uv": [0, 0, 1, 5], "texture": "#0"},
				"south": {"uv": [0, 0, 0, 5], "texture": "#0"},
				"west": {"uv": [1, 1, 2, 6], "texture": "#0"},
				"up": {"uv": [0, 1, 0, 0], "texture": "#0"},
				"down": {"uv": [0, 0, 0, 1], "texture": "#0"}
			}
		}
	],
	"display": {
		"thirdperson_righthand": {
			"rotation": [55, 0, 0],
			"translation": [0, 0.5, 1],
			"scale": [0.4, 0.4, 0.4]
		},
		"thirdperson_lefthand": {
			"rotation": [55, 0, 0],
			"translation": [0, 0.5, 1],
			"scale": [0.4, 0.4, 0.4]
		},
		"firstperson_righthand": {
			"rotation": [0, 45, 0],
			"translation": [0, 3.25, 0],
			"scale": [0.4, 0.4, 0.4]
		},
		"firstperson_lefthand": {
			"rotation": [0, 45, 0],
			"translation": [0, 3.25, 0],
			"scale": [0.4, 0.4, 0.4]
		},
		"ground": {
			"translation": [0, 1, 0],
			"scale": [0.6, 0.6, 0.6]
		},
		"gui": {
			"rotation": [30, 135, 0],
			"translation": [0, -1.5, 0],
			"scale": [0.62, 0.62, 0.62]
		},
		"head": {
			"rotation": [-90, 0, 0],
			"translation": [0, 6.75, 3]
		},
		"fixed": {
			"rotation": [-90, 0, 0],
			"translation": [0, 0, -16],
			"scale": [2, 2, 2]
		}
	}
}