{
	"texture_size": [128, 128],
	"textures": {
		"0": "mnaf:props/blocks/mop_bucket"
	},
	"elements": [
		{
			"from": [3, 0, 3.5],
			"to": [13, 6, 13.5],
			"rotation": {"angle": 0, "axis": "y", "origin": [9, 8, 9.5]},
			"faces": {
				"north": {"uv": [4.5, 4.5, 5.75, 5.25], "texture": "#0"},
				"east": {"uv": [3.25, 4.5, 4.5, 5.25], "texture": "#0"},
				"south": {"uv": [7, 4.5, 8.25, 5.25], "texture": "#0"},
				"west": {"uv": [5.75, 4.5, 7, 5.25], "texture": "#0"},
				"up": {"uv": [5.75, 4.5, 4.5, 3.25], "texture": "#0"},
				"down": {"uv": [7, 3.25, 5.75, 4.5], "texture": "#0"}
			}
		},
		{
			"from": [2, 6, 2.5],
			"to": [14, 11, 14.5],
			"rotation": {"angle": 0, "axis": "y", "origin": [9, 12, 9.5]},
			"faces": {
				"north": {"uv": [1.5, 1.5, 3, 2.125], "texture": "#0"},
				"east": {"uv": [0, 1.5, 1.5, 2.125], "texture": "#0"},
				"south": {"uv": [4.5, 1.5, 6, 2.125], "texture": "#0"},
				"west": {"uv": [3, 1.5, 4.5, 2.125], "texture": "#0"},
				"up": {"uv": [3, 1.5, 1.5, 0], "texture": "#0"},
				"down": {"uv": [4.5, 0, 3, 1.5], "texture": "#0"}
			}
		},
		{
			"from": [2, 8, 2.5],
			"to": [14, 8, 14.5],
			"rotation": {"angle": 0, "axis": "y", "origin": [9, 11, 9.5]},
			"faces": {
				"north": {"uv": [1.5, 3.625, 3, 3.625], "texture": "#0"},
				"east": {"uv": [0, 3.625, 1.5, 3.625], "texture": "#0"},
				"south": {"uv": [4.5, 3.625, 6, 3.625], "texture": "#0"},
				"west": {"uv": [3, 3.625, 4.5, 3.625], "texture": "#0"},
				"up": {"uv": [3, 3.625, 1.5, 2.125], "texture": "#0"},
				"down": {"uv": [4.5, 2.125, 3, 3.625], "texture": "#0"}
			}
		},
		{
			"from": [13, 11, 13.5],
			"to": [3, 6, 3.5],
			"rotation": {"angle": 0, "axis": "y", "origin": [22, 17, 22.5]},
			"faces": {
				"north": {"uv": [8.375, 7.75, 7.125, 7.125], "texture": "#0"},
				"east": {"uv": [9.625, 7.75, 8.375, 7.125], "texture": "#0"},
				"south": {"uv": [5.875, 7.75, 4.625, 7.125], "texture": "#0"},
				"west": {"uv": [7.125, 7.75, 5.875, 7.125], "texture": "#0"},
				"up": {"uv": [7.125, 7.75, 8.375, 9], "texture": "#0"},
				"down": {"uv": [5.875, 9, 7.125, 7.75], "texture": "#0"}
			}
		},
		{
			"from": [6.6, -1.2, 4],
			"to": [13.6, 9.8, 11],
			"rotation": {"angle": -22.5, "axis": "z", "origin": [14.6, 9.8, 10]},
			"faces": {
				"north": {"uv": [0.875, 5.25, 1.75, 6.625], "texture": "#0"},
				"east": {"uv": [0, 5.25, 0.875, 6.625], "texture": "#0"},
				"south": {"uv": [2.625, 5.25, 3.5, 6.625], "texture": "#0"},
				"west": {"uv": [1.75, 5.25, 2.625, 6.625], "texture": "#0"},
				"up": {"uv": [1.75, 5.25, 0.875, 4.375], "texture": "#0"},
				"down": {"uv": [2.625, 4.375, 1.75, 5.25], "texture": "#0"}
			}
		},
		{
			"from": [7.2, 9.8, 4.6],
			"to": [13.2, 12.8, 10.6],
			"rotation": {"angle": 0, "axis": "y", "origin": [19.2, 19.8, 13.6]},
			"faces": {
				"north": {"uv": [5.25, 0.75, 6, 1.125], "texture": "#0"},
				"east": {"uv": [4.5, 0.75, 5.25, 1.125], "texture": "#0"},
				"south": {"uv": [6.75, 0.75, 7.5, 1.125], "texture": "#0"},
				"west": {"uv": [6, 0.75, 6.75, 1.125], "texture": "#0"},
				"up": {"uv": [6, 0.75, 5.25, 0], "texture": "#0"},
				"down": {"uv": [6.75, 0, 6, 0.75], "texture": "#0"}
			}
		},
		{
			"from": [8.1, 12.8, 6],
			"to": [12.1, 14.8, 9],
			"rotation": {"angle": 0, "axis": "x", "origin": [11.1, 12.8, 9]},
			"faces": {
				"north": {"uv": [1.375, 4, 1.875, 4.25], "texture": "#0"},
				"east": {"uv": [1, 4, 1.375, 4.25], "texture": "#0"},
				"south": {"uv": [2.25, 4, 2.75, 4.25], "texture": "#0"},
				"west": {"uv": [1.875, 4, 2.25, 4.25], "texture": "#0"},
				"up": {"uv": [1.875, 4, 1.375, 3.625], "texture": "#0"},
				"down": {"uv": [2.375, 3.625, 1.875, 4], "texture": "#0"}
			}
		},
		{
			"from": [9.1, 14.8, 6.4],
			"to": [11.1, 32, 8.4],
			"rotation": {"angle": 22.5, "axis": "x", "origin": [11.1, 14.8, 5.4]},
			"faces": {
				"north": {"uv": [0.25, 2.375, 0.5, 4.375], "texture": "#0"},
				"east": {"uv": [0, 2.375, 0.25, 4.375], "texture": "#0"},
				"south": {"uv": [0.75, 2.375, 1, 4.375], "texture": "#0"},
				"west": {"uv": [0.5, 2.375, 0.75, 4.375], "texture": "#0"},
				"up": {"uv": [0.5, 2.375, 0.25, 2.125], "texture": "#0"},
				"down": {"uv": [0.75, 2.125, 0.5, 2.375], "texture": "#0"}
			}
		}
	],
	"display": {
		"thirdperson_righthand": {
			"rotation": [50, 0, 0],
			"translation": [0, 0.5, -0.25],
			"scale": [0.35, 0.35, 0.35]
		},
		"thirdperson_lefthand": {
			"rotation": [50, 0, 0],
			"translation": [0, 0.5, -0.25],
			"scale": [0.35, 0.35, 0.35]
		},
		"firstperson_righthand": {
			"translation": [0, 1.75, 0],
			"scale": [0.4, 0.4, 0.4]
		},
		"firstperson_lefthand": {
			"translation": [0, 1.75, 0],
			"scale": [0.4, 0.4, 0.4]
		},
		"ground": {
			"translation": [0, 4.25, 0]
		},
		"gui": {
			"rotation": [30, 225, 0],
			"translation": [0, -2.75, 0],
			"scale": [0.5, 0.5, 0.5]
		},
		"head": {
			"translation": [0, 14.25, -0.5]
		},
		"fixed": {
			"rotation": [-90, 0, 0],
			"translation": [0, 0, -16],
			"scale": [2, 2, 2]
		}
	}
}