{
	"texture_size": [32, 32],
	"textures": {
		"0": "mnaf:props/blocks/peanuts"
	},
	"elements": [
		{
			"from": [0, -0.1, 0],
			"to": [16, 0.1, 16],
			"rotation": {"angle": 0, "axis": "y", "origin": [8, 7.9, 8]},
			"faces": {
				"north": {"uv": [8, 8, 16, 8.5], "texture": "#0"},
				"east": {"uv": [8, 0, 16, 0.5], "texture": "#0"},
				"south": {"uv": [8, 0.5, 16, 1], "texture": "#0"},
				"west": {"uv": [8, 1, 16, 1.5], "texture": "#0"},
				"up": {"uv": [8, 8, 0, 0], "texture": "#0"},
				"down": {"uv": [8, 8, 0, 16], "texture": "#0"}
			}
		}
	],
	"display": {
		"thirdperson_righthand": {
			"rotation": [20, 0, 0],
			"translation": [-0.5, 3, 0.5],
			"scale": [0.4, 0.4, 0.4]
		},
		"thirdperson_lefthand": {
			"rotation": [20, 0, 0],
			"translation": [-0.5, 3, 0.5],
			"scale": [0.4, 0.4, 0.4]
		},
		"firstperson_righthand": {
			"rotation": [0, 45, 0],
			"translation": [0, 6.75, 0],
			"scale": [0.6, 0.6, 0.6]
		},
		"firstperson_lefthand": {
			"rotation": [0, 45, 0],
			"translation": [0, 6.75, 0],
			"scale": [0.6, 0.6, 0.6]
		},
		"ground": {
			"translation": [0, 2.5, 0],
			"scale": [0.8, 0.8, 0.8]
		},
		"gui": {
			"rotation": [90, 0, 0],
			"translation": [0, -0.75, 0]
		},
		"head": {
			"rotation": [-90, 0, 0],
			"translation": [0, -10, -14.5]
		},
		"fixed": {
			"rotation": [-90, 0, 0],
			"translation": [0, 0, -16],
			"scale": [2, 2, 2]
		}
	}
}