{
	"credit": "Made with Blockbench",
	"textures": {
		"0": "mnaf:props/blocks/red_guard_desk",
		"1": "mnaf:props/blocks/red_guard_desk_map"
	},
	"elements": [
		{
			"from": [21, 0, 2],
			"to": [23, 19, 19],
			"rotation": {"angle": 0, "axis": "y", "origin": [33.06882, 8, 39.06882]},
			"faces": {
				"north": {"uv": [5.875, 8.625, 6.125, 11], "texture": "#0"},
				"east": {"uv": [4.125, 4.125, 6.25, 6.5], "texture": "#0"},
				"south": {"uv": [6.125, 8.625, 6.375, 11], "texture": "#0"},
				"west": {"uv": [0, 3.375, 2, 5.75], "texture": "#0"},
				"up": {"uv": [6.25, 4.125, 4.125, 3.875], "rotation": 270, "texture": "#0"},
				"down": {"uv": [11, 8.5, 8.875, 8.75], "rotation": 90, "texture": "#0"}
			}
		},
		{
			"from": [-9, 0, 2],
			"to": [-7, 19, 19],
			"rotation": {"angle": 0, "axis": "y", "origin": [3.06882, 8, 39.06882]},
			"faces": {
				"north": {"uv": [6.375, 8.625, 6.625, 11], "texture": "#0"},
				"east": {"uv": [2, 5.5, 4.125, 7.875], "texture": "#0"},
				"south": {"uv": [4.375, 8.875, 4.625, 11.25], "texture": "#0"},
				"west": {"uv": [4.125, 0, 6.25, 2.25], "texture": "#0"},
				"up": {"uv": [11.25, 0.25, 9.125, 0], "rotation": 270, "texture": "#0"},
				"down": {"uv": [11.25, 0.25, 9.125, 0.375], "rotation": 90, "texture": "#0"}
			}
		},
		{
			"from": [-7, 17, 2],
			"to": [21, 19, 19],
			"rotation": {"angle": 0, "axis": "y", "origin": [4.06882, 26, 39.06882]},
			"faces": {
				"north": {"uv": [8.75, 4.625, 12.25, 4.875], "texture": "#0"},
				"south": {"uv": [0.875, 8.875, 4.375, 9.125], "texture": "#0"},
				"up": {"uv": [2, 3.375, 0, 0], "rotation": 270, "texture": "#0"},
				"down": {"uv": [4.125, 2, 2, 5.5], "rotation": 90, "texture": "#0"}
			}
		},
		{
			"from": [23.25956, 14.95447, -15],
			"to": [24.25956, 25.95447, -1],
			"rotation": {"angle": -45, "axis": "z", "origin": [23.75956, 20.45447, -8]},
			"faces": {
				"north": {"uv": [5.75, 9.625, 5.875, 11], "texture": "#0"},
				"east": {"uv": [4.125, 2.25, 5.875, 3.625], "texture": "#0"},
				"south": {"uv": [0, 9.75, 0.125, 11.125], "texture": "#0"},
				"west": {"uv": [2, 0, 3.75, 1.25], "texture": "#0"},
				"up": {"uv": [5.875, 3.75, 4.125, 3.625], "rotation": 270, "texture": "#0"},
				"down": {"uv": [5.875, 3.75, 4.125, 3.875], "rotation": 90, "texture": "#0"}
			}
		},
		{
			"from": [23.15956, 15.95447, -14],
			"to": [23.15956, 24.95447, -2],
			"rotation": {"angle": -45, "axis": "z", "origin": [23.75956, 20.45447, -8]},
			"faces": {
				"north": {"uv": [5.75, 9.625, 5.875, 11], "texture": "#0"},
				"east": {"uv": [4.125, 2.25, 5.875, 3.625], "texture": "#0"},
				"south": {"uv": [0, 9.75, 0.125, 11.125], "texture": "#0"},
				"west": {"uv": [0, 0, 12.67188, 10.48438], "texture": "#1"},
				"up": {"uv": [5.875, 3.75, 4.125, 3.625], "rotation": 270, "texture": "#0"},
				"down": {"uv": [5.875, 3.75, 4.125, 3.875], "rotation": 90, "texture": "#0"}
			}
		},
		{
			"from": [30, 15, -10.5],
			"to": [31, 21, -5.5],
			"rotation": {"angle": -45, "axis": "z", "origin": [30.06882, 26.15744, -3.75]},
			"faces": {
				"north": {"uv": [4, 1.25, 4.125, 2], "texture": "#0"},
				"east": {"uv": [1.25, 5.75, 1.875, 6.5], "texture": "#0"},
				"south": {"uv": [3.875, 1.25, 4, 2], "texture": "#0"},
				"up": {"uv": [6, 7.625, 5.375, 7.5], "rotation": 270, "texture": "#0"},
				"down": {"uv": [1.75, 7.75, 1.125, 7.875], "rotation": 90, "texture": "#0"}
			}
		},
		{
			"from": [1.91882, 19, 7],
			"to": [13.21882, 31.5, 9],
			"rotation": {"angle": 0, "axis": "y", "origin": [23.06882, 27, 19.06882]},
			"faces": {
				"north": {"uv": [0, 5.75, 1.25, 7.375], "texture": "#0"},
				"east": {"uv": [7, 9.5, 7.25, 11.125], "texture": "#0"},
				"south": {"uv": [5.875, 2.25, 7.25, 3.875], "texture": "#0"},
				"west": {"uv": [4.625, 8.875, 4.875, 10.5], "texture": "#0"},
				"up": {"uv": [7.5, 10.875, 7.25, 9.5], "rotation": 270, "texture": "#0"}
			}
		},
		{
			"from": [2.56882, 19, 8],
			"to": [12.56882, 30, 18],
			"rotation": {"angle": 0, "axis": "y", "origin": [23.06882, 27, 39.06882]},
			"faces": {
				"east": {"uv": [6.25, 3.875, 7.5, 5.25], "texture": "#0"},
				"south": {"uv": [4.125, 6.5, 5.375, 7.875], "texture": "#0"},
				"west": {"uv": [6.25, 6.25, 7.5, 7.625], "texture": "#0"},
				"up": {"uv": [8.75, 4.875, 7.5, 3.625], "rotation": 270, "texture": "#0"}
			}
		},
		{
			"from": [11.25, 19, 14],
			"to": [18.75, 26.5, 21],
			"rotation": {"angle": 22.5, "axis": "y", "origin": [0, 0, 0]},
			"faces": {
				"east": {"uv": [8.875, 8.875, 9.75, 9.875], "texture": "#0"},
				"south": {"uv": [4.875, 8.625, 5.875, 9.625], "texture": "#0"},
				"west": {"uv": [5.375, 6.5, 6.25, 7.5], "texture": "#0"},
				"up": {"uv": [9.75, 3.625, 8.875, 2.625], "rotation": 270, "texture": "#0"},
				"down": {"uv": [9.875, 4.875, 9, 5.875], "rotation": 90, "texture": "#0"}
			}
		},
		{
			"from": [10.5, 19, 12],
			"to": [19.5, 27.3, 14],
			"rotation": {"angle": 22.5, "axis": "y", "origin": [0, 0, 0]},
			"faces": {
				"north": {"uv": [7.875, 4.875, 9, 5.875], "texture": "#0"},
				"east": {"uv": [8.5, 9.5, 8.75, 10.5], "texture": "#0"},
				"south": {"uv": [6.625, 8.5, 7.75, 9.5], "texture": "#0"},
				"west": {"uv": [8.25, 9.5, 8.5, 10.5], "texture": "#0"},
				"up": {"uv": [9.375, 8.5, 9.125, 7.375], "rotation": 270, "texture": "#0"},
				"down": {"uv": [9.625, 7.375, 9.375, 8.5], "rotation": 90, "texture": "#0"}
			}
		},
		{
			"from": [-5.5, 19, 6],
			"to": [3.5, 27.3, 8],
			"rotation": {"angle": -22.5, "axis": "y", "origin": [0, 0, 0]},
			"faces": {
				"north": {"uv": [7.75, 8.5, 8.875, 9.5], "texture": "#0"},
				"east": {"uv": [5.125, 9.625, 5.375, 10.625], "texture": "#0"},
				"south": {"uv": [8.5, 0.875, 9.625, 1.875], "texture": "#0"},
				"west": {"uv": [4.875, 9.625, 5.125, 10.625], "texture": "#0"},
				"up": {"uv": [8, 10.625, 7.75, 9.5], "rotation": 270, "texture": "#0"},
				"down": {"uv": [8.25, 9.5, 8, 10.625], "rotation": 90, "texture": "#0"}
			}
		},
		{
			"from": [-4.75, 19, 8],
			"to": [2.75, 26.5, 15],
			"rotation": {"angle": -22.5, "axis": "y", "origin": [0, 0, 0]},
			"faces": {
				"east": {"uv": [1.75, 9.125, 2.625, 10.125], "texture": "#0"},
				"south": {"uv": [8.75, 3.625, 9.75, 4.625], "texture": "#0"},
				"west": {"uv": [0.875, 9.125, 1.75, 10.125], "texture": "#0"},
				"up": {"uv": [3.5, 10.125, 2.625, 9.125], "rotation": 270, "texture": "#0"},
				"down": {"uv": [4.375, 9.125, 3.5, 10.125], "rotation": 90, "texture": "#0"}
			}
		},
		{
			"from": [7, 0, 6],
			"to": [20, 8, 7],
			"rotation": {"angle": 0, "axis": "y", "origin": [18.06882, 8, 25.06882]},
			"faces": {
				"north": {"uv": [6.25, 5.25, 7.875, 6.25], "texture": "#0"},
				"east": {"uv": [0.25, 9.75, 0.375, 10.75], "texture": "#0"},
				"south": {"uv": [7.25, 2.625, 8.875, 3.625], "texture": "#0"},
				"west": {"uv": [0.125, 9.75, 0.25, 10.75], "texture": "#0"},
				"up": {"uv": [8.875, 11.125, 8.75, 9.5], "rotation": 270, "texture": "#0"},
				"down": {"uv": [5.625, 9.625, 5.5, 11.25], "rotation": 90, "texture": "#0"}
			}
		},
		{
			"from": [7.06882, 0, 7],
			"to": [8.06882, 8, 17],
			"rotation": {"angle": 0, "axis": "y", "origin": [18.06882, 8, 34.06882]},
			"faces": {
				"east": {"uv": [1.125, 7.875, 2.375, 8.875], "texture": "#0"},
				"west": {"uv": [5.375, 7.625, 6.625, 8.625], "texture": "#0"},
				"up": {"uv": [10.875, 1.75, 9.625, 1.625], "rotation": 270, "texture": "#0"},
				"down": {"uv": [10.875, 1.75, 9.625, 1.875], "rotation": 90, "texture": "#0"}
			}
		},
		{
			"from": [8, 0, 7],
			"to": [19, 1, 17],
			"rotation": {"angle": 0, "axis": "y", "origin": [19.06882, 1, 34.06882]},
			"faces": {
				"east": {"uv": [9.625, 7.375, 10.875, 7.5], "texture": "#0"},
				"up": {"uv": [8.5, 2.625, 7.25, 1.25], "rotation": 270, "texture": "#0"},
				"down": {"uv": [1.125, 7.375, 0, 8.75], "rotation": 90, "texture": "#0"}
			}
		},
		{
			"from": [-0.25, 10.5, 7],
			"to": [0.25, 16, 17],
			"rotation": {"angle": -45, "axis": "z", "origin": [0, 0, 0]},
			"faces": {
				"north": {"uv": [1.875, 5.75, 2, 6.5], "texture": "#0"},
				"east": {"uv": [8.5, 1.875, 9.75, 2.625], "texture": "#0"},
				"south": {"uv": [7.125, 7.625, 7.25, 8.375], "texture": "#0"},
				"west": {"uv": [2, 1.25, 3.25, 2], "texture": "#0"},
				"up": {"uv": [10.875, 7.75, 9.625, 7.625], "rotation": 270, "texture": "#0"}
			}
		},
		{
			"from": [19, -8.25, 7],
			"to": [19.5, -2.75, 17],
			"rotation": {"angle": 45, "axis": "z", "origin": [0, 0, 0]},
			"faces": {
				"north": {"uv": [7.25, 7.625, 7.375, 8.375], "texture": "#0"},
				"east": {"uv": [8.75, 6.625, 10, 7.375], "texture": "#0"},
				"south": {"uv": [7.375, 7.625, 7.5, 8.375], "texture": "#0"},
				"west": {"uv": [8.75, 5.875, 10, 6.625], "texture": "#0"},
				"up": {"uv": [10.875, 8, 9.625, 7.875], "rotation": 270, "texture": "#0"}
			}
		},
		{
			"from": [19.06882, 0, 7],
			"to": [20.06882, 8, 17],
			"rotation": {"angle": 0, "axis": "y", "origin": [30.06882, 8, 34.06882]},
			"faces": {
				"north": {"uv": [0.625, 9.75, 0.75, 10.75], "texture": "#0"},
				"east": {"uv": [3.625, 7.875, 4.875, 8.875], "texture": "#0"},
				"west": {"uv": [2.375, 7.875, 3.625, 8.875], "texture": "#0"},
				"up": {"uv": [10.875, 8.125, 9.625, 8], "rotation": 270, "texture": "#0"},
				"down": {"uv": [10.875, 8.125, 9.625, 8.25], "rotation": 90, "texture": "#0"}
			}
		},
		{
			"from": [7.06882, 0, 17],
			"to": [20.06882, 8, 18],
			"rotation": {"angle": 0, "axis": "y", "origin": [18.06882, 8, 25.06882]},
			"faces": {
				"north": {"uv": [7.5, 7.5, 9.125, 8.5], "texture": "#0"},
				"east": {"uv": [9.75, 9.75, 9.875, 10.75], "texture": "#0"},
				"west": {"uv": [0.75, 9.75, 0.875, 10.75], "texture": "#0"},
				"up": {"uv": [5.625, 11.25, 5.5, 9.625], "rotation": 270, "texture": "#0"},
				"down": {"uv": [5.75, 9.625, 5.625, 11.25], "rotation": 90, "texture": "#0"}
			}
		},
		{
			"from": [23, 16, 5],
			"to": [26, 26, 8],
			"rotation": {"angle": 0, "axis": "y", "origin": [34.06882, 24, 18.06882]},
			"faces": {
				"north": {"uv": [1.25, 6.5, 1.625, 7.75], "texture": "#0"},
				"east": {"uv": [1.625, 6.5, 2, 7.75], "texture": "#0"},
				"south": {"uv": [6.625, 9.5, 7, 10.75], "texture": "#0"},
				"west": {"uv": [3.75, 0, 4.125, 1.25], "texture": "#0"},
				"up": {"uv": [7.875, 1.25, 7.5, 0.875], "rotation": 270, "texture": "#0"},
				"down": {"uv": [7.875, 4.875, 7.5, 5.25], "rotation": 90, "texture": "#0"}
			}
		},
		{
			"from": [22.75, 19, 4.75],
			"to": [26.25, 21, 8.25],
			"rotation": {"angle": 0, "axis": "y", "origin": [34.31882, 27, 18.31882]},
			"faces": {
				"north": {"uv": [7.875, 5.875, 8.375, 6.125], "texture": "#0"},
				"east": {"uv": [6.625, 8.125, 7.125, 8.375], "texture": "#0"},
				"south": {"uv": [4.875, 8.375, 5.375, 8.625], "texture": "#0"},
				"west": {"uv": [7.875, 0.875, 8.375, 1.125], "texture": "#0"},
				"up": {"uv": [7.125, 8.125, 6.625, 7.625], "rotation": 270, "texture": "#0"},
				"down": {"uv": [5.375, 7.875, 4.875, 8.375], "rotation": 90, "texture": "#0"}
			}
		},
		{
			"from": [24, 19.25, -8],
			"to": [25, 20.25, 5],
			"rotation": {"angle": 0, "axis": "y", "origin": [35.06882, 27.25, 11.76882]},
			"faces": {
				"north": {"uv": [3.875, 1.25, 4, 1.375], "texture": "#0"},
				"east": {"uv": [9.625, 0.875, 11.25, 1], "texture": "#0"},
				"west": {"uv": [8.875, 8.75, 10.5, 8.875], "texture": "#0"},
				"up": {"uv": [11.25, 1.125, 9.625, 1], "rotation": 270, "texture": "#0"},
				"down": {"uv": [11.25, 1.125, 9.625, 1.25], "rotation": 90, "texture": "#0"}
			}
		},
		{
			"from": [-7, 6, 9],
			"to": [-5, 12, 14],
			"rotation": {"angle": 0, "axis": "y", "origin": [4.06882, 19, 28.06882]},
			"faces": {
				"north": {"uv": [7.375, 12.625, 7.625, 13.375], "texture": "#0"},
				"east": {"uv": [6.125, 13.625, 6.75, 14.375], "texture": "#0"},
				"south": {"uv": [2.875, 11.625, 3.125, 12.375], "texture": "#0"},
				"up": {"uv": [5.5, 14.75, 6.125, 15], "rotation": 270, "texture": "#0"},
				"down": {"uv": [4.5, 14.875, 5.125, 15.125], "rotation": 90, "texture": "#0"}
			}
		},
		{
			"from": [-5, 9, 10.5],
			"to": [-4.5, 11, 12.5],
			"rotation": {"angle": 0, "axis": "y", "origin": [6.06882, 18, 26.56882]},
			"faces": {
				"north": {"uv": [11.375, 13.375, 11.5, 13.625], "texture": "#0"},
				"south": {"uv": [12.875, 10.875, 13, 11.125], "texture": "#0"},
				"up": {"uv": [12.125, 14.125, 12.375, 14.25], "rotation": 270, "texture": "#0"},
				"down": {"uv": [11.375, 12, 11.625, 12.125], "rotation": 90, "texture": "#0"}
			}
		},
		{
			"from": [-4.5, 8.8, 10.35],
			"to": [-3.5, 11.2, 12.65],
			"rotation": {"angle": 0, "axis": "y", "origin": [6.96882, 18.1, 26.71882]},
			"faces": {
				"north": {"uv": [10.25, 13.875, 10.375, 14.163], "texture": "#0"},
				"east": {"uv": [13, 12.25, 13.287, 12.537], "texture": "#0"},
				"south": {"uv": [13, 11.875, 13.125, 12.163], "texture": "#0"},
				"west": {"uv": [13.375, 8.875, 13.663, 9.163], "texture": "#0"},
				"up": {"uv": [11.125, 14.125, 11.537, 14.25], "rotation": 270, "texture": "#0"},
				"down": {"uv": [12.5, 11.875, 12.912, 12], "rotation": 90, "texture": "#0"}
			}
		},
		{
			"from": [-7, 11.5, 10.5],
			"to": [-6.5, 16.5, 11],
			"rotation": {"angle": 0, "axis": "y", "origin": [4.06882, 20.5, 22.56882]},
			"faces": {
				"north": {"uv": [10.25, 11.25, 10.313, 11.875], "texture": "#0"},
				"east": {"uv": [12.25, 9.625, 12.313, 10.25], "texture": "#0"},
				"south": {"uv": [9.375, 12.875, 9.438, 13.5], "texture": "#0"}
			}
		},
		{
			"from": [-7, 11.5, 12],
			"to": [-6.5, 16.5, 12.5],
			"rotation": {"angle": 0, "axis": "y", "origin": [4.06882, 20.5, 27.06882]},
			"faces": {
				"north": {"uv": [10.25, 11.25, 10.313, 11.875], "texture": "#0"},
				"east": {"uv": [12.25, 9.625, 12.313, 10.25], "texture": "#0"},
				"south": {"uv": [9.375, 12.875, 9.438, 13.5], "texture": "#0"}
			}
		},
		{
			"from": [-7, 16.5, 10.5],
			"to": [6.5, 17, 11],
			"rotation": {"angle": 0, "axis": "y", "origin": [4.06882, 24.5, 22.56882]},
			"faces": {
				"north": {"uv": [10.25, 11, 11.938, 11.063], "texture": "#0"},
				"east": {"uv": [11.375, 9.75, 11.438, 9.813], "texture": "#0"},
				"south": {"uv": [8.25, 11.875, 9.938, 11.938], "texture": "#0"},
				"down": {"uv": [8.125, 11.375, 8.188, 13.063], "rotation": 90, "texture": "#0"}
			}
		},
		{
			"from": [-7, 16.5, 12],
			"to": [6.5, 17, 12.5],
			"rotation": {"angle": 0, "axis": "y", "origin": [4.06882, 24.5, 27.06882]},
			"faces": {
				"north": {"uv": [10.25, 11, 11.938, 11.063], "texture": "#0"},
				"east": {"uv": [11.375, 9.75, 11.438, 9.813], "texture": "#0"},
				"south": {"uv": [8.25, 11.875, 9.938, 11.938], "texture": "#0"},
				"down": {"uv": [8.125, 11.375, 8.188, 13.063], "rotation": 90, "texture": "#0"}
			}
		},
		{
			"from": [-7, 0, 18],
			"to": [21, 17, 19],
			"rotation": {"angle": 0, "axis": "y", "origin": [33.06882, 27, 40.06882]},
			"faces": {
				"north": {"uv": [12.375, 1.875, 15.875, 4], "texture": "#0"},
				"south": {"uv": [12.375, 1.875, 15.875, 4], "texture": "#0"},
				"down": {"uv": [0, 0, 0.125, 3.5], "rotation": 90, "texture": "#0"}
			}
		}
	],
	"display": {
		"thirdperson_righthand": {
			"rotation": [50, 0, 0],
			"translation": [1, 0.5, 0],
			"scale": [0.15, 0.15, 0.15]
		},
		"thirdperson_lefthand": {
			"rotation": [50, 0, 0],
			"translation": [-1, 0.5, 0],
			"scale": [0.15, 0.15, 0.15]
		},
		"firstperson_righthand": {
			"rotation": [0, 155, 0],
			"translation": [-1.25, 1, 0],
			"scale": [0.2, 0.2, 0.2]
		},
		"firstperson_lefthand": {
			"rotation": [0, 155, 0],
			"translation": [0.5, 1, 0],
			"scale": [0.2, 0.2, 0.2]
		},
		"ground": {
			"translation": [0, -2.25, 1],
			"scale": [0.2, 0.2, 0.2]
		},
		"gui": {
			"rotation": [30, 155, 0],
			"translation": [1, -2, 0],
			"scale": [0.3, 0.3, 0.3]
		},
		"head": {
			"translation": [-5.5, -2.5, -7.25]
		},
		"fixed": {
			"rotation": [-90, 0, 0],
			"translation": [-14, -6, -16],
			"scale": [2, 2, 2]
		}
	}
}