{
	"textures": {
		"0": "mnaf:props/blocks/red_guard_desk",
		"1": "mnaf:props/blocks/red_guard_desk_map"
	},
	"elements": [
		{
			"from": [15.6, 0, 1.55],
			"to": [17.6, 19, 18.55],
			"rotation": {"angle": 0, "axis": "y", "origin": [24.6, 8, -0.45]},
			"faces": {
				"north": {"uv": [5.875, 8.625, 6.125, 11], "texture": "#0"},
				"east": {"uv": [4.125, 4.125, 6.25, 6.5], "texture": "#0"},
				"south": {"uv": [6.125, 8.625, 6.375, 11], "texture": "#0"},
				"west": {"uv": [0, 3.375, 1.999, 5.75], "texture": "#0"},
				"up": {"uv": [6.25, 4.125, 4.125, 3.875], "rotation": 270, "texture": "#0"},
				"down": {"uv": [11, 8.5, 8.875, 8.75], "rotation": 90, "texture": "#0"}
			}
		},
		{
			"from": [-14.4, 0, 1.55],
			"to": [-12.4, 19, 18.55],
			"rotation": {"angle": 0, "axis": "y", "origin": [-5.4, 8, -0.45]},
			"faces": {
				"north": {"uv": [6.375, 8.625, 6.625, 11], "texture": "#0"},
				"east": {"uv": [2, 5.5, 4.125, 7.875], "texture": "#0"},
				"south": {"uv": [4.375, 8.875, 4.625, 11.25], "texture": "#0"},
				"west": {"uv": [4.125, 0, 6.25, 2.249], "texture": "#0"},
				"up": {"uv": [11.25, 0.25, 9.125, 0], "rotation": 270, "texture": "#0"},
				"down": {"uv": [11.25, 0, 9.125, 0.25], "rotation": 90, "texture": "#0"}
			}
		},
		{
			"from": [-12.4, 17, 1.55],
			"to": [15.6, 19, 18.55],
			"rotation": {"angle": 0, "axis": "y", "origin": [-4.4, 26, -0.45]},
			"faces": {
				"north": {"uv": [8.75, 4.625, 12.25, 4.875], "texture": "#0"},
				"south": {"uv": [0.875, 8.875, 4.375, 9.125], "texture": "#0"},
				"up": {"uv": [1.999, 3.374, 0, 0], "rotation": 270, "texture": "#0"},
				"down": {"uv": [4.141, 2.016, 2.016, 5.516], "rotation": 90, "texture": "#0"}
			}
		},
		{
			"from": [25.6, 17.15744, -15.75],
			"to": [26.6, 28.15744, -1.75],
			"rotation": {"angle": -45, "axis": "z", "origin": [18.6, 30.15744, -33.21882]},
			"faces": {
				"north": {"uv": [5.75, 9.625, 5.875, 11], "texture": "#0"},
				"east": {"uv": [4.125, 2.25, 5.875, 3.625], "texture": "#0"},
				"south": {"uv": [0, 9.75, 0.125, 11.125], "texture": "#0"},
				"west": {"uv": [2, 0, 3.75, 1.249], "texture": "#0"},
				"up": {"uv": [5.875, 3.75, 4.125, 3.625], "rotation": 270, "texture": "#0"},
				"down": {"uv": [5.875, 3.75, 4.125, 3.875], "rotation": 90, "texture": "#0"}
			}
		},
		{
			"from": [25.5, 18.15744, -14.75],
			"to": [25.5, 27.15744, -2.75],
			"rotation": {"angle": -45, "axis": "z", "origin": [18.6, 30.15744, -33.21882]},
			"faces": {
				"west": {"uv": [0, 0, 12.75, 10.57813], "texture": "#1"}
			}
		},
		{
			"from": [26.6, 19.15744, -11.25],
			"to": [27.6, 25.15744, -6.25],
			"rotation": {"angle": -45, "axis": "z", "origin": [18.6, 30.15744, -31.71882]},
			"faces": {
				"north": {"uv": [3.875, 1.25, 4, 2], "texture": "#0"},
				"east": {"uv": [1.25, 5.75, 1.875, 6.5], "texture": "#0"},
				"south": {"uv": [4, 1.25, 4.125, 2], "texture": "#0"},
				"up": {"uv": [6, 7.625, 5.375, 7.5], "rotation": 270, "texture": "#0"},
				"down": {"uv": [1.75, 7.75, 1.125, 7.875], "rotation": 90, "texture": "#0"}
			}
		},
		{
			"from": [-3.55, 19, 6.55],
			"to": [7.75, 31.5, 8.55],
			"rotation": {"angle": 0, "axis": "y", "origin": [14.6, 27, -10.45]},
			"faces": {
				"north": {"uv": [0, 5.75, 1.249, 7.375], "texture": "#0"},
				"east": {"uv": [7, 9.5, 7.25, 11.125], "texture": "#0"},
				"south": {"uv": [5.875, 2.25, 7.25, 3.875], "texture": "#0"},
				"west": {"uv": [4.625, 8.875, 4.875, 10.5], "texture": "#0"},
				"up": {"uv": [7.5, 10.875, 7.25, 9.5], "rotation": 270, "texture": "#0"}
			}
		},
		{
			"from": [-2.9, 19, 8.55],
			"to": [7.1, 30, 18.55],
			"rotation": {"angle": 0, "axis": "y", "origin": [14.6, 27, 0.55]},
			"faces": {
				"east": {"uv": [6.25, 3.875, 7.5, 5.25], "texture": "#0"},
				"south": {"uv": [4.125, 6.5, 5.375, 7.875], "texture": "#0"},
				"west": {"uv": [6.25, 6.25, 7.5, 7.625], "texture": "#0"},
				"up": {"uv": [8.75, 4.875, 7.5, 3.625], "rotation": 270, "texture": "#0"}
			}
		},
		{
			"from": [6.9, 19, 13.55],
			"to": [14.4, 26.5, 20.55],
			"rotation": {"angle": 22.5, "axis": "y", "origin": [-3.4, 27, 2.55]},
			"faces": {
				"east": {"uv": [8.875, 8.875, 9.75, 9.875], "texture": "#0"},
				"south": {"uv": [4.875, 8.625, 5.875, 9.625], "texture": "#0"},
				"west": {"uv": [5.375, 6.5, 6.25, 7.5], "texture": "#0"},
				"up": {"uv": [9.75, 3.625, 8.875, 2.625], "rotation": 270, "texture": "#0"},
				"down": {"uv": [9.875, 4.875, 9, 5.875], "rotation": 90, "texture": "#0"}
			}
		},
		{
			"from": [2.3, 19, 8.33213],
			"to": [11.3, 27.3, 10.33213],
			"rotation": {"angle": 22.5, "axis": "y", "origin": [2.77733, 34, -8.66787]},
			"faces": {
				"north": {"uv": [7.875, 4.875, 9, 5.875], "texture": "#0"},
				"east": {"uv": [8.5, 9.5, 8.75, 10.5], "texture": "#0"},
				"south": {"uv": [6.625, 8.5, 7.75, 9.5], "texture": "#0"},
				"west": {"uv": [8.25, 9.5, 8.5, 10.5], "texture": "#0"},
				"up": {"uv": [9.375, 8.5, 9.125, 7.375], "rotation": 270, "texture": "#0"},
				"down": {"uv": [9.625, 7.375, 9.375, 8.5], "rotation": 90, "texture": "#0"}
			}
		},
		{
			"from": [-7.1, 19, 8.33213],
			"to": [1.9, 27.3, 10.33213],
			"rotation": {"angle": -22.5, "axis": "y", "origin": [1.42267, 34, -8.66787]},
			"faces": {
				"north": {"uv": [7.75, 8.5, 8.875, 9.5], "texture": "#0"},
				"east": {"uv": [5.125, 9.625, 5.375, 10.625], "texture": "#0"},
				"south": {"uv": [8.5, 0.875, 9.625, 1.875], "texture": "#0"},
				"west": {"uv": [4.875, 9.625, 5.125, 10.625], "texture": "#0"},
				"up": {"uv": [8, 10.625, 7.75, 9.5], "rotation": 270, "texture": "#0"},
				"down": {"uv": [8.25, 9.5, 8, 10.625], "rotation": 90, "texture": "#0"}
			}
		},
		{
			"from": [-9.9, 19, 13.55],
			"to": [-2.4, 26.5, 20.55],
			"rotation": {"angle": -22.5, "axis": "y", "origin": [7.6, 27, 2.55]},
			"faces": {
				"east": {"uv": [1.625, 9.125, 2.5, 10.125], "texture": "#0"},
				"south": {"uv": [8.75, 3.625, 9.75, 4.625], "texture": "#0"},
				"west": {"uv": [0.875, 9.125, 1.75, 10.125], "texture": "#0"},
				"up": {"uv": [3.375, 10.125, 2.5, 9.125], "rotation": 270, "texture": "#0"},
				"down": {"uv": [4.375, 9.125, 3.5, 10.125], "rotation": 90, "texture": "#0"}
			}
		},
		{
			"from": [5.75, 20, 6.3],
			"to": [6.75, 21, 6.55],
			"rotation": {"angle": 0, "axis": "y", "origin": [13.75, 28, -11.45]},
			"faces": {
				"north": {"uv": [12.25, 0.75, 12.375, 0.875], "texture": "#0"},
				"east": {"uv": [12.25, 0.75, 12.375, 0.875], "texture": "#0"},
				"west": {"uv": [12.25, 0.75, 12.375, 0.875], "texture": "#0"},
				"up": {"uv": [12.25, 0.75, 12.375, 0.875], "rotation": 270, "texture": "#0"},
				"down": {"uv": [12.25, 0.75, 12.375, 0.875], "rotation": 90, "texture": "#0"}
			}
		},
		{
			"from": [1.6, 0, 14.55],
			"to": [14.6, 8, 15.55],
			"rotation": {"angle": 0, "axis": "y", "origin": [9.6, 8, -2.45]},
			"faces": {
				"north": {"uv": [6.25, 5.25, 7.875, 6.25], "texture": "#0"},
				"east": {"uv": [0.25, 9.75, 0.375, 10.75], "texture": "#0"},
				"south": {"uv": [7.25, 2.625, 8.875, 3.625], "texture": "#0"},
				"west": {"uv": [0.125, 9.75, 0.25, 10.75], "texture": "#0"},
				"up": {"uv": [8.875, 11.125, 8.75, 9.5], "rotation": 270, "texture": "#0"},
				"down": {"uv": [5.5, 9.625, 5.375, 11.25], "rotation": 90, "texture": "#0"}
			}
		},
		{
			"from": [1.6, 0, 4.55],
			"to": [2.6, 8, 14.55],
			"rotation": {"angle": 0, "axis": "y", "origin": [9.6, 8, -3.45]},
			"faces": {
				"east": {"uv": [1.125, 7.875, 2.375, 8.875], "texture": "#0"},
				"west": {"uv": [5.375, 7.625, 6.625, 8.625], "texture": "#0"},
				"up": {"uv": [10.875, 1.75, 9.625, 1.625], "rotation": 270, "texture": "#0"},
				"down": {"uv": [10.875, 1.75, 9.625, 1.875], "rotation": 90, "texture": "#0"}
			}
		},
		{
			"from": [2.6, 0, 4.55],
			"to": [13.6, 1, 14.55],
			"rotation": {"angle": 0, "axis": "y", "origin": [10.6, 1, -3.45]},
			"faces": {
				"up": {"uv": [8.5, 2.625, 7.25, 1.25], "rotation": 270, "texture": "#0"},
				"down": {"uv": [1.124, 7.375, 0, 8.75], "rotation": 90, "texture": "#0"}
			}
		},
		{
			"from": [2.6, 8, 4.55],
			"to": [3.1, 13.5, 14.55],
			"rotation": {"angle": -45, "axis": "z", "origin": [2.6, 8, 0.55]},
			"faces": {
				"north": {"uv": [1.875, 5.75, 2, 6.5], "texture": "#0"},
				"east": {"uv": [8.5, 1.875, 9.75, 2.625], "texture": "#0"},
				"south": {"uv": [7.125, 7.625, 7.25, 8.375], "texture": "#0"},
				"west": {"uv": [2, 1.25, 3.25, 2], "texture": "#0"},
				"up": {"uv": [10.875, 7.625, 9.625, 7.5], "rotation": 270, "texture": "#0"},
				"down": {"uv": [10.875, 7.625, 9.625, 7.75], "rotation": 90, "texture": "#0"}
			}
		},
		{
			"from": [12.95355, 8.35355, 4.55],
			"to": [13.45355, 13.85355, 14.55],
			"rotation": {"angle": 45, "axis": "z", "origin": [13.95355, 8.35355, 0.55]},
			"faces": {
				"north": {"uv": [7.25, 7.625, 7.375, 8.375], "texture": "#0"},
				"east": {"uv": [8.75, 6.625, 10, 7.375], "texture": "#0"},
				"south": {"uv": [7.375, 7.625, 7.5, 8.375], "texture": "#0"},
				"west": {"uv": [8.75, 5.875, 10, 6.625], "texture": "#0"},
				"up": {"uv": [10.875, 7.875, 9.625, 7.75], "rotation": 270, "texture": "#0"},
				"down": {"uv": [10.875, 7.875, 9.625, 8], "rotation": 90, "texture": "#0"}
			}
		},
		{
			"from": [13.6, 0, 4.55],
			"to": [14.6, 8, 14.55],
			"rotation": {"angle": 0, "axis": "y", "origin": [21.6, 8, -3.45]},
			"faces": {
				"east": {"uv": [3.625, 7.875, 4.875, 8.875], "texture": "#0"},
				"west": {"uv": [2.375, 7.875, 3.625, 8.875], "texture": "#0"},
				"up": {"uv": [10.875, 8.125, 9.625, 8], "rotation": 270, "texture": "#0"},
				"down": {"uv": [10.875, 8.125, 9.625, 8.25], "rotation": 90, "texture": "#0"}
			}
		},
		{
			"from": [1.6, 0, 3.55],
			"to": [14.6, 8, 4.55],
			"rotation": {"angle": 0, "axis": "y", "origin": [9.6, 8, -13.45]},
			"faces": {
				"north": {"uv": [7.5, 7.5, 9.125, 8.5], "texture": "#0"},
				"east": {"uv": [9.75, 9.75, 9.875, 10.75], "texture": "#0"},
				"south": {"uv": [7.5, 0, 9.125, 0.874], "texture": "#0"},
				"west": {"uv": [0.75, 9.75, 0.875, 10.75], "texture": "#0"},
				"up": {"uv": [5.625, 11.25, 5.5, 9.625], "rotation": 270, "texture": "#0"},
				"down": {"uv": [5.75, 9.625, 5.625, 11.25], "rotation": 90, "texture": "#0"}
			}
		},
		{
			"from": [17.6, 16, 4.55],
			"to": [20.6, 26, 7.55],
			"rotation": {"angle": 0, "axis": "y", "origin": [25.6, 24, -10.45]},
			"faces": {
				"north": {"uv": [1.25, 6.5, 1.625, 7.75], "texture": "#0"},
				"east": {"uv": [1.625, 6.5, 2, 7.75], "texture": "#0"},
				"south": {"uv": [6.625, 9.5, 7, 10.75], "texture": "#0"},
				"west": {"uv": [3.75, 0, 4.125, 1.25], "texture": "#0"},
				"up": {"uv": [7.875, 1.25, 7.5, 0.875], "rotation": 270, "texture": "#0"},
				"down": {"uv": [7.875, 4.875, 7.5, 5.25], "rotation": 90, "texture": "#0"}
			}
		},
		{
			"from": [17.4, 19, 4.25],
			"to": [20.9, 21, 7.75],
			"rotation": {"angle": 0, "axis": "y", "origin": [25.6, 27, -10.45]},
			"faces": {
				"north": {"uv": [7.875, 5.875, 8.375, 6.125], "texture": "#0"},
				"east": {"uv": [6.625, 8.125, 7.125, 8.375], "texture": "#0"},
				"south": {"uv": [4.875, 8.375, 5.375, 8.625], "texture": "#0"},
				"west": {"uv": [7.875, 0.875, 8.375, 1.125], "texture": "#0"},
				"up": {"uv": [7.125, 8.125, 6.625, 7.625], "rotation": 270, "texture": "#0"},
				"down": {"uv": [5.375, 7.875, 4.875, 8.375], "rotation": 90, "texture": "#0"}
			}
		},
		{
			"from": [18.9, 19, -8.75],
			"to": [19.9, 20, 4.25],
			"rotation": {"angle": 0, "axis": "y", "origin": [26.9, 27, -20.45]},
			"faces": {
				"north": {"uv": [3.875, 1.25, 4, 1.375], "texture": "#0"},
				"east": {"uv": [9.625, 0.875, 11.25, 1], "texture": "#0"},
				"west": {"uv": [8.875, 8.75, 10.5, 8.875], "texture": "#0"},
				"up": {"uv": [11.25, 1.125, 9.625, 1], "rotation": 270, "texture": "#0"},
				"down": {"uv": [11.25, 1.125, 9.625, 1.25], "rotation": 90, "texture": "#0"}
			}
		}
	],
	"display": {
		"thirdperson_righthand": {
			"rotation": [50, 0, 0],
			"translation": [1, 0.5, 0],
			"scale": [0.15, 0.15, 0.15]
		},
		"thirdperson_lefthand": {
			"rotation": [50, 0, 0],
			"translation": [-1, 0.5, 0],
			"scale": [0.15, 0.15, 0.15]
		},
		"firstperson_righthand": {
			"rotation": [0, 155, 0],
			"translation": [-1.25, 1, 0],
			"scale": [0.2, 0.2, 0.2]
		},
		"firstperson_lefthand": {
			"rotation": [0, 155, 0],
			"translation": [0.5, 1, 0],
			"scale": [0.2, 0.2, 0.2]
		},
		"ground": {
			"translation": [0.75, -2.25, 1],
			"scale": [0.2, 0.2, 0.2]
		},
		"gui": {
			"rotation": [30, 155, 0],
			"translation": [-0.25, -2, 0],
			"scale": [0.3, 0.3, 0.3]
		},
		"head": {
			"translation": [0, -2.75, -3.5]
		},
		"fixed": {
			"rotation": [-90, 0, 0],
			"translation": [-3.25, -5, -16],
			"scale": [2, 2, 2]
		}
	}
}