{
	"textures": {
		"0": "mnaf:props/blocks/sconce",
		"particle": "mnaf:props/blocks/sconce"
	},
	"elements": [
		{
			"from": [2, 1, 14],
			"to": [14, 14, 15],
			"rotation": {"angle": 0, "axis": "y", "origin": [8, 7.5, 14.5]},
			"faces": {
				"north": {"uv": [3.25, 0, 6.25, 3.25], "texture": "#0"},
				"east": {"uv": [3, 3.75, 3.25, 7], "texture": "#0"},
				"south": {"uv": [0, 3.75, 3, 7], "texture": "#0"},
				"west": {"uv": [8.5, 8.5, 8.75, 11.75], "texture": "#0"},
				"up": {"uv": [11.5, 0.75, 8.5, 0.5], "texture": "#0"},
				"down": {"uv": [11.5, 0.75, 8.5, 1], "texture": "#0"}
			}
		},
		{
			"from": [1.5, 0, 15],
			"to": [14.5, 15, 16],
			"rotation": {"angle": 0, "axis": "y", "origin": [8, 7.5, 15.5]},
			"faces": {
				"north": {"uv": [0, 0, 3.25, 3.75], "texture": "#0"},
				"east": {"uv": [5.5, 8.5, 5.75, 12.25], "texture": "#0"},
				"south": {"uv": [3.25, 3.25, 6.5, 7], "texture": "#0"},
				"west": {"uv": [5.75, 8.5, 6, 12.25], "texture": "#0"},
				"up": {"uv": [11.75, 0.25, 8.5, 0], "texture": "#0"},
				"down": {"uv": [11.75, 0.25, 8.5, 0.5], "texture": "#0"}
			}
		},
		{
			"from": [7, 6, 11.25],
			"to": [9, 20, 13.25],
			"rotation": {"angle": -22.5, "axis": "x", "origin": [8, 13, 12.25]},
			"faces": {
				"north": {"uv": [6, 7, 6.5, 10.5], "texture": "#0"},
				"east": {"uv": [8, 8, 8.5, 11.5], "texture": "#0"},
				"south": {"uv": [8, 0, 8.5, 3.5], "texture": "#0"},
				"west": {"uv": [8, 3.5, 8.5, 7], "texture": "#0"},
				"up": {"uv": [8, 5.75, 7.5, 5.25], "texture": "#0"},
				"down": {"uv": [8, 5.75, 7.5, 6.25], "texture": "#0"}
			}
		},
		{
			"from": [6.9, 17.65, 2.25],
			"to": [9.1, 19.85, 10.45],
			"rotation": {"angle": 0, "axis": "y", "origin": [8, 18.75, 6.35]},
			"faces": {
				"north": {"uv": [8.5, 5.75, 9, 6.25], "texture": "#0"},
				"east": {"uv": [8, 7, 10, 7.5], "texture": "#0"},
				"south": {"uv": [8.5, 6.25, 9, 6.75], "texture": "#0"},
				"west": {"uv": [8, 7.5, 10, 8], "texture": "#0"},
				"up": {"uv": [2, 10.5, 1.5, 8.5], "texture": "#0"},
				"down": {"uv": [2.5, 8.5, 2, 10.5], "texture": "#0"}
			}
		},
		{
			"from": [8, 13.25, 1.75],
			"to": [8, 15.25, 5.75],
			"rotation": {"angle": -45, "axis": "y", "origin": [8, 14, 3.75]},
			"faces": {
				"north": {"uv": [0, 0, 0, 0.5], "texture": "#0"},
				"east": {"uv": [8.5, 1, 9.5, 1.5], "texture": "#0"},
				"south": {"uv": [0, 0, 0, 0.5], "texture": "#0"},
				"west": {"uv": [8.5, 1.5, 9.5, 2], "texture": "#0"},
				"up": {"uv": [0, 1, 0, 0], "texture": "#0"},
				"down": {"uv": [0, 0, 0, 1], "texture": "#0"}
			}
		},
		{
			"from": [6, 13.25, 3.75],
			"to": [10, 15.25, 3.75],
			"rotation": {"angle": -22.5, "axis": "y", "origin": [8, 14, 3.75]},
			"faces": {
				"north": {"uv": [8.5, 2, 9.5, 2.5], "texture": "#0"},
				"east": {"uv": [0, 0, 0, 0.5], "texture": "#0"},
				"south": {"uv": [8.5, 2.5, 9.5, 3], "texture": "#0"},
				"west": {"uv": [0, 0, 0, 0.5], "texture": "#0"},
				"up": {"uv": [1, 0, 0, 0], "texture": "#0"},
				"down": {"uv": [1, 0, 0, 0], "texture": "#0"}
			}
		},
		{
			"from": [6, 11.25, 2],
			"to": [10, 13.25, 6],
			"rotation": {"angle": 0, "axis": "y", "origin": [8, 12.25, 4]},
			"faces": {
				"north": {"uv": [8.5, 3, 9.5, 3.5], "texture": "#0"},
				"east": {"uv": [8.5, 3.5, 9.5, 4], "texture": "#0"},
				"south": {"uv": [8.5, 4, 9.5, 4.5], "texture": "#0"},
				"west": {"uv": [8.5, 4.5, 9.5, 5], "texture": "#0"},
				"up": {"uv": [7.5, 6.25, 6.5, 5.25], "texture": "#0"},
				"down": {"uv": [3.5, 8.5, 2.5, 9.5], "texture": "#0"}
			}
		},
		{
			"from": [6, 3.25, 2],
			"to": [10, 4.25, 6],
			"rotation": {"angle": 0, "axis": "y", "origin": [8, 3.75, 4]},
			"faces": {
				"north": {"uv": [8.5, 6.75, 9.5, 7], "texture": "#0"},
				"east": {"uv": [8.5, 8, 9.5, 8.25], "texture": "#0"},
				"south": {"uv": [8.5, 8.25, 9.5, 8.5], "texture": "#0"},
				"west": {"uv": [8.75, 8.75, 9.75, 9], "texture": "#0"},
				"up": {"uv": [4.5, 9.5, 3.5, 8.5], "texture": "#0"},
				"down": {"uv": [5.5, 8.5, 4.5, 9.5], "texture": "#0"}
			}
		},
		{
			"from": [5, 2.25, 1],
			"to": [11, 3.25, 7],
			"rotation": {"angle": 0, "axis": "y", "origin": [8, 2.75, 4]},
			"faces": {
				"north": {"uv": [6.5, 6.25, 8, 6.5], "texture": "#0"},
				"east": {"uv": [8.5, 5, 10, 5.25], "texture": "#0"},
				"south": {"uv": [8.5, 5.25, 10, 5.5], "texture": "#0"},
				"west": {"uv": [8.5, 5.5, 10, 5.75], "texture": "#0"},
				"up": {"uv": [1.5, 8.5, 0, 7], "texture": "#0"},
				"down": {"uv": [3, 7, 1.5, 8.5], "texture": "#0"}
			}
		},
		{
			"from": [8, 14, 2.25],
			"to": [8, 17, 5.25],
			"rotation": {"angle": 0, "axis": "z", "origin": [8, 15.5, 3.75]},
			"faces": {
				"north": {"uv": [0, 0, 0, 1.5], "texture": "#0"},
				"east": {"uv": [6.5, 9, 7.25, 9.75], "texture": "#0"},
				"south": {"uv": [0, 0, 0, 1.5], "texture": "#0"},
				"west": {"uv": [7.25, 9, 8, 9.75], "texture": "#0"},
				"up": {"uv": [0, 0.75, 0, 0], "texture": "#0"},
				"down": {"uv": [0, 0, 0, 0.75], "texture": "#0"}
			}
		},
		{
			"from": [6.5, 15.75, 3.75],
			"to": [9.5, 18.75, 3.75],
			"rotation": {"angle": 22.5, "axis": "y", "origin": [8, 16, 3.75]},
			"faces": {
				"north": {"uv": [0, 8.5, 0.75, 9.25], "texture": "#0"},
				"east": {"uv": [0, 0, 0, 1.5], "texture": "#0"},
				"south": {"uv": [0.75, 8.5, 1.5, 9.25], "texture": "#0"},
				"west": {"uv": [0, 0, 0, 1.5], "texture": "#0"},
				"up": {"uv": [0.75, 0, 0, 0], "texture": "#0"},
				"down": {"uv": [0.75, 0, 0, 0], "texture": "#0"}
			}
		},
		{
			"from": [5, 4.25, 1],
			"to": [11, 11.25, 7],
			"rotation": {"angle": 0, "axis": "y", "origin": [8, 7.75, 4]},
			"faces": {
				"north": {"uv": [6.25, 0, 7.75, 1.75], "texture": "#0"},
				"east": {"uv": [6.5, 6.5, 8, 8.25], "texture": "#0"},
				"south": {"uv": [6.5, 1.75, 8, 3.5], "texture": "#0"},
				"west": {"uv": [6.5, 3.5, 8, 5.25], "texture": "#0"},
				"up": {"uv": [4.5, 8.5, 3, 7], "texture": "#0"},
				"down": {"uv": [6, 7, 4.5, 8.5], "texture": "#0"}
			}
		}
	],
	"display": {
		"thirdperson_righthand": {
			"rotation": [55, 0, 0],
			"translation": [0, 2, -0.5],
			"scale": [0.3, 0.3, 0.3]
		},
		"thirdperson_lefthand": {
			"rotation": [55, 0, 0],
			"translation": [0, 2, -0.5],
			"scale": [0.3, 0.3, 0.3]
		},
		"firstperson_righthand": {
			"rotation": [0, 34, 0],
			"translation": [0, 2, 0],
			"scale": [0.5, 0.5, 0.5]
		},
		"firstperson_lefthand": {
			"rotation": [0, 34, 0],
			"translation": [0, 2, 0],
			"scale": [0.5, 0.5, 0.5]
		},
		"ground": {
			"translation": [0, 0.25, 0],
			"scale": [0.5, 0.5, 0.5]
		},
		"gui": {
			"rotation": [30, 135, 0],
			"translation": [-0.75, -0.75, 0],
			"scale": [0.625, 0.625, 0.625]
		},
		"head": {
			"translation": [0, 0, -9.25]
		},
		"fixed": {
			"translation": [0, 0, -16],
			"scale": [2, 2, 2]
		}
	}
}