{
	"credit": "Made with Blockbench",
	"texture_size": [128, 128],
	"textures": {
		"0": "mnaf:props/blocks/shelf1x2",
		"particle": "mnaf:props/blocks/shelf1x2"
	},
	"elements": [
		{
			"from": [0, 0, 13],
			"to": [2, 32, 15],
			"rotation": {"angle": 0, "axis": "y", "origin": [8, 8, 22]},
			"faces": {
				"north": {"uv": [0, 5.25, 0.25, 9.25], "texture": "#0"},
				"east": {"uv": [0.25, 5.25, 0.5, 9.25], "texture": "#0"},
				"south": {"uv": [0.5, 5.25, 0.75, 9.25], "texture": "#0"},
				"west": {"uv": [0.75, 5.25, 1, 9.25], "texture": "#0"},
				"up": {"uv": [4.75, 3.5, 4.5, 3.25], "texture": "#0"},
				"down": {"uv": [4.75, 3.5, 4.5, 3.75], "texture": "#0"}
			}
		},
		{
			"from": [0, 0, 3],
			"to": [2, 32, 5],
			"rotation": {"angle": 0, "axis": "y", "origin": [8, 8, 12]},
			"faces": {
				"north": {"uv": [1, 5.25, 1.25, 9.25], "texture": "#0"},
				"east": {"uv": [1.25, 5.25, 1.5, 9.25], "texture": "#0"},
				"south": {"uv": [1.5, 5.25, 1.75, 9.25], "texture": "#0"},
				"west": {"uv": [1.75, 5.25, 2, 9.25], "texture": "#0"},
				"up": {"uv": [4.75, 4, 4.5, 3.75], "texture": "#0"},
				"down": {"uv": [4.75, 4, 4.5, 4.25], "texture": "#0"}
			}
		},
		{
			"from": [-1, 1, 2],
			"to": [17, 2, 16],
			"rotation": {"angle": 0, "axis": "y", "origin": [5, 7, 8]},
			"faces": {
				"north": {"uv": [2.25, 2, 4.5, 2.125], "texture": "#0"},
				"east": {"uv": [4.5, 2.5, 6.25, 2.625], "texture": "#0"},
				"south": {"uv": [2.25, 2.125, 4.5, 2.25], "texture": "#0"},
				"west": {"uv": [4.5, 2.625, 6.25, 2.75], "texture": "#0"},
				"up": {"uv": [4.5, 4, 2.25, 2.25], "texture": "#0"},
				"down": {"uv": [4.5, 0, 2.25, 1.75], "texture": "#0"}
			}
		},
		{
			"from": [-1, 9, 2],
			"to": [17, 10, 16],
			"rotation": {"angle": 0, "axis": "y", "origin": [5, 15, 8]},
			"faces": {
				"north": {"uv": [4.5, 1.75, 6.75, 1.875], "texture": "#0"},
				"east": {"uv": [4.5, 2.75, 6.25, 2.875], "texture": "#0"},
				"south": {"uv": [4.5, 1.875, 6.75, 2], "texture": "#0"},
				"west": {"uv": [4.5, 2.875, 6.25, 3], "texture": "#0"},
				"up": {"uv": [2.25, 5.25, 0, 3.5], "texture": "#0"},
				"down": {"uv": [4.5, 4, 2.25, 5.75], "texture": "#0"}
			}
		},
		{
			"from": [-1, 17, 2],
			"to": [17, 18, 16],
			"rotation": {"angle": 0, "axis": "y", "origin": [5, 23, 8]},
			"faces": {
				"north": {"uv": [4.5, 2, 6.75, 2.125], "texture": "#0"},
				"east": {"uv": [4.5, 3, 6.25, 3.125], "texture": "#0"},
				"south": {"uv": [4.5, 2.125, 6.75, 2.25], "texture": "#0"},
				"west": {"uv": [4.5, 3.125, 6.25, 3.25], "texture": "#0"},
				"up": {"uv": [6.75, 6.25, 4.5, 4.5], "texture": "#0"},
				"down": {"uv": [6.75, 0, 4.5, 1.75], "texture": "#0"}
			}
		},
		{
			"from": [-1, 25, 2],
			"to": [17, 26, 16],
			"rotation": {"angle": 0, "axis": "y", "origin": [5, 31, 8]},
			"faces": {
				"north": {"uv": [2.25, 1.75, 4.5, 1.875], "texture": "#0"},
				"east": {"uv": [4.5, 2.25, 6.25, 2.375], "texture": "#0"},
				"south": {"uv": [2.25, 1.875, 4.5, 2], "texture": "#0"},
				"west": {"uv": [4.5, 2.375, 6.25, 2.5], "texture": "#0"},
				"up": {"uv": [2.25, 1.75, 0, 0], "texture": "#0"},
				"down": {"uv": [2.25, 1.75, 0, 3.5], "texture": "#0"}
			}
		},
		{
			"from": [14, 0, 13],
			"to": [16, 32, 15],
			"rotation": {"angle": 0, "axis": "y", "origin": [22, 8, 22]},
			"faces": {
				"north": {"uv": [2, 5.25, 2.25, 9.25], "texture": "#0"},
				"east": {"uv": [2.25, 5.75, 2.5, 9.75], "texture": "#0"},
				"south": {"uv": [2.5, 5.75, 2.75, 9.75], "texture": "#0"},
				"west": {"uv": [2.75, 5.75, 3, 9.75], "texture": "#0"},
				"up": {"uv": [4.75, 4.5, 4.5, 4.25], "texture": "#0"},
				"down": {"uv": [5, 3.25, 4.75, 3.5], "texture": "#0"}
			}
		},
		{
			"from": [14, 0, 3],
			"to": [16, 32, 5],
			"rotation": {"angle": 0, "axis": "y", "origin": [22, 8, 12]},
			"faces": {
				"north": {"uv": [3, 5.75, 3.25, 9.75], "texture": "#0"},
				"east": {"uv": [3.25, 5.75, 3.5, 9.75], "texture": "#0"},
				"south": {"uv": [3.5, 5.75, 3.75, 9.75], "texture": "#0"},
				"west": {"uv": [3.75, 5.75, 4, 9.75], "texture": "#0"},
				"up": {"uv": [5, 3.75, 4.75, 3.5], "texture": "#0"},
				"down": {"uv": [5, 3.75, 4.75, 4], "texture": "#0"}
			}
		}
	],
	"display": {
		"thirdperson_righthand": {
			"scale": [0.2, 0.2, 0.2]
		},
		"thirdperson_lefthand": {
			"scale": [0.2, 0.2, 0.2]
		},
		"firstperson_righthand": {
			"scale": [0.2, 0.2, 0.2]
		},
		"firstperson_lefthand": {
			"scale": [0.2, 0.2, 0.2]
		},
		"ground": {
			"translation": [0, -2.5, 0],
			"scale": [0.2, 0.2, 0.2]
		},
		"gui": {
			"rotation": [0, -42, -13],
			"translation": [0, -2.75, 0],
			"scale": [0.4, 0.4, 0.4]
		},
		"fixed": {
			"rotation": [-90, 0, 0],
			"translation": [0, 0, -15],
			"scale": [2, 2, 2]
		}
	}
}