{
	"credit": "Made with Blockbench",
	"texture_size": [64, 64],
	"textures": {
		"0": "mnaf:props/blocks/shelf2x1",
		"particle": "mnaf:props/blocks/shelf2x1"
	},
	"elements": [
		{
			"from": [-5, 0, 13],
			"to": [-3, 20, 15],
			"rotation": {"angle": 0, "axis": "y", "origin": [3, 8, 22]},
			"faces": {
				"north": {"uv": [0, 10.5, 0.5, 15.5], "texture": "#0"},
				"east": {"uv": [0.5, 10.5, 1, 15.5], "texture": "#0"},
				"south": {"uv": [1, 10.5, 1.5, 15.5], "texture": "#0"},
				"west": {"uv": [1.5, 10.5, 2, 15.5], "texture": "#0"},
				"up": {"uv": [8.5, 13.25, 8, 12.75], "texture": "#0"},
				"down": {"uv": [9, 12.75, 8.5, 13.25], "texture": "#0"}
			}
		},
		{
			"from": [-5, 0, 3],
			"to": [-3, 20, 5],
			"rotation": {"angle": 0, "axis": "y", "origin": [3, 8, 12]},
			"faces": {
				"north": {"uv": [2, 10.5, 2.5, 15.5], "texture": "#0"},
				"east": {"uv": [2.5, 10.5, 3, 15.5], "texture": "#0"},
				"south": {"uv": [3, 10.5, 3.5, 15.5], "texture": "#0"},
				"west": {"uv": [3.5, 10.5, 4, 15.5], "texture": "#0"},
				"up": {"uv": [9.5, 13.25, 9, 12.75], "texture": "#0"},
				"down": {"uv": [10, 12.75, 9.5, 13.25], "texture": "#0"}
			}
		},
		{
			"from": [-6, 1, 2],
			"to": [22, 2, 16],
			"rotation": {"angle": 0, "axis": "y", "origin": [5, 7, 8]},
			"faces": {
				"north": {"uv": [8, 10.5, 15, 10.75], "texture": "#0"},
				"east": {"uv": [8, 12, 11.5, 12.25], "texture": "#0"},
				"south": {"uv": [8, 10.75, 15, 11], "texture": "#0"},
				"west": {"uv": [11.5, 12, 15, 12.25], "texture": "#0"},
				"up": {"uv": [7, 3.5, 0, 0], "texture": "#0"},
				"down": {"uv": [7, 3.5, 0, 7], "texture": "#0"}
			}
		},
		{
			"from": [-6, 9, 2],
			"to": [22, 10, 16],
			"rotation": {"angle": 0, "axis": "y", "origin": [5, 15, 8]},
			"faces": {
				"north": {"uv": [8, 11, 15, 11.25], "texture": "#0"},
				"east": {"uv": [8, 12.25, 11.5, 12.5], "texture": "#0"},
				"south": {"uv": [8, 11.25, 15, 11.5], "texture": "#0"},
				"west": {"uv": [11.5, 12.25, 15, 12.5], "texture": "#0"},
				"up": {"uv": [7, 10.5, 0, 7], "texture": "#0"},
				"down": {"uv": [14, 7, 7, 10.5], "texture": "#0"}
			}
		},
		{
			"from": [-6, 17, 2],
			"to": [22, 18, 16],
			"rotation": {"angle": 0, "axis": "y", "origin": [5, 23, 8]},
			"faces": {
				"north": {"uv": [8, 11.5, 15, 11.75], "texture": "#0"},
				"east": {"uv": [8, 12.5, 11.5, 12.75], "texture": "#0"},
				"south": {"uv": [8, 11.75, 15, 12], "texture": "#0"},
				"west": {"uv": [11.5, 12.5, 15, 12.75], "texture": "#0"},
				"up": {"uv": [14, 3.5, 7, 0], "texture": "#0"},
				"down": {"uv": [14, 3.5, 7, 7], "texture": "#0"}
			}
		},
		{
			"from": [19, 0, 13],
			"to": [21, 20, 15],
			"rotation": {"angle": 0, "axis": "y", "origin": [27, 8, 22]},
			"faces": {
				"north": {"uv": [4, 10.5, 4.5, 15.5], "texture": "#0"},
				"east": {"uv": [4.5, 10.5, 5, 15.5], "texture": "#0"},
				"south": {"uv": [5, 10.5, 5.5, 15.5], "texture": "#0"},
				"west": {"uv": [5.5, 10.5, 6, 15.5], "texture": "#0"},
				"up": {"uv": [10.5, 13.25, 10, 12.75], "texture": "#0"},
				"down": {"uv": [11, 12.75, 10.5, 13.25], "texture": "#0"}
			}
		},
		{
			"from": [19, 0, 3],
			"to": [21, 20, 5],
			"rotation": {"angle": 0, "axis": "y", "origin": [27, 8, 12]},
			"faces": {
				"north": {"uv": [6, 10.5, 6.5, 15.5], "texture": "#0"},
				"east": {"uv": [6.5, 10.5, 7, 15.5], "texture": "#0"},
				"south": {"uv": [7, 10.5, 7.5, 15.5], "texture": "#0"},
				"west": {"uv": [7.5, 10.5, 8, 15.5], "texture": "#0"},
				"up": {"uv": [11.5, 13.25, 11, 12.75], "texture": "#0"},
				"down": {"uv": [12, 12.75, 11.5, 13.25], "texture": "#0"}
			}
		}
	],
	"display": {
		"thirdperson_righthand": {
			"scale": [0.2, 0.2, 0.2]
		},
		"gui": {
			"rotation": [8, -38, -6],
			"translation": [0.5, -1.25, 0],
			"scale": [0.4, 0.4, 0.4]
		},
		"fixed": {
			"rotation": [-90, 0, 0],
			"translation": [0, 0, -21.5],
			"scale": [3, 3, 3]
		}
	}
}