{
	"credit": "Made with Blockbench",
	"texture_size": [128, 128],
	"textures": {
		"0": "mnaf:props/blocks/shelf2x2no_top",
		"particle": "mnaf:props/blocks/shelf2x2no_top"
	},
	"elements": [
		{
			"from": [-15, 0, 13],
			"to": [-13, 32, 15],
			"rotation": {"angle": 0, "axis": "y", "origin": [-7, 8, 22]},
			"faces": {
				"north": {"uv": [0, 7, 0.25, 11], "texture": "#0"},
				"east": {"uv": [0.25, 7, 0.5, 11], "texture": "#0"},
				"south": {"uv": [0.5, 7, 0.75, 11], "texture": "#0"},
				"west": {"uv": [0.75, 7, 1, 11], "texture": "#0"},
				"up": {"uv": [4.25, 8.5, 4, 8.25], "texture": "#0"},
				"down": {"uv": [4.5, 8.25, 4.25, 8.5], "texture": "#0"}
			}
		},
		{
			"from": [-15, 0, 3],
			"to": [-13, 32, 5],
			"rotation": {"angle": 0, "axis": "y", "origin": [-7, 8, 12]},
			"faces": {
				"north": {"uv": [1, 7, 1.25, 11], "texture": "#0"},
				"east": {"uv": [1.25, 7, 1.5, 11], "texture": "#0"},
				"south": {"uv": [1.5, 7, 1.75, 11], "texture": "#0"},
				"west": {"uv": [1.75, 7, 2, 11], "texture": "#0"},
				"up": {"uv": [4.75, 8.5, 4.5, 8.25], "texture": "#0"},
				"down": {"uv": [5, 8.25, 4.75, 8.5], "texture": "#0"}
			}
		},
		{
			"from": [-16, 3.5, 2],
			"to": [17, 4.5, 16],
			"rotation": {"angle": 0, "axis": "y", "origin": [5, 9.5, 8]},
			"faces": {
				"north": {"uv": [4.125, 3.5, 8.25, 3.625], "texture": "#0"},
				"east": {"uv": [4, 8, 5.75, 8.125], "texture": "#0"},
				"south": {"uv": [4.125, 3.625, 8.25, 3.75], "texture": "#0"},
				"west": {"uv": [5.75, 8, 7.5, 8.125], "texture": "#0"},
				"up": {"uv": [4.125, 1.75, 0, 0], "texture": "#0"},
				"down": {"uv": [4.125, 1.75, 0, 3.5], "texture": "#0"}
			}
		},
		{
			"from": [-16, 11.5, 2],
			"to": [17, 12.5, 16],
			"rotation": {"angle": 0, "axis": "y", "origin": [5, 17.5, 8]},
			"faces": {
				"north": {"uv": [4.125, 3.75, 8.25, 3.875], "texture": "#0"},
				"east": {"uv": [7.5, 8, 9.25, 8.125], "texture": "#0"},
				"south": {"uv": [4.125, 3.875, 8.25, 4], "texture": "#0"},
				"west": {"uv": [4, 8.125, 5.75, 8.25], "texture": "#0"},
				"up": {"uv": [4.125, 5.25, 0, 3.5], "texture": "#0"},
				"down": {"uv": [8.25, 4.125, 4.125, 5.875], "texture": "#0"}
			}
		},
		{
			"from": [-16, 19.5, 2],
			"to": [17, 20.5, 16],
			"rotation": {"angle": 0, "axis": "y", "origin": [5, 25.5, 8]},
			"faces": {
				"north": {"uv": [4.125, 4, 8.25, 4.125], "texture": "#0"},
				"east": {"uv": [5.75, 8.125, 7.5, 8.25], "texture": "#0"},
				"south": {"uv": [4, 7.625, 8.125, 7.75], "texture": "#0"},
				"west": {"uv": [7.5, 8.125, 9.25, 8.25], "texture": "#0"},
				"up": {"uv": [8.25, 1.75, 4.125, 0], "texture": "#0"},
				"down": {"uv": [8.25, 1.75, 4.125, 3.5], "texture": "#0"}
			}
		},
		{
			"from": [-16, 27.5, 2],
			"to": [17, 28.5, 16],
			"rotation": {"angle": 0, "axis": "y", "origin": [5, 33.5, 8]},
			"faces": {
				"north": {"uv": [4, 7.75, 8.125, 7.875], "texture": "#0"},
				"east": {"uv": [8.125, 7.625, 9.875, 7.75], "texture": "#0"},
				"south": {"uv": [4, 7.875, 8.125, 8], "texture": "#0"},
				"west": {"uv": [8.125, 7.75, 9.875, 7.875], "texture": "#0"},
				"up": {"uv": [4.125, 7, 0, 5.25], "texture": "#0"},
				"down": {"uv": [8.25, 5.875, 4.125, 7.625], "texture": "#0"}
			}
		},
		{
			"from": [14, 0, 13],
			"to": [16, 32, 15],
			"rotation": {"angle": 0, "axis": "y", "origin": [22, 8, 22]},
			"faces": {
				"north": {"uv": [2, 7, 2.25, 11], "texture": "#0"},
				"east": {"uv": [2.25, 7, 2.5, 11], "texture": "#0"},
				"south": {"uv": [2.5, 7, 2.75, 11], "texture": "#0"},
				"west": {"uv": [2.75, 7, 3, 11], "texture": "#0"},
				"up": {"uv": [5.25, 8.5, 5, 8.25], "texture": "#0"},
				"down": {"uv": [5.5, 8.25, 5.25, 8.5], "texture": "#0"}
			}
		},
		{
			"from": [14, 0, 3],
			"to": [16, 32, 5],
			"rotation": {"angle": 0, "axis": "y", "origin": [22, 8, 12]},
			"faces": {
				"north": {"uv": [3, 7, 3.25, 11], "texture": "#0"},
				"east": {"uv": [3.25, 7, 3.5, 11], "texture": "#0"},
				"south": {"uv": [3.5, 7, 3.75, 11], "texture": "#0"},
				"west": {"uv": [3.75, 7, 4, 11], "texture": "#0"},
				"up": {"uv": [5.75, 8.5, 5.5, 8.25], "texture": "#0"},
				"down": {"uv": [6, 8.25, 5.75, 8.5], "texture": "#0"}
			}
		}
	],
	"display": {
		"thirdperson_righthand": {
			"scale": [0.2, 0.2, 0.2]
		},
		"thirdperson_lefthand": {
			"scale": [0.2, 0.2, 0.2]
		},
		"firstperson_righthand": {
			"scale": [0.2, 0.2, 0.2]
		},
		"firstperson_lefthand": {
			"scale": [0.2, 0.2, 0.2]
		},
		"ground": {
			"translation": [0, -2.25, 0],
			"scale": [0.2, 0.2, 0.2]
		},
		"gui": {
			"rotation": [8, -38, -6],
			"translation": [2.75, -3.75, 0],
			"scale": [0.4, 0.4, 0.4]
		},
		"head": {
			"translation": [1.5, 8, 0],
			"scale": [0.2, 0.2, 0.2]
		},
		"fixed": {
			"rotation": [-90, 0, 0],
			"translation": [0, 0, -15],
			"scale": [2, 2, 2]
		}
	}
}