{
	"textures": {
		"0": "mnaf:props/blocks/sink"
	},
	"elements": [
		{
			"from": [1.24957, 11, 2.00043],
			"to": [15.24957, 14, 16.00043],
			"rotation": {"angle": 0, "axis": "y", "origin": [8.24957, 15.3576, 12.25]},
			"faces": {
				"north": {"uv": [0, 7.75, 3.5, 8.5], "texture": "#0"},
				"east": {"uv": [6.5, 4.5, 10, 5.25], "texture": "#0"},
				"south": {"uv": [6.5, 5.25, 10, 6], "texture": "#0"},
				"west": {"uv": [0, 7, 3.5, 7.75], "texture": "#0"},
				"up": {"uv": [3.5, 3.5, 0, 0], "rotation": 90, "texture": "#0"},
				"down": {"uv": [3.5, 3.5, 0, 7], "rotation": 270, "texture": "#0"}
			}
		},
		{
			"from": [2.24957, 10, 3.00043],
			"to": [14.24957, 11, 15.00043],
			"rotation": {"angle": 0, "axis": "y", "origin": [8.24957, 15.3576, 12.25]},
			"faces": {
				"north": {"uv": [8.75, 1.75, 11.75, 2], "texture": "#0"},
				"east": {"uv": [8.75, 1, 11.75, 1.25], "texture": "#0"},
				"south": {"uv": [8.75, 1.25, 11.75, 1.5], "texture": "#0"},
				"west": {"uv": [8.75, 1.5, 11.75, 1.75], "texture": "#0"},
				"up": {"uv": [6.5, 6.5, 3.5, 3.5], "rotation": 90, "texture": "#0"},
				"down": {"uv": [6.5, 0, 3.5, 3], "rotation": 270, "texture": "#0"}
			}
		},
		{
			"from": [6.24957, 2, 7.00043],
			"to": [10.24957, 11, 12.00043],
			"rotation": {"angle": 0, "axis": "y", "origin": [8.24957, 15.3576, 12.25]},
			"faces": {
				"north": {"uv": [7.75, 2.25, 8.75, 4.5], "texture": "#0"},
				"east": {"uv": [6.5, 0, 7.75, 2.25], "texture": "#0"},
				"south": {"uv": [7.75, 0, 8.75, 2.25], "texture": "#0"},
				"west": {"uv": [6.5, 2.25, 7.75, 4.5], "texture": "#0"},
				"up": {"uv": [9.25, 7.5, 8, 6.5], "rotation": 90, "texture": "#0"},
				"down": {"uv": [2, 8.5, 0.75, 9.5], "rotation": 270, "texture": "#0"}
			}
		},
		{
			"from": [3.24957, 0, 5.00043],
			"to": [13.24957, 2, 14.00043],
			"rotation": {"angle": 0, "axis": "y", "origin": [8.24957, 15.3576, 12.25]},
			"faces": {
				"north": {"uv": [8.75, 8.75, 11.25, 9.25], "texture": "#0"},
				"east": {"uv": [8.75, 0, 11, 0.5], "texture": "#0"},
				"south": {"uv": [8, 7.5, 10.5, 8], "texture": "#0"},
				"west": {"uv": [8.75, 0.5, 11, 1], "texture": "#0"},
				"up": {"uv": [5.75, 9, 3.5, 6.5], "rotation": 90, "texture": "#0"},
				"down": {"uv": [8, 6.5, 5.75, 9], "rotation": 270, "texture": "#0"}
			}
		},
		{
			"from": [2.24957, 14, 12.90043],
			"to": [14.24957, 16, 16.00043],
			"rotation": {"angle": 0, "axis": "y", "origin": [8.24957, 15.3576, 12.25]},
			"faces": {
				"north": {"uv": [6.5, 6, 9.5, 6.5], "texture": "#0"},
				"east": {"uv": [9.25, 3, 10, 3.5], "texture": "#0"},
				"south": {"uv": [3.5, 3, 6.5, 3.5], "texture": "#0"},
				"west": {"uv": [9.25, 3.5, 10, 4], "texture": "#0"},
				"up": {"uv": [8.75, 11, 8, 8], "rotation": 90, "texture": "#0"},
				"down": {"uv": [0.75, 8.5, 0, 11.5], "rotation": 270, "texture": "#0"}
			}
		},
		{
			"from": [7.09957, 16, 14.00043],
			"to": [9.39957, 20, 16.00043],
			"rotation": {"angle": 0, "axis": "y", "origin": [8.24957, 15.3576, 12.25]},
			"faces": {
				"north": {"uv": [4, 9, 4.5, 10], "texture": "#0"},
				"east": {"uv": [8.75, 2, 9.25, 3], "texture": "#0"},
				"south": {"uv": [8.75, 3, 9.25, 4], "texture": "#0"},
				"west": {"uv": [3.5, 9, 4, 10], "texture": "#0"},
				"up": {"uv": [9.75, 7, 9.25, 6.5], "rotation": 90, "texture": "#0"},
				"down": {"uv": [9.75, 7, 9.25, 7.5], "rotation": 270, "texture": "#0"}
			}
		},
		{
			"from": [11.09957, 15, 13.00043],
			"to": [13.39957, 17, 15.00043],
			"rotation": {"angle": 0, "axis": "y", "origin": [8.24957, 15.3576, 12.25]},
			"faces": {
				"north": {"uv": [5, 9.5, 5.5, 10], "texture": "#0"},
				"east": {"uv": [0.75, 9.5, 1.25, 10], "texture": "#0"},
				"south": {"uv": [1.25, 9.5, 1.75, 10], "texture": "#0"},
				"west": {"uv": [4.5, 9.5, 5, 10], "texture": "#0"},
				"up": {"uv": [6, 10, 5.5, 9.5], "rotation": 90, "texture": "#0"},
				"down": {"uv": [6.5, 9.5, 6, 10], "rotation": 270, "texture": "#0"}
			}
		},
		{
			"from": [3.09957, 15, 13.00043],
			"to": [5.39957, 17, 15.00043],
			"rotation": {"angle": 0, "axis": "y", "origin": [8.24957, 15.3576, 12.25]},
			"faces": {
				"north": {"uv": [8.75, 9.75, 9.25, 10.25], "texture": "#0"},
				"east": {"uv": [9.5, 6, 10, 6.5], "texture": "#0"},
				"south": {"uv": [2.5, 9.75, 3, 10.25], "texture": "#0"},
				"west": {"uv": [3, 9.75, 3.5, 10.25], "texture": "#0"},
				"up": {"uv": [9.75, 10.25, 9.25, 9.75], "rotation": 90, "texture": "#0"},
				"down": {"uv": [10.25, 9.75, 9.75, 10.25], "rotation": 270, "texture": "#0"}
			}
		},
		{
			"from": [11.49957, 17, 13.30043],
			"to": [12.99957, 18, 14.80043],
			"rotation": {"angle": 0, "axis": "y", "origin": [8.24957, 15.3576, 12.25]},
			"faces": {
				"north": {"uv": [10, 3.5, 10.5, 3.75], "texture": "#0"},
				"east": {"uv": [7.5, 10, 8, 10.25], "texture": "#0"},
				"south": {"uv": [10, 3, 10.5, 3.25], "texture": "#0"},
				"west": {"uv": [10, 3.25, 10.5, 3.5], "texture": "#0"},
				"up": {"uv": [10.25, 4.5, 9.75, 4], "rotation": 90, "texture": "#0"},
				"down": {"uv": [10.25, 6.5, 9.75, 7], "rotation": 270, "texture": "#0"}
			}
		},
		{
			"from": [3.49957, 17, 13.30043],
			"to": [4.99957, 18, 14.80043],
			"rotation": {"angle": 0, "axis": "y", "origin": [8.24957, 15.3576, 12.25]},
			"faces": {
				"north": {"uv": [10, 5, 10.5, 5.25], "texture": "#0"},
				"east": {"uv": [10, 3.75, 10.5, 4], "texture": "#0"},
				"south": {"uv": [10, 4.5, 10.5, 4.75], "texture": "#0"},
				"west": {"uv": [10, 4.75, 10.5, 5], "texture": "#0"},
				"up": {"uv": [10.25, 7.5, 9.75, 7], "rotation": 90, "texture": "#0"},
				"down": {"uv": [10.25, 8, 9.75, 8.5], "rotation": 270, "texture": "#0"}
			}
		},
		{
			"from": [2.99409, 18, 9.3883],
			"to": [4.49409, 19, 12.8883],
			"rotation": {"angle": 22.5, "axis": "y", "origin": [8.24957, 15.3576, 12.25]},
			"faces": {
				"north": {"uv": [10, 5.5, 10.5, 5.75], "texture": "#0"},
				"east": {"uv": [8.75, 8.5, 9.75, 8.75], "texture": "#0"},
				"south": {"uv": [10, 5.25, 10.5, 5.5], "texture": "#0"},
				"west": {"uv": [9.75, 8.5, 10.75, 8.75], "texture": "#0"},
				"up": {"uv": [9.75, 4.5, 8.75, 4], "rotation": 90, "texture": "#0"},
				"down": {"uv": [9.75, 8, 8.75, 8.5], "rotation": 270, "texture": "#0"}
			}
		},
		{
			"from": [12.00506, 18, 9.3883],
			"to": [13.50506, 19, 12.8883],
			"rotation": {"angle": -22.5, "axis": "y", "origin": [8.24957, 15.3576, 12.25]},
			"faces": {
				"north": {"uv": [10, 6, 10.5, 6.25], "texture": "#0"},
				"east": {"uv": [9.75, 9.25, 10.75, 9.5], "texture": "#0"},
				"south": {"uv": [10, 5.75, 10.5, 6], "texture": "#0"},
				"west": {"uv": [9.75, 9.5, 10.75, 9.75], "texture": "#0"},
				"up": {"uv": [5.5, 9.5, 4.5, 9], "rotation": 90, "texture": "#0"},
				"down": {"uv": [6.5, 9, 5.5, 9.5], "rotation": 270, "texture": "#0"}
			}
		},
		{
			"from": [7.24957, 15.98832, 16.18462],
			"to": [9.24957, 19.98832, 18.18462],
			"rotation": {"angle": -45, "axis": "x", "origin": [8.24957, 15.3576, 12.25]},
			"faces": {
				"north": {"uv": [2, 9.25, 2.5, 10.25], "texture": "#0"},
				"east": {"uv": [6.5, 9, 7, 10], "texture": "#0"},
				"south": {"uv": [7, 9, 7.5, 10], "texture": "#0"},
				"west": {"uv": [7.5, 9, 8, 10], "texture": "#0"},
				"up": {"uv": [1.25, 10.5, 0.75, 10], "rotation": 90, "texture": "#0"},
				"down": {"uv": [1.75, 10, 1.25, 10.5], "rotation": 270, "texture": "#0"}
			}
		},
		{
			"from": [7.17457, 20.82843, 9.172],
			"to": [9.32457, 22.82843, 13.172],
			"rotation": {"angle": 0, "axis": "y", "origin": [8.24957, 15.3576, 12.25]},
			"faces": {
				"north": {"uv": [4, 10, 4.5, 10.5], "texture": "#0"},
				"east": {"uv": [2.5, 9.25, 3.5, 9.75], "texture": "#0"},
				"south": {"uv": [3.5, 10, 4, 10.5], "texture": "#0"},
				"west": {"uv": [8.75, 9.25, 9.75, 9.75], "texture": "#0"},
				"up": {"uv": [10.25, 2.5, 9.25, 2], "rotation": 90, "texture": "#0"},
				"down": {"uv": [10.25, 2.5, 9.25, 3], "rotation": 270, "texture": "#0"}
			}
		},
		{
			"from": [6.99957, 19.82843, 9.00043],
			"to": [9.49957, 20.82843, 11.50043],
			"rotation": {"angle": 0, "axis": "y", "origin": [8.24957, 15.3576, 12.25]},
			"faces": {
				"north": {"uv": [6.75, 10, 7.5, 10.25], "texture": "#0"},
				"east": {"uv": [4.5, 10, 5.25, 10.25], "texture": "#0"},
				"south": {"uv": [5.25, 10, 6, 10.25], "texture": "#0"},
				"west": {"uv": [6, 10, 6.75, 10.25], "texture": "#0"},
				"up": {"uv": [2.75, 9.25, 2, 8.5], "rotation": 90, "texture": "#0"},
				"down": {"uv": [3.5, 8.5, 2.75, 9.25], "rotation": 270, "texture": "#0"}
			}
		}
	],
	"display": {
		"thirdperson_righthand": {
			"rotation": [50, 0, 0],
			"translation": [0, 1.25, 0.25],
			"scale": [0.3, 0.3, 0.3]
		},
		"thirdperson_lefthand": {
			"rotation": [50, 0, 0],
			"translation": [0, 1.25, 0.25],
			"scale": [0.3, 0.3, 0.3]
		},
		"firstperson_righthand": {
			"rotation": [0, 45, 0],
			"translation": [0, 1.75, 0],
			"scale": [0.4, 0.4, 0.4]
		},
		"firstperson_lefthand": {
			"rotation": [0, 45, 0],
			"translation": [0, 1.75, 0],
			"scale": [0.4, 0.4, 0.4]
		},
		"ground": {
			"translation": [0, 0.25, -0.5],
			"scale": [0.5, 0.5, 0.5]
		},
		"gui": {
			"rotation": [30, 135, 0],
			"translation": [-0.25, -1.75, 0],
			"scale": [0.6, 0.6, 0.6]
		},
		"head": {
			"translation": [0, 0, -0.75]
		},
		"fixed": {
			"rotation": [-90, 0, 0],
			"translation": [0, 0, -16],
			"scale": [2, 2, 2]
		}
	}
}