{
	"credit": "Made with Blockbench",
	"texture_size": [128, 128],
	"textures": {
		"1": "mnaf:props/blocks/stage",
		"particle": "mnaf:props/blocks/stage"
	},
	"elements": [
		{
			"from": [10, 2, 10],
			"to": [16, 14, 16],
			"faces": {
				"north": {"uv": [0, 4, 0.625, 5.5], "texture": "#1"},
				"east": {"uv": [0.625, 4, 1.25, 5.5], "texture": "#1"},
				"south": {"uv": [1.25, 4, 1.875, 5.5], "texture": "#1"},
				"west": {"uv": [1.875, 4, 2.5, 5.5], "texture": "#1"},
				"up": {"uv": [5, 4.375, 4.375, 3.75], "texture": "#1"},
				"down": {"uv": [4.375, 6.875, 3.75, 7.5], "texture": "#1"}
			}
		},
		{
			"from": [10, 2, 0],
			"to": [16, 14, 6],
			"rotation": {"angle": 0, "axis": "y", "origin": [8, 8, -2]},
			"faces": {
				"north": {"uv": [2.5, 4, 3.125, 5.5], "texture": "#1"},
				"east": {"uv": [3.125, 4, 3.75, 5.5], "texture": "#1"},
				"south": {"uv": [3.75, 4, 4.375, 5.5], "texture": "#1"},
				"west": {"uv": [4, 0, 4.625, 1.5], "texture": "#1"},
				"up": {"uv": [5, 7.5, 4.375, 6.875], "texture": "#1"},
				"down": {"uv": [5.625, 6.875, 5, 7.5], "texture": "#1"}
			}
		},
		{
			"from": [0, 2, 0],
			"to": [6, 14, 6],
			"rotation": {"angle": 0, "axis": "y", "origin": [-1, 8, -2]},
			"faces": {
				"north": {"uv": [4, 1.5, 4.625, 3], "texture": "#1"},
				"east": {"uv": [4.375, 4.375, 5, 5.875], "texture": "#1"},
				"south": {"uv": [4.625, 0, 5.25, 1.5], "texture": "#1"},
				"west": {"uv": [4.625, 1.5, 5.25, 3], "texture": "#1"},
				"up": {"uv": [6.25, 7.5, 5.625, 6.875], "texture": "#1"},
				"down": {"uv": [6.875, 6.875, 6.25, 7.5], "texture": "#1"}
			}
		},
		{
			"from": [0, 2, 10],
			"to": [6, 14, 16],
			"rotation": {"angle": 0, "axis": "y", "origin": [-1, 8, 7]},
			"faces": {
				"north": {"uv": [5, 5, 5.625, 6.5], "texture": "#1"},
				"east": {"uv": [5, 3, 5.625, 4.5], "texture": "#1"},
				"south": {"uv": [5.25, 0, 5.875, 1.5], "texture": "#1"},
				"west": {"uv": [5.25, 1.5, 5.875, 3], "texture": "#1"},
				"up": {"uv": [7.5, 7.5, 6.875, 6.875], "texture": "#1"},
				"down": {"uv": [7.5, 0, 6.875, 0.625], "texture": "#1"}
			}
		},
		{
			"from": [0, 2, 6],
			"to": [16, 5, 10],
			"rotation": {"angle": 0, "axis": "y", "origin": [8, 8, 2]},
			"faces": {
				"north": {"uv": [5.875, 1.125, 7.625, 1.5], "texture": "#1"},
				"east": {"uv": [2, 7.375, 2.5, 7.75], "texture": "#1"},
				"south": {"uv": [5.875, 1.5, 7.625, 1.875], "texture": "#1"},
				"west": {"uv": [7.375, 3, 7.875, 3.375], "texture": "#1"},
				"up": {"uv": [6.75, 5, 5, 4.5], "texture": "#1"},
				"down": {"uv": [2.75, 5.5, 1, 6], "texture": "#1"}
			}
		},
		{
			"from": [3, 5, 6],
			"to": [13, 11, 10],
			"rotation": {"angle": 0, "axis": "y", "origin": [8, 11, 2]},
			"faces": {
				"north": {"uv": [4, 3, 5, 3.75], "texture": "#1"},
				"east": {"uv": [1.5, 6.875, 2, 7.625], "texture": "#1"},
				"south": {"uv": [5.625, 3.5, 6.625, 4.25], "texture": "#1"},
				"west": {"uv": [0, 7.25, 0.5, 8], "texture": "#1"},
				"up": {"uv": [2, 6.875, 1, 6.375], "texture": "#1"},
				"down": {"uv": [7.75, 4.5, 6.75, 5], "texture": "#1"}
			}
		},
		{
			"from": [6, 5, 3],
			"to": [10, 11, 13],
			"rotation": {"angle": 0, "axis": "y", "origin": [2, 11, 8]},
			"faces": {
				"north": {"uv": [0.5, 7.25, 1, 8], "texture": "#1"},
				"east": {"uv": [3.75, 5.875, 4.75, 6.625], "texture": "#1"},
				"south": {"uv": [2.5, 7.25, 3, 8], "texture": "#1"},
				"west": {"uv": [5.875, 0, 6.875, 0.75], "texture": "#1"},
				"up": {"uv": [2.5, 7.375, 2, 6.375], "texture": "#1"},
				"down": {"uv": [1.5, 6.875, 1, 7.875], "texture": "#1"}
			}
		},
		{
			"from": [0, 11, 6],
			"to": [16, 14, 10],
			"rotation": {"angle": 0, "axis": "y", "origin": [8, 18, 2]},
			"faces": {
				"north": {"uv": [5.875, 1.875, 7.625, 2.25], "texture": "#1"},
				"east": {"uv": [7.375, 5, 7.875, 5.375], "texture": "#1"},
				"south": {"uv": [5.875, 2.25, 7.625, 2.625], "texture": "#1"},
				"west": {"uv": [7.375, 5.625, 7.875, 6], "texture": "#1"},
				"up": {"uv": [7.375, 6.125, 5.625, 5.625], "texture": "#1"},
				"down": {"uv": [7.375, 3, 5.625, 3.5], "texture": "#1"}
			}
		},
		{
			"from": [6, 2, 0],
			"to": [10, 5, 16],
			"rotation": {"angle": 0, "axis": "y", "origin": [2, 8, 8]},
			"faces": {
				"north": {"uv": [3.75, 5.5, 4.25, 5.875], "texture": "#1"},
				"east": {"uv": [5.625, 5, 7.375, 5.375], "texture": "#1"},
				"south": {"uv": [3, 7.25, 3.5, 7.625], "texture": "#1"},
				"west": {"uv": [5.875, 0.75, 7.625, 1.125], "texture": "#1"},
				"up": {"uv": [0.5, 7.25, 0, 5.5], "texture": "#1"},
				"down": {"uv": [1, 5.5, 0.5, 7.25], "texture": "#1"}
			}
		},
		{
			"from": [6, 11, 0],
			"to": [10, 14, 16],
			"rotation": {"angle": 0, "axis": "y", "origin": [2, 18, 8]},
			"faces": {
				"north": {"uv": [3.5, 7.5, 4, 7.875], "texture": "#1"},
				"east": {"uv": [5.875, 2.625, 7.625, 3], "texture": "#1"},
				"south": {"uv": [4, 7.5, 4.5, 7.875], "texture": "#1"},
				"west": {"uv": [1, 6, 2.75, 6.375], "texture": "#1"},
				"up": {"uv": [3.25, 7.25, 2.75, 5.5], "texture": "#1"},
				"down": {"uv": [3.75, 5.5, 3.25, 7.25], "texture": "#1"}
			}
		},
		{
			"from": [-1, 0, -1],
			"to": [17, 2, 17],
			"rotation": {"angle": 0, "axis": "y", "origin": [8, 6, 8]},
			"faces": {
				"north": {"uv": [5.625, 4.25, 7.625, 4.5], "texture": "#1"},
				"east": {"uv": [5.625, 5.375, 7.625, 5.625], "texture": "#1"},
				"south": {"uv": [5.625, 6.125, 7.625, 6.375], "texture": "#1"},
				"west": {"uv": [5.625, 6.375, 7.625, 6.625], "texture": "#1"},
				"up": {"uv": [2, 2, 0, 0], "texture": "#1"},
				"down": {"uv": [2, 2, 0, 4], "texture": "#1"}
			}
		},
		{
			"from": [-1, 13.8, -1],
			"to": [17, 15.8, 17],
			"rotation": {"angle": 0, "axis": "y", "origin": [8, 20, 8]},
			"faces": {
				"north": {"uv": [3.75, 6.625, 5.75, 6.875], "texture": "#1"},
				"east": {"uv": [5.75, 6.625, 7.75, 6.875], "texture": "#1"},
				"south": {"uv": [6.625, 3.5, 8.625, 3.75], "texture": "#1"},
				"west": {"uv": [6.625, 3.75, 8.625, 4], "texture": "#1"},
				"up": {"uv": [4, 4, 2, 2], "texture": "#1"},
				"down": {"uv": [4, 0, 2, 2], "texture": "#1"}
			}
		}
	],
	"display": {
		"thirdperson_righthand": {
			"scale": [0.2, 0.2, 0.2]
		},
		"thirdperson_lefthand": {
			"scale": [0.2, 0.2, 0.2]
		},
		"firstperson_righthand": {
			"scale": [0.5, 0.5, 0.5]
		},
		"firstperson_lefthand": {
			"scale": [0.5, 0.5, 0.5]
		},
		"ground": {
			"translation": [0, -2.5, 0],
			"scale": [0.2, 0.2, 0.2]
		},
		"gui": {
			"rotation": [0, -40, -12.25],
			"scale": [0.5, 0.5, 0.5]
		}
	}
}