{
	"textures": {
		"0": "mnaf:props/blocks/speaker"
	},
	"elements": [
		{
			"from": [0, 0, 1],
			"to": [16, 25.5, 16],
			"rotation": {"angle": 0, "axis": "y", "origin": [12, 12, 14.5]},
			"faces": {
				"north": {"uv": [0, 0, 2.75, 4.25], "texture": "#0"},
				"east": {"uv": [0, 4.25, 2.5, 8.5], "texture": "#0"},
				"south": {"uv": [2.75, 2.75, 5.5, 7], "texture": "#0"},
				"west": {"uv": [5.5, 5.5, 8, 9.75], "texture": "#0"},
				"up": {"uv": [5.5, 2.5, 2.75, 0], "texture": "#0"},
				"down": {"uv": [8.25, 0, 5.5, 2.5], "texture": "#0"}
			}
		},
		{
			"from": [2, 1.5, 0.5],
			"to": [14, 12, 1],
			"rotation": {"angle": 0, "axis": "y", "origin": [13, 15, 11.5]},
			"faces": {
				"north": {"uv": [5.5, 2.5, 7.5, 4.25], "texture": "#0"},
				"east": {"uv": [2.5, 4.25, 2.75, 6], "texture": "#0"},
				"south": {"uv": [2.5, 7, 4.5, 8.75], "texture": "#0"},
				"west": {"uv": [4.5, 7, 4.75, 8.75], "texture": "#0"},
				"up": {"uv": [4.75, 2.75, 2.75, 2.5], "texture": "#0"},
				"down": {"uv": [7.5, 4.25, 5.5, 4.5], "texture": "#0"}
			}
		},
		{
			"from": [2.75, 13.5, 0.5],
			"to": [13.25, 22.5, 1],
			"rotation": {"angle": 0, "axis": "y", "origin": [14.5, 25.5, 11.5]},
			"faces": {
				"north": {"uv": [7.5, 2.5, 9.25, 4], "texture": "#0"},
				"east": {"uv": [4.75, 7, 5, 8.5], "texture": "#0"},
				"south": {"uv": [7.5, 4, 9.25, 5.5], "texture": "#0"},
				"west": {"uv": [5, 7, 5.25, 8.5], "texture": "#0"},
				"up": {"uv": [7.25, 4.75, 5.5, 4.5], "texture": "#0"},
				"down": {"uv": [7.25, 4.75, 5.5, 5], "texture": "#0"}
			}
		}
	],
	"display": {
		"thirdperson_righthand": {
			"rotation": [50, 0, 0],
			"translation": [0, 0, -1],
			"scale": [0.24, 0.25, 0.25]
		},
		"thirdperson_lefthand": {
			"rotation": [50, 0, 0],
			"translation": [0, 0, -1],
			"scale": [0.24, 0.25, 0.25]
		},
		"firstperson_righthand": {
			"rotation": [0, 90, 0],
			"translation": [1.13, 3.2, 1.13],
			"scale": [0.3, 0.3, 0.3]
		},
		"firstperson_lefthand": {
			"rotation": [0, 90, 0],
			"translation": [1.13, 3.2, 1.13],
			"scale": [0.3, 0.3, 0.3]
		},
		"ground": {
			"translation": [0, 0.25, 0],
			"scale": [0.5, 0.5, 0.5]
		},
		"gui": {
			"rotation": [30, 135, 0],
			"translation": [0, -2, 0],
			"scale": [0.45, 0.45, 0.45]
		},
		"head": {
			"translation": [0, 1.5, -0.5]
		},
		"fixed": {
			"rotation": [-90, 0, 0],
			"translation": [0, 0, -15],
			"scale": [2, 2, 2]
		}
	}
}