{
	"textures": {
		"0": "blockbench/speaker",
		"particle": "blockbench/speaker"
	},
	"elements": [
		{
			"from": [3.33333, 0, 2.5],
			"to": [13.33333, 17, 13.5],
			"rotation": {"angle": 0, "axis": "y", "origin": [4.33333, 8, 10.5]},
			"faces": {
				"north": {"uv": [5.5, 5.5, 8, 9.75], "texture": "#0"},
				"east": {"uv": [0, 0, 2.75, 4.25], "texture": "#0"},
				"south": {"uv": [0, 4.25, 2.5, 8.5], "texture": "#0"},
				"west": {"uv": [2.75, 2.75, 5.5, 7], "texture": "#0"},
				"up": {"uv": [5.5, 2.5, 2.75, 0], "rotation": 90, "texture": "#0"},
				"down": {"uv": [8.25, 0, 5.5, 2.5], "rotation": 270, "texture": "#0"}
			}
		},
		{
			"from": [13.33333, 1, 4],
			"to": [14.33333, 8, 12],
			"rotation": {"angle": 0, "axis": "y", "origin": [6.33333, 10, 11.5]},
			"faces": {
				"north": {"uv": [4.5, 7, 4.75, 8.75], "texture": "#0"},
				"east": {"uv": [5.5, 2.5, 7.5, 4.25], "texture": "#0"},
				"south": {"uv": [2.5, 4.25, 2.75, 6], "texture": "#0"},
				"west": {"uv": [2.5, 7, 4.5, 8.75], "texture": "#0"},
				"up": {"uv": [4.75, 2.75, 2.75, 2.5], "rotation": 90, "texture": "#0"},
				"down": {"uv": [7.5, 4.25, 5.5, 4.5], "rotation": 270, "texture": "#0"}
			}
		},
		{
			"from": [13.33333, 9, 4.5],
			"to": [14.33333, 15, 11.5],
			"rotation": {"angle": 0, "axis": "y", "origin": [6.33333, 17, 12.5]},
			"faces": {
				"north": {"uv": [5, 7, 5.25, 8.5], "texture": "#0"},
				"east": {"uv": [7.5, 2.5, 9.25, 4], "texture": "#0"},
				"south": {"uv": [4.75, 7, 5, 8.5], "texture": "#0"},
				"west": {"uv": [7.5, 4, 9.25, 5.5], "texture": "#0"},
				"up": {"uv": [7.25, 4.75, 5.5, 4.5], "rotation": 90, "texture": "#0"},
				"down": {"uv": [7.25, 4.75, 5.5, 5], "rotation": 270, "texture": "#0"}
			}
		},
		{
			"from": [14.33333, 10, 5.5],
			"to": [15.33333, 14, 10.5],
			"rotation": {"angle": 0, "axis": "y", "origin": [22.33333, 21, 17.5]},
			"faces": {
				"north": {"uv": [8.5, 4.5, 8.75, 5.5], "texture": "#0"},
				"east": {"uv": [5.75, 2.75, 7.25, 4], "texture": "#0"},
				"south": {"uv": [8.5, 4.25, 8.75, 5.5], "texture": "#0"},
				"west": {"uv": [0, 0, 1.25, 1], "texture": "#0"},
				"up": {"uv": [8.75, 4, 9, 5.5], "texture": "#0"},
				"down": {"uv": [7.5, 4, 7.75, 5.5], "texture": "#0"}
			}
		},
		{
			"from": [14.33333, 2, 5],
			"to": [15.33333, 7, 11],
			"rotation": {"angle": 0, "axis": "y", "origin": [22.33333, 14, 18]},
			"faces": {
				"north": {"uv": [8.5, 4.5, 8.75, 5.5], "texture": "#0"},
				"east": {"uv": [5.75, 2.75, 7.25, 4], "texture": "#0"},
				"south": {"uv": [8.5, 4.25, 8.75, 5.5], "texture": "#0"},
				"west": {"uv": [0, 0, 1.5, 1.25], "texture": "#0"},
				"up": {"uv": [8.75, 4, 9, 5.5], "texture": "#0"},
				"down": {"uv": [7.5, 4, 7.75, 5.5], "texture": "#0"}
			}
		}
	]
}