{
	"texture_size": [32, 32],
	"textures": {
		"0": "mnaf:props/blocks/tip_jar",
		"1": "mnaf:props/blocks/tip_jar_label"
	},
	"elements": [
		{
			"from": [4, 0, 4],
			"to": [12, 11, 12],
			"rotation": {"angle": 0, "axis": "y", "origin": [19, 8, 12]},
			"faces": {
				"north": {"uv": [0, 0, 3.5, 5], "texture": "#0"},
				"east": {"uv": [3.5, 4, 7.5, 9], "texture": "#0"},
				"south": {"uv": [0, 5.5, 3.5, 10.5], "texture": "#0"},
				"west": {"uv": [7.5, 8, 11.5, 13], "texture": "#0"},
				"up": {"uv": [7.5, 4, 3.5, 0], "texture": "#0"},
				"down": {"uv": [11.5, 0, 7.5, 4], "texture": "#0"}
			}
		},
		{
			"from": [5, 11, 5],
			"to": [11, 14, 11],
			"rotation": {"angle": 0, "axis": "y", "origin": [20, 17, 13]},
			"faces": {
				"north": {"uv": [11.5, 11.5, 14.5, 13], "texture": "#0"},
				"east": {"uv": [11.5, 0, 14.5, 1.5], "texture": "#0"},
				"south": {"uv": [11.5, 1, 14.5, 2.5], "texture": "#0"},
				"west": {"uv": [11.5, 6.5, 14.5, 8], "texture": "#0"},
				"up": {"uv": [3, 14, 0, 11], "texture": "#0"},
				"down": {"uv": [14.5, 4, 11.5, 7], "texture": "#0"}
			}
		},
		{
			"from": [4.5, 14, 4.5],
			"to": [11.5, 15, 11.5],
			"rotation": {"angle": 0, "axis": "y", "origin": [19.5, 20, 12.5]},
			"faces": {
				"north": {"uv": [8, 7.5, 11.5, 8], "texture": "#0"},
				"east": {"uv": [11.5, 3, 15, 3.5], "texture": "#0"},
				"south": {"uv": [11.5, 2.5, 15, 3], "texture": "#0"},
				"west": {"uv": [11.5, 8, 15, 8.5], "texture": "#0"},
				"up": {"uv": [11, 7, 7.5, 3.5], "texture": "#0"},
				"down": {"uv": [7, 9, 3.5, 12.5], "texture": "#0"}
			}
		},
		{
			"from": [4, 4.4, 4],
			"to": [12, 8.8, 4],
			"rotation": {"angle": 0, "axis": "y", "origin": [19, 8, 12]},
			"faces": {
				"north": {"uv": [0, 0, 12.75, 6.375], "texture": "#1"}
			}
		},
		{
			"from": [4, 4.4, 12],
			"to": [12, 8.8, 12],
			"rotation": {"angle": 0, "axis": "y", "origin": [19, 8, 20]},
			"faces": {
				"south": {"uv": [0, 0, 12.75, 6.375], "texture": "#1"}
			}
		}
	],
	"display": {
		"thirdperson_righthand": {
			"rotation": [75, 45, 0],
			"translation": [0, 1.5, 1],
			"scale": [0.3, 0.3, 0.3]
		},
		"thirdperson_lefthand": {
			"rotation": [75, 45, 0],
			"translation": [0, 1.5, 1],
			"scale": [0.3, 0.3, 0.3]
		},
		"firstperson_righthand": {
			"rotation": [0, -90, 25],
			"translation": [0, 3, 1],
			"scale": [0.5, 0.5, 0.5]
		},
		"firstperson_lefthand": {
			"rotation": [0, -90, 25],
			"translation": [0, 3, 1],
			"scale": [0.5, 0.5, 0.5]
		},
		"ground": {
			"translation": [0, 0.25, 0],
			"scale": [0.5, 0.5, 0.5]
		},
		"gui": {
			"rotation": [30, 135, 0],
			"scale": [0.7, 0.7, 0.7]
		},
		"head": {
			"translation": [0, 14.25, 0]
		},
		"fixed": {
			"rotation": [-90, 0, 0],
			"translation": [0, 0, -16],
			"scale": [2, 2, 2]
		}
	}
}