{
	"texture_size": [64, 64],
	"textures": {
		"0": "mnaf:props/blocks/tnt_barrel"
	},
	"elements": [
		{
			"from": [2, 0, 1.5],
			"to": [14, 15, 13.5],
			"rotation": {"angle": 0, "axis": "y", "origin": [10, 17, 9.5]},
			"faces": {
				"north": {"uv": [0, 0, 3, 3.25], "texture": "#0"},
				"east": {"uv": [3, 3, 6, 6.25], "texture": "#0"},
				"south": {"uv": [0, 3.25, 3, 6.5], "texture": "#0"},
				"west": {"uv": [6, 6, 9, 9.25], "texture": "#0"},
				"up": {"uv": [6, 3, 3, 0], "texture": "#0"},
				"down": {"uv": [9, 0, 6, 3], "texture": "#0"}
			}
		},
		{
			"from": [3, 15, 2.5],
			"to": [8, 20, 7.5],
			"rotation": {"angle": 0, "axis": "y", "origin": [11, 23, 10.5]},
			"faces": {
				"north": {"uv": [6, 4.75, 7.25, 6], "texture": "#0"},
				"east": {"uv": [4.75, 6.25, 6, 7.5], "texture": "#0"},
				"south": {"uv": [1.75, 6.5, 3, 7.75], "texture": "#0"},
				"west": {"uv": [7.25, 4.75, 8.5, 6], "texture": "#0"},
				"up": {"uv": [1.25, 9.5, 0, 8.25], "texture": "#0"},
				"down": {"uv": [9.75, 4.75, 8.5, 6], "texture": "#0"}
			}
		},
		{
			"from": [9, 16.5, -1],
			"to": [10.5, 20.5, 0.5],
			"rotation": {"angle": -22.5, "axis": "x", "origin": [17, 24.5, 7]},
			"faces": {
				"north": {"uv": [5.25, 7.5, 5.75, 8.5], "texture": "#0"},
				"east": {"uv": [1.25, 8.25, 1.75, 9.25], "texture": "#0"},
				"south": {"uv": [8.25, 9.25, 8.75, 10.25], "texture": "#0"},
				"west": {"uv": [9.5, 2.75, 10, 3.75], "texture": "#0"},
				"up": {"uv": [5.25, 8, 4.75, 7.5], "texture": "#0"},
				"down": {"uv": [5.75, 8.5, 5.25, 9], "texture": "#0"}
			}
		},
		{
			"from": [12, 0, 15],
			"to": [18, 1.5, 16.5],
			"rotation": {"angle": 0, "axis": "y", "origin": [22, -7, 23]},
			"faces": {
				"north": {"uv": [9, 2.25, 10.5, 2.75], "texture": "#0"},
				"east": {"uv": [2.5, 9.75, 3, 10.25], "texture": "#0"},
				"south": {"uv": [5.25, 9.25, 6.75, 9.75], "texture": "#0"},
				"west": {"uv": [3, 9.75, 3.5, 10.25], "texture": "#0"},
				"up": {"uv": [8.25, 9.75, 6.75, 9.25], "texture": "#0"},
				"down": {"uv": [1.5, 9.5, 0, 10], "texture": "#0"}
			}
		},
		{
			"from": [18, 0.8, 15],
			"to": [22, 0.8, 16.5],
			"rotation": {"angle": 0, "axis": "y", "origin": [26, -7, 23]},
			"faces": {
				"north": {"uv": [0, 0, 1, 0], "texture": "#0"},
				"east": {"uv": [0, 0, 0.5, 0], "texture": "#0"},
				"south": {"uv": [0, 0, 1, 0], "texture": "#0"},
				"west": {"uv": [0, 0, 0.5, 0], "texture": "#0"},
				"up": {"uv": [10.5, 4.25, 9.5, 3.75], "texture": "#0"},
				"down": {"uv": [10.5, 4.25, 9.5, 4.75], "texture": "#0"}
			}
		},
		{
			"from": [9, 20.19552, -1.6],
			"to": [10.5, 24.19552, -1.6],
			"rotation": {"angle": -22.5, "axis": "x", "origin": [17, 28.19552, 5.46927]},
			"faces": {
				"north": {"uv": [1.5, 9.75, 2, 10.75], "texture": "#0"},
				"east": {"uv": [0, 0, 0, 1], "texture": "#0"},
				"south": {"uv": [2, 9.75, 2.5, 10.75], "texture": "#0"},
				"west": {"uv": [0, 0, 0, 1], "texture": "#0"},
				"up": {"uv": [0.5, 0, 0, 0], "texture": "#0"},
				"down": {"uv": [0.5, 0, 0, 0], "texture": "#0"}
			}
		},
		{
			"from": [6, 14.5, 7],
			"to": [11, 18.5, 12],
			"rotation": {"angle": 0, "axis": "y", "origin": [14, 22.5, 15]},
			"faces": {
				"north": {"uv": [9, 1.25, 10.25, 2.25], "texture": "#0"},
				"east": {"uv": [9, 6, 10.25, 7], "texture": "#0"},
				"south": {"uv": [9, 7, 10.25, 8], "texture": "#0"},
				"west": {"uv": [9, 8, 10.25, 9], "texture": "#0"},
				"up": {"uv": [10.25, 10.25, 9, 9], "texture": "#0"},
				"down": {"uv": [10.25, 0, 9, 1.25], "texture": "#0"}
			}
		},
		{
			"from": [-6, 0, -2],
			"to": [1, 7, 5],
			"faces": {
				"north": {"uv": [6, 3, 7.75, 4.75], "texture": "#0"},
				"east": {"uv": [3, 6.25, 4.75, 8], "texture": "#0"},
				"south": {"uv": [0, 6.5, 1.75, 8.25], "texture": "#0"},
				"west": {"uv": [7.75, 3, 9.5, 4.75], "texture": "#0"},
				"up": {"uv": [3.5, 9.75, 1.75, 8], "texture": "#0"},
				"down": {"uv": [5.25, 8, 3.5, 9.75], "texture": "#0"}
			}
		},
		{
			"from": [14, 1, 2.5],
			"to": [15, 14.5, 12.5],
			"rotation": {"angle": 0, "axis": "y", "origin": [22, 8, 10.5]},
			"faces": {
				"north": {"uv": [0, 0, 0.25, 3.125], "texture": "#0"},
				"east": {"uv": [0, 0, 2.5, 3.125], "texture": "#0"},
				"south": {"uv": [0, 0, 0.25, 3.125], "texture": "#0"},
				"west": {"uv": [0, 0, 2.5, 3.125], "texture": "#0"},
				"up": {"uv": [6.5, 0, 6.75, 2.5], "texture": "#0"},
				"down": {"uv": [0, 0, 0.25, 2.5], "texture": "#0"}
			}
		},
		{
			"from": [3, 1, 13.5],
			"to": [13, 14.5, 14.5],
			"rotation": {"angle": 0, "axis": "y", "origin": [6, 8, 21.5]},
			"faces": {
				"north": {"uv": [0, 0, 2.5, 3.125], "texture": "#0"},
				"east": {"uv": [0, 0, 0.25, 3.125], "texture": "#0"},
				"south": {"uv": [0, 0, 2.5, 3.125], "texture": "#0"},
				"west": {"uv": [0, 0, 0.25, 3.125], "texture": "#0"},
				"up": {"uv": [6.5, 0, 6.75, 2.5], "rotation": 90, "texture": "#0"},
				"down": {"uv": [0, 0, 0.25, 2.5], "rotation": 270, "texture": "#0"}
			}
		},
		{
			"from": [1, 1, 2.5],
			"to": [2, 14.5, 12.5],
			"rotation": {"angle": 0, "axis": "y", "origin": [-6, 8, 10.5]},
			"faces": {
				"north": {"uv": [0.25, 0, 0, 3.125], "texture": "#0"},
				"east": {"uv": [2.5, 0, 0, 3.125], "texture": "#0"},
				"south": {"uv": [0.25, 0, 0, 3.125], "texture": "#0"},
				"west": {"uv": [2.5, 0, 0, 3.125], "texture": "#0"},
				"up": {"uv": [6.75, 0, 6.5, 2.5], "texture": "#0"},
				"down": {"uv": [0.25, 0, 0, 2.5], "texture": "#0"}
			}
		},
		{
			"from": [3, 1, 0.5],
			"to": [13, 14.5, 1.5],
			"rotation": {"angle": 0, "axis": "y", "origin": [6, 8, -6.5]},
			"faces": {
				"north": {"uv": [2.5, 0, 0, 3.125], "texture": "#0"},
				"east": {"uv": [0.25, 0, 0, 3.125], "texture": "#0"},
				"south": {"uv": [2.5, 0, 0, 3.125], "texture": "#0"},
				"west": {"uv": [0.25, 0, 0, 3.125], "texture": "#0"},
				"up": {"uv": [6.75, 0, 6.5, 2.5], "rotation": 90, "texture": "#0"},
				"down": {"uv": [0.25, 0, 0, 2.5], "rotation": 270, "texture": "#0"}
			}
		}
	],
	"display": {
		"thirdperson_righthand": {
			"rotation": [30, 45, 0],
			"scale": [0.15, 0.15, 0.15]
		},
		"thirdperson_lefthand": {
			"rotation": [30, 45, 0],
			"scale": [0.15, 0.15, 0.15]
		},
		"firstperson_righthand": {
			"rotation": [0, 33, 0],
			"translation": [1, 1, 0],
			"scale": [0.4, 0.4, 0.4]
		},
		"firstperson_lefthand": {
			"rotation": [0, 33, 0],
			"translation": [1, 1, 0],
			"scale": [0.4, 0.4, 0.4]
		},
		"ground": {
			"translation": [0, 0.5, 0],
			"scale": [0.5, 0.5, 0.5]
		},
		"gui": {
			"rotation": [11.75, -37, 8],
			"translation": [0, -2, 0],
			"scale": [0.66, 0.66, 0.66]
		},
		"head": {
			"translation": [0, 0, 0.5]
		},
		"fixed": {
			"rotation": [-90, 0, 0],
			"translation": [0, 0, -16],
			"scale": [2, 2, 2]
		}
	}
}