{
	"textures": {
		"0": "mnaf:props/blocks/toilet"
	},
	"elements": [
		{
			"from": [2, 0, 1],
			"to": [14, 2, 16],
			"rotation": {"angle": 0, "axis": "y", "origin": [6, 8, 10]},
			"faces": {
				"north": {"uv": [11.75, 5.5, 14.75, 6], "texture": "#0"},
				"east": {"uv": [11.75, 0.75, 15.5, 1.25], "texture": "#0"},
				"south": {"uv": [11.75, 5, 14.75, 5.5], "texture": "#0"},
				"west": {"uv": [11.75, 1.25, 15.5, 1.75], "texture": "#0"},
				"up": {"uv": [7.75, 7, 4, 4], "rotation": 90, "texture": "#0"},
				"down": {"uv": [7.75, 0, 4, 3], "rotation": 270, "texture": "#0"}
			}
		},
		{
			"from": [3.5, 2, 3.5],
			"to": [12.5, 10, 12.5],
			"rotation": {"angle": 0, "axis": "y", "origin": [4.5, 9, 11.5]},
			"faces": {
				"north": {"uv": [10, 2, 12.25, 4], "texture": "#0"},
				"east": {"uv": [8.25, 6, 10.5, 8], "texture": "#0"},
				"south": {"uv": [3, 9.25, 5.25, 11.25], "texture": "#0"},
				"west": {"uv": [9.5, 0, 11.75, 2], "texture": "#0"},
				"up": {"uv": [10, 6, 7.75, 3.75], "rotation": 90, "texture": "#0"},
				"down": {"uv": [10.5, 8.25, 8.25, 10.5], "rotation": 270, "texture": "#0"}
			}
		},
		{
			"from": [4.5, 2, 12.5],
			"to": [11.5, 10, 15.5],
			"rotation": {"angle": 0, "axis": "y", "origin": [5.5, 9, 20.5]},
			"faces": {
				"north": {"uv": [8.25, 10.5, 10, 12.5], "texture": "#0"},
				"east": {"uv": [6.5, 10.75, 7.25, 12.75], "texture": "#0"},
				"south": {"uv": [10, 4, 11.75, 6], "texture": "#0"},
				"west": {"uv": [7.25, 10.75, 8, 12.75], "texture": "#0"},
				"up": {"uv": [6.25, 13.75, 5.5, 12], "rotation": 90, "texture": "#0"},
				"down": {"uv": [12, 12, 11.25, 13.75], "rotation": 270, "texture": "#0"}
			}
		},
		{
			"from": [1.5, 9, 0],
			"to": [14.5, 12, 16],
			"rotation": {"angle": 0, "axis": "y", "origin": [5.5, 16, 14]},
			"faces": {
				"north": {"uv": [11.75, 0, 15, 0.75], "texture": "#0"},
				"east": {"uv": [11.25, 11.25, 15.25, 12], "texture": "#0"},
				"south": {"uv": [4, 3, 7.25, 3.75], "texture": "#0"},
				"west": {"uv": [11.25, 10.5, 15.25, 11.25], "texture": "#0"},
				"up": {"uv": [4, 3.25, 0, 0], "rotation": 90, "texture": "#0"},
				"down": {"uv": [4, 3.25, 0, 6.5], "rotation": 270, "texture": "#0"}
			}
		},
		{
			"from": [2.5, 12, 1],
			"to": [13.5, 13, 10],
			"rotation": {"angle": 0, "axis": "y", "origin": [5.5, 19, 14]},
			"faces": {
				"north": {"uv": [12.5, 2.25, 15.25, 2.5], "texture": "#0"},
				"east": {"uv": [13, 9.75, 15.25, 10], "texture": "#0"},
				"south": {"uv": [10.5, 14, 13.25, 14.25], "texture": "#0"},
				"west": {"uv": [13, 13.75, 15.25, 14], "texture": "#0"},
				"up": {"uv": [9.25, 16, 7, 13.25], "rotation": 90, "texture": "#0"},
				"down": {"uv": [2.25, 12.75, 0, 15.5], "rotation": 270, "texture": "#0"}
			}
		},
		{
			"from": [1.5, 14, 10],
			"to": [14.5, 23, 16],
			"rotation": {"angle": 0, "axis": "y", "origin": [5.5, 19, 14]},
			"faces": {
				"north": {"uv": [3.25, 7, 6.5, 9.25], "texture": "#0"},
				"east": {"uv": [10.5, 6, 12, 8.25], "texture": "#0"},
				"south": {"uv": [0, 6.5, 3.25, 8.75], "texture": "#0"},
				"west": {"uv": [10.5, 8.25, 12, 10.5], "texture": "#0"},
				"up": {"uv": [1.5, 12, 0, 8.75], "rotation": 90, "texture": "#0"},
				"down": {"uv": [3, 8.75, 1.5, 12], "rotation": 270, "texture": "#0"}
			}
		},
		{
			"from": [2.5, 12, 10.5],
			"to": [13.5, 14, 15.5],
			"rotation": {"angle": 0, "axis": "y", "origin": [5.5, 10, 14]},
			"faces": {
				"north": {"uv": [2.75, 12, 5.5, 12.5], "texture": "#0"},
				"east": {"uv": [12, 6, 13.25, 6.5], "texture": "#0"},
				"south": {"uv": [0, 12, 2.75, 12.5], "texture": "#0"},
				"west": {"uv": [12, 6.5, 13.25, 7], "texture": "#0"},
				"up": {"uv": [6.5, 12, 5.25, 9.25], "rotation": 90, "texture": "#0"},
				"down": {"uv": [11.25, 10.5, 10, 13.25], "rotation": 270, "texture": "#0"}
			}
		},
		{
			"from": [0.5, 22, 9.5],
			"to": [15.5, 24, 16.5],
			"rotation": {"angle": 0, "axis": "y", "origin": [5.5, 29, 14]},
			"faces": {
				"north": {"uv": [11.75, 4.5, 15.5, 5], "texture": "#0"},
				"east": {"uv": [3, 11.25, 4.75, 11.75], "texture": "#0"},
				"south": {"uv": [11.75, 4, 15.5, 4.5], "texture": "#0"},
				"west": {"uv": [12, 12, 13.75, 12.5], "texture": "#0"},
				"up": {"uv": [8.25, 10.75, 6.5, 7], "rotation": 90, "texture": "#0"},
				"down": {"uv": [9.5, 0, 7.75, 3.75], "rotation": 270, "texture": "#0"}
			}
		},
		{
			"from": [12.2, 19, 9],
			"to": [13.5, 20.3, 10],
			"rotation": {"angle": 0, "axis": "y", "origin": [5.5, 27, 17]},
			"faces": {
				"north": {"uv": [5.75, 3.75, 6, 4], "texture": "#0"},
				"east": {"uv": [5, 3.75, 5.25, 4], "texture": "#0"},
				"south": {"uv": [5.25, 3.75, 5.5, 4], "texture": "#0"},
				"west": {"uv": [5.5, 3.75, 5.75, 4], "texture": "#0"},
				"up": {"uv": [6.25, 4, 6, 3.75], "rotation": 90, "texture": "#0"},
				"down": {"uv": [6.5, 3.75, 6.25, 4], "rotation": 270, "texture": "#0"}
			}
		},
		{
			"from": [12.5, 18.8, 9.3],
			"to": [14.8, 19.8, 10.3],
			"rotation": {"angle": 0, "axis": "y", "origin": [6.8, 27, 17]},
			"faces": {
				"north": {"uv": [4.5, 3.75, 5, 4], "texture": "#0"},
				"east": {"uv": [3.75, 6.5, 4, 6.75], "texture": "#0"},
				"south": {"uv": [4, 3.75, 4.5, 4], "texture": "#0"},
				"west": {"uv": [6.5, 3.75, 6.75, 4], "texture": "#0"},
				"up": {"uv": [3.5, 7, 3.25, 6.5], "rotation": 90, "texture": "#0"},
				"down": {"uv": [3.75, 6.5, 3.5, 7], "rotation": 270, "texture": "#0"}
			}
		}
	],
	"display": {
		"thirdperson_righthand": {
			"rotation": [33, 0, 0],
			"translation": [0, 1, 0],
			"scale": [0.3, 0.3, 0.3]
		},
		"thirdperson_lefthand": {
			"rotation": [33, 0, 0],
			"translation": [0, 1, 0],
			"scale": [0.3, 0.3, 0.3]
		},
		"firstperson_righthand": {
			"rotation": [5, 22, 0],
			"scale": [0.5, 0.5, 0.5]
		},
		"firstperson_lefthand": {
			"rotation": [5, 22, 0],
			"scale": [0.5, 0.5, 0.5]
		},
		"ground": {
			"translation": [0, 0.25, 0],
			"scale": [0.5, 0.5, 0.5]
		},
		"gui": {
			"rotation": [30, 136, 0],
			"translation": [0, -2, 0],
			"scale": [0.5, 0.5, 0.5]
		},
		"head": {
			"translation": [0, 2.5, 0]
		},
		"fixed": {
			"rotation": [-90, 0, 0],
			"translation": [0, 0, -16],
			"scale": [2, 2, 2]
		}
	}
}