{
	"parent": "block/cube_all",
	"textures": {
		"texture": "mnaf:materials/black",
		"trash": "mnaf:materials/withered_brown"
	},
	"elements": [
		{
			"from": [6, 0, 1],
			"to": [10, 15, 2],
			"faces": {
				"north": {"uv": [6, 1, 10, 16], "texture": "#trash"},
				"east": {"uv": [14, 1, 15, 16], "texture": "#trash"},
				"south": {"uv": [6, 1, 10, 16], "texture": "#trash"},
				"west": {"uv": [1, 1, 2, 16], "texture": "#trash"},
				"up": {"uv": [6, 1, 10, 2], "texture": "#trash", "cullface": "up"},
				"down": {"uv": [10, 2, 6, 1], "texture": "#trash", "cullface": "down"}
			}
		},
		{
			"from": [1, 0, 6],
			"to": [2, 15, 10],
			"faces": {
				"north": {"uv": [14, 1, 15, 16], "texture": "#trash"},
				"east": {"uv": [6, 1, 10, 16], "texture": "#trash"},
				"south": {"uv": [1, 1, 2, 16], "texture": "#trash"},
				"west": {"uv": [6, 1, 10, 16], "texture": "#trash"},
				"up": {"uv": [1, 6, 2, 10], "texture": "#trash", "cullface": "up"},
				"down": {"uv": [15, 10, 14, 6], "texture": "#trash", "cullface": "down"}
			}
		},
		{
			"from": [14, 0, 6],
			"to": [15, 15, 10],
			"faces": {
				"north": {"uv": [1, 1, 2, 16], "texture": "#trash"},
				"east": {"uv": [6, 1, 10, 16], "texture": "#trash"},
				"south": {"uv": [14, 1, 15, 16], "texture": "#trash"},
				"west": {"uv": [6, 1, 10, 16], "texture": "#trash"},
				"up": {"uv": [14, 6, 15, 10], "texture": "#trash", "cullface": "up"},
				"down": {"uv": [2, 10, 1, 6], "texture": "#trash", "cullface": "down"}
			}
		},
		{
			"from": [6, 0, 14],
			"to": [10, 15, 15],
			"faces": {
				"north": {"uv": [6, 1, 10, 16], "texture": "#trash"},
				"east": {"uv": [1, 1, 2, 16], "texture": "#trash"},
				"south": {"uv": [6, 1, 10, 16], "texture": "#trash"},
				"west": {"uv": [14, 1, 15, 16], "texture": "#trash"},
				"up": {"uv": [6, 14, 10, 15], "texture": "#trash", "cullface": "up"},
				"down": {"uv": [10, 15, 6, 14], "texture": "#trash", "cullface": "down"}
			}
		},
		{
			"from": [2, 0, 10],
			"to": [3, 15, 12],
			"faces": {
				"north": {"uv": [13, 1, 14, 16], "texture": "#trash"},
				"east": {"uv": [4, 1, 6, 16], "texture": "#trash"},
				"south": {"uv": [2, 1, 3, 16], "texture": "#trash"},
				"west": {"uv": [10, 1, 12, 16], "texture": "#trash"},
				"up": {"uv": [2, 10, 3, 12], "texture": "#trash", "cullface": "up"},
				"down": {"uv": [14, 12, 13, 10], "texture": "#trash", "cullface": "down"}
			}
		},
		{
			"from": [2, 0, 4],
			"to": [3, 15, 6],
			"faces": {
				"north": {"uv": [13, 1, 14, 16], "texture": "#trash"},
				"east": {"uv": [10, 1, 12, 16], "texture": "#trash"},
				"south": {"uv": [2, 1, 3, 16], "texture": "#trash"},
				"west": {"uv": [4, 1, 6, 16], "texture": "#trash"},
				"up": {"uv": [2, 4, 3, 6], "texture": "#trash", "cullface": "up"},
				"down": {"uv": [14, 6, 13, 4], "texture": "#trash", "cullface": "down"}
			}
		},
		{
			"from": [4, 0, 2],
			"to": [6, 15, 3],
			"faces": {
				"north": {"uv": [10, 1, 12, 16], "texture": "#trash"},
				"east": {"uv": [13, 1, 14, 16], "texture": "#trash"},
				"south": {"uv": [4, 1, 6, 16], "texture": "#trash"},
				"west": {"uv": [2, 1, 3, 16], "texture": "#trash"},
				"up": {"uv": [4, 2, 6, 3], "texture": "#trash", "cullface": "up"},
				"down": {"uv": [12, 3, 10, 2], "texture": "#trash", "cullface": "down"}
			}
		},
		{
			"from": [10, 0, 2],
			"to": [12, 15, 3],
			"faces": {
				"north": {"uv": [4, 1, 6, 16], "texture": "#trash"},
				"east": {"uv": [13, 1, 14, 16], "texture": "#trash"},
				"south": {"uv": [10, 1, 12, 16], "texture": "#trash"},
				"west": {"uv": [2, 1, 3, 16], "texture": "#trash"},
				"up": {"uv": [10, 2, 12, 3], "texture": "#trash", "cullface": "up"},
				"down": {"uv": [6, 3, 4, 2], "texture": "#trash", "cullface": "down"}
			}
		},
		{
			"from": [10, 0, 13],
			"to": [12, 15, 14],
			"faces": {
				"north": {"uv": [4, 1, 6, 16], "texture": "#trash"},
				"east": {"uv": [2, 1, 3, 16], "texture": "#trash"},
				"south": {"uv": [10, 1, 12, 16], "texture": "#trash"},
				"west": {"uv": [13, 1, 14, 16], "texture": "#trash"},
				"up": {"uv": [10, 13, 12, 14], "texture": "#trash", "cullface": "up"},
				"down": {"uv": [6, 14, 4, 13], "texture": "#trash", "cullface": "down"}
			}
		},
		{
			"from": [4, 0, 13],
			"to": [6, 15, 14],
			"faces": {
				"north": {"uv": [10, 1, 12, 16], "texture": "#trash"},
				"east": {"uv": [2, 1, 3, 16], "texture": "#trash"},
				"south": {"uv": [4, 1, 6, 16], "texture": "#trash"},
				"west": {"uv": [13, 1, 14, 16], "texture": "#trash"},
				"up": {"uv": [4, 13, 6, 14], "texture": "#trash", "cullface": "up"},
				"down": {"uv": [12, 14, 10, 13], "texture": "#trash", "cullface": "down"}
			}
		},
		{
			"from": [13, 0, 10],
			"to": [14, 15, 12],
			"faces": {
				"north": {"uv": [2, 1, 3, 16], "texture": "#trash"},
				"east": {"uv": [4, 1, 6, 16], "texture": "#trash"},
				"south": {"uv": [13, 1, 14, 16], "texture": "#trash"},
				"west": {"uv": [10, 1, 12, 16], "texture": "#trash"},
				"up": {"uv": [13, 10, 14, 12], "texture": "#trash", "cullface": "up"},
				"down": {"uv": [3, 12, 2, 10], "texture": "#trash", "cullface": "down"}
			}
		},
		{
			"from": [13, 0, 4],
			"to": [14, 15, 6],
			"faces": {
				"north": {"uv": [2, 1, 3, 16], "texture": "#trash"},
				"east": {"uv": [10, 1, 12, 16], "texture": "#trash"},
				"south": {"uv": [13, 1, 14, 16], "texture": "#trash"},
				"west": {"uv": [4, 1, 6, 16], "texture": "#trash"},
				"up": {"uv": [13, 4, 14, 6], "texture": "#trash", "cullface": "up"},
				"down": {"uv": [3, 6, 2, 4], "texture": "#trash", "cullface": "down"}
			}
		},
		{
			"from": [12, 0, 3],
			"to": [13, 15, 4],
			"faces": {
				"north": {"uv": [3, 1, 4, 16], "texture": "#trash"},
				"east": {"uv": [12, 1, 13, 16], "texture": "#trash"},
				"south": {"uv": [12, 1, 13, 16], "texture": "#trash"},
				"west": {"uv": [3, 1, 4, 16], "texture": "#trash"},
				"up": {"uv": [12, 3, 13, 4], "texture": "#trash", "cullface": "up"},
				"down": {"uv": [4, 4, 3, 3], "texture": "#trash", "cullface": "down"}
			}
		},
		{
			"from": [12, 0, 12],
			"to": [13, 15, 13],
			"faces": {
				"north": {"uv": [3, 1, 4, 16], "texture": "#trash"},
				"east": {"uv": [3, 1, 4, 16], "texture": "#trash"},
				"south": {"uv": [12, 1, 13, 16], "texture": "#trash"},
				"west": {"uv": [12, 1, 13, 16], "texture": "#trash"},
				"up": {"uv": [12, 12, 13, 13], "texture": "#trash", "cullface": "up"},
				"down": {"uv": [4, 13, 3, 12], "texture": "#trash", "cullface": "down"}
			}
		},
		{
			"from": [3, 0, 12],
			"to": [4, 15, 13],
			"faces": {
				"north": {"uv": [12, 1, 13, 16], "texture": "#trash"},
				"east": {"uv": [3, 1, 4, 16], "texture": "#trash"},
				"south": {"uv": [3, 1, 4, 16], "texture": "#trash"},
				"west": {"uv": [12, 1, 13, 16], "texture": "#trash"},
				"up": {"uv": [3, 12, 4, 13], "texture": "#trash", "cullface": "up"},
				"down": {"uv": [13, 13, 12, 12], "texture": "#trash", "cullface": "down"}
			}
		},
		{
			"from": [3, 0, 3],
			"to": [4, 15, 4],
			"faces": {
				"north": {"uv": [12, 1, 13, 16], "texture": "#trash"},
				"east": {"uv": [12, 1, 13, 16], "texture": "#trash"},
				"south": {"uv": [3, 1, 4, 16], "texture": "#trash"},
				"west": {"uv": [3, 1, 4, 16], "texture": "#trash"},
				"up": {"uv": [3, 3, 4, 4], "texture": "#trash", "cullface": "up"},
				"down": {"uv": [13, 4, 12, 3], "texture": "#trash", "cullface": "down"}
			}
		},
		{
			"from": [6, 0, 0],
			"to": [10, 2, 1],
			"faces": {
				"north": {"uv": [6, 14, 10, 16], "texture": "#texture"},
				"east": {"uv": [15, 14, 16, 16], "texture": "#texture"},
				"south": {"uv": [6, 14, 10, 16], "texture": "#texture"},
				"west": {"uv": [0, 14, 1, 16], "texture": "#texture"},
				"up": {"uv": [6, 0, 10, 1], "texture": "#texture", "cullface": "up"},
				"down": {"uv": [10, 1, 6, 0], "texture": "#texture", "cullface": "down"}
			}
		},
		{
			"from": [4, 0, 1],
			"to": [6, 2, 2],
			"faces": {
				"north": {"uv": [10, 14, 12, 16], "texture": "#texture"},
				"east": {"uv": [14, 14, 15, 16], "texture": "#texture"},
				"south": {"uv": [4, 14, 6, 16], "texture": "#texture"},
				"west": {"uv": [1, 14, 2, 16], "texture": "#texture"},
				"up": {"uv": [4, 1, 6, 2], "texture": "#texture", "cullface": "up"},
				"down": {"uv": [12, 2, 10, 1], "texture": "#texture", "cullface": "down"}
			}
		},
		{
			"from": [6, 0, 15],
			"to": [10, 2, 16],
			"faces": {
				"north": {"uv": [6, 14, 10, 16], "texture": "#texture"},
				"east": {"uv": [0, 14, 1, 16], "texture": "#texture"},
				"south": {"uv": [6, 14, 10, 16], "texture": "#texture"},
				"west": {"uv": [15, 14, 16, 16], "texture": "#texture"},
				"up": {"uv": [6, 15, 10, 16], "texture": "#texture", "cullface": "up"},
				"down": {"uv": [10, 16, 6, 15], "texture": "#texture", "cullface": "down"}
			}
		},
		{
			"from": [10, 0, 1],
			"to": [12, 2, 2],
			"faces": {
				"north": {"uv": [4, 14, 6, 16], "texture": "#texture"},
				"east": {"uv": [14, 14, 15, 16], "texture": "#texture"},
				"south": {"uv": [10, 14, 12, 16], "texture": "#texture"},
				"west": {"uv": [1, 14, 2, 16], "texture": "#texture"},
				"up": {"uv": [10, 1, 12, 2], "texture": "#texture", "cullface": "up"},
				"down": {"uv": [6, 2, 4, 1], "texture": "#texture", "cullface": "down"}
			}
		},
		{
			"from": [10, 0, 14],
			"to": [12, 2, 15],
			"faces": {
				"north": {"uv": [4, 14, 6, 16], "texture": "#texture"},
				"east": {"uv": [1, 14, 2, 16], "texture": "#texture"},
				"south": {"uv": [10, 14, 12, 16], "texture": "#texture"},
				"west": {"uv": [14, 14, 15, 16], "texture": "#texture"},
				"up": {"uv": [10, 14, 12, 15], "texture": "#texture", "cullface": "up"},
				"down": {"uv": [6, 15, 4, 14], "texture": "#texture", "cullface": "down"}
			}
		},
		{
			"from": [4, 0, 14],
			"to": [6, 2, 15],
			"faces": {
				"north": {"uv": [10, 14, 12, 16], "texture": "#texture"},
				"east": {"uv": [1, 14, 2, 16], "texture": "#texture"},
				"south": {"uv": [4, 14, 6, 16], "texture": "#texture"},
				"west": {"uv": [14, 14, 15, 16], "texture": "#texture"},
				"up": {"uv": [4, 14, 6, 15], "texture": "#texture", "cullface": "up"},
				"down": {"uv": [12, 15, 10, 14], "texture": "#texture", "cullface": "down"}
			}
		},
		{
			"from": [1, 0, 10],
			"to": [2, 2, 12],
			"faces": {
				"north": {"uv": [14, 14, 15, 16], "texture": "#texture"},
				"east": {"uv": [4, 14, 6, 16], "texture": "#texture"},
				"south": {"uv": [1, 14, 2, 16], "texture": "#texture"},
				"west": {"uv": [10, 14, 12, 16], "texture": "#texture"},
				"up": {"uv": [1, 10, 2, 12], "texture": "#texture", "cullface": "up"},
				"down": {"uv": [15, 12, 14, 10], "texture": "#texture", "cullface": "down"}
			}
		},
		{
			"from": [14, 0, 10],
			"to": [15, 2, 12],
			"faces": {
				"north": {"uv": [1, 14, 2, 16], "texture": "#texture"},
				"east": {"uv": [4, 14, 6, 16], "texture": "#texture"},
				"south": {"uv": [14, 14, 15, 16], "texture": "#texture"},
				"west": {"uv": [10, 14, 12, 16], "texture": "#texture"},
				"up": {"uv": [14, 10, 15, 12], "texture": "#texture", "cullface": "up"},
				"down": {"uv": [2, 12, 1, 10], "texture": "#texture", "cullface": "down"}
			}
		},
		{
			"from": [14, 0, 4],
			"to": [15, 2, 6],
			"faces": {
				"north": {"uv": [1, 14, 2, 16], "texture": "#texture"},
				"east": {"uv": [10, 14, 12, 16], "texture": "#texture"},
				"south": {"uv": [14, 14, 15, 16], "texture": "#texture"},
				"west": {"uv": [4, 14, 6, 16], "texture": "#texture"},
				"up": {"uv": [14, 4, 15, 6], "texture": "#texture", "cullface": "up"},
				"down": {"uv": [2, 6, 1, 4], "texture": "#texture", "cullface": "down"}
			}
		},
		{
			"from": [1, 0, 4],
			"to": [2, 2, 6],
			"faces": {
				"north": {"uv": [14, 14, 15, 16], "texture": "#texture"},
				"east": {"uv": [10, 14, 12, 16], "texture": "#texture"},
				"south": {"uv": [1, 14, 2, 16], "texture": "#texture"},
				"west": {"uv": [4, 14, 6, 16], "texture": "#texture"},
				"up": {"uv": [1, 4, 2, 6], "texture": "#texture", "cullface": "up"},
				"down": {"uv": [15, 6, 14, 4], "texture": "#texture", "cullface": "down"}
			}
		},
		{
			"from": [0, 0, 6],
			"to": [1, 2, 10],
			"faces": {
				"north": {"uv": [15, 14, 16, 16], "texture": "#texture"},
				"east": {"uv": [6, 14, 10, 16], "texture": "#texture"},
				"south": {"uv": [0, 14, 1, 16], "texture": "#texture"},
				"west": {"uv": [6, 14, 10, 16], "texture": "#texture"},
				"up": {"uv": [0, 6, 1, 10], "texture": "#texture", "cullface": "up"},
				"down": {"uv": [16, 10, 15, 6], "texture": "#texture", "cullface": "down"}
			}
		},
		{
			"from": [15, 0, 6],
			"to": [16, 2, 10],
			"faces": {
				"north": {"uv": [0, 14, 1, 16], "texture": "#texture"},
				"east": {"uv": [6, 14, 10, 16], "texture": "#texture"},
				"south": {"uv": [15, 14, 16, 16], "texture": "#texture"},
				"west": {"uv": [6, 14, 10, 16], "texture": "#texture"},
				"up": {"uv": [15, 6, 16, 10], "texture": "#texture", "cullface": "up"},
				"down": {"uv": [1, 10, 0, 6], "texture": "#texture", "cullface": "down"}
			}
		},
		{
			"from": [13, 0, 3],
			"to": [14, 2, 4],
			"faces": {
				"north": {"uv": [2, 14, 3, 16], "texture": "#texture"},
				"east": {"uv": [12, 14, 13, 16], "texture": "#texture"},
				"south": {"uv": [13, 14, 14, 16], "texture": "#texture"},
				"west": {"uv": [3, 14, 4, 16], "texture": "#texture"},
				"up": {"uv": [13, 3, 14, 4], "texture": "#texture", "cullface": "up"},
				"down": {"uv": [3, 4, 2, 3], "texture": "#texture", "cullface": "down"}
			}
		},
		{
			"from": [12, 0, 2],
			"to": [13, 2, 3],
			"faces": {
				"north": {"uv": [3, 14, 4, 16], "texture": "#texture"},
				"east": {"uv": [13, 14, 14, 16], "texture": "#texture"},
				"south": {"uv": [12, 14, 13, 16], "texture": "#texture"},
				"west": {"uv": [2, 14, 3, 16], "texture": "#texture"},
				"up": {"uv": [12, 2, 13, 3], "texture": "#texture", "cullface": "up"},
				"down": {"uv": [4, 3, 3, 2], "texture": "#texture", "cullface": "down"}
			}
		},
		{
			"from": [3, 0, 2],
			"to": [4, 2, 3],
			"faces": {
				"north": {"uv": [12, 14, 13, 16], "texture": "#texture"},
				"east": {"uv": [13, 14, 14, 16], "texture": "#texture"},
				"south": {"uv": [3, 14, 4, 16], "texture": "#texture"},
				"west": {"uv": [2, 14, 3, 16], "texture": "#texture"},
				"up": {"uv": [3, 2, 4, 3], "texture": "#texture", "cullface": "up"},
				"down": {"uv": [13, 3, 12, 2], "texture": "#texture", "cullface": "down"}
			}
		},
		{
			"from": [2, 0, 3],
			"to": [3, 2, 4],
			"faces": {
				"north": {"uv": [13, 14, 14, 16], "texture": "#texture"},
				"east": {"uv": [12, 14, 13, 16], "texture": "#texture"},
				"south": {"uv": [2, 14, 3, 16], "texture": "#texture"},
				"west": {"uv": [3, 14, 4, 16], "texture": "#texture"},
				"up": {"uv": [2, 3, 3, 4], "texture": "#texture", "cullface": "up"},
				"down": {"uv": [14, 4, 13, 3], "texture": "#texture", "cullface": "down"}
			}
		},
		{
			"from": [2, 0, 12],
			"to": [3, 2, 13],
			"faces": {
				"north": {"uv": [13, 14, 14, 16], "texture": "#texture"},
				"east": {"uv": [3, 14, 4, 16], "texture": "#texture"},
				"south": {"uv": [2, 14, 3, 16], "texture": "#texture"},
				"west": {"uv": [12, 14, 13, 16], "texture": "#texture"},
				"up": {"uv": [2, 12, 3, 13], "texture": "#texture", "cullface": "up"},
				"down": {"uv": [14, 13, 13, 12], "texture": "#texture", "cullface": "down"}
			}
		},
		{
			"from": [3, 0, 13],
			"to": [4, 2, 14],
			"faces": {
				"north": {"uv": [12, 14, 13, 16], "texture": "#texture"},
				"east": {"uv": [2, 14, 3, 16], "texture": "#texture"},
				"south": {"uv": [3, 14, 4, 16], "texture": "#texture"},
				"west": {"uv": [13, 14, 14, 16], "texture": "#texture"},
				"up": {"uv": [3, 13, 4, 14], "texture": "#texture", "cullface": "up"},
				"down": {"uv": [13, 14, 12, 13], "texture": "#texture", "cullface": "down"}
			}
		},
		{
			"from": [12, 0, 13],
			"to": [13, 2, 14],
			"faces": {
				"north": {"uv": [3, 14, 4, 16], "texture": "#texture"},
				"east": {"uv": [2, 14, 3, 16], "texture": "#texture"},
				"south": {"uv": [12, 14, 13, 16], "texture": "#texture"},
				"west": {"uv": [13, 14, 14, 16], "texture": "#texture"},
				"up": {"uv": [12, 13, 13, 14], "texture": "#texture", "cullface": "up"},
				"down": {"uv": [4, 14, 3, 13], "texture": "#texture", "cullface": "down"}
			}
		},
		{
			"from": [13, 0, 12],
			"to": [14, 2, 13],
			"faces": {
				"north": {"uv": [2, 14, 3, 16], "texture": "#texture"},
				"east": {"uv": [3, 14, 4, 16], "texture": "#texture"},
				"south": {"uv": [13, 14, 14, 16], "texture": "#texture"},
				"west": {"uv": [12, 14, 13, 16], "texture": "#texture"},
				"up": {"uv": [13, 12, 14, 13], "texture": "#texture", "cullface": "up"},
				"down": {"uv": [3, 13, 2, 12], "texture": "#texture", "cullface": "down"}
			}
		},
		{
			"from": [6, 14, 15],
			"to": [10, 16, 16],
			"faces": {
				"north": {"uv": [6, 0, 10, 2], "texture": "#texture"},
				"east": {"uv": [0, 0, 1, 2], "texture": "#texture"},
				"south": {"uv": [6, 0, 10, 2], "texture": "#texture"},
				"west": {"uv": [15, 0, 16, 2], "texture": "#texture"},
				"up": {"uv": [6, 15, 10, 16], "texture": "#texture", "cullface": "up"},
				"down": {"uv": [10, 16, 6, 15], "texture": "#texture", "cullface": "down"}
			}
		},
		{
			"from": [6, 14, 0],
			"to": [10, 16, 1],
			"faces": {
				"north": {"uv": [6, 0, 10, 2], "texture": "#texture"},
				"east": {"uv": [15, 0, 16, 2], "texture": "#texture"},
				"south": {"uv": [6, 0, 10, 2], "texture": "#texture"},
				"west": {"uv": [0, 0, 1, 2], "texture": "#texture"},
				"up": {"uv": [6, 0, 10, 1], "texture": "#texture", "cullface": "up"},
				"down": {"uv": [10, 1, 6, 0], "texture": "#texture", "cullface": "down"}
			}
		},
		{
			"from": [0, 14, 6],
			"to": [1, 16, 10],
			"faces": {
				"north": {"uv": [15, 0, 16, 2], "texture": "#texture"},
				"east": {"uv": [6, 0, 10, 2], "texture": "#texture"},
				"south": {"uv": [0, 0, 1, 2], "texture": "#texture"},
				"west": {"uv": [6, 0, 10, 2], "texture": "#texture"},
				"up": {"uv": [0, 6, 1, 10], "texture": "#texture", "cullface": "up"},
				"down": {"uv": [16, 10, 15, 6], "texture": "#texture", "cullface": "down"}
			}
		},
		{
			"from": [15, 14, 6],
			"to": [16, 16, 10],
			"faces": {
				"north": {"uv": [0, 0, 1, 2], "texture": "#texture"},
				"east": {"uv": [6, 0, 10, 2], "texture": "#texture"},
				"south": {"uv": [15, 0, 16, 2], "texture": "#texture"},
				"west": {"uv": [6, 0, 10, 2], "texture": "#texture"},
				"up": {"uv": [15, 6, 16, 10], "texture": "#texture", "cullface": "up"},
				"down": {"uv": [1, 10, 0, 6], "texture": "#texture", "cullface": "down"}
			}
		},
		{
			"from": [14, 14, 4],
			"to": [15, 16, 6],
			"faces": {
				"north": {"uv": [1, 0, 2, 2], "texture": "#texture"},
				"east": {"uv": [10, 0, 12, 2], "texture": "#texture"},
				"south": {"uv": [14, 0, 15, 2], "texture": "#texture"},
				"west": {"uv": [4, 0, 6, 2], "texture": "#texture"},
				"up": {"uv": [14, 4, 15, 6], "texture": "#texture", "cullface": "up"},
				"down": {"uv": [2, 6, 1, 4], "texture": "#texture", "cullface": "down"}
			}
		},
		{
			"from": [1, 14, 4],
			"to": [2, 16, 6],
			"faces": {
				"north": {"uv": [14, 0, 15, 2], "texture": "#texture"},
				"east": {"uv": [10, 0, 12, 2], "texture": "#texture"},
				"south": {"uv": [1, 0, 2, 2], "texture": "#texture"},
				"west": {"uv": [4, 0, 6, 2], "texture": "#texture"},
				"up": {"uv": [1, 4, 2, 6], "texture": "#texture", "cullface": "up"},
				"down": {"uv": [15, 6, 14, 4], "texture": "#texture", "cullface": "down"}
			}
		},
		{
			"from": [1, 14, 10],
			"to": [2, 16, 12],
			"faces": {
				"north": {"uv": [14, 0, 15, 2], "texture": "#texture"},
				"east": {"uv": [4, 0, 6, 2], "texture": "#texture"},
				"south": {"uv": [1, 0, 2, 2], "texture": "#texture"},
				"west": {"uv": [10, 0, 12, 2], "texture": "#texture"},
				"up": {"uv": [1, 10, 2, 12], "texture": "#texture", "cullface": "up"},
				"down": {"uv": [15, 12, 14, 10], "texture": "#texture", "cullface": "down"}
			}
		},
		{
			"from": [14, 14, 10],
			"to": [15, 16, 12],
			"faces": {
				"north": {"uv": [1, 0, 2, 2], "texture": "#texture"},
				"east": {"uv": [4, 0, 6, 2], "texture": "#texture"},
				"south": {"uv": [14, 0, 15, 2], "texture": "#texture"},
				"west": {"uv": [10, 0, 12, 2], "texture": "#texture"},
				"up": {"uv": [14, 10, 15, 12], "texture": "#texture", "cullface": "up"},
				"down": {"uv": [2, 12, 1, 10], "texture": "#texture", "cullface": "down"}
			}
		},
		{
			"from": [10, 14, 14],
			"to": [12, 16, 15],
			"faces": {
				"north": {"uv": [4, 0, 6, 2], "texture": "#texture"},
				"east": {"uv": [1, 0, 2, 2], "texture": "#texture"},
				"south": {"uv": [10, 0, 12, 2], "texture": "#texture"},
				"west": {"uv": [14, 0, 15, 2], "texture": "#texture"},
				"up": {"uv": [10, 14, 12, 15], "texture": "#texture", "cullface": "up"},
				"down": {"uv": [6, 15, 4, 14], "texture": "#texture", "cullface": "down"}
			}
		},
		{
			"from": [4, 14, 14],
			"to": [6, 16, 15],
			"faces": {
				"north": {"uv": [10, 0, 12, 2], "texture": "#texture"},
				"east": {"uv": [1, 0, 2, 2], "texture": "#texture"},
				"south": {"uv": [4, 0, 6, 2], "texture": "#texture"},
				"west": {"uv": [14, 0, 15, 2], "texture": "#texture"},
				"up": {"uv": [4, 14, 6, 15], "texture": "#texture", "cullface": "up"},
				"down": {"uv": [12, 15, 10, 14], "texture": "#texture", "cullface": "down"}
			}
		},
		{
			"from": [4, 14, 1],
			"to": [6, 16, 2],
			"faces": {
				"north": {"uv": [10, 0, 12, 2], "texture": "#texture"},
				"east": {"uv": [14, 0, 15, 2], "texture": "#texture"},
				"south": {"uv": [4, 0, 6, 2], "texture": "#texture"},
				"west": {"uv": [1, 0, 2, 2], "texture": "#texture"},
				"up": {"uv": [4, 1, 6, 2], "texture": "#texture", "cullface": "up"},
				"down": {"uv": [12, 2, 10, 1], "texture": "#texture", "cullface": "down"}
			}
		},
		{
			"from": [10, 14, 1],
			"to": [12, 16, 2],
			"faces": {
				"north": {"uv": [4, 0, 6, 2], "texture": "#texture"},
				"east": {"uv": [14, 0, 15, 2], "texture": "#texture"},
				"south": {"uv": [10, 0, 12, 2], "texture": "#texture"},
				"west": {"uv": [1, 0, 2, 2], "texture": "#texture"},
				"up": {"uv": [10, 1, 12, 2], "texture": "#texture", "cullface": "up"},
				"down": {"uv": [6, 2, 4, 1], "texture": "#texture", "cullface": "down"}
			}
		},
		{
			"from": [13, 14, 3],
			"to": [14, 16, 4],
			"faces": {
				"north": {"uv": [2, 0, 3, 2], "texture": "#texture"},
				"east": {"uv": [12, 0, 13, 2], "texture": "#texture"},
				"south": {"uv": [13, 0, 14, 2], "texture": "#texture"},
				"west": {"uv": [3, 0, 4, 2], "texture": "#texture"},
				"up": {"uv": [13, 3, 14, 4], "texture": "#texture", "cullface": "up"},
				"down": {"uv": [3, 4, 2, 3], "texture": "#texture", "cullface": "down"}
			}
		},
		{
			"from": [12, 14, 2],
			"to": [13, 16, 3],
			"faces": {
				"north": {"uv": [3, 0, 4, 2], "texture": "#texture"},
				"east": {"uv": [13, 0, 14, 2], "texture": "#texture"},
				"south": {"uv": [12, 0, 13, 2], "texture": "#texture"},
				"west": {"uv": [2, 0, 3, 2], "texture": "#texture"},
				"up": {"uv": [12, 2, 13, 3], "texture": "#texture", "cullface": "up"},
				"down": {"uv": [4, 3, 3, 2], "texture": "#texture", "cullface": "down"}
			}
		},
		{
			"from": [3, 14, 2],
			"to": [4, 16, 3],
			"faces": {
				"north": {"uv": [12, 0, 13, 2], "texture": "#texture"},
				"east": {"uv": [13, 0, 14, 2], "texture": "#texture"},
				"south": {"uv": [3, 0, 4, 2], "texture": "#texture"},
				"west": {"uv": [2, 0, 3, 2], "texture": "#texture"},
				"up": {"uv": [3, 2, 4, 3], "texture": "#texture", "cullface": "up"},
				"down": {"uv": [13, 3, 12, 2], "texture": "#texture", "cullface": "down"}
			}
		},
		{
			"from": [2, 14, 3],
			"to": [3, 16, 4],
			"faces": {
				"north": {"uv": [13, 0, 14, 2], "texture": "#texture"},
				"east": {"uv": [12, 0, 13, 2], "texture": "#texture"},
				"south": {"uv": [2, 0, 3, 2], "texture": "#texture"},
				"west": {"uv": [3, 0, 4, 2], "texture": "#texture"},
				"up": {"uv": [2, 3, 3, 4], "texture": "#texture", "cullface": "up"},
				"down": {"uv": [14, 4, 13, 3], "texture": "#texture", "cullface": "down"}
			}
		},
		{
			"from": [2, 14, 12],
			"to": [3, 16, 13],
			"faces": {
				"north": {"uv": [13, 0, 14, 2], "texture": "#texture"},
				"east": {"uv": [3, 0, 4, 2], "texture": "#texture"},
				"south": {"uv": [2, 0, 3, 2], "texture": "#texture"},
				"west": {"uv": [12, 0, 13, 2], "texture": "#texture"},
				"up": {"uv": [2, 12, 3, 13], "texture": "#texture", "cullface": "up"},
				"down": {"uv": [14, 13, 13, 12], "texture": "#texture", "cullface": "down"}
			}
		},
		{
			"from": [3, 14, 13],
			"to": [4, 16, 14],
			"faces": {
				"north": {"uv": [12, 0, 13, 2], "texture": "#texture"},
				"east": {"uv": [2, 0, 3, 2], "texture": "#texture"},
				"south": {"uv": [3, 0, 4, 2], "texture": "#texture"},
				"west": {"uv": [13, 0, 14, 2], "texture": "#texture"},
				"up": {"uv": [3, 13, 4, 14], "texture": "#texture", "cullface": "up"},
				"down": {"uv": [13, 14, 12, 13], "texture": "#texture", "cullface": "down"}
			}
		},
		{
			"from": [12, 14, 13],
			"to": [13, 16, 14],
			"faces": {
				"north": {"uv": [3, 0, 4, 2], "texture": "#texture"},
				"east": {"uv": [2, 0, 3, 2], "texture": "#texture"},
				"south": {"uv": [12, 0, 13, 2], "texture": "#texture"},
				"west": {"uv": [13, 0, 14, 2], "texture": "#texture"},
				"up": {"uv": [12, 13, 13, 14], "texture": "#texture", "cullface": "up"},
				"down": {"uv": [4, 14, 3, 13], "texture": "#texture", "cullface": "down"}
			}
		},
		{
			"from": [13, 14, 12],
			"to": [14, 16, 13],
			"faces": {
				"north": {"uv": [2, 0, 3, 2], "texture": "#texture"},
				"east": {"uv": [3, 0, 4, 2], "texture": "#texture"},
				"south": {"uv": [13, 0, 14, 2], "texture": "#texture"},
				"west": {"uv": [12, 0, 13, 2], "texture": "#texture"},
				"up": {"uv": [13, 12, 14, 13], "texture": "#texture", "cullface": "up"},
				"down": {"uv": [3, 13, 2, 12], "texture": "#texture", "cullface": "down"}
			}
		},
		{
			"from": [3, 14, 3],
			"to": [5, 20, 5],
			"faces": {
				"north": {"uv": [11, 0, 13, 2], "texture": "#texture"},
				"east": {"uv": [11, 0, 13, 2], "texture": "#texture"},
				"south": {"uv": [3, 0, 5, 2], "texture": "#texture"},
				"west": {"uv": [3, 0, 5, 2], "texture": "#texture"},
				"up": {"uv": [3, 3, 5, 5], "texture": "#texture", "cullface": "up"},
				"down": {"uv": [13, 5, 11, 3], "texture": "#texture", "cullface": "down"}
			}
		},
		{
			"from": [11, 14, 11],
			"to": [13, 20, 13],
			"faces": {
				"north": {"uv": [3, 0, 5, 2], "texture": "#texture"},
				"east": {"uv": [3, 0, 5, 2], "texture": "#texture"},
				"south": {"uv": [11, 0, 13, 2], "texture": "#texture"},
				"west": {"uv": [11, 0, 13, 2], "texture": "#texture"},
				"up": {"uv": [11, 11, 13, 13], "texture": "#texture", "cullface": "up"},
				"down": {"uv": [5, 13, 3, 11], "texture": "#texture", "cullface": "down"}
			}
		},
		{
			"from": [2, 20, 4],
			"to": [14, 21, 12],
			"faces": {
				"north": {"uv": [2, 0, 14, 1], "texture": "#texture"},
				"east": {"uv": [4, 0, 12, 1], "texture": "#texture"},
				"south": {"uv": [2, 0, 14, 1], "texture": "#texture"},
				"west": {"uv": [4, 0, 12, 1], "texture": "#texture"},
				"up": {"uv": [2, 4, 14, 12], "texture": "#texture", "cullface": "up"},
				"down": {"uv": [14, 12, 2, 4], "texture": "#texture", "cullface": "down"}
			}
		},
		{
			"from": [3, 14, 11],
			"to": [5, 20, 13],
			"faces": {
				"north": {"uv": [11, 0, 13, 2], "texture": "#texture"},
				"east": {"uv": [3, 0, 5, 2], "texture": "#texture"},
				"south": {"uv": [3, 0, 5, 2], "texture": "#texture"},
				"west": {"uv": [11, 0, 13, 2], "texture": "#texture"},
				"up": {"uv": [3, 11, 5, 13], "texture": "#texture", "cullface": "up"},
				"down": {"uv": [13, 13, 11, 11], "texture": "#texture", "cullface": "down"}
			}
		},
		{
			"from": [11, 14, 3],
			"to": [13, 20, 5],
			"faces": {
				"north": {"uv": [3, 0, 5, 2], "texture": "#texture"},
				"east": {"uv": [11, 0, 13, 2], "texture": "#texture"},
				"south": {"uv": [11, 0, 13, 2], "texture": "#texture"},
				"west": {"uv": [3, 0, 5, 2], "texture": "#texture"},
				"up": {"uv": [11, 3, 13, 5], "texture": "#texture", "cullface": "up"},
				"down": {"uv": [5, 5, 3, 3], "texture": "#texture", "cullface": "down"}
			}
		},
		{
			"from": [6, 20, 1],
			"to": [10, 21, 2],
			"faces": {
				"north": {"uv": [6, 0, 10, 1], "texture": "#texture"},
				"east": {"uv": [14, 0, 15, 1], "texture": "#texture"},
				"south": {"uv": [6, 0, 10, 1], "texture": "#texture"},
				"west": {"uv": [1, 0, 2, 1], "texture": "#texture"},
				"up": {"uv": [6, 1, 10, 2], "texture": "#texture", "cullface": "up"},
				"down": {"uv": [10, 2, 6, 1], "texture": "#texture", "cullface": "down"}
			}
		},
		{
			"from": [1, 20, 6],
			"to": [2, 21, 10],
			"faces": {
				"north": {"uv": [14, 0, 15, 1], "texture": "#texture"},
				"east": {"uv": [6, 0, 10, 1], "texture": "#texture"},
				"south": {"uv": [1, 0, 2, 1], "texture": "#texture"},
				"west": {"uv": [6, 0, 10, 1], "texture": "#texture"},
				"up": {"uv": [1, 6, 2, 10], "texture": "#texture", "cullface": "up"},
				"down": {"uv": [15, 10, 14, 6], "texture": "#texture", "cullface": "down"}
			}
		},
		{
			"from": [6, 20, 14],
			"to": [10, 21, 15],
			"faces": {
				"north": {"uv": [6, 0, 10, 1], "texture": "#texture"},
				"east": {"uv": [1, 0, 2, 1], "texture": "#texture"},
				"south": {"uv": [6, 0, 10, 1], "texture": "#texture"},
				"west": {"uv": [14, 0, 15, 1], "texture": "#texture"},
				"up": {"uv": [6, 14, 10, 15], "texture": "#texture", "cullface": "up"},
				"down": {"uv": [10, 15, 6, 14], "texture": "#texture", "cullface": "down"}
			}
		},
		{
			"from": [14, 20, 6],
			"to": [15, 21, 10],
			"faces": {
				"north": {"uv": [1, 0, 2, 1], "texture": "#texture"},
				"east": {"uv": [6, 0, 10, 1], "texture": "#texture"},
				"south": {"uv": [14, 0, 15, 1], "texture": "#texture"},
				"west": {"uv": [6, 0, 10, 1], "texture": "#texture"},
				"up": {"uv": [14, 6, 15, 10], "texture": "#texture", "cullface": "up"},
				"down": {"uv": [2, 10, 1, 6], "texture": "#texture", "cullface": "down"}
			}
		},
		{
			"from": [4, 20, 2],
			"to": [12, 21, 14],
			"faces": {
				"north": {"uv": [4, 0, 12, 1], "texture": "#texture"},
				"east": {"uv": [2, 0, 14, 1], "texture": "#texture"},
				"south": {"uv": [4, 0, 12, 1], "texture": "#texture"},
				"west": {"uv": [2, 0, 14, 1], "texture": "#texture"},
				"up": {"uv": [4, 2, 12, 14], "texture": "#texture", "cullface": "up"},
				"down": {"uv": [12, 14, 4, 2], "texture": "#texture", "cullface": "down"}
			}
		},
		{
			"from": [3, 20, 3],
			"to": [13, 21, 13],
			"faces": {
				"north": {"uv": [3, 0, 13, 1], "texture": "#texture"},
				"east": {"uv": [3, 0, 13, 1], "texture": "#texture"},
				"south": {"uv": [3, 0, 13, 1], "texture": "#texture"},
				"west": {"uv": [3, 0, 13, 1], "texture": "#texture"},
				"up": {"uv": [3, 3, 13, 13], "texture": "#texture", "cullface": "up"},
				"down": {"uv": [13, 13, 3, 3], "texture": "#texture", "cullface": "down"}
			}
		},
		{
			"from": [3, 8.9375, 3],
			"to": [13, 9, 13],
			"faces": {
				"up": {"uv": [3, 3, 13, 13], "texture": "#trash"},
				"down": {"uv": [13, 13, 3, 3], "texture": "#trash"}
			}
		},
		{
			"from": [4, 8.9375, 2],
			"to": [12, 9, 14],
			"faces": {
				"up": {"uv": [4, 2, 12, 14], "texture": "#trash"},
				"down": {"uv": [12, 14, 4, 2], "texture": "#trash"}
			}
		},
		{
			"from": [2, 8.9375, 4],
			"to": [14, 9, 12],
			"faces": {
				"up": {"uv": [2, 4, 14, 12], "texture": "#trash"},
				"down": {"uv": [14, 12, 2, 4], "texture": "#trash"}
			}
		},
		{
			"from": [6, 8.9375, 1],
			"to": [10, 9, 15],
			"faces": {
				"up": {"uv": [6, 1, 10, 15], "texture": "#trash"},
				"down": {"uv": [10, 15, 6, 1], "texture": "#trash"}
			}
		},
		{
			"from": [1, 8.9375, 6],
			"to": [15, 9, 10],
			"faces": {
				"up": {"uv": [1, 6, 15, 10], "texture": "#trash"},
				"down": {"uv": [15, 10, 1, 6], "texture": "#trash"}
			}
		}
	],
	"display": {
		"thirdperson_righthand": {
			"rotation": [0, 90, 55],
			"translation": [0, 1.25, -0.5],
			"scale": [0.25, 0.25, 0.25]
		},
		"thirdperson_lefthand": {
			"rotation": [0, 90, 55],
			"translation": [0, 1.25, -0.5],
			"scale": [0.25, 0.25, 0.25]
		},
		"firstperson_righthand": {
			"rotation": [0, 22.5, 0],
			"scale": [0.4, 0.4, 0.4]
		},
		"firstperson_lefthand": {
			"rotation": [0, 22.5, 0],
			"scale": [0.4, 0.4, 0.4]
		},
		"ground": {
			"translation": [0, 4.25, 0]
		},
		"gui": {
			"rotation": [30, 35, 0],
			"translation": [0, -1.25, 0],
			"scale": [0.6, 0.6, 0.6]
		},
		"head": {
			"translation": [0, 14.25, 0]
		},
		"fixed": {
			"rotation": [-90, 0, 0],
			"translation": [0, 0, -16],
			"scale": [2, 2, 2]
		}
	}
}