{
	"credit": "Made with Blockbench",
	"textures": {
		"0": "mnaf:props/blocks/wall_socket"
	},
	"elements": [
		{
			"from": [5, 0, 0],
			"to": [10, 7, 1],
			"rotation": {"angle": 0, "axis": "y", "origin": [17, 8, 8]},
			"faces": {
				"north": {"uv": [0, 0, 5, 7], "texture": "#0"},
				"east": {"uv": [0, 7, 1, 14], "texture": "#0"},
				"south": {"uv": [5, 5, 10, 12], "texture": "#0"},
				"west": {"uv": [1, 7, 2, 14], "texture": "#0"},
				"up": {"uv": [10, 1, 5, 0], "texture": "#0"},
				"down": {"uv": [10, 1, 5, 2], "texture": "#0"}
			}
		}
	],
	"display": {
		"thirdperson_righthand": {
			"rotation": [0, 29.25, 10],
			"translation": [3.75, 6, 6]
		},
		"thirdperson_lefthand": {
			"rotation": [0, 29.25, 10],
			"translation": [3.75, 6, 6]
		},
		"firstperson_righthand": {
			"rotation": [-25.25, 112.25, 0],
			"translation": [8.25, 3.5, -4.5]
		},
		"firstperson_lefthand": {
			"rotation": [-25.25, 112.25, 0],
			"translation": [8.25, 3.5, -4.5]
		},
		"ground": {
			"translation": [0, 4.5, 7.75]
		},
		"gui": {
			"rotation": [0, 148.5, 0],
			"translation": [3.5, 2.5, 0]
		},
		"fixed": {
			"translation": [0.75, 6.5, 10.5],
			"scale": [1.6, 1.6, 1.5]
		}
	}
}