{
	"textures": {
		"0": "mnaf:props/blocks/western_chair"
	},
	"elements": [
		{
			"from": [12, 0, 3],
			"to": [14, 12, 5],
			"rotation": {"angle": 0, "axis": "y", "origin": [6, 7.9, 11]},
			"faces": {
				"north": {"uv": [3.75, 6, 3.25, 9], "texture": "#0"},
				"east": {"uv": [5.25, 6, 4.75, 9], "texture": "#0"},
				"south": {"uv": [4.75, 6, 4.25, 9], "texture": "#0"},
				"west": {"uv": [4.25, 6, 3.75, 9], "texture": "#0"},
				"up": {"uv": [9.75, 9.5, 9.25, 10], "rotation": 180, "texture": "#0"},
				"down": {"uv": [10, 0.75, 9.5, 0.25], "rotation": 180, "texture": "#0"}
			}
		},
		{
			"from": [2, 0, 3],
			"to": [4, 12, 5],
			"rotation": {"angle": 0, "axis": "y", "origin": [10, 8, 11]},
			"faces": {
				"north": {"uv": [5.75, 6, 5.25, 9], "texture": "#0"},
				"east": {"uv": [6.5, 3, 6, 6], "texture": "#0"},
				"south": {"uv": [6.5, 0, 6, 3], "texture": "#0"},
				"west": {"uv": [6.25, 6, 5.75, 9], "texture": "#0"},
				"up": {"uv": [10, 0.75, 9.5, 1.25], "rotation": 180, "texture": "#0"},
				"down": {"uv": [10, 1.75, 9.5, 1.25], "rotation": 180, "texture": "#0"}
			}
		},
		{
			"from": [12, 0, 11],
			"to": [14, 12, 13],
			"rotation": {"angle": 0, "axis": "y", "origin": [6, 7.9, 5]},
			"faces": {
				"north": {"uv": [6.75, 6.25, 6.25, 9.25], "texture": "#0"},
				"east": {"uv": [1.5, 6.5, 1, 9.5], "texture": "#0"},
				"south": {"uv": [1, 6.5, 0.5, 9.5], "texture": "#0"},
				"west": {"uv": [0.5, 6.5, 0, 9.5], "texture": "#0"},
				"up": {"uv": [10, 1.75, 9.5, 2.25], "rotation": 180, "texture": "#0"},
				"down": {"uv": [10, 3.5, 9.5, 3], "rotation": 180, "texture": "#0"}
			}
		},
		{
			"from": [2, 0, 11],
			"to": [4, 12, 13],
			"rotation": {"angle": 0, "axis": "y", "origin": [10, 8, 5]},
			"faces": {
				"north": {"uv": [2, 6.5, 1.5, 9.5], "texture": "#0"},
				"east": {"uv": [7, 0, 6.5, 3], "texture": "#0"},
				"south": {"uv": [3, 6.5, 2.5, 9.5], "texture": "#0"},
				"west": {"uv": [2.5, 6.5, 2, 9.5], "texture": "#0"},
				"up": {"uv": [10, 3.5, 9.5, 4], "rotation": 180, "texture": "#0"},
				"down": {"uv": [10, 4.5, 9.5, 4], "rotation": 180, "texture": "#0"}
			}
		},
		{
			"from": [1.5, 12, 2],
			"to": [14.5, 13, 15],
			"rotation": {"angle": 0, "axis": "y", "origin": [5.5, 7.9, 11]},
			"faces": {
				"north": {"uv": [10, 6.5, 6.75, 6.75], "texture": "#0"},
				"east": {"uv": [10, 8.75, 6.75, 9], "texture": "#0"},
				"south": {"uv": [11.75, 5.75, 8.5, 6], "texture": "#0"},
				"west": {"uv": [11.75, 5.5, 8.5, 5.75], "texture": "#0"},
				"up": {"uv": [3.25, 0, 0, 3.25], "rotation": 180, "texture": "#0"},
				"down": {"uv": [3.25, 6.5, 0, 3.25], "rotation": 180, "texture": "#0"}
			}
		},
		{
			"from": [2.5, 12, 1],
			"to": [13.5, 13, 2],
			"rotation": {"angle": 0, "axis": "y", "origin": [5.5, 7.9, -2]},
			"faces": {
				"north": {"uv": [11.5, 6, 8.75, 6.25], "texture": "#0"},
				"east": {"uv": [6.75, 6, 6.5, 6.25], "texture": "#0"},
				"south": {"uv": [11.5, 6.25, 8.75, 6.5], "texture": "#0"},
				"west": {"uv": [6.5, 6, 6.25, 6.25], "texture": "#0"},
				"up": {"uv": [11.5, 6.75, 8.75, 7], "rotation": 180, "texture": "#0"},
				"down": {"uv": [11.5, 7.25, 8.75, 7], "rotation": 180, "texture": "#0"}
			}
		},
		{
			"from": [2.5, 12, 3],
			"to": [13.5, 13.8, 14],
			"rotation": {"angle": 0, "axis": "y", "origin": [5.5, 7.9, 11]},
			"faces": {
				"north": {"uv": [6, 2.75, 3.25, 3.25], "texture": "#0"},
				"east": {"uv": [9.25, 4, 6.5, 4.5], "texture": "#0"},
				"south": {"uv": [9.25, 3.5, 6.5, 4], "texture": "#0"},
				"west": {"uv": [9.25, 3, 6.5, 3.5], "texture": "#0"},
				"up": {"uv": [6, 3.25, 3.25, 6], "rotation": 180, "texture": "#0"},
				"down": {"uv": [6, 2.75, 3.25, 0], "rotation": 180, "texture": "#0"}
			}
		},
		{
			"from": [4, 8, 3.3],
			"to": [12, 9.5, 4.1],
			"rotation": {"angle": 0, "axis": "y", "origin": [-3, 17, 11]},
			"faces": {
				"north": {"uv": [8.5, 4.5, 6.5, 5], "texture": "#0"},
				"east": {"uv": [10.25, 9.5, 10, 10], "texture": "#0"},
				"south": {"uv": [8.5, 5, 6.5, 5.5], "texture": "#0"},
				"west": {"uv": [10.25, 1.75, 10, 2.25], "texture": "#0"},
				"up": {"uv": [10.75, 8.25, 8.75, 8.5], "rotation": 180, "texture": "#0"},
				"down": {"uv": [10.75, 8.75, 8.75, 8.5], "rotation": 180, "texture": "#0"}
			}
		},
		{
			"from": [4, 8, 11.3],
			"to": [12, 9.5, 12.1],
			"rotation": {"angle": 0, "axis": "y", "origin": [-3, 17, 19]},
			"faces": {
				"north": {"uv": [8.5, 5.5, 6.5, 6], "texture": "#0"},
				"east": {"uv": [10.75, 1.75, 10.5, 2.25], "texture": "#0"},
				"south": {"uv": [8.75, 6.75, 6.75, 7.25], "texture": "#0"},
				"west": {"uv": [10.5, 1.75, 10.25, 2.25], "texture": "#0"},
				"up": {"uv": [9.5, 9, 7.5, 9.25], "rotation": 180, "texture": "#0"},
				"down": {"uv": [11, 0.25, 9, 0], "rotation": 180, "texture": "#0"}
			}
		},
		{
			"from": [2.3, 9, 4],
			"to": [3.1, 10.5, 12],
			"rotation": {"angle": 0, "axis": "y", "origin": [10, 18, 19]},
			"faces": {
				"north": {"uv": [10.75, 3.75, 10.5, 4.25], "texture": "#0"},
				"east": {"uv": [9, 0, 7, 0.5], "texture": "#0"},
				"south": {"uv": [10.75, 4.25, 10.5, 4.75], "texture": "#0"},
				"west": {"uv": [8.75, 6, 6.75, 6.5], "texture": "#0"},
				"up": {"uv": [9.25, 0.25, 9, 2.25], "rotation": 180, "texture": "#0"},
				"down": {"uv": [6.5, 11.25, 6.25, 9.25], "rotation": 180, "texture": "#0"}
			}
		},
		{
			"from": [12.3, 9, 4],
			"to": [13.1, 10.5, 12],
			"rotation": {"angle": 0, "axis": "y", "origin": [20, 18, 19]},
			"faces": {
				"north": {"uv": [10.75, 4.75, 10.5, 5.25], "texture": "#0"},
				"east": {"uv": [9, 1, 7, 1.5], "texture": "#0"},
				"south": {"uv": [10.75, 8.75, 10.5, 9.25], "texture": "#0"},
				"west": {"uv": [9, 0.5, 7, 1], "texture": "#0"},
				"up": {"uv": [6.75, 9.25, 6.5, 11.25], "rotation": 180, "texture": "#0"},
				"down": {"uv": [7.75, 11.25, 7.5, 9.25], "rotation": 180, "texture": "#0"}
			}
		},
		{
			"from": [4, 3, 3.3],
			"to": [12, 4.5, 4.1],
			"rotation": {"angle": 0, "axis": "y", "origin": [-3, 12, 11]},
			"faces": {
				"north": {"uv": [9, 1.5, 7, 2], "texture": "#0"},
				"east": {"uv": [10.75, 9.75, 10.5, 10.25], "texture": "#0"},
				"south": {"uv": [9, 2, 7, 2.5], "texture": "#0"},
				"west": {"uv": [10.75, 9.25, 10.5, 9.75], "texture": "#0"},
				"up": {"uv": [11, 2.25, 9, 2.5], "rotation": 180, "texture": "#0"},
				"down": {"uv": [11, 2.75, 9, 2.5], "rotation": 180, "texture": "#0"}
			}
		},
		{
			"from": [4, 3, 11.3],
			"to": [12, 4.5, 12.1],
			"rotation": {"angle": 0, "axis": "y", "origin": [-3, 12, 19]},
			"faces": {
				"north": {"uv": [9, 2.5, 7, 3], "texture": "#0"},
				"east": {"uv": [9.75, 10.75, 9.5, 11.25], "texture": "#0"},
				"south": {"uv": [8.75, 7.25, 6.75, 7.75], "texture": "#0"},
				"west": {"uv": [9.5, 10.75, 9.25, 11.25], "texture": "#0"},
				"up": {"uv": [11, 2.75, 9, 3], "rotation": 180, "texture": "#0"},
				"down": {"uv": [9.75, 9.5, 7.75, 9.25], "rotation": 180, "texture": "#0"}
			}
		},
		{
			"from": [2.3, 4, 4],
			"to": [3.1, 5.5, 12],
			"rotation": {"angle": 0, "axis": "y", "origin": [10, 13, 19]},
			"faces": {
				"north": {"uv": [10.25, 10.75, 10, 11.25], "texture": "#0"},
				"east": {"uv": [8.75, 8.25, 6.75, 8.75], "texture": "#0"},
				"south": {"uv": [11, 10.75, 10.75, 11.25], "texture": "#0"},
				"west": {"uv": [8.75, 7.75, 6.75, 8.25], "texture": "#0"},
				"up": {"uv": [9.5, 0.25, 9.25, 2.25], "rotation": 180, "texture": "#0"},
				"down": {"uv": [0.25, 11.5, 0, 9.5], "rotation": 180, "texture": "#0"}
			}
		},
		{
			"from": [12.3, 4, 4],
			"to": [13.1, 5.5, 12],
			"rotation": {"angle": 0, "axis": "y", "origin": [20, 13, 19]},
			"faces": {
				"north": {"uv": [11, 0.25, 10.75, 0.75], "texture": "#0"},
				"east": {"uv": [10.5, 5, 8.5, 5.5], "texture": "#0"},
				"south": {"uv": [11, 0.75, 10.75, 1.25], "texture": "#0"},
				"west": {"uv": [10.5, 4.5, 8.5, 5], "texture": "#0"},
				"up": {"uv": [0.5, 9.5, 0.25, 11.5], "rotation": 180, "texture": "#0"},
				"down": {"uv": [0.75, 11.5, 0.5, 9.5], "rotation": 180, "texture": "#0"}
			}
		},
		{
			"from": [13.5, 8.89703, 16.60516],
			"to": [14.5, 14.69703, 17.60516],
			"rotation": {"angle": 22.5, "axis": "x", "origin": [6.5, 17.89703, 24.60516]},
			"faces": {
				"north": {"uv": [9.5, 3, 9.25, 4.5], "texture": "#0"},
				"east": {"uv": [8.25, 9.5, 8, 11], "texture": "#0"},
				"south": {"uv": [8, 9.5, 7.75, 11], "texture": "#0"},
				"west": {"uv": [3, 9.5, 2.75, 11], "texture": "#0"},
				"up": {"uv": [9.75, 9, 9.5, 9.25], "rotation": 180, "texture": "#0"},
				"down": {"uv": [10.25, 6.75, 10, 6.5], "rotation": 180, "texture": "#0"}
			}
		},
		{
			"from": [1.5, 8.89703, 16.60516],
			"to": [2.5, 14.69703, 17.60516],
			"rotation": {"angle": 22.5, "axis": "x", "origin": [9.5, 17.89703, 24.60516]},
			"faces": {
				"north": {"uv": [8.5, 9.5, 8.25, 11], "texture": "#0"},
				"east": {"uv": [9.25, 9.5, 9, 11], "texture": "#0"},
				"south": {"uv": [9, 9.5, 8.75, 11], "texture": "#0"},
				"west": {"uv": [8.75, 9.5, 8.5, 11], "texture": "#0"},
				"up": {"uv": [10.5, 6.5, 10.25, 6.75], "rotation": 180, "texture": "#0"},
				"down": {"uv": [10.75, 5.5, 10.5, 5.25], "rotation": 180, "texture": "#0"}
			}
		},
		{
			"from": [13.5, 17.6194, 15.91342],
			"to": [14.5, 25.6194, 16.91342],
			"rotation": {"angle": 0, "axis": "y", "origin": [6.5, 26.6194, 23.91342]},
			"faces": {
				"north": {"uv": [1, 9.5, 0.75, 11.5], "texture": "#0"},
				"east": {"uv": [1.75, 9.5, 1.5, 11.5], "texture": "#0"},
				"south": {"uv": [1.5, 9.5, 1.25, 11.5], "texture": "#0"},
				"west": {"uv": [1.25, 9.5, 1, 11.5], "texture": "#0"},
				"up": {"uv": [10.75, 6.5, 10.5, 6.75], "rotation": 180, "texture": "#0"},
				"down": {"uv": [10.75, 10.5, 10.5, 10.25], "rotation": 180, "texture": "#0"}
			}
		},
		{
			"from": [11.9, 14.6194, 16.05],
			"to": [12.5, 27.6194, 16.75],
			"rotation": {"angle": 0, "axis": "y", "origin": [4.5, 28.6194, 23.91342]},
			"faces": {
				"north": {"uv": [3.25, 6.5, 3, 9.75], "texture": "#0"},
				"east": {"uv": [4, 9, 3.75, 12.25], "texture": "#0"},
				"south": {"uv": [3.75, 9, 3.5, 12.25], "texture": "#0"},
				"west": {"uv": [3.5, 9, 3.25, 12.25], "texture": "#0"},
				"up": {"uv": [11, 1.25, 10.75, 1.5], "rotation": 180, "texture": "#0"},
				"down": {"uv": [11, 1.75, 10.75, 1.5], "rotation": 180, "texture": "#0"}
			}
		},
		{
			"from": [11.9, 6.2612, 14.65899],
			"to": [12.5, 9.2612, 15.35899],
			"rotation": {"angle": 45, "axis": "x", "origin": [4.5, 10.2612, 22.52241]},
			"faces": {
				"north": {"uv": [3.25, 9.75, 3, 10.5], "texture": "#0"},
				"east": {"uv": [9.5, 10, 9.25, 10.75], "texture": "#0"},
				"south": {"uv": [10, 9, 9.75, 9.75], "texture": "#0"},
				"west": {"uv": [10, 9.75, 9.75, 10.5], "texture": "#0"},
				"up": {"uv": [11, 1.75, 10.75, 2], "rotation": 180, "texture": "#0"},
				"down": {"uv": [11, 2.25, 10.75, 2], "rotation": 180, "texture": "#0"}
			}
		},
		{
			"from": [3.5, 14.6194, 16.05],
			"to": [4.1, 27.6194, 16.75],
			"rotation": {"angle": 0, "axis": "y", "origin": [11.5, 28.6194, 23.91342]},
			"faces": {
				"north": {"uv": [4.25, 9, 4, 12.25], "texture": "#0"},
				"east": {"uv": [5, 9, 4.75, 12.25], "texture": "#0"},
				"south": {"uv": [4.75, 9, 4.5, 12.25], "texture": "#0"},
				"west": {"uv": [4.5, 9, 4.25, 12.25], "texture": "#0"},
				"up": {"uv": [11, 3, 10.75, 3.25], "rotation": 180, "texture": "#0"},
				"down": {"uv": [11, 3.5, 10.75, 3.25], "rotation": 180, "texture": "#0"}
			}
		},
		{
			"from": [3.5, 6.2612, 14.65899],
			"to": [4.1, 9.2612, 15.35899],
			"rotation": {"angle": 45, "axis": "x", "origin": [11.5, 10.2612, 22.52241]},
			"faces": {
				"north": {"uv": [9.75, 10, 9.5, 10.75], "texture": "#0"},
				"east": {"uv": [10.25, 1, 10, 1.75], "texture": "#0"},
				"south": {"uv": [10.25, 0.25, 10, 1], "texture": "#0"},
				"west": {"uv": [10.25, 10, 10, 10.75], "texture": "#0"},
				"up": {"uv": [11, 3.5, 10.75, 3.75], "rotation": 180, "texture": "#0"},
				"down": {"uv": [11, 4, 10.75, 3.75], "rotation": 180, "texture": "#0"}
			}
		},
		{
			"from": [8.9, 14.6194, 16.05],
			"to": [9.5, 27.6194, 16.75],
			"rotation": {"angle": 0, "axis": "y", "origin": [1.5, 28.6194, 23.91342]},
			"faces": {
				"north": {"uv": [5.25, 9, 5, 12.25], "texture": "#0"},
				"east": {"uv": [6, 9, 5.75, 12.25], "texture": "#0"},
				"south": {"uv": [5.75, 9, 5.5, 12.25], "texture": "#0"},
				"west": {"uv": [5.5, 9, 5.25, 12.25], "texture": "#0"},
				"up": {"uv": [11, 4, 10.75, 4.25], "rotation": 180, "texture": "#0"},
				"down": {"uv": [11, 4.5, 10.75, 4.25], "rotation": 180, "texture": "#0"}
			}
		},
		{
			"from": [8.9, 6.2612, 14.65899],
			"to": [9.5, 9.2612, 15.35899],
			"rotation": {"angle": 45, "axis": "x", "origin": [1.5, 10.2612, 22.52241]},
			"faces": {
				"north": {"uv": [10.25, 3, 10, 3.75], "texture": "#0"},
				"east": {"uv": [10.5, 10.25, 10.25, 11], "texture": "#0"},
				"south": {"uv": [10.25, 8.75, 10, 9.5], "texture": "#0"},
				"west": {"uv": [10.25, 3.75, 10, 4.5], "texture": "#0"},
				"up": {"uv": [11, 4.5, 10.75, 4.75], "rotation": 180, "texture": "#0"},
				"down": {"uv": [11, 5, 10.75, 4.75], "rotation": 180, "texture": "#0"}
			}
		},
		{
			"from": [6.5, 14.6194, 16.05],
			"to": [7.1, 27.6194, 16.75],
			"rotation": {"angle": 0, "axis": "y", "origin": [14.5, 28.6194, 23.91342]},
			"faces": {
				"north": {"uv": [6.25, 9, 6, 12.25], "texture": "#0"},
				"east": {"uv": [7.5, 9, 7.25, 12.25], "texture": "#0"},
				"south": {"uv": [7.25, 9, 7, 12.25], "texture": "#0"},
				"west": {"uv": [7, 9, 6.75, 12.25], "texture": "#0"},
				"up": {"uv": [11, 5, 10.75, 5.25], "rotation": 180, "texture": "#0"},
				"down": {"uv": [11, 5.5, 10.75, 5.25], "rotation": 180, "texture": "#0"}
			}
		},
		{
			"from": [6.5, 6.2612, 14.65899],
			"to": [7.1, 9.2612, 15.35899],
			"rotation": {"angle": 45, "axis": "x", "origin": [14.5, 10.2612, 22.52241]},
			"faces": {
				"north": {"uv": [10.5, 0.25, 10.25, 1], "texture": "#0"},
				"east": {"uv": [10.5, 3.75, 10.25, 4.5], "texture": "#0"},
				"south": {"uv": [10.5, 3, 10.25, 3.75], "texture": "#0"},
				"west": {"uv": [10.5, 1, 10.25, 1.75], "texture": "#0"},
				"up": {"uv": [11, 6.5, 10.75, 6.75], "rotation": 180, "texture": "#0"},
				"down": {"uv": [11, 8.5, 10.75, 8.25], "rotation": 180, "texture": "#0"}
			}
		},
		{
			"from": [1.5, 17.6194, 15.91342],
			"to": [2.5, 25.6194, 16.91342],
			"rotation": {"angle": 0, "axis": "y", "origin": [9.5, 26.6194, 23.91342]},
			"faces": {
				"north": {"uv": [2, 9.5, 1.75, 11.5], "texture": "#0"},
				"east": {"uv": [2.75, 9.5, 2.5, 11.5], "texture": "#0"},
				"south": {"uv": [2.5, 9.5, 2.25, 11.5], "texture": "#0"},
				"west": {"uv": [2.25, 9.5, 2, 11.5], "texture": "#0"},
				"up": {"uv": [11, 8.5, 10.75, 8.75], "rotation": 180, "texture": "#0"},
				"down": {"uv": [11, 9, 10.75, 8.75], "rotation": 180, "texture": "#0"}
			}
		},
		{
			"from": [10.66481, 21.87285, 15.91342],
			"to": [11.66481, 24.87285, 16.91342],
			"rotation": {"angle": 22.5, "axis": "z", "origin": [3.66481, 30.87285, 23.91342]},
			"faces": {
				"north": {"uv": [10.5, 8.75, 10.25, 9.5], "texture": "#0"},
				"east": {"uv": [10, 10.5, 9.75, 11.25], "texture": "#0"},
				"south": {"uv": [3.25, 10.5, 3, 11.25], "texture": "#0"},
				"west": {"uv": [10.5, 9.5, 10.25, 10.25], "texture": "#0"},
				"up": {"uv": [11, 9, 10.75, 9.25], "rotation": 180, "texture": "#0"},
				"down": {"uv": [11, 9.5, 10.75, 9.25], "rotation": 180, "texture": "#0"}
			}
		},
		{
			"from": [4.33519, 21.87285, 15.91342],
			"to": [5.33519, 24.87285, 16.91342],
			"rotation": {"angle": -22.5, "axis": "z", "origin": [12.33519, 30.87285, 23.91342]},
			"faces": {
				"north": {"uv": [10.75, 10.5, 10.5, 11.25], "texture": "#0"},
				"east": {"uv": [10.75, 3, 10.5, 3.75], "texture": "#0"},
				"south": {"uv": [10.75, 1, 10.5, 1.75], "texture": "#0"},
				"west": {"uv": [10.75, 0.25, 10.5, 1], "texture": "#0"},
				"up": {"uv": [11, 9.5, 10.75, 9.75], "rotation": 180, "texture": "#0"},
				"down": {"uv": [11, 10, 10.75, 9.75], "rotation": 180, "texture": "#0"}
			}
		},
		{
			"from": [2.64805, 27.39104, 16],
			"to": [13.34805, 28.39104, 16.8],
			"rotation": {"angle": 0, "axis": "y", "origin": [12.34805, 20.39104, 23.91342]},
			"faces": {
				"north": {"uv": [11.5, 7.25, 8.75, 7.5], "texture": "#0"},
				"east": {"uv": [11, 10.25, 10.75, 10.5], "texture": "#0"},
				"south": {"uv": [11.5, 7.5, 8.75, 7.75], "texture": "#0"},
				"west": {"uv": [11, 10, 10.75, 10.25], "texture": "#0"},
				"up": {"uv": [11.5, 7.75, 8.75, 8], "rotation": 180, "texture": "#0"},
				"down": {"uv": [11.5, 8.25, 8.75, 8], "rotation": 180, "texture": "#0"}
			}
		}
	],
	"display": {
		"thirdperson_righthand": {
			"rotation": [50, 0, 0],
			"translation": [0, 1, 0],
			"scale": [0.3, 0.3, 0.3]
		},
		"thirdperson_lefthand": {
			"rotation": [50, 0, 0],
			"translation": [0, 1, 0],
			"scale": [0.3, 0.3, 0.3]
		},
		"firstperson_righthand": {
			"rotation": [0, 45, 0],
			"translation": [-0.5, 0, 0],
			"scale": [0.4, 0.4, 0.4]
		},
		"firstperson_lefthand": {
			"rotation": [0, 45, 0],
			"translation": [-0.5, 0, 0],
			"scale": [0.4, 0.4, 0.4]
		},
		"ground": {
			"translation": [0, 0.25, 0],
			"scale": [0.5, 0.5, 0.5]
		},
		"gui": {
			"rotation": [30, 135, 0],
			"translation": [0, -2.75, 0],
			"scale": [0.45, 0.45, 0.45]
		},
		"head": {
			"translation": [0, 1.75, -0.5]
		},
		"fixed": {
			"rotation": [-90, 0, 0],
			"translation": [0, 0, 16],
			"scale": [2, 2, 2]
		}
	}
}