{
	"texture_size": [32, 32],
	"textures": {
		"0": "mnaf:props/blocks/wires"
	},
	"elements": [
		{
			"name": "Element",
			"from": [8.95, 0, -2.5],
			"to": [9.95, 1, -0.11305],
			"rotation": {"angle": -22.5, "axis": "x", "origin": [10, 1, -2]},
			"faces": {
				"north": {"uv": [4, 6, 4.5, 6.5], "texture": "#0"},
				"east": {"uv": [4.5, 4, 5.5, 4.5], "texture": "#0"},
				"south": {"uv": [6, 9, 6.5, 9.5], "texture": "#0"},
				"west": {"uv": [0.5, 5, 1.5, 5.5], "texture": "#0"},
				"up": {"uv": [4, 5.5, 3.5, 4.5], "texture": "#0"},
				"down": {"uv": [2, 5, 1.5, 6], "texture": "#0"}
			}
		},
		{
			"name": "Element",
			"from": [8.95, 0.3239, 3.2827],
			"to": [9.95, 1.3239, 5.66965],
			"rotation": {"angle": 22.5, "axis": "x", "origin": [10, 0.92388, 4.38268]},
			"faces": {
				"north": {"uv": [6.5, 9, 7, 9.5], "texture": "#0"},
				"east": {"uv": [4.5, 5, 5.5, 5.5], "texture": "#0"},
				"south": {"uv": [7, 9, 7.5, 9.5], "texture": "#0"},
				"west": {"uv": [5, 2, 6, 2.5], "texture": "#0"},
				"up": {"uv": [2.5, 6, 2, 5], "texture": "#0"},
				"down": {"uv": [5.5, 2.5, 5, 3.5], "texture": "#0"}
			}
		},
		{
			"name": "Element",
			"from": [8.95, 0.75, -0.25],
			"to": [9.95, 1.75, 3.55],
			"faces": {
				"north": {"uv": [7.5, 9, 8, 9.5], "texture": "#0"},
				"east": {"uv": [0, 4, 2, 4.5], "texture": "#0"},
				"south": {"uv": [8, 9, 8.5, 9.5], "texture": "#0"},
				"west": {"uv": [2, 4, 4, 4.5], "texture": "#0"},
				"up": {"uv": [4.5, 6, 4, 4], "texture": "#0"},
				"down": {"uv": [0.5, 4.5, 0, 6.5], "texture": "#0"}
			}
		},
		{
			"name": "Element",
			"from": [8.95001, -0.11522, -2.07925],
			"to": [9.95001, 0.88478, 0.30769],
			"rotation": {"angle": 22.5, "axis": "y", "origin": [3.95001, 0.88478, -0.88575]},
			"faces": {
				"north": {"uv": [8.5, 9, 9, 9.5], "texture": "#0"},
				"east": {"uv": [5, 3.5, 6, 4], "texture": "#0"},
				"south": {"uv": [9, 9, 9.5, 9.5], "texture": "#0"},
				"west": {"uv": [0.5, 5.5, 1.5, 6], "texture": "#0"},
				"up": {"uv": [4, 6.5, 3.5, 5.5], "texture": "#0"},
				"down": {"uv": [5, 5.5, 4.5, 6.5], "texture": "#0"}
			}
		},
		{
			"name": "Element",
			"from": [8.95, -0.1229, 2.9551],
			"to": [9.95, 0.8771, 5.34205],
			"rotation": {"angle": 22.5, "axis": "y", "origin": [14.95, 0.87706, 4.14858]},
			"faces": {
				"north": {"uv": [9, 0.5, 9.5, 1], "texture": "#0"},
				"east": {"uv": [5, 5.5, 6, 6], "texture": "#0"},
				"south": {"uv": [9, 1, 9.5, 1.5], "texture": "#0"},
				"west": {"uv": [5.5, 0, 6.5, 0.5], "texture": "#0"},
				"up": {"uv": [6, 1.5, 5.5, 0.5], "texture": "#0"},
				"down": {"uv": [6, 2.5, 5.5, 3.5], "texture": "#0"}
			}
		},
		{
			"name": "Element",
			"from": [2.75651, -0.11522, -6.88575],
			"to": [5.14345, 0.88478, -5.88575],
			"rotation": {"angle": -45, "axis": "y", "origin": [3.95001, 0.88478, -0.88575]},
			"faces": {
				"north": {"uv": [5.5, 1.5, 6.5, 2], "texture": "#0"},
				"east": {"uv": [9, 4.5, 9.5, 5], "texture": "#0"},
				"south": {"uv": [5.5, 4, 6.5, 4.5], "texture": "#0"},
				"west": {"uv": [9, 5, 9.5, 5.5], "texture": "#0"},
				"up": {"uv": [6.5, 5.5, 5.5, 5], "texture": "#0"},
				"down": {"uv": [1.5, 6, 0.5, 6.5], "texture": "#0"}
			}
		},
		{
			"name": "Element",
			"from": [13.7565, -0.1229, 9.1486],
			"to": [19.14344, 0.8771, 10.1486],
			"rotation": {"angle": -45, "axis": "y", "origin": [14.95, 0.87706, 4.14858]},
			"faces": {
				"north": {"uv": [0, 2, 2.5, 2.5], "texture": "#0"},
				"east": {"uv": [9, 5.5, 9.5, 6], "texture": "#0"},
				"south": {"uv": [0, 2.5, 2.5, 3], "texture": "#0"},
				"west": {"uv": [9, 6, 9.5, 6.5], "texture": "#0"},
				"up": {"uv": [5, 3, 2.5, 2.5], "texture": "#0"},
				"down": {"uv": [5, 2, 2.5, 2.5], "texture": "#0"}
			}
		},
		{
			"name": "Element",
			"from": [2.75651, -0.11522, -6.88575],
			"to": [5.14345, 0.88478, -5.88575],
			"rotation": {"angle": -22.5, "axis": "y", "origin": [3.95001, 0.88478, -0.88575]},
			"faces": {
				"north": {"uv": [1.5, 6, 2.5, 6.5], "texture": "#0"},
				"east": {"uv": [9, 7.5, 9.5, 8], "texture": "#0"},
				"south": {"uv": [5, 6, 6, 6.5], "texture": "#0"},
				"west": {"uv": [9, 8, 9.5, 8.5], "texture": "#0"},
				"up": {"uv": [7, 6.5, 6, 6], "texture": "#0"},
				"down": {"uv": [7, 0.5, 6, 1], "texture": "#0"}
			}
		},
		{
			"name": "Element",
			"from": [-3.46293, 0, 7.326],
			"to": [2.53707, 1, 8.326],
			"rotation": {"angle": 22.5, "axis": "y", "origin": [1.78707, 1, 6.326]},
			"faces": {
				"north": {"uv": [0, 0, 3, 0.5], "texture": "#0"},
				"east": {"uv": [9, 8.5, 9.5, 9], "texture": "#0"},
				"south": {"uv": [0, 0.5, 3, 1], "texture": "#0"},
				"west": {"uv": [0, 9.5, 0.5, 10], "texture": "#0"},
				"up": {"uv": [3, 1.5, 0, 1], "texture": "#0"},
				"down": {"uv": [3, 1.5, 0, 2], "texture": "#0"}
			}
		},
		{
			"name": "Element",
			"from": [8.8065, 0, 1],
			"to": [11.19344, 1, 2],
			"rotation": {"angle": 22.5, "axis": "y", "origin": [10, 1, 7]},
			"faces": {
				"north": {"uv": [6, 1, 7, 1.5], "texture": "#0"},
				"east": {"uv": [0.5, 9.5, 1, 10], "texture": "#0"},
				"south": {"uv": [6, 2, 7, 2.5], "texture": "#0"},
				"west": {"uv": [2, 9.5, 2.5, 10], "texture": "#0"},
				"up": {"uv": [7, 3, 6, 2.5], "texture": "#0"},
				"down": {"uv": [7, 3, 6, 3.5], "texture": "#0"}
			}
		},
		{
			"name": "Element",
			"from": [8.8065, 0, 1],
			"to": [11.19344, 1, 2],
			"faces": {
				"north": {"uv": [6, 3.5, 7, 4], "texture": "#0"},
				"east": {"uv": [2.5, 9.5, 3, 10], "texture": "#0"},
				"south": {"uv": [6, 5.5, 7, 6], "texture": "#0"},
				"west": {"uv": [3, 9.5, 3.5, 10], "texture": "#0"},
				"up": {"uv": [1, 7, 0, 6.5], "texture": "#0"},
				"down": {"uv": [2, 6.5, 1, 7], "texture": "#0"}
			}
		},
		{
			"name": "Element",
			"from": [8.8065, 0, 1],
			"to": [11.19344, 1, 2],
			"rotation": {"angle": 22.5, "axis": "y", "origin": [10, 1, -4]},
			"faces": {
				"north": {"uv": [2, 6.5, 3, 7], "texture": "#0"},
				"east": {"uv": [3.5, 9.5, 4, 10], "texture": "#0"},
				"south": {"uv": [3, 6.5, 4, 7], "texture": "#0"},
				"west": {"uv": [4, 9.5, 4.5, 10], "texture": "#0"},
				"up": {"uv": [5, 7, 4, 6.5], "texture": "#0"},
				"down": {"uv": [6, 6.5, 5, 7], "texture": "#0"}
			}
		},
		{
			"name": "Element",
			"from": [8.8065, 0, 1],
			"to": [11.19344, 1, 2],
			"rotation": {"angle": 45, "axis": "y", "origin": [10, 1, -4]},
			"faces": {
				"north": {"uv": [6, 6.5, 7, 7], "texture": "#0"},
				"east": {"uv": [4.5, 9.5, 5, 10], "texture": "#0"},
				"south": {"uv": [6.5, 0, 7.5, 0.5], "texture": "#0"},
				"west": {"uv": [6, 9.5, 6.5, 10], "texture": "#0"},
				"up": {"uv": [7.5, 2, 6.5, 1.5], "texture": "#0"},
				"down": {"uv": [7.5, 4, 6.5, 4.5], "texture": "#0"}
			}
		},
		{
			"name": "Element",
			"from": [3.78707, 0, 6.1325],
			"to": [4.78707, 1, 8.51944],
			"rotation": {"angle": -45, "axis": "y", "origin": [4.78707, 1, 6.326]},
			"faces": {
				"north": {"uv": [6.5, 9.5, 7, 10], "texture": "#0"},
				"east": {"uv": [6.5, 4.5, 7.5, 5], "texture": "#0"},
				"south": {"uv": [7, 9.5, 7.5, 10], "texture": "#0"},
				"west": {"uv": [6.5, 5, 7.5, 5.5], "texture": "#0"},
				"up": {"uv": [0.5, 8, 0, 7], "texture": "#0"},
				"down": {"uv": [1, 7, 0.5, 8], "texture": "#0"}
			}
		},
		{
			"name": "Element",
			"from": [4, 0, 5.8065],
			"to": [5, 1, 8.19344],
			"rotation": {"angle": -22.5, "axis": "y", "origin": [10, 1, 7]},
			"faces": {
				"north": {"uv": [7.5, 9.5, 8, 10], "texture": "#0"},
				"east": {"uv": [1, 7, 2, 7.5], "texture": "#0"},
				"south": {"uv": [8, 9.5, 8.5, 10], "texture": "#0"},
				"west": {"uv": [2, 7, 3, 7.5], "texture": "#0"},
				"up": {"uv": [3.5, 8, 3, 7], "texture": "#0"},
				"down": {"uv": [4, 7, 3.5, 8], "texture": "#0"}
			}
		},
		{
			"name": "Element",
			"from": [8.8065, 0, 1],
			"to": [11.19344, 1, 2],
			"rotation": {"angle": 45, "axis": "y", "origin": [10, 1, 7]},
			"faces": {
				"north": {"uv": [4, 7, 5, 7.5], "texture": "#0"},
				"east": {"uv": [8.5, 9.5, 9, 10], "texture": "#0"},
				"south": {"uv": [5, 7, 6, 7.5], "texture": "#0"},
				"west": {"uv": [9, 9.5, 9.5, 10], "texture": "#0"},
				"up": {"uv": [7, 7.5, 6, 7], "texture": "#0"},
				"down": {"uv": [8, 7, 7, 7.5], "texture": "#0"}
			}
		},
		{
			"name": "Element",
			"from": [15, 0, -5.1935],
			"to": [16, 1, -2.80656],
			"rotation": {"angle": -22.5, "axis": "y", "origin": [10, 1, -4]},
			"faces": {
				"north": {"uv": [9.5, 9.5, 10, 10], "texture": "#0"},
				"east": {"uv": [7, 0.5, 8, 1], "texture": "#0"},
				"south": {"uv": [9.5, 0, 10, 0.5], "texture": "#0"},
				"west": {"uv": [7, 1, 8, 1.5], "texture": "#0"},
				"up": {"uv": [7.5, 3, 7, 2], "texture": "#0"},
				"down": {"uv": [7.5, 3, 7, 4], "texture": "#0"}
			}
		},
		{
			"name": "Element",
			"from": [15, 0, -5.1935],
			"to": [16, 1, -2.80656],
			"faces": {
				"north": {"uv": [9.5, 0.5, 10, 1], "texture": "#0"},
				"east": {"uv": [7, 5.5, 8, 6], "texture": "#0"},
				"south": {"uv": [9.5, 1, 10, 1.5], "texture": "#0"},
				"west": {"uv": [7, 6, 8, 6.5], "texture": "#0"},
				"up": {"uv": [1.5, 8.5, 1, 7.5], "texture": "#0"},
				"down": {"uv": [2, 7.5, 1.5, 8.5], "texture": "#0"}
			}
		},
		{
			"name": "Element",
			"from": [9.7875, -0.1229, 9.7359],
			"to": [12.17445, 0.8771, 10.7359],
			"rotation": {"angle": -45, "axis": "y", "origin": [10.98097, 0.87706, 15.73591]},
			"faces": {
				"north": {"uv": [7, 6.5, 8, 7], "texture": "#0"},
				"east": {"uv": [9.5, 1.5, 10, 2], "texture": "#0"},
				"south": {"uv": [2, 7.5, 3, 8], "texture": "#0"},
				"west": {"uv": [9.5, 2, 10, 2.5], "texture": "#0"},
				"up": {"uv": [5, 8, 4, 7.5], "texture": "#0"},
				"down": {"uv": [6, 7.5, 5, 8], "texture": "#0"}
			}
		},
		{
			"name": "Element",
			"from": [-0.40643, 0, 8.326],
			"to": [1.98051, 1, 9.326],
			"rotation": {"angle": 45, "axis": "y", "origin": [0.78707, 1, 14.326]},
			"faces": {
				"north": {"uv": [6, 7.5, 7, 8], "texture": "#0"},
				"east": {"uv": [9.5, 2.5, 10, 3], "texture": "#0"},
				"south": {"uv": [7, 7.5, 8, 8], "texture": "#0"},
				"west": {"uv": [9.5, 3, 10, 3.5], "texture": "#0"},
				"up": {"uv": [8.5, 0.5, 7.5, 0], "texture": "#0"},
				"down": {"uv": [8.5, 1.5, 7.5, 2], "texture": "#0"}
			}
		},
		{
			"name": "Element",
			"from": [-0.40643, 0, 21.326],
			"to": [1.98051, 1, 22.326],
			"rotation": {"angle": -45, "axis": "y", "origin": [0.78707, 1, 16.326]},
			"faces": {
				"north": {"uv": [7.5, 2, 8.5, 2.5], "texture": "#0"},
				"east": {"uv": [9.5, 3.5, 10, 4], "texture": "#0"},
				"south": {"uv": [7.5, 2.5, 8.5, 3], "texture": "#0"},
				"west": {"uv": [9.5, 4, 10, 4.5], "texture": "#0"},
				"up": {"uv": [8.5, 3.5, 7.5, 3], "texture": "#0"},
				"down": {"uv": [8.5, 3.5, 7.5, 4], "texture": "#0"}
			}
		},
		{
			"name": "Element",
			"from": [-0.40643, 0, 21.326],
			"to": [1.98051, 1, 22.326],
			"rotation": {"angle": -22.5, "axis": "y", "origin": [0.78707, 1, 16.326]},
			"faces": {
				"north": {"uv": [7.5, 4, 8.5, 4.5], "texture": "#0"},
				"east": {"uv": [9.5, 4.5, 10, 5], "texture": "#0"},
				"south": {"uv": [7.5, 4.5, 8.5, 5], "texture": "#0"},
				"west": {"uv": [9.5, 5, 10, 5.5], "texture": "#0"},
				"up": {"uv": [8.5, 5.5, 7.5, 5], "texture": "#0"},
				"down": {"uv": [1, 8, 0, 8.5], "texture": "#0"}
			}
		},
		{
			"name": "Element",
			"from": [-0.40643, 0, 21.326],
			"to": [4.98051, 1, 22.326],
			"rotation": {"angle": 0, "axis": "y", "origin": [7.78707, 8, 8.326]},
			"faces": {
				"north": {"uv": [0, 3, 2.5, 3.5], "texture": "#0"},
				"east": {"uv": [9.5, 5.5, 10, 6], "texture": "#0"},
				"south": {"uv": [2.5, 3, 5, 3.5], "texture": "#0"},
				"west": {"uv": [9.5, 6, 10, 6.5], "texture": "#0"},
				"up": {"uv": [5.5, 0.5, 3, 0], "texture": "#0"},
				"down": {"uv": [5.5, 0.5, 3, 1], "texture": "#0"}
			}
		},
		{
			"name": "Element",
			"from": [2.43927, 0, 22.5502],
			"to": [7.82622, 1, 23.5502],
			"rotation": {"angle": 22.5, "axis": "y", "origin": [0.63275, 1, 16.55017]},
			"faces": {
				"north": {"uv": [3, 1, 5.5, 1.5], "texture": "#0"},
				"east": {"uv": [9.5, 6.5, 10, 7], "texture": "#0"},
				"south": {"uv": [3, 1.5, 5.5, 2], "texture": "#0"},
				"west": {"uv": [9.5, 7, 10, 7.5], "texture": "#0"},
				"up": {"uv": [2.5, 4, 0, 3.5], "texture": "#0"},
				"down": {"uv": [5, 3.5, 2.5, 4], "texture": "#0"}
			}
		},
		{
			"name": "Element",
			"from": [-5.21293, 0, 13.1325],
			"to": [-4.21293, 1, 15.51944],
			"rotation": {"angle": -22.5, "axis": "y", "origin": [0.78707, 1, 14.326]},
			"faces": {
				"north": {"uv": [9.5, 7.5, 10, 8], "texture": "#0"},
				"east": {"uv": [2, 8, 3, 8.5], "texture": "#0"},
				"south": {"uv": [9.5, 8, 10, 8.5], "texture": "#0"},
				"west": {"uv": [3, 8, 4, 8.5], "texture": "#0"},
				"up": {"uv": [4.5, 9, 4, 8], "texture": "#0"},
				"down": {"uv": [5, 8, 4.5, 9], "texture": "#0"}
			}
		},
		{
			"name": "Element",
			"from": [-5.21293, 0, 13.1325],
			"to": [-4.21293, 1, 17.51944],
			"rotation": {"angle": 0, "axis": "y", "origin": [7.78707, 8, 8.326]},
			"faces": {
				"north": {"uv": [9.5, 8.5, 10, 9], "texture": "#0"},
				"east": {"uv": [0.5, 4.5, 2.5, 5], "texture": "#0"},
				"south": {"uv": [9.5, 9, 10, 9.5], "texture": "#0"},
				"west": {"uv": [4.5, 4.5, 6.5, 5], "texture": "#0"},
				"up": {"uv": [3, 6.5, 2.5, 4.5], "texture": "#0"},
				"down": {"uv": [3.5, 4.5, 3, 6.5], "texture": "#0"}
			}
		},
		{
			"name": "Element",
			"from": [-5.21293, 0, 15.1325],
			"to": [-4.21293, 1, 17.51944],
			"rotation": {"angle": 22.5, "axis": "y", "origin": [0.78707, 1, 16.326]},
			"faces": {
				"north": {"uv": [0, 10, 0.5, 10.5], "texture": "#0"},
				"east": {"uv": [5, 8, 6, 8.5], "texture": "#0"},
				"south": {"uv": [0.5, 10, 1, 10.5], "texture": "#0"},
				"west": {"uv": [6, 8, 7, 8.5], "texture": "#0"},
				"up": {"uv": [7.5, 9, 7, 8], "texture": "#0"},
				"down": {"uv": [8, 8, 7.5, 9], "texture": "#0"}
			}
		},
		{
			"name": "Element",
			"from": [15.981, -0.1229, 14.5424],
			"to": [16.981, 0.8771, 16.92935],
			"rotation": {"angle": -22.5, "axis": "y", "origin": [10.98097, 0.87706, 15.73591]},
			"faces": {
				"north": {"uv": [1, 10, 1.5, 10.5], "texture": "#0"},
				"east": {"uv": [8, 8, 9, 8.5], "texture": "#0"},
				"south": {"uv": [1.5, 10, 2, 10.5], "texture": "#0"},
				"west": {"uv": [8, 0.5, 9, 1], "texture": "#0"},
				"up": {"uv": [8.5, 6.5, 8, 5.5], "texture": "#0"},
				"down": {"uv": [8.5, 6.5, 8, 7.5], "texture": "#0"}
			}
		},
		{
			"name": "Element",
			"from": [15.981, -0.1229, 14.5424],
			"to": [16.981, 0.8771, 16.92935],
			"faces": {
				"north": {"uv": [2, 10, 2.5, 10.5], "texture": "#0"},
				"east": {"uv": [8, 1, 9, 1.5], "texture": "#0"},
				"south": {"uv": [2.5, 10, 3, 10.5], "texture": "#0"},
				"west": {"uv": [8, 7.5, 9, 8], "texture": "#0"},
				"up": {"uv": [0.5, 9.5, 0, 8.5], "texture": "#0"},
				"down": {"uv": [1, 8.5, 0.5, 9.5], "texture": "#0"}
			}
		},
		{
			"name": "Element",
			"from": [15.981, -0.1229, 14.5424],
			"to": [16.981, 0.8771, 16.92935],
			"rotation": {"angle": 22.5, "axis": "y", "origin": [10.98097, 0.87706, 15.73591]},
			"faces": {
				"north": {"uv": [3, 10, 3.5, 10.5], "texture": "#0"},
				"east": {"uv": [1, 8.5, 2, 9], "texture": "#0"},
				"south": {"uv": [3.5, 10, 4, 10.5], "texture": "#0"},
				"west": {"uv": [2, 8.5, 3, 9], "texture": "#0"},
				"up": {"uv": [3.5, 9.5, 3, 8.5], "texture": "#0"},
				"down": {"uv": [4, 8.5, 3.5, 9.5], "texture": "#0"}
			}
		},
		{
			"name": "Element",
			"from": [4.76081, -0.11522, -6.96185],
			"to": [7.14776, 0.88478, -5.96185],
			"rotation": {"angle": -45, "axis": "y", "origin": [5.95427, 0.88478, -11.96187]},
			"faces": {
				"north": {"uv": [5, 8.5, 6, 9], "texture": "#0"},
				"east": {"uv": [4, 10, 4.5, 10.5], "texture": "#0"},
				"south": {"uv": [6, 8.5, 7, 9], "texture": "#0"},
				"west": {"uv": [4.5, 10, 5, 10.5], "texture": "#0"},
				"up": {"uv": [9, 9, 8, 8.5], "texture": "#0"},
				"down": {"uv": [9.5, 0, 8.5, 0.5], "texture": "#0"}
			}
		},
		{
			"name": "Element",
			"from": [4.76081, -0.11522, -6.96185],
			"to": [7.14776, 0.88478, -5.96185],
			"rotation": {"angle": -22.5, "axis": "y", "origin": [5.95427, 0.88478, -11.96187]},
			"faces": {
				"north": {"uv": [8.5, 1.5, 9.5, 2], "texture": "#0"},
				"east": {"uv": [5, 10, 5.5, 10.5], "texture": "#0"},
				"south": {"uv": [8.5, 2, 9.5, 2.5], "texture": "#0"},
				"west": {"uv": [5.5, 10, 6, 10.5], "texture": "#0"},
				"up": {"uv": [9.5, 3, 8.5, 2.5], "texture": "#0"},
				"down": {"uv": [9.5, 3, 8.5, 3.5], "texture": "#0"}
			}
		},
		{
			"name": "Element",
			"from": [14.1627, 0, -9.403],
			"to": [15.1627, 1, -7.01605],
			"rotation": {"angle": -22.5, "axis": "y", "origin": [20.16267, 0, -8.20952]},
			"faces": {
				"north": {"uv": [6, 10, 6.5, 10.5], "texture": "#0"},
				"east": {"uv": [8.5, 3.5, 9.5, 4], "texture": "#0"},
				"south": {"uv": [6.5, 10, 7, 10.5], "texture": "#0"},
				"west": {"uv": [8.5, 4, 9.5, 4.5], "texture": "#0"},
				"up": {"uv": [9, 5.5, 8.5, 4.5], "texture": "#0"},
				"down": {"uv": [9, 5.5, 8.5, 6.5], "texture": "#0"}
			}
		},
		{
			"name": "Element",
			"from": [14.1627, 0, -9.403],
			"to": [15.1627, 1, -7.01605],
			"faces": {
				"north": {"uv": [7, 10, 7.5, 10.5], "texture": "#0"},
				"east": {"uv": [8.5, 6.5, 9.5, 7], "texture": "#0"},
				"south": {"uv": [7.5, 10, 8, 10.5], "texture": "#0"},
				"west": {"uv": [8.5, 7, 9.5, 7.5], "texture": "#0"},
				"up": {"uv": [1.5, 10, 1, 9], "texture": "#0"},
				"down": {"uv": [2, 9, 1.5, 10], "texture": "#0"}
			}
		},
		{
			"name": "Element",
			"from": [14.1627, 0, -9.403],
			"to": [15.1627, 1, -7.01605],
			"rotation": {"angle": 22.5, "axis": "y", "origin": [20.16267, 0, -8.20952]},
			"faces": {
				"north": {"uv": [8, 10, 8.5, 10.5], "texture": "#0"},
				"east": {"uv": [2, 9, 3, 9.5], "texture": "#0"},
				"south": {"uv": [8.5, 10, 9, 10.5], "texture": "#0"},
				"west": {"uv": [4, 9, 5, 9.5], "texture": "#0"},
				"up": {"uv": [5.5, 10, 5, 9], "texture": "#0"},
				"down": {"uv": [6, 9, 5.5, 10], "texture": "#0"}
			}
		}
	],
	"display": {
		"thirdperson_righthand": {
			"rotation": [0, 90, 0],
			"translation": [1, 1.25, 1],
			"scale": [0.15, 0.15, 0.15]
		},
		"thirdperson_lefthand": {
			"rotation": [0, 90, 0],
			"translation": [1, 1.25, 1],
			"scale": [0.15, 0.15, 0.15]
		},
		"firstperson_righthand": {
			"rotation": [0, 45, 0],
			"translation": [2, 4, 0],
			"scale": [0.4, 0.4, 0.4]
		},
		"firstperson_lefthand": {
			"rotation": [0, 45, 0],
			"translation": [2, 4, 0],
			"scale": [0.4, 0.4, 0.4]
		},
		"ground": {
			"translation": [0, 4.5, 0]
		},
		"gui": {
			"rotation": [90, -30, 0],
			"translation": [0, -1, 0],
			"scale": [0.45, 0.45, 0.45]
		},
		"head": {
			"translation": [0, 14.25, 0]
		},
		"fixed": {
			"rotation": [-90, 0, 0],
			"translation": [0, 0, -16],
			"scale": [2, 2, 2]
		}
	}
}