{
	"credit": "Made with Blockbench",
	"texture_size": [128, 128],
	"textures": {
		"0": "mnaf:props/blocks/wooden_cart",
		"particle": "mnaf:props/blocks/wooden_cart"
	},
	"elements": [
		{
			"from": [-8, 7, 0],
			"to": [8, 8, 16],
			"faces": {
				"north": {"uv": [0, 10.5, 2, 10.625], "texture": "#0"},
				"east": {"uv": [2, 10.5, 4, 10.625], "texture": "#0"},
				"south": {"uv": [10.375, 10.5, 12.375, 10.625], "texture": "#0"},
				"west": {"uv": [10.5, 8.5, 12.5, 8.625], "texture": "#0"},
				"up": {"uv": [2, 2, 0, 0], "texture": "#0"}
			}
		},
		{
			"from": [8, 7, 0],
			"to": [22, 8, 9],
			"faces": {
				"north": {"uv": [10.625, 8.875, 12.375, 9], "texture": "#0"},
				"south": {"uv": [10.625, 9, 12.375, 9.125], "texture": "#0"},
				"up": {"uv": [6, 8.75, 4.25, 7.625], "texture": "#0"},
				"down": {"uv": [9.5, 0, 7.75, 1.125], "texture": "#0"}
			}
		},
		{
			"from": [-8, -8, 0],
			"to": [8, 7, 16],
			"faces": {
				"north": {"uv": [0, 4, 2, 5.875], "texture": "#0"},
				"east": {"uv": [4, 4, 6, 5.875], "texture": "#0"},
				"south": {"uv": [4, 4, 6, 5.875], "texture": "#0"},
				"west": {"uv": [4, 0, 6, 1.875], "texture": "#0"},
				"down": {"uv": [2, 2, 0, 4], "texture": "#0"}
			}
		},
		{
			"from": [22, -8, 0],
			"to": [24, 8, 16],
			"faces": {
				"north": {"uv": [5, 10.25, 5.25, 12.25], "texture": "#0"},
				"east": {"uv": [2, 2, 4, 4], "texture": "#0"},
				"south": {"uv": [5.25, 10.25, 5.5, 12.25], "texture": "#0"},
				"west": {"uv": [4, 3.875, 6, 5.875], "texture": "#0"},
				"up": {"uv": [5.75, 12.25, 5.5, 10.25], "texture": "#0"},
				"down": {"uv": [6, 10.25, 5.75, 12.25], "texture": "#0"}
			}
		},
		{
			"from": [8, -8, 0],
			"to": [22, 7, 2],
			"faces": {
				"north": {"uv": [4, 1.875, 5.75, 3.75], "texture": "#0"},
				"south": {"uv": [4.25, 3.875, 6, 5.75], "texture": "#0"},
				"down": {"uv": [5.75, 3.75, 4, 4], "texture": "#0"}
			}
		},
		{
			"from": [8, -8, 2],
			"to": [22, -6, 16],
			"faces": {
				"south": {"uv": [8.75, 8.5, 10.5, 8.75], "texture": "#0"},
				"up": {"uv": [1.75, 5.75, 0, 4], "texture": "#0"},
				"down": {"uv": [3.5, 5.875, 1.75, 7.625], "texture": "#0"}
			}
		},
		{
			"from": [22, 8, 0],
			"to": [24, 24, 2],
			"faces": {
				"north": {"uv": [6, 10.25, 6.25, 12.25], "texture": "#0"},
				"east": {"uv": [6.25, 10.25, 6.5, 12.25], "texture": "#0"},
				"south": {"uv": [6.5, 10.25, 6.75, 12.25], "texture": "#0"},
				"west": {"uv": [6.75, 10.25, 7, 12.25], "texture": "#0"}
			}
		},
		{
			"from": [-8, 8, 0],
			"to": [-6, 24, 2],
			"faces": {
				"north": {"uv": [7, 10.25, 7.25, 12.25], "texture": "#0"},
				"east": {"uv": [7.25, 10.25, 7.5, 12.25], "texture": "#0"},
				"south": {"uv": [7.5, 10.25, 7.75, 12.25], "texture": "#0"},
				"west": {"uv": [7.75, 10.25, 8, 12.25], "texture": "#0"}
			}
		},
		{
			"from": [-8, 8, 14],
			"to": [-6, 24, 16],
			"faces": {
				"north": {"uv": [8, 10.25, 8.25, 12.25], "texture": "#0"},
				"east": {"uv": [8.25, 10.25, 8.5, 12.25], "texture": "#0"},
				"south": {"uv": [8.5, 10.25, 8.75, 12.25], "texture": "#0"},
				"west": {"uv": [8.75, 10.25, 9, 12.25], "texture": "#0"}
			}
		},
		{
			"from": [22, 8, 14],
			"to": [24, 24, 16],
			"faces": {
				"north": {"uv": [9, 10.25, 9.25, 12.25], "texture": "#0"},
				"east": {"uv": [9.25, 10.25, 9.5, 12.25], "texture": "#0"},
				"south": {"uv": [9.5, 10.25, 9.75, 12.25], "texture": "#0"},
				"west": {"uv": [9.75, 10.25, 10, 12.25], "texture": "#0"}
			}
		},
		{
			"name": "shade",
			"from": [8, 31, 5],
			"to": [25, 32, 11],
			"faces": {
				"north": {"uv": [7.75, 5.375, 9.875, 5.5], "texture": "#0"},
				"east": {"uv": [6, 5.75, 6.75, 5.875], "texture": "#0"},
				"south": {"uv": [9.875, 4.875, 12, 5], "texture": "#0"},
				"up": {"uv": [9.875, 4.25, 7.75, 3.5], "texture": "#0"},
				"down": {"uv": [9.875, 4.25, 7.75, 5], "texture": "#0"}
			}
		},
		{
			"name": "shade",
			"from": [8, 28.6875, -0.5625],
			"to": [25, 29.6875, 5.4375],
			"rotation": {"angle": -22.5, "axis": "x", "origin": [8, 29.6875, -0.5625]},
			"faces": {
				"north": {"uv": [9.875, 5.375, 12, 5.5], "texture": "#0"},
				"east": {"uv": [11.25, 11.125, 12, 11.25], "texture": "#0"},
				"south": {"uv": [10.25, 4, 12.375, 4.125], "texture": "#0"},
				"west": {"uv": [11.375, 2.625, 12.125, 2.75], "texture": "#0"},
				"up": {"uv": [2.125, 8.875, 0, 8.125], "texture": "#0"},
				"down": {"uv": [4.25, 8.125, 2.125, 8.875], "texture": "#0"}
			}
		},
		{
			"name": "shade",
			"from": [8, 31, 10.9452],
			"to": [25, 32, 16.9452],
			"rotation": {"angle": 22.5, "axis": "x", "origin": [8, 32, 10.9452]},
			"faces": {
				"east": {"uv": [11.375, 2.75, 12.125, 2.875], "texture": "#0"},
				"south": {"uv": [10.25, 4.125, 12.375, 4.25], "texture": "#0"},
				"west": {"uv": [11.375, 2.875, 12.125, 3], "texture": "#0"},
				"up": {"uv": [6.375, 9.5, 4.25, 8.75], "texture": "#0"},
				"down": {"uv": [8.5, 8.75, 6.375, 9.5], "texture": "#0"}
			}
		},
		{
			"name": "shade",
			"from": [8, 24.4375, -4.8125],
			"to": [25, 25.4375, 1.1875],
			"rotation": {"angle": -45, "axis": "x", "origin": [8, 25.4375, -4.8125]},
			"faces": {
				"east": {"uv": [11.375, 3, 12.125, 3.125], "texture": "#0"},
				"south": {"uv": [10.25, 4.25, 12.375, 4.375], "texture": "#0"},
				"up": {"uv": [10.625, 9.5, 8.5, 8.75], "texture": "#0"},
				"down": {"uv": [10.875, 7, 8.75, 7.75], "texture": "#0"}
			}
		},
		{
			"name": "shade",
			"from": [8, 28.6875, 16.5196],
			"to": [25, 29.6875, 22.5196],
			"rotation": {"angle": 45, "axis": "x", "origin": [8, 29.6875, 16.5196]},
			"faces": {
				"north": {"uv": [10.25, 4.375, 12.375, 4.5], "texture": "#0"},
				"east": {"uv": [11.375, 3.125, 12.125, 3.25], "texture": "#0"},
				"west": {"uv": [11.375, 3.25, 12.125, 3.375], "texture": "#0"},
				"up": {"uv": [10.875, 8.5, 8.75, 7.75], "texture": "#0"},
				"down": {"uv": [2.125, 8.875, 0, 9.625], "texture": "#0"}
			}
		},
		{
			"name": "shade*",
			"from": [-9, 31, 5],
			"to": [8, 32, 11],
			"faces": {
				"north": {"uv": [10.25, 4.5, 12.375, 4.625], "texture": "#0"},
				"south": {"uv": [10.25, 4.625, 12.375, 4.75], "texture": "#0"},
				"west": {"uv": [11.375, 3.375, 12.125, 3.5], "texture": "#0"},
				"up": {"uv": [4.25, 9.625, 2.125, 8.875], "texture": "#0"},
				"down": {"uv": [11.375, 1.125, 9.25, 1.875], "texture": "#0"}
			}
		},
		{
			"name": "shade*",
			"from": [-9, 28.6875, -0.5],
			"to": [8, 29.6875, 5.5],
			"rotation": {"angle": -22.5, "axis": "x", "origin": [-9, 29.6875, -0.5]},
			"faces": {
				"north": {"uv": [10.25, 4.75, 12.375, 4.875], "texture": "#0"},
				"east": {"uv": [11.375, 3.5, 12.125, 3.625], "texture": "#0"},
				"west": {"uv": [11.375, 3.625, 12.125, 3.75], "texture": "#0"},
				"up": {"uv": [11.375, 2.625, 9.25, 1.875], "texture": "#0"},
				"down": {"uv": [11.375, 2.625, 9.25, 3.375], "texture": "#0"}
			}
		},
		{
			"name": "shade*",
			"from": [-9, 31, 10.9375],
			"to": [8, 32, 16.9375],
			"rotation": {"angle": 22.5, "axis": "x", "origin": [-9, 32, 10.9375]},
			"faces": {
				"east": {"uv": [11.375, 3.75, 12.125, 3.875], "texture": "#0"},
				"south": {"uv": [10.25, 5, 12.375, 5.125], "texture": "#0"},
				"west": {"uv": [11.375, 3.875, 12.125, 4], "texture": "#0"},
				"up": {"uv": [6.375, 10.25, 4.25, 9.5], "texture": "#0"},
				"down": {"uv": [8.5, 9.5, 6.375, 10.25], "texture": "#0"}
			}
		},
		{
			"name": "shade*",
			"from": [-9, 28.6875, 16.5],
			"to": [8, 29.6875, 22.5],
			"rotation": {"angle": 45, "axis": "x", "origin": [-9, 29.6875, 16.5]},
			"faces": {
				"north": {"uv": [10.25, 5.125, 12.375, 5.25], "texture": "#0"},
				"east": {"uv": [11.375, 5.5, 12.125, 5.625], "texture": "#0"},
				"west": {"uv": [11.375, 5.625, 12.125, 5.75], "texture": "#0"},
				"up": {"uv": [10.625, 10.25, 8.5, 9.5], "texture": "#0"},
				"down": {"uv": [11.625, 0, 9.5, 0.75], "texture": "#0"}
			}
		},
		{
			"name": "shade*",
			"from": [-9, 24.4375, -4.8125],
			"to": [8, 25.4375, 1.1875],
			"rotation": {"angle": -45, "axis": "x", "origin": [-9, 25.4375, -4.8125]},
			"faces": {
				"south": {"uv": [10.25, 5.25, 12.375, 5.375], "texture": "#0"},
				"west": {"uv": [11.375, 5.75, 12.125, 5.875], "texture": "#0"},
				"up": {"uv": [2.125, 10.375, 0, 9.625], "texture": "#0"},
				"down": {"uv": [4.25, 9.625, 2.125, 10.375], "texture": "#0"}
			}
		},
		{
			"from": [-8, 24, 0],
			"to": [-6, 29.5, 2],
			"faces": {
				"north": {"uv": [2.5, 10.875, 2.75, 11.625], "texture": "#0"},
				"east": {"uv": [2.75, 10.875, 3, 11.625], "texture": "#0"},
				"south": {"uv": [3, 10.875, 3.25, 11.625], "texture": "#0"},
				"west": {"uv": [3.25, 10.875, 3.5, 11.625], "texture": "#0"},
				"up": {"uv": [6, 4, 5.75, 3.75], "texture": "#0"}
			}
		},
		{
			"from": [22, 24, 0],
			"to": [24, 29.5, 2],
			"faces": {
				"north": {"uv": [3.5, 10.875, 3.75, 11.625], "texture": "#0"},
				"east": {"uv": [3.75, 10.875, 4, 11.625], "texture": "#0"},
				"south": {"uv": [10.875, 7, 11.125, 7.75], "texture": "#0"},
				"west": {"uv": [10.875, 7.75, 11.125, 8.5], "texture": "#0"},
				"up": {"uv": [7.75, 3.75, 7.5, 3.5], "texture": "#0"}
			}
		},
		{
			"from": [22, 24, 14],
			"to": [24, 29.5, 16],
			"faces": {
				"north": {"uv": [10.875, 9.125, 11.125, 9.875], "texture": "#0"},
				"east": {"uv": [0.75, 11, 1, 11.75], "texture": "#0"},
				"south": {"uv": [1, 11, 1.25, 11.75], "texture": "#0"},
				"west": {"uv": [1.25, 11, 1.5, 11.75], "texture": "#0"},
				"up": {"uv": [11.625, 6.625, 11.375, 6.375], "texture": "#0"}
			}
		},
		{
			"from": [-8, 24, 14],
			"to": [-6, 29.5, 16],
			"faces": {
				"north": {"uv": [1.5, 11, 1.75, 11.75], "texture": "#0"},
				"east": {"uv": [1.75, 11, 2, 11.75], "texture": "#0"},
				"south": {"uv": [2, 11, 2.25, 11.75], "texture": "#0"},
				"west": {"uv": [2.25, 11, 2.5, 11.75], "texture": "#0"},
				"up": {"uv": [11.625, 10.875, 11.375, 10.625], "texture": "#0"}
			}
		},
		{
			"from": [-9, 21.4375, -4.8125],
			"to": [25.125, 25.4375, -4.8125],
			"rotation": {"angle": 0, "axis": "y", "origin": [8, 7.9375, 8.1875]},
			"faces": {
				"north": {"uv": [7, 6.5, 11.25, 7], "texture": "#0"},
				"east": {"uv": [0, 0, 0, 0.5], "texture": "#0"},
				"south": {"uv": [7, 6.5, 11.25, 7], "texture": "#0"},
				"up": {"uv": [4.25, 0, 0, 0], "texture": "#0"},
				"down": {"uv": [4.25, 0, 0, 0], "texture": "#0"}
			}
		},
		{
			"from": [-9, 21.4375, 20.8125],
			"to": [25.125, 25.4375, 20.8125],
			"rotation": {"angle": 0, "axis": "y", "origin": [8, 7.9375, 7.8125]},
			"faces": {
				"north": {"uv": [7, 6.5, 11.25, 7], "texture": "#0"},
				"east": {"uv": [0, 0, 0, 0.5], "texture": "#0"},
				"south": {"uv": [0, 7.625, 4.25, 8.125], "texture": "#0"},
				"up": {"uv": [4.25, 0, 0, 0], "texture": "#0"},
				"down": {"uv": [4.25, 0, 0, 0], "texture": "#0"}
			}
		},
		{
			"from": [14.75, -9.25, -1.75],
			"to": [17.25, -6.75, 17.75],
			"faces": {
				"north": {"uv": [11.125, 9.125, 11.5, 9.5], "texture": "#0"},
				"east": {"uv": [7.75, 5, 10.25, 5.375], "texture": "#0"},
				"south": {"uv": [11.125, 9.5, 11.5, 9.875], "texture": "#0"},
				"west": {"uv": [9.5, 0.75, 12, 1.125], "texture": "#0"},
				"up": {"uv": [4.625, 12.75, 4.25, 10.25], "texture": "#0"},
				"down": {"uv": [5, 10.25, 4.625, 12.75], "texture": "#0"}
			}
		},
		{
			"from": [-8, -16, 14],
			"to": [-5, -8, 16],
			"faces": {
				"north": {"uv": [6, 7.625, 6.375, 8.5], "texture": "#0"},
				"east": {"uv": [6.75, 7.625, 7, 8.5], "texture": "#0"},
				"south": {"uv": [6.375, 7.625, 6.75, 8.5], "texture": "#0"},
				"west": {"uv": [4, 10.5, 4.25, 11.375], "texture": "#0"},
				"down": {"uv": [11.75, 5.875, 11.375, 6.125], "texture": "#0"}
			}
		},
		{
			"from": [-7, -14, 2],
			"to": [-7, -7, 14],
			"rotation": {"angle": 0, "axis": "y", "origin": [9, 11, 6]},
			"faces": {
				"north": {"uv": [0, 0, 0, 0.625], "texture": "#0"},
				"east": {"uv": [13.625, 6, 15.125, 6.625], "texture": "#0"},
				"south": {"uv": [0, 0, 0, 0.625], "texture": "#0"},
				"west": {"uv": [13.625, 5.875, 15.125, 6.75], "texture": "#0"},
				"down": {"uv": [0, 0, 0, 1.5], "texture": "#0"}
			}
		},
		{
			"from": [-8, -16, 0],
			"to": [-5, -8, 2],
			"faces": {
				"north": {"uv": [9.875, 4, 10.25, 4.875], "texture": "#0"},
				"east": {"uv": [10.625, 9.125, 10.875, 10], "texture": "#0"},
				"south": {"uv": [10, 10.25, 10.375, 11.125], "texture": "#0"},
				"west": {"uv": [0, 10.875, 0.25, 11.75], "texture": "#0"},
				"down": {"uv": [11.75, 6.125, 11.375, 6.375], "texture": "#0"}
			}
		},
		{
			"from": [9, -15, -1],
			"to": [23, -1, 0],
			"rotation": {"angle": 0, "axis": "y", "origin": [31, 6, 7]},
			"faces": {
				"north": {"uv": [6, 0, 7.75, 1.75], "texture": "#0"},
				"east": {"uv": [0.25, 10.875, 0.375, 12.625], "texture": "#0"},
				"south": {"uv": [6, 3.75, 7.75, 5.5], "texture": "#0"},
				"west": {"uv": [0.375, 10.875, 0.5, 12.625], "texture": "#0"},
				"up": {"uv": [12.375, 10.125, 10.625, 10], "texture": "#0"},
				"down": {"uv": [12.375, 10.125, 10.625, 10.25], "texture": "#0"}
			}
		},
		{
			"from": [8, -13, -1],
			"to": [9, -3, 0],
			"rotation": {"angle": 0, "axis": "y", "origin": [17, 6, 7]},
			"faces": {
				"north": {"uv": [10, 11.25, 10.125, 12.5], "texture": "#0"},
				"east": {"uv": [10.125, 11.25, 10.25, 12.5], "texture": "#0"},
				"south": {"uv": [10.25, 11.25, 10.375, 12.5], "texture": "#0"},
				"west": {"uv": [10.375, 11.25, 10.5, 12.5], "texture": "#0"},
				"up": {"uv": [11.875, 1.875, 11.75, 1.75], "texture": "#0"},
				"down": {"uv": [11.875, 1.875, 11.75, 2], "texture": "#0"}
			}
		},
		{
			"from": [11, -1, -1],
			"to": [21, 0, 0],
			"rotation": {"angle": 0, "axis": "y", "origin": [31, 20, 7]},
			"faces": {
				"north": {"uv": [6, 1.75, 7.25, 1.875], "texture": "#0"},
				"east": {"uv": [10.5, 8.625, 10.625, 8.75], "texture": "#0"},
				"south": {"uv": [10.875, 9.875, 12.125, 10], "texture": "#0"},
				"west": {"uv": [11.75, 0.125, 11.875, 0.25], "texture": "#0"},
				"up": {"uv": [11.625, 11.125, 10.375, 11], "texture": "#0"},
				"down": {"uv": [11.25, 11.125, 10, 11.25], "texture": "#0"}
			}
		},
		{
			"from": [23, -13, -1],
			"to": [24, -3, 0],
			"rotation": {"angle": 0, "axis": "y", "origin": [32, 6, 7]},
			"faces": {
				"north": {"uv": [11, 11.25, 11.125, 12.5], "texture": "#0"},
				"east": {"uv": [11.125, 11.25, 11.25, 12.5], "texture": "#0"},
				"south": {"uv": [11.25, 11.25, 11.375, 12.5], "texture": "#0"},
				"west": {"uv": [11.25, 5.5, 11.375, 6.75], "texture": "#0"},
				"up": {"uv": [11.875, 2.375, 11.75, 2.25], "texture": "#0"},
				"down": {"uv": [11.875, 5.875, 11.75, 6], "texture": "#0"}
			}
		},
		{
			"from": [11, -16, -1],
			"to": [21, -15, 0],
			"rotation": {"angle": 0, "axis": "y", "origin": [31, 5, 7]},
			"faces": {
				"north": {"uv": [11.125, 7.5, 12.375, 7.625], "texture": "#0"},
				"east": {"uv": [11.75, 1.125, 11.875, 1.25], "texture": "#0"},
				"south": {"uv": [11.125, 7.625, 12.375, 7.75], "texture": "#0"},
				"west": {"uv": [11.75, 1.25, 11.875, 1.375], "texture": "#0"},
				"up": {"uv": [12.375, 7.875, 11.125, 7.75], "texture": "#0"},
				"down": {"uv": [12.375, 7.875, 11.125, 8], "texture": "#0"}
			}
		},
		{
			"from": [11, -16, 16],
			"to": [21, -15, 17],
			"rotation": {"angle": 0, "axis": "y", "origin": [31, 5, 9]},
			"faces": {
				"north": {"uv": [11.125, 8, 12.375, 8.125], "texture": "#0"},
				"east": {"uv": [11.75, 1.5, 11.875, 1.625], "texture": "#0"},
				"south": {"uv": [11.125, 8.125, 12.375, 8.25], "texture": "#0"},
				"west": {"uv": [11.75, 1.625, 11.875, 1.75], "texture": "#0"},
				"up": {"uv": [12.375, 8.375, 11.125, 8.25], "texture": "#0"},
				"down": {"uv": [12.375, 8.375, 11.125, 8.5], "texture": "#0"}
			}
		},
		{
			"from": [9, -15, 16],
			"to": [23, -1, 17],
			"rotation": {"angle": 0, "axis": "y", "origin": [31, 6, 9]},
			"faces": {
				"north": {"uv": [6, 0, 7.75, 1.75], "texture": "#0"},
				"east": {"uv": [0.5, 10.875, 0.625, 12.625], "texture": "#0"},
				"south": {"uv": [6, 3.75, 7.75, 5.5], "texture": "#0"},
				"west": {"uv": [0.625, 10.875, 0.75, 12.625], "texture": "#0"},
				"up": {"uv": [2.5, 11, 0.75, 10.875], "texture": "#0"},
				"down": {"uv": [12.125, 10.875, 10.375, 11], "texture": "#0"}
			}
		},
		{
			"from": [8, -13, 16],
			"to": [9, -3, 17],
			"rotation": {"angle": 0, "axis": "y", "origin": [17, 6, 9]},
			"faces": {
				"north": {"uv": [10.5, 11.25, 10.625, 12.5], "texture": "#0"},
				"east": {"uv": [10.625, 11.25, 10.75, 12.5], "texture": "#0"},
				"south": {"uv": [10.75, 11.25, 10.875, 12.5], "texture": "#0"},
				"west": {"uv": [10.875, 11.25, 11, 12.5], "texture": "#0"},
				"up": {"uv": [11.875, 2.125, 11.75, 2], "texture": "#0"},
				"down": {"uv": [11.875, 2.125, 11.75, 2.25], "texture": "#0"}
			}
		},
		{
			"from": [23, -13, 16],
			"to": [24, -3, 17],
			"rotation": {"angle": 0, "axis": "y", "origin": [32, 6, 9]},
			"faces": {
				"north": {"uv": [4, 11.375, 4.125, 12.625], "texture": "#0"},
				"east": {"uv": [4.125, 11.375, 4.25, 12.625], "texture": "#0"},
				"south": {"uv": [11.375, 11.375, 11.5, 12.625], "texture": "#0"},
				"west": {"uv": [11.375, 1.125, 11.5, 2.375], "texture": "#0"},
				"up": {"uv": [11.875, 6.125, 11.75, 6], "texture": "#0"},
				"down": {"uv": [11.875, 6.125, 11.75, 6.25], "texture": "#0"}
			}
		},
		{
			"from": [11, -1, 16],
			"to": [21, 0, 17],
			"rotation": {"angle": 0, "axis": "y", "origin": [31, 20, 9]},
			"faces": {
				"north": {"uv": [11.125, 7, 12.375, 7.125], "texture": "#0"},
				"east": {"uv": [11.75, 0.25, 11.875, 0.375], "texture": "#0"},
				"south": {"uv": [11.125, 7.125, 12.375, 7.25], "texture": "#0"},
				"west": {"uv": [11.75, 0.375, 11.875, 0.5], "texture": "#0"},
				"up": {"uv": [12.375, 7.375, 11.125, 7.25], "texture": "#0"},
				"down": {"uv": [12.375, 7.375, 11.125, 7.5], "texture": "#0"}
			}
		},
		{
			"from": [-9.24935, -5.6909, 14.5],
			"to": [-7.24935, -3.6909, 15.5],
			"rotation": {"angle": 0, "axis": "y", "origin": [-8.54224, 3.3091, 21]},
			"faces": {
				"north": {"uv": [3.5, 11.625, 3.75, 11.875], "texture": "#0"},
				"east": {"uv": [11.5, 11.75, 11.625, 12], "texture": "#0"},
				"south": {"uv": [3.75, 11.625, 4, 11.875], "texture": "#0"},
				"west": {"uv": [11.625, 11.75, 11.75, 12], "texture": "#0"},
				"up": {"uv": [12, 11.875, 11.75, 11.75], "texture": "#0"},
				"down": {"uv": [12, 0, 11.75, 0.125], "texture": "#0"}
			}
		},
		{
			"from": [-16, -2, 14],
			"to": [-8, 0, 16],
			"faces": {
				"north": {"uv": [2, 10.625, 3, 10.875], "texture": "#0"},
				"south": {"uv": [3, 10.625, 4, 10.875], "texture": "#0"},
				"west": {"uv": [11.5, 1.125, 11.75, 1.375], "texture": "#0"},
				"up": {"uv": [11.375, 10.875, 10.375, 10.625], "texture": "#0"},
				"down": {"uv": [11.625, 8.625, 10.625, 8.875], "texture": "#0"}
			}
		},
		{
			"from": [-16, -5.3934, 14.5],
			"to": [-14, -3.3934, 15.5],
			"rotation": {"angle": 45, "axis": "z", "origin": [-15.29289, 3.6066, 21]},
			"faces": {
				"north": {"uv": [11.5, 2, 11.75, 2.25], "texture": "#0"},
				"east": {"uv": [11.625, 6.375, 11.75, 6.625], "texture": "#0"},
				"south": {"uv": [11.5, 9.125, 11.75, 9.375], "texture": "#0"},
				"west": {"uv": [11.625, 8.625, 11.75, 8.875], "texture": "#0"},
				"up": {"uv": [11.875, 10.75, 11.625, 10.625], "texture": "#0"},
				"down": {"uv": [11.875, 10.75, 11.625, 10.875], "texture": "#0"}
			}
		},
		{
			"from": [-12.59509, -4.87076, 14.5],
			"to": [-10.59509, -2.87076, 15.5],
			"rotation": {"angle": 22.5, "axis": "z", "origin": [-11.88798, 4.12924, 21]},
			"faces": {
				"north": {"uv": [2.5, 11.625, 2.75, 11.875], "texture": "#0"},
				"east": {"uv": [1, 11.75, 1.125, 12], "texture": "#0"},
				"south": {"uv": [2.75, 11.625, 3, 11.875], "texture": "#0"},
				"west": {"uv": [1.125, 11.75, 1.25, 12], "texture": "#0"},
				"up": {"uv": [1.5, 11.875, 1.25, 11.75], "texture": "#0"},
				"down": {"uv": [1.75, 11.75, 1.5, 11.875], "texture": "#0"}
			}
		},
		{
			"from": [-9.24935, -5.6909, 0.5],
			"to": [-7.24935, -3.6909, 1.5],
			"rotation": {"angle": 0, "axis": "y", "origin": [-8.54224, 3.3091, 7]},
			"faces": {
				"north": {"uv": [3, 11.625, 3.25, 11.875], "texture": "#0"},
				"east": {"uv": [1.75, 11.75, 1.875, 12], "texture": "#0"},
				"south": {"uv": [3.25, 11.625, 3.5, 11.875], "texture": "#0"},
				"west": {"uv": [1.875, 11.75, 2, 12], "texture": "#0"},
				"up": {"uv": [2.25, 11.875, 2, 11.75], "texture": "#0"},
				"down": {"uv": [2.5, 11.75, 2.25, 11.875], "texture": "#0"}
			}
		},
		{
			"from": [-12.59509, -4.87076, 0.5],
			"to": [-10.59509, -2.87076, 1.5],
			"rotation": {"angle": 22.5, "axis": "z", "origin": [-11.88798, 4.12924, 7]},
			"faces": {
				"north": {"uv": [11.5, 9.375, 11.75, 9.625], "texture": "#0"},
				"east": {"uv": [0, 11.75, 0.125, 12], "texture": "#0"},
				"south": {"uv": [11.5, 9.625, 11.75, 9.875], "texture": "#0"},
				"west": {"uv": [0.125, 11.75, 0.25, 12], "texture": "#0"},
				"up": {"uv": [11.875, 11.125, 11.625, 11], "texture": "#0"},
				"down": {"uv": [1, 11.75, 0.75, 11.875], "texture": "#0"}
			}
		},
		{
			"from": [-16, -5.3934, 0.5],
			"to": [-14, -3.3934, 1.5],
			"rotation": {"angle": 45, "axis": "z", "origin": [-15.29289, 3.6066, 7]},
			"faces": {
				"north": {"uv": [11.5, 1.5, 11.75, 1.75], "texture": "#0"},
				"east": {"uv": [11.625, 0, 11.75, 0.25], "texture": "#0"},
				"south": {"uv": [11.5, 1.75, 11.75, 2], "texture": "#0"},
				"west": {"uv": [11.625, 0.25, 11.75, 0.5], "texture": "#0"},
				"up": {"uv": [11.875, 0.625, 11.625, 0.5], "texture": "#0"},
				"down": {"uv": [11.875, 0.625, 11.625, 0.75], "texture": "#0"}
			}
		},
		{
			"from": [-16, -2, 0],
			"to": [-8, 0, 2],
			"faces": {
				"north": {"uv": [6, 5.5, 7, 5.75], "texture": "#0"},
				"south": {"uv": [6, 8.5, 7, 8.75], "texture": "#0"},
				"west": {"uv": [11.5, 11.5, 11.75, 11.75], "texture": "#0"},
				"up": {"uv": [1, 10.875, 0, 10.625], "texture": "#0"},
				"down": {"uv": [2, 10.625, 1, 10.875], "texture": "#0"}
			}
		}
	],
	"display": {
		"thirdperson_righthand": {
			"rotation": [75, -135, 0],
			"translation": [0, 1.25, 0],
			"scale": [0.1, 0.1, 0.1]
		},
		"thirdperson_lefthand": {
			"rotation": [75, -135, 0],
			"translation": [0, 1.25, 0],
			"scale": [0.1, 0.1, 0.1]
		},
		"firstperson_righthand": {
			"rotation": [0, -80, 0],
			"translation": [0, 3, 0],
			"scale": [0.2, 0.2, 0.2]
		},
		"firstperson_lefthand": {
			"rotation": [0, -80, 0],
			"translation": [0, 3, 0],
			"scale": [0.2, 0.2, 0.2]
		},
		"ground": {
			"translation": [0, 2.25, 0],
			"scale": [0.25, 0.25, 0.25]
		},
		"gui": {
			"rotation": [30, -35, 0],
			"scale": [0.25, 0.25, 0.25]
		},
		"head": {
			"rotation": [0, -90, 0],
			"translation": [0, -6.65, 0]
		},
		"fixed": {
			"rotation": [-90, 0, 0],
			"translation": [-15, 0, -48],
			"scale": [2, 2, 2]
		}
	},
	"groups": [0, 1, 2, 3, 4, 5, 6, 7, 8, 9, 10, 11, 12, 13, 14, 15, 16, 17, 18, 19, 20, 21, 22, 23, 24, 25, 26, 27, 28, 29,
		{
			"name": "wheel",
			"origin": [31, 5, 7],
			"children": [30, 31, 32, 33, 34]
		},
		{
			"name": "wheel 2",
			"origin": [31, 20, 9],
			"children": [35, 36, 37, 38, 39]
		},
		{
			"name": "arms",
			"origin": [8, 8, 8],
			"children": [40, 41, 42, 43, 44, 45, 46, 47]
		}
	]
}