{
	"textures": {
		"0": "mnaf:animatronics/arms/bandit_foxy"
	},
	"elements": [
		{
			"from": [6.35, 6.5, 1],
			"to": [8.85, 9, 13],
			"rotation": {"angle": 0, "axis": "y", "origin": [13.10071, 8.25, -1.5]},
			"faces": {
				"north": {"uv": [7.5, 6, 9, 7.5], "texture": "#0"},
				"east": {"uv": [0, 0, 6, 1.5], "texture": "#0"},
				"south": {"uv": [9, 9, 10.5, 10.5], "texture": "#0"},
				"west": {"uv": [0, 1.5, 6, 3], "texture": "#0"},
				"up": {"uv": [1.5, 9, 0, 3], "texture": "#0"},
				"down": {"uv": [3, 3, 1.5, 9], "texture": "#0"}
			}
		},
		{
			"from": [8.10071, 6.8, 9.8],
			"to": [12.10071, 8.8, 11.8],
			"rotation": {"angle": 0, "axis": "y", "origin": [2.10071, 16, 19]},
			"faces": {
				"north": {"uv": [9, 0, 11, 1], "texture": "#0"},
				"east": {"uv": [9, 4, 10, 5], "texture": "#0"},
				"south": {"uv": [9, 1, 11, 2], "texture": "#0"},
				"west": {"uv": [9, 5, 10, 6], "texture": "#0"},
				"up": {"uv": [11, 3, 9, 2], "texture": "#0"},
				"down": {"uv": [11, 3, 9, 4], "texture": "#0"}
			}
		},
		{
			"from": [5.93669, 6, 2.528],
			"to": [9.29669, 9.552, 6.028],
			"rotation": {"angle": 0, "axis": "y", "origin": [1.37669, 16.464, 9.92]},
			"faces": {
				"north": {"uv": [4.5, 7.5, 6, 9.5], "texture": "#0"},
				"east": {"uv": [5.5, 5.5, 7.5, 7.5], "texture": "#0"},
				"south": {"uv": [6, 7.5, 7.5, 9.5], "texture": "#0"},
				"west": {"uv": [5.5, 3, 7.5, 5], "texture": "#0"},
				"up": {"uv": [9, 9.5, 7.5, 7.5], "texture": "#0"},
				"down": {"uv": [9, 0, 7.5, 2], "texture": "#0"}
			}
		},
		{
			"from": [5.93669, 6, 0.8],
			"to": [9.29669, 9.552, 2.1],
			"rotation": {"angle": 0, "axis": "y", "origin": [1.37669, 16.464, 5.92]},
			"faces": {
				"north": {"uv": [7.5, 2, 9, 4], "texture": "#0"},
				"east": {"uv": [9, 6, 9.5, 8], "texture": "#0"},
				"south": {"uv": [7.5, 4, 9, 6], "texture": "#0"},
				"west": {"uv": [3, 9.5, 3.5, 11.5], "texture": "#0"},
				"up": {"uv": [7, 5.5, 5.5, 5], "texture": "#0"},
				"down": {"uv": [7.5, 2.5, 6, 3], "texture": "#0"}
			}
		},
		{
			"from": [5.93669, 6, 6.028],
			"to": [8.29669, 6.552, 6.528],
			"rotation": {"angle": 0, "axis": "y", "origin": [1.37669, 16.464, 13.42]},
			"faces": {
				"north": {"uv": [4.5, 7, 5.5, 7.5], "texture": "#0"},
				"east": {"uv": [7, 5, 7.5, 5.5], "texture": "#0"},
				"south": {"uv": [9, 8, 10, 8.5], "texture": "#0"},
				"west": {"uv": [8.5, 10.5, 9, 11], "texture": "#0"},
				"up": {"uv": [10, 9, 9, 8.5], "texture": "#0"},
				"down": {"uv": [8.5, 9.5, 7.5, 10], "texture": "#0"}
			}
		},
		{
			"from": [7.93669, 9, 6.028],
			"to": [9.29669, 9.552, 6.528],
			"rotation": {"angle": 0, "axis": "y", "origin": [1.37669, 16.464, 13.42]},
			"faces": {
				"north": {"uv": [9, 10.5, 9.5, 11], "texture": "#0"},
				"east": {"uv": [9.5, 10.5, 10, 11], "texture": "#0"},
				"south": {"uv": [10, 10.5, 10.5, 11], "texture": "#0"},
				"west": {"uv": [10.5, 10.5, 11, 11], "texture": "#0"},
				"up": {"uv": [11, 4.5, 10.5, 4], "texture": "#0"},
				"down": {"uv": [11, 4.5, 10.5, 5], "texture": "#0"}
			}
		},
		{
			"from": [5.93669, 7, 6.028],
			"to": [6.29669, 9.552, 6.528],
			"rotation": {"angle": 0, "axis": "y", "origin": [-0.62331, 16.464, 13.42]},
			"faces": {
				"north": {"uv": [3.5, 9.5, 4, 11], "texture": "#0"},
				"east": {"uv": [4, 9.5, 4.5, 11], "texture": "#0"},
				"south": {"uv": [4.5, 9.5, 5, 11], "texture": "#0"},
				"west": {"uv": [5, 9.5, 5.5, 11], "texture": "#0"},
				"up": {"uv": [11, 6.5, 10.5, 6], "texture": "#0"},
				"down": {"uv": [11, 6.5, 10.5, 7], "texture": "#0"}
			}
		},
		{
			"from": [5.93669, 6, 8.04],
			"to": [9.29669, 9.552, 13.04],
			"rotation": {"angle": 0, "axis": "y", "origin": [1.37669, 16.464, 14.72]},
			"faces": {
				"north": {"uv": [0, 9, 1.5, 11], "texture": "#0"},
				"east": {"uv": [3, 3, 5.5, 5], "texture": "#0"},
				"south": {"uv": [1.5, 9, 3, 11], "texture": "#0"},
				"west": {"uv": [3, 5, 5.5, 7], "texture": "#0"},
				"up": {"uv": [7.5, 2.5, 6, 0], "texture": "#0"},
				"down": {"uv": [4.5, 7, 3, 9.5], "texture": "#0"}
			}
		},
		{
			"from": [5.93669, 9, 7.04],
			"to": [7.29669, 9.552, 8.04],
			"rotation": {"angle": 0, "axis": "y", "origin": [1.37669, 16.464, 10.72]},
			"faces": {
				"north": {"uv": [10.5, 7, 11, 7.5], "texture": "#0"},
				"east": {"uv": [10.5, 7.5, 11, 8], "texture": "#0"},
				"south": {"uv": [10.5, 9, 11, 9.5], "texture": "#0"},
				"west": {"uv": [10.5, 9.5, 11, 10], "texture": "#0"},
				"up": {"uv": [11, 10.5, 10.5, 10], "texture": "#0"},
				"down": {"uv": [0.5, 11, 0, 11.5], "texture": "#0"}
			}
		},
		{
			"from": [7.29669, 9, 7.54],
			"to": [9.29669, 9.552, 8.04],
			"rotation": {"angle": 0, "axis": "y", "origin": [3.73669, 16.464, 11.22]},
			"faces": {
				"north": {"uv": [9.5, 6, 10.5, 6.5], "texture": "#0"},
				"east": {"uv": [0.5, 11, 1, 11.5], "texture": "#0"},
				"south": {"uv": [9.5, 6.5, 10.5, 7], "texture": "#0"},
				"west": {"uv": [1, 11, 1.5, 11.5], "texture": "#0"},
				"up": {"uv": [10.5, 7.5, 9.5, 7], "texture": "#0"},
				"down": {"uv": [10.5, 7.5, 9.5, 8], "texture": "#0"}
			}
		},
		{
			"from": [8.93669, 7, 7.54],
			"to": [9.29669, 9, 8.04],
			"rotation": {"angle": 0, "axis": "y", "origin": [3.37669, 15.464, 11.22]},
			"faces": {
				"north": {"uv": [8.5, 9.5, 9, 10.5], "texture": "#0"},
				"east": {"uv": [7.5, 10, 8, 11], "texture": "#0"},
				"south": {"uv": [8, 10, 8.5, 11], "texture": "#0"},
				"west": {"uv": [10, 4, 10.5, 5], "texture": "#0"},
				"up": {"uv": [2, 11.5, 1.5, 11], "texture": "#0"},
				"down": {"uv": [2.5, 11, 2, 11.5], "texture": "#0"}
			}
		},
		{
			"from": [5.93669, 6, 7.54],
			"to": [7.93669, 6.5, 8.04],
			"rotation": {"angle": 0, "axis": "y", "origin": [3.01669, 15.464, 11.22]},
			"faces": {
				"north": {"uv": [10, 5, 11, 5.5], "texture": "#0"},
				"east": {"uv": [2.5, 11, 3, 11.5], "texture": "#0"},
				"south": {"uv": [10, 5.5, 11, 6], "texture": "#0"},
				"west": {"uv": [3.5, 11, 4, 11.5], "texture": "#0"},
				"up": {"uv": [11, 8.5, 10, 8], "texture": "#0"},
				"down": {"uv": [11, 8.5, 10, 9], "texture": "#0"}
			}
		},
		{
			"from": [5.93669, 6.5, 7.54],
			"to": [6.43669, 9, 8.04],
			"rotation": {"angle": 0, "axis": "y", "origin": [2.51669, 15.964, 11.22]},
			"faces": {
				"north": {"uv": [5.5, 9.5, 6, 11], "texture": "#0"},
				"east": {"uv": [6, 9.5, 6.5, 11], "texture": "#0"},
				"south": {"uv": [6.5, 9.5, 7, 11], "texture": "#0"},
				"west": {"uv": [7, 9.5, 7.5, 11], "texture": "#0"},
				"up": {"uv": [4.5, 11.5, 4, 11], "texture": "#0"},
				"down": {"uv": [5, 11, 4.5, 11.5], "texture": "#0"}
			}
		}
	],
	"display": {
		"thirdperson_righthand": {
			"translation": [-0.5, -1.75, 6],
			"scale": [-1, 1, 1]
		},
		"thirdperson_lefthand": {
			"translation": [-0.5, -1.75, 6]
		},
		"firstperson_righthand": {
			"rotation": [30, -7, -180],
			"translation": [-2, -1.5, 6.25]
		},
		"firstperson_lefthand": {
			"rotation": [30, -7, 0],
			"translation": [-2, -1.5, 6.25]
		},
		"ground": {
			"translation": [0, -1.75, 1]
		},
		"gui": {
			"rotation": [23.25, 142.5, 30.25],
			"translation": [0.5, -0.25, 0],
			"scale": [1.3, 1.3, 1.3]
		},
		"head": {
			"rotation": [0, 0, -90],
			"translation": [0, 10.5, -2],
			"scale": [1.6, 1.6, 1.6]
		},
		"fixed": {
			"rotation": [-90, -180, 0],
			"translation": [0, -1.5, 0],
			"scale": [1.5, 1.5, 1.5]
		}
	}
}