{
	"textures": {
		"0": "mnaf:animatronics/arms/glitchtrap"
	},
	"elements": [
		{
			"from": [6.24318, 6.5, 1],
			"to": [8.74318, 9, 13],
			"rotation": {"angle": 0, "axis": "y", "origin": [12.99389, 8.25, -1.5]},
			"faces": {
				"north": {"uv": [7.5, 6, 9, 7.5], "texture": "#0"},
				"east": {"uv": [0, 0, 6, 1.25], "texture": "#0"},
				"south": {"uv": [8.5, 2, 10, 3.5], "texture": "#0"},
				"west": {"uv": [0, 1.5, 6, 2.75], "texture": "#0"},
				"up": {"uv": [1.25, 9, 0, 3], "texture": "#0"},
				"down": {"uv": [2.75, 3, 1.5, 9], "texture": "#0"}
			}
		},
		{
			"from": [7.99389, 6.8, 9.8],
			"to": [11.99389, 8.8, 11.8],
			"rotation": {"angle": 0, "axis": "y", "origin": [1.99389, 16, 19]},
			"faces": {
				"north": {"uv": [9, 5, 11, 6], "texture": "#0"},
				"east": {"uv": [6, 2, 7, 3], "texture": "#0"},
				"south": {"uv": [9, 9, 11, 10], "texture": "#0"},
				"west": {"uv": [9, 6, 10, 7], "texture": "#0"},
				"up": {"uv": [11, 1, 9, 0], "texture": "#0"},
				"down": {"uv": [11, 1, 9, 2], "texture": "#0"}
			}
		},
		{
			"from": [5.8299, 6, 4.528],
			"to": [9.3299, 9.5, 8.028],
			"rotation": {"angle": 0, "axis": "y", "origin": [1.26987, 16.464, 10.92]},
			"faces": {
				"north": {"uv": [11, 0, 12.75, 1.75], "texture": "#0"},
				"east": {"uv": [3, 3, 4.75, 4.75], "texture": "#0"},
				"south": {"uv": [3, 7, 4.75, 8.75], "texture": "#0"},
				"west": {"uv": [3, 5, 4.75, 6.75], "texture": "#0"},
				"up": {"uv": [6.25, 8.75, 4.5, 7], "texture": "#0"},
				"down": {"uv": [7.25, 7, 5.5, 8.75], "texture": "#0"}
			}
		},
		{
			"from": [6.09318, 6.3, 0.8],
			"to": [9.09318, 9.3, 4.1],
			"rotation": {"angle": 0, "axis": "y", "origin": [1.36987, 16.464, 5.92]},
			"faces": {
				"north": {"uv": [9, 3.5, 10.5, 5], "texture": "#0"},
				"east": {"uv": [0, 9, 1.65, 10.5], "texture": "#0"},
				"south": {"uv": [1.5, 9, 3, 10.5], "texture": "#0"},
				"west": {"uv": [3, 9, 4.65, 10.5], "texture": "#0"},
				"up": {"uv": [6, 10.65, 4.5, 9], "texture": "#0"},
				"down": {"uv": [7.5, 9, 6, 10.65], "texture": "#0"}
			}
		},
		{
			"from": [5.8299, 6, 9.04],
			"to": [9.3299, 9.5, 13.04],
			"rotation": {"angle": 0, "axis": "y", "origin": [1.26987, 16.464, 14.72]},
			"faces": {
				"north": {"uv": [7, 2, 8.75, 3.75], "texture": "#0"},
				"east": {"uv": [5, 5, 7, 6.75], "texture": "#0"},
				"south": {"uv": [7, 3.9995, 8.75, 5.7495], "texture": "#0"},
				"west": {"uv": [5, 3, 7, 4.75], "texture": "#0"},
				"up": {"uv": [9.25, 9.5, 7.5, 7.5], "texture": "#0"},
				"down": {"uv": [9.25, 0, 7.5, 2], "texture": "#0"}
			}
		}
	],
	"display": {
		"thirdperson_righthand": {
			"rotation": [0, 0, -180],
			"translation": [-0.5, -2.25, 6]
		},
		"thirdperson_lefthand": {
			"translation": [-0.5, -1.75, 6]
		},
		"firstperson_righthand": {
			"rotation": [30, -7, -180],
			"translation": [-2, -1.5, 6.25]
		},
		"firstperson_lefthand": {
			"rotation": [30, -7, 0],
			"translation": [-2, -1.5, 6.25]
		},
		"ground": {
			"translation": [0, -1.75, 1]
		},
		"gui": {
			"rotation": [23.25, 142.5, 30.25],
			"translation": [0.5, -0.25, 0],
			"scale": [1.3, 1.3, 1.3]
		},
		"head": {
			"rotation": [0, 0, -90],
			"translation": [0, 10.5, -2],
			"scale": [1.6, 1.6, 1.6]
		},
		"fixed": {
			"rotation": [-90, -180, 0],
			"translation": [0, -1.5, 0],
			"scale": [1.5, 1.5, 1.5]
		}
	}
}