{
	"textures": {
		"0": "mnaf:animatronics/arms/hook"
	},
	"elements": [
		{
			"from": [6.35, 6.5, 2],
			"to": [8.85, 9, 12],
			"rotation": {"angle": 0, "axis": "y", "origin": [13.10071, 8.25, -1.5]},
			"faces": {
				"north": {"uv": [3, 8, 1.5, 9.5], "texture": "#0"},
				"east": {"uv": [5, 1.5, 0, 3], "texture": "#0"},
				"south": {"uv": [9.5, 2, 8, 3.5], "texture": "#0"},
				"west": {"uv": [5, 0, 0, 1.5], "texture": "#0"},
				"up": {"uv": [0, 8, 1.5, 3], "texture": "#0"},
				"down": {"uv": [1.5, 3, 3, 8], "texture": "#0"}
			}
		},
		{
			"from": [9.10071, 6.8, 9.8],
			"to": [12.10071, 8.8, 11.8],
			"rotation": {"angle": 0, "axis": "y", "origin": [2.10071, 16, 19]},
			"faces": {
				"north": {"uv": [6.5, 4, 5, 5], "texture": "#0"},
				"east": {"uv": [10, 9, 9, 10], "texture": "#0"},
				"south": {"uv": [10, 5, 8.5, 6], "texture": "#0"},
				"west": {"uv": [7, 9, 6, 10], "texture": "#0"},
				"up": {"uv": [3, 10, 4.5, 9], "texture": "#0"},
				"down": {"uv": [4.5, 9, 6, 10], "texture": "#0"}
			}
		},
		{
			"from": [5.93669, 6, 2.528],
			"to": [9.29669, 9.552, 5.656],
			"rotation": {"angle": 0, "axis": "y", "origin": [1.37669, 16.464, 9.92]},
			"faces": {
				"north": {"uv": [6.5, 2, 5, 4], "texture": "#0"},
				"east": {"uv": [6, 7, 4.5, 9], "texture": "#0"},
				"south": {"uv": [4.5, 7, 3, 9], "texture": "#0"},
				"west": {"uv": [8, 2, 6.5, 4], "texture": "#0"},
				"up": {"uv": [7.5, 7.5, 9, 6], "texture": "#0"},
				"down": {"uv": [0, 8, 1.5, 9.5], "texture": "#0"}
			}
		},
		{
			"from": [5.93669, 6, 5.656],
			"to": [8.29669, 6.552, 6.156],
			"rotation": {"angle": 0, "axis": "y", "origin": [1.37669, 16.464, 13.048]},
			"faces": {
				"north": {"uv": [5.5, 10, 4.5, 10.5], "texture": "#0"},
				"east": {"uv": [10.5, 6.5, 10, 7], "texture": "#0"},
				"south": {"uv": [6.5, 10, 5.5, 10.5], "texture": "#0"},
				"west": {"uv": [8.5, 3.5, 8, 4], "texture": "#0"},
				"up": {"uv": [7.5, 10.5, 8.5, 10], "texture": "#0"},
				"down": {"uv": [8.5, 10, 9.5, 10.5], "texture": "#0"}
			}
		},
		{
			"from": [7.93669, 9, 5.656],
			"to": [9.29669, 9.552, 6.156],
			"rotation": {"angle": 0, "axis": "y", "origin": [1.37669, 16.464, 13.048]},
			"faces": {
				"north": {"uv": [10.5, 7, 10, 7.5], "texture": "#0"},
				"east": {"uv": [5, 10.5, 4.5, 11], "texture": "#0"},
				"south": {"uv": [10.5, 9.5, 10, 10], "texture": "#0"},
				"west": {"uv": [10.5, 9, 10, 9.5], "texture": "#0"},
				"up": {"uv": [5, 11, 5.5, 10.5], "texture": "#0"},
				"down": {"uv": [5.5, 10.5, 6, 11], "texture": "#0"}
			}
		},
		{
			"from": [5.93669, 8, 5.656],
			"to": [6.29669, 9.552, 6.156],
			"rotation": {"angle": 0, "axis": "y", "origin": [-0.62331, 16.464, 13.048]},
			"faces": {
				"north": {"uv": [7, 4, 6.5, 5], "texture": "#0"},
				"east": {"uv": [10, 10, 9.5, 11], "texture": "#0"},
				"south": {"uv": [7, 10, 6.5, 11], "texture": "#0"},
				"west": {"uv": [7.5, 6, 7, 7], "texture": "#0"},
				"up": {"uv": [6, 11, 6.5, 10.5], "texture": "#0"},
				"down": {"uv": [7.5, 10.5, 8, 11], "texture": "#0"}
			}
		},
		{
			"from": [5.93669, 6, 8.04],
			"to": [9.29669, 9.552, 12.04],
			"rotation": {"angle": 0, "axis": "y", "origin": [1.37669, 16.464, 14.72]},
			"faces": {
				"north": {"uv": [7.5, 7, 6, 9], "texture": "#0"},
				"east": {"uv": [5, 5, 3, 7], "texture": "#0"},
				"south": {"uv": [8.5, 0, 7, 2], "texture": "#0"},
				"west": {"uv": [5, 3, 3, 5], "texture": "#0"},
				"up": {"uv": [7, 6, 8.5, 4], "texture": "#0"},
				"down": {"uv": [7.5, 7.5, 9, 9.5], "texture": "#0"}
			}
		},
		{
			"from": [5.93669, 9, 7.04],
			"to": [7.29669, 9.552, 8.04],
			"rotation": {"angle": 0, "axis": "y", "origin": [1.37669, 16.464, 10.72]},
			"faces": {
				"north": {"uv": [8.5, 10.5, 8, 11], "texture": "#0"},
				"east": {"uv": [10.5, 10.5, 10, 11], "texture": "#0"},
				"south": {"uv": [9.5, 10.5, 9, 11], "texture": "#0"},
				"west": {"uv": [9, 10.5, 8.5, 11], "texture": "#0"},
				"up": {"uv": [10.5, 11, 11, 10.5], "texture": "#0"},
				"down": {"uv": [10.5, 1.5, 11, 2], "texture": "#0"}
			}
		},
		{
			"from": [7.93669, 9, 7.54],
			"to": [9.29669, 9.552, 8.04],
			"rotation": {"angle": 0, "axis": "y", "origin": [3.37669, 16.464, 11.22]},
			"faces": {
				"north": {"uv": [11, 4.5, 10.5, 5], "texture": "#0"},
				"east": {"uv": [11, 6, 10.5, 6.5], "texture": "#0"},
				"south": {"uv": [11, 5.5, 10.5, 6], "texture": "#0"},
				"west": {"uv": [11, 5, 10.5, 5.5], "texture": "#0"},
				"up": {"uv": [10.5, 7, 11, 6.5], "texture": "#0"},
				"down": {"uv": [10.5, 7, 11, 7.5], "texture": "#0"}
			}
		},
		{
			"from": [8.93669, 6, 7.54],
			"to": [9.29669, 9, 8.04],
			"rotation": {"angle": 0, "axis": "y", "origin": [3.37669, 15.464, 11.22]},
			"faces": {
				"north": {"uv": [0.5, 9.5, 0, 11], "texture": "#0"},
				"east": {"uv": [2, 9.5, 1.5, 11], "texture": "#0"},
				"south": {"uv": [1.5, 9.5, 1, 11], "texture": "#0"},
				"west": {"uv": [1, 9.5, 0.5, 11], "texture": "#0"},
				"up": {"uv": [10.5, 9, 11, 8.5], "texture": "#0"},
				"down": {"uv": [10.5, 9, 11, 9.5], "texture": "#0"}
			}
		},
		{
			"from": [5.93669, 6, 7.54],
			"to": [8.93669, 6.5, 8.04],
			"rotation": {"angle": 0, "axis": "y", "origin": [3.01669, 15.464, 11.22]},
			"faces": {
				"north": {"uv": [10.5, 8.5, 9, 9], "texture": "#0"},
				"east": {"uv": [0.5, 11, 0, 11.5], "texture": "#0"},
				"south": {"uv": [9, 9.5, 7.5, 10], "texture": "#0"},
				"west": {"uv": [11, 9.5, 10.5, 10], "texture": "#0"},
				"up": {"uv": [9.5, 2.5, 11, 2], "texture": "#0"},
				"down": {"uv": [9.5, 2.5, 11, 3], "texture": "#0"}
			}
		},
		{
			"from": [5.93669, 6.5, 7.54],
			"to": [6.43669, 9, 8.04],
			"rotation": {"angle": 0, "axis": "y", "origin": [2.51669, 15.964, 11.22]},
			"faces": {
				"north": {"uv": [2.5, 9.5, 2, 11], "texture": "#0"},
				"east": {"uv": [3.5, 10, 3, 11.5], "texture": "#0"},
				"south": {"uv": [10, 6, 9.5, 7.5], "texture": "#0"},
				"west": {"uv": [3, 9.5, 2.5, 11], "texture": "#0"},
				"up": {"uv": [0.5, 11.5, 1, 11], "texture": "#0"},
				"down": {"uv": [1, 11, 1.5, 11.5], "texture": "#0"}
			}
		},
		{
			"name": "hook base",
			"from": [5.77, 5.8, 1.12],
			"to": [9.4, 9.43, 2],
			"rotation": {"angle": 0, "axis": "y", "origin": [13.33571, 7.985, -14.83]},
			"faces": {
				"north": {"uv": [7, 5, 5, 7], "texture": "#0"},
				"east": {"uv": [9.5, 6, 9, 8], "texture": "#0"},
				"south": {"uv": [7, 0, 5, 2], "texture": "#0"},
				"west": {"uv": [7.5, 9, 7, 11], "texture": "#0"},
				"up": {"uv": [8.5, 2, 10.5, 1.5], "texture": "#0"},
				"down": {"uv": [9, 8, 11, 8.5], "texture": "#0"}
			}
		},
		{
			"name": "hook base",
			"from": [6.07, 6.1, 0.79],
			"to": [9.15, 9.18, 1.45],
			"rotation": {"angle": 0, "axis": "y", "origin": [13.33571, 7.985, -15.71]},
			"faces": {
				"north": {"uv": [10, 0, 8.5, 1.5], "texture": "#0"},
				"east": {"uv": [4.5, 10, 4, 11.5], "texture": "#0"},
				"south": {"uv": [10, 3.5, 8.5, 5], "texture": "#0"},
				"west": {"uv": [4, 10, 3.5, 11.5], "texture": "#0"},
				"up": {"uv": [9.5, 3.5, 11, 3], "texture": "#0"},
				"down": {"uv": [9.5, 7.5, 11, 8], "texture": "#0"}
			}
		},
		{
			"from": [6.7, 7.3, -0.21],
			"to": [8.5, 8.3, 0.79],
			"rotation": {"angle": 0, "axis": "y", "origin": [0.9, 16.18, 7.79]},
			"faces": {
				"north": {"uv": [11, 10, 10, 10.5], "texture": "#0"},
				"east": {"uv": [2.5, 11, 2, 11.5], "texture": "#0"},
				"south": {"uv": [11, 0, 10, 0.5], "texture": "#0"},
				"west": {"uv": [2, 11, 1.5, 11.5], "texture": "#0"},
				"up": {"uv": [10, 1, 11, 0.5], "texture": "#0"},
				"down": {"uv": [10, 1, 11, 1.5], "texture": "#0"}
			}
		},
		{
			"from": [9.3376, 7.3, 0.55012],
			"to": [10.3376, 8.3, 2.55012],
			"rotation": {"angle": 22.5, "axis": "y", "origin": [2.3376, 15.3, 7.55012]},
			"faces": {
				"north": {"uv": [3, 11, 2.5, 11.5], "texture": "#0"},
				"east": {"uv": [11, 4, 10, 4.5], "texture": "#0"},
				"south": {"uv": [5, 11, 4.5, 11.5], "texture": "#0"},
				"west": {"uv": [11, 3.5, 10, 4], "texture": "#0"},
				"up": {"uv": [10, 5.5, 10.5, 4.5], "texture": "#0"},
				"down": {"uv": [10, 5.5, 10.5, 6.5], "texture": "#0"}
			}
		},
		{
			"from": [6.12597, 7.3, -2.59582],
			"to": [7.12597, 8.2, -1.59582],
			"rotation": {"angle": 0, "axis": "y", "origin": [-0.87403, 15.3, 5.40418]},
			"faces": {
				"north": {"uv": [5.5, 11, 5, 11.5], "texture": "#0"},
				"east": {"uv": [7, 11, 6.5, 11.5], "texture": "#0"},
				"south": {"uv": [6.5, 11, 6, 11.5], "texture": "#0"},
				"west": {"uv": [6, 11, 5.5, 11.5], "texture": "#0"},
				"up": {"uv": [7, 11.5, 7.5, 11], "texture": "#0"},
				"down": {"uv": [7.5, 11, 8, 11.5], "texture": "#0"}
			}
		},
		{
			"from": [3.22648, 7.3, -10.59582],
			"to": [4.22648, 8.2, -9.59582],
			"rotation": {"angle": -45, "axis": "y", "origin": [-3.77352, 15.3, -2.59582]},
			"faces": {
				"north": {"uv": [8.5, 11, 8, 11.5], "texture": "#0"},
				"east": {"uv": [10, 11, 9.5, 11.5], "texture": "#0"},
				"south": {"uv": [9.5, 11, 9, 11.5], "texture": "#0"},
				"west": {"uv": [9, 11, 8.5, 11.5], "texture": "#0"},
				"up": {"uv": [10, 11.5, 10.5, 11], "texture": "#0"},
				"down": {"uv": [10.5, 11, 11, 11.5], "texture": "#0"}
			}
		},
		{
			"from": [4.68714, 7.3, -0.0913],
			"to": [5.68714, 8.2, 0.9087],
			"rotation": {"angle": 22.5, "axis": "y", "origin": [-2.31286, 15.3, -7.0913]},
			"faces": {
				"north": {"uv": [11.5, 11, 11, 11.5], "texture": "#0"},
				"east": {"uv": [11.5, 1, 11, 1.5], "texture": "#0"},
				"south": {"uv": [11.5, 0.5, 11, 1], "texture": "#0"},
				"west": {"uv": [11.5, 0, 11, 0.5], "texture": "#0"},
				"up": {"uv": [11, 2, 11.5, 1.5], "texture": "#0"},
				"down": {"uv": [11, 2, 11.5, 2.5], "texture": "#0"}
			}
		},
		{
			"from": [15.75696, 7.5, -6.5851],
			"to": [16.75696, 7.9, -5.5851],
			"rotation": {"angle": -45, "axis": "y", "origin": [8.75696, 16.1, -13.5851]},
			"faces": {
				"north": {"uv": [11.5, 2.5, 11, 3], "texture": "#0"},
				"east": {"uv": [11.5, 4, 11, 4.5], "texture": "#0"},
				"south": {"uv": [11.5, 3.5, 11, 4], "texture": "#0"},
				"west": {"uv": [11.5, 3, 11, 3.5], "texture": "#0"},
				"up": {"uv": [11, 5, 11.5, 4.5], "texture": "#0"},
				"down": {"uv": [11, 5, 11.5, 5.5], "texture": "#0"}
			}
		},
		{
			"from": [5.45244, 7.5, -5.12444],
			"to": [6.25244, 7.8, -4.12444],
			"rotation": {"angle": 22.5, "axis": "y", "origin": [13.25244, 16.1, -12.12444]},
			"faces": {
				"north": {"uv": [11.5, 5.5, 11, 6], "texture": "#0"},
				"east": {"uv": [11.5, 7, 11, 7.5], "texture": "#0"},
				"south": {"uv": [11.5, 6.5, 11, 7], "texture": "#0"},
				"west": {"uv": [11.5, 6, 11, 6.5], "texture": "#0"},
				"up": {"uv": [11, 8, 11.5, 7.5], "texture": "#0"},
				"down": {"uv": [11, 8, 11.5, 8.5], "texture": "#0"}
			}
		},
		{
			"from": [9.34675, 7.5, -2.05462],
			"to": [9.84675, 7.7, -1.05462],
			"rotation": {"angle": 0, "axis": "y", "origin": [16.84675, 16.1, -9.05462]},
			"faces": {
				"north": {"uv": [11.5, 8.5, 11, 9], "texture": "#0"},
				"east": {"uv": [11.5, 10, 11, 10.5], "texture": "#0"},
				"south": {"uv": [11.5, 9.5, 11, 10], "texture": "#0"},
				"west": {"uv": [11.5, 9, 11, 9.5], "texture": "#0"},
				"up": {"uv": [11, 11, 11.5, 10.5], "texture": "#0"},
				"down": {"uv": [0, 11.5, 0.5, 12], "texture": "#0"}
			}
		},
		{
			"from": [7.75696, 7.5, -3.68561],
			"to": [8.75696, 8, -2.68561],
			"rotation": {"angle": 0, "axis": "y", "origin": [0.75696, 16.1, -10.68561]},
			"faces": {
				"north": {"uv": [1, 11.5, 0.5, 12], "texture": "#0"},
				"east": {"uv": [2.5, 11.5, 2, 12], "texture": "#0"},
				"south": {"uv": [2, 11.5, 1.5, 12], "texture": "#0"},
				"west": {"uv": [1.5, 11.5, 1, 12], "texture": "#0"},
				"up": {"uv": [2.5, 12, 3, 11.5], "texture": "#0"},
				"down": {"uv": [3, 11.5, 3.5, 12], "texture": "#0"}
			}
		}
	],
	"display": {
		"thirdperson_righthand": {
			"rotation": [0, 0, -180],
			"translation": [-0.5, -2.25, 6]
		},
		"thirdperson_lefthand": {
			"translation": [-0.5, -1.75, 6]
		},
		"firstperson_righthand": {
			"rotation": [30, -7, -180],
			"translation": [-2, -1.5, 6.25]
		},
		"firstperson_lefthand": {
			"rotation": [30, -7, 0],
			"translation": [-2, -1.5, 6.25]
		},
		"ground": {
			"translation": [0, -1.5, 1]
		},
		"gui": {
			"rotation": [23.25, 142.5, 30.25],
			"translation": [2.25, -0.25, 0],
			"scale": [1.25, 1.25, 1.25]
		},
		"head": {
			"rotation": [0, 0, -90],
			"translation": [0, 10.5, -2],
			"scale": [1.6, 1.6, 1.6]
		},
		"fixed": {
			"rotation": [-90, -180, 0],
			"translation": [0, -4.75, -0.75],
			"scale": [1.2, 1.2, 1.2]
		}
	}
}