{
	"textures": {
		"0": "mnaf:animatronics/arms/salvage_chica"
	},
	"elements": [
		{
			"from": [6.251, 6.39, 1.64],
			"to": [8.901, 9.04, 13.3],
			"rotation": {"angle": 0, "axis": "y", "origin": [13.40675, 8.245, -2.07]},
			"faces": {
				"north": {"uv": [7.5, 4.5, 6, 6], "texture": "#0"},
				"east": {"uv": [8, 0, 3, 1.5], "texture": "#0"},
				"south": {"uv": [10.5, 7.5, 9, 9], "texture": "#0"},
				"west": {"uv": [8, 3, 3, 4.5], "texture": "#0"},
				"up": {"uv": [3, 9.5, 4.5, 4.5], "texture": "#0"},
				"down": {"uv": [4.5, 4.5, 6, 9.5], "texture": "#0"}
			}
		},
		{
			"from": [8.10675, 6.708, 9.908],
			"to": [12.34675, 8.828, 12.028],
			"rotation": {"angle": 0, "axis": "y", "origin": [1.74675, 16.46, 19.66]},
			"faces": {
				"north": {"uv": [12.5, 8, 10.5, 9], "texture": "#0"},
				"east": {"uv": [11, 12, 10, 13], "texture": "#0"},
				"south": {"uv": [11, 11, 9, 12], "texture": "#0"},
				"west": {"uv": [10, 12, 9, 13], "texture": "#0"},
				"up": {"uv": [11, 12, 13, 11], "texture": "#0"},
				"down": {"uv": [11.5, 9, 13.5, 10], "texture": "#0"}
			}
		},
		{
			"from": [5.81289, 5.86, 3.25968],
			"to": [9.37449, 9.62512, 6.96968],
			"rotation": {"angle": 0, "axis": "y", "origin": [0.97929, 16.95184, 10.0352]},
			"faces": {
				"north": {"uv": [12, 0, 10.5, 2], "texture": "#0"},
				"east": {"uv": [9.75, 2, 8, 3.776], "texture": "#0"},
				"south": {"uv": [12, 2, 10.5, 4], "texture": "#0"},
				"west": {"uv": [9.75, 0, 8, 1.776], "texture": "#0"},
				"up": {"uv": [3, 11.25, 4.68, 9.5], "texture": "#0"},
				"down": {"uv": [4.25, 9.5, 5.93, 11.25], "texture": "#0"}
			}
		},
		{
			"from": [5.81289, 5.86, 8.0424],
			"to": [9.37449, 9.62512, 13.3424],
			"rotation": {"angle": 0, "axis": "y", "origin": [0.97929, 16.95184, 15.1232]},
			"faces": {
				"north": {"uv": [12, 4, 10.5, 6], "texture": "#0"},
				"east": {"uv": [11.5, 9, 9, 11], "texture": "#0"},
				"south": {"uv": [12, 6, 10.5, 8], "texture": "#0"},
				"west": {"uv": [10.5, 4, 8, 6], "texture": "#0"},
				"up": {"uv": [0, 13, 1.5, 10.5], "texture": "#0"},
				"down": {"uv": [1.5, 10.5, 3, 13], "texture": "#0"}
			}
		},
		{
			"from": [5.87649, 8.56512, -6.28032],
			"to": [9.37449, 8.56512, 3.25968],
			"rotation": {"angle": 22.5, "axis": "x", "origin": [7.47, 8.828, 2.19968]},
			"faces": {
				"north": {"uv": [1.5, 0, 0, 0], "texture": "#0"},
				"east": {"uv": [4.5, 0, 0, 0], "texture": "#0"},
				"south": {"uv": [1.5, 0, 0, 0], "texture": "#0"},
				"west": {"uv": [4.5, 0, 0, 0], "texture": "#0"},
				"up": {"uv": [6, 12, 7.5, 7.5], "texture": "#0"},
				"down": {"uv": [7.5, 7.5, 9, 12], "texture": "#0"}
			}
		},
		{
			"from": [5.87649, 7.50512, -6.28032],
			"to": [9.37449, 7.50512, 3.25968],
			"rotation": {"angle": -22.5, "axis": "x", "origin": [7.47, 7.768, 2.19968]},
			"faces": {
				"north": {"uv": [1.5, 0, 0, 0], "texture": "#0"},
				"east": {"uv": [4.5, 0, 0, 0], "texture": "#0"},
				"south": {"uv": [1.5, 0, 0, 0], "texture": "#0"},
				"west": {"uv": [4.5, 0, 0, 0], "texture": "#0"},
				"up": {"uv": [0, 10.5, 1.5, 6], "texture": "#0"},
				"down": {"uv": [1.5, 6, 3, 10.5], "texture": "#0"}
			}
		},
		{
			"from": [7.20712, 5.86351, -5.22032],
			"to": [7.20712, 9.36151, 4.31968],
			"rotation": {"angle": -22.5, "axis": "y", "origin": [7.47, 7.768, 3.25968]},
			"faces": {
				"north": {"uv": [0, 0, 0, 1.5], "texture": "#0"},
				"east": {"uv": [10.5, 6, 6, 7.5], "texture": "#0"},
				"south": {"uv": [0, 0, 0, 1.5], "texture": "#0"},
				"west": {"uv": [7.5, 1.5, 3, 3], "texture": "#0"},
				"up": {"uv": [0, 4.5, 0, 0], "texture": "#0"},
				"down": {"uv": [0, 0, 0, 4.5], "texture": "#0"}
			}
		},
		{
			"from": [4.82, 6.92, -3.66],
			"to": [11.18, 7.45, 2.7],
			"rotation": {"angle": 0, "axis": "y", "origin": [2.7, 15.4, 4.82]},
			"faces": {
				"north": {"uv": [14.5, 10, 11.5, 10.5], "texture": "#0"},
				"east": {"uv": [9, 12, 6, 12.5], "texture": "#0"},
				"south": {"uv": [6, 12, 3, 12.5], "texture": "#0"},
				"west": {"uv": [14.5, 10.5, 11.5, 11], "texture": "#0"},
				"up": {"uv": [0, 3, 3, 0], "texture": "#0"},
				"down": {"uv": [0, 3, 3, 6], "texture": "#0"}
			}
		}
	],
	"display": {
		"thirdperson_righthand": {
			"rotation": [0, 0, -180],
			"translation": [-0.5, -2.25, 6]
		},
		"thirdperson_lefthand": {
			"translation": [-0.5, -1.75, 6]
		},
		"firstperson_righthand": {
			"rotation": [30, -7, -180],
			"translation": [-2, -1.5, 6.25]
		},
		"firstperson_lefthand": {
			"rotation": [30, -7, 0],
			"translation": [-2, -1.5, 6.25]
		},
		"ground": {
			"translation": [0, 0, 1]
		},
		"gui": {
			"rotation": [23.25, 142.5, 30.25],
			"translation": [2.5, 0.75, 0]
		},
		"head": {
			"rotation": [0, 0, -90],
			"translation": [0, 10.5, -2],
			"scale": [1.6, 1.6, 1.6]
		},
		"fixed": {
			"rotation": [-90, -180, 0],
			"translation": [0, -3.75, 0]
		}
	}
}