{
	"textures": {
		"0": "mnaf:animatronics/arms/salvage_freddy_left"
	},
	"elements": [
		{
			"from": [6.35, 6.5, 2],
			"to": [8.85, 9, 13],
			"rotation": {"angle": 0, "axis": "y", "origin": [13.10071, 8.25, -1.5]},
			"faces": {
				"north": {"uv": [4.5, 8.5, 6, 10], "texture": "#0"},
				"east": {"uv": [0, 0, 5.5, 1.5], "texture": "#0"},
				"south": {"uv": [8.5, 8.5, 10, 10], "texture": "#0"},
				"west": {"uv": [0, 1.5, 5.5, 3], "texture": "#0"},
				"up": {"uv": [1.5, 8.5, 0, 3], "texture": "#0"},
				"down": {"uv": [3, 3, 1.5, 8.5], "texture": "#0"}
			}
		},
		{
			"from": [3.85, 8, 2],
			"to": [6.35, 8, 8],
			"rotation": {"angle": 0, "axis": "y", "origin": [10.60071, 7.25, -1.5]},
			"faces": {
				"north": {"uv": [0, 0, 1.5, 0], "texture": "#0"},
				"east": {"uv": [0, 0, 3, 0], "texture": "#0"},
				"south": {"uv": [0, 0, 1.5, 0], "texture": "#0"},
				"west": {"uv": [0, 0, 3, 0], "texture": "#0"},
				"up": {"uv": [6.75, 8.5, 5.5, 5.5], "texture": "#0"},
				"down": {"uv": [6.75, 5.5, 5.5, 8.5], "texture": "#0"}
			}
		},
		{
			"from": [8.10071, 6.8, 9.8],
			"to": [12.10071, 8.8, 11.8],
			"rotation": {"angle": 0, "axis": "y", "origin": [2.10071, 16, 19]},
			"faces": {
				"north": {"uv": [7, 6, 9, 7], "texture": "#0"},
				"east": {"uv": [4.5, 7, 5.5, 8], "texture": "#0"},
				"south": {"uv": [8.5, 0, 10.5, 1], "texture": "#0"},
				"west": {"uv": [6, 8.5, 7, 9.5], "texture": "#0"},
				"up": {"uv": [10.5, 2, 8.5, 1], "texture": "#0"},
				"down": {"uv": [10.5, 2, 8.5, 3], "texture": "#0"}
			}
		},
		{
			"from": [5.93669, 6, 0.8],
			"to": [9.29669, 9.552, 2.1],
			"rotation": {"angle": 0, "axis": "y", "origin": [1.37669, 16.464, 5.92]},
			"faces": {
				"north": {"uv": [7, 7, 8.5, 9], "texture": "#0"},
				"east": {"uv": [8.5, 3, 9, 5], "texture": "#0"},
				"south": {"uv": [7, 0, 8.5, 2], "texture": "#0"},
				"west": {"uv": [7, 9, 7.5, 11], "texture": "#0"},
				"up": {"uv": [10, 5.5, 8.5, 5], "texture": "#0"},
				"down": {"uv": [10, 5.5, 8.5, 6], "texture": "#0"}
			}
		},
		{
			"from": [5.93669, 6, 8.04],
			"to": [9.29669, 9.552, 13.04],
			"rotation": {"angle": 0, "axis": "y", "origin": [1.37669, 16.464, 14.72]},
			"faces": {
				"north": {"uv": [7, 2, 8.5, 4], "texture": "#0"},
				"east": {"uv": [3, 3, 5.5, 5], "texture": "#0"},
				"south": {"uv": [7, 4, 8.5, 6], "texture": "#0"},
				"west": {"uv": [3, 5, 5.5, 7], "texture": "#0"},
				"up": {"uv": [7, 5.5, 5.5, 3], "texture": "#0"},
				"down": {"uv": [4.5, 7, 3, 9.5], "texture": "#0"}
			}
		},
		{
			"from": [6.1, 6, 5],
			"to": [9.1, 9.5, 6],
			"rotation": {"angle": 0, "axis": "y", "origin": [0.85, 17, 13]},
			"faces": {
				"north": {"uv": [0, 8.5, 1.5, 10.5], "texture": "#0"},
				"east": {"uv": [7.5, 9, 8, 11], "texture": "#0"},
				"south": {"uv": [1.5, 8.5, 3, 10.5], "texture": "#0"},
				"west": {"uv": [8, 9, 8.5, 11], "texture": "#0"},
				"up": {"uv": [10, 7.5, 8.5, 7], "texture": "#0"},
				"down": {"uv": [10, 7.5, 8.5, 8], "texture": "#0"}
			}
		}
	],
	"display": {
		"thirdperson_righthand": {
			"rotation": [0, 0, -180],
			"translation": [-0.5, -2.25, 6]
		},
		"thirdperson_lefthand": {
			"translation": [-0.5, -1.75, 6]
		},
		"firstperson_righthand": {
			"rotation": [30, -7, -180],
			"translation": [-2, -1.5, 6.25]
		},
		"firstperson_lefthand": {
			"rotation": [30, -7, 0],
			"translation": [-2, -1.5, 6.25]
		},
		"ground": {
			"translation": [0, -1.75, 1]
		},
		"gui": {
			"rotation": [23.25, 142.5, 30.25],
			"translation": [0.5, -0.25, 0],
			"scale": [1.3, 1.3, 1.3]
		},
		"head": {
			"rotation": [0, 0, -90],
			"translation": [0, 10.5, -2],
			"scale": [1.6, 1.6, 1.6]
		},
		"fixed": {
			"rotation": [-90, -180, 0],
			"translation": [0, -1.5, 0],
			"scale": [1.5, 1.5, 1.5]
		}
	}
}