{
	"textures": {
		"0": "mnaf:animatronics/arms/salvage_bonnie_left"
	},
	"elements": [
		{
			"from": [8.10071, 6.8, 9.8],
			"to": [12.10071, 8.8, 11.8],
			"rotation": {"angle": 0, "axis": "y", "origin": [2.10071, 16, 19]},
			"faces": {
				"north": {"uv": [5, 4, 7, 5], "texture": "#0"},
				"east": {"uv": [1.5, 5, 2.5, 6], "texture": "#0"},
				"south": {"uv": [6.5, 0, 8.5, 1], "texture": "#0"},
				"west": {"uv": [1.5, 6, 2.5, 7], "texture": "#0"},
				"up": {"uv": [8.5, 2, 6.5, 1], "texture": "#0"},
				"down": {"uv": [8.5, 2, 6.5, 3], "texture": "#0"}
			}
		},
		{
			"from": [5.93669, 6, 9.04],
			"to": [9.29669, 9.552, 13.04],
			"rotation": {"angle": 0, "axis": "y", "origin": [1.37669, 16.464, 14.72]},
			"faces": {
				"north": {"uv": [0, 5, 1.5, 7], "texture": "#0"},
				"east": {"uv": [2.5, 0, 4.5, 2], "texture": "#0"},
				"south": {"uv": [5, 5, 6.5, 7], "texture": "#0"},
				"west": {"uv": [4.5, 0, 6.5, 2], "texture": "#0"},
				"up": {"uv": [6.5, 4, 5, 2], "texture": "#0"},
				"down": {"uv": [8, 6.5, 6.5, 8.5], "texture": "#0"}
			}
		},
		{
			"from": [5.93669, 9, 8.04],
			"to": [7.29669, 9.552, 9.04],
			"rotation": {"angle": 0, "axis": "y", "origin": [1.37669, 16.464, 11.72]},
			"faces": {
				"north": {"uv": [4.5, 2, 5, 2.5], "texture": "#0"},
				"east": {"uv": [7.5, 4.5, 8, 5], "texture": "#0"},
				"south": {"uv": [7.5, 6, 8, 6.5], "texture": "#0"},
				"west": {"uv": [2, 8, 2.5, 8.5], "texture": "#0"},
				"up": {"uv": [3.5, 8.5, 3, 8], "texture": "#0"},
				"down": {"uv": [4, 8, 3.5, 8.5], "texture": "#0"}
			}
		},
		{
			"from": [7.29669, 9, 8.54],
			"to": [9.29669, 9.552, 9.04],
			"rotation": {"angle": 0, "axis": "y", "origin": [3.73669, 16.464, 12.22]},
			"faces": {
				"north": {"uv": [2.5, 2, 3.5, 2.5], "texture": "#0"},
				"east": {"uv": [4, 8, 4.5, 8.5], "texture": "#0"},
				"south": {"uv": [3.5, 2, 4.5, 2.5], "texture": "#0"},
				"west": {"uv": [4.5, 8, 5, 8.5], "texture": "#0"},
				"up": {"uv": [7.5, 6.5, 6.5, 6], "texture": "#0"},
				"down": {"uv": [6, 7, 5, 7.5], "texture": "#0"}
			}
		},
		{
			"from": [8.93669, 7, 8.54],
			"to": [9.29669, 9, 9.04],
			"rotation": {"angle": 0, "axis": "y", "origin": [3.37669, 15.464, 12.22]},
			"faces": {
				"north": {"uv": [2, 7, 2.5, 8], "texture": "#0"},
				"east": {"uv": [6, 7, 6.5, 8], "texture": "#0"},
				"south": {"uv": [7, 4, 7.5, 5], "texture": "#0"},
				"west": {"uv": [2.5, 7.5, 3, 8.5], "texture": "#0"},
				"up": {"uv": [5.5, 8.5, 5, 8], "texture": "#0"},
				"down": {"uv": [6, 8, 5.5, 8.5], "texture": "#0"}
			}
		},
		{
			"from": [5.93669, 6, 8.54],
			"to": [7.93669, 6.5, 9.04],
			"rotation": {"angle": 0, "axis": "y", "origin": [3.01669, 15.464, 12.22]},
			"faces": {
				"north": {"uv": [3, 7.5, 4, 8], "texture": "#0"},
				"east": {"uv": [6, 8, 6.5, 8.5], "texture": "#0"},
				"south": {"uv": [4, 7.5, 5, 8], "texture": "#0"},
				"west": {"uv": [8, 8, 8.5, 8.5], "texture": "#0"},
				"up": {"uv": [6, 8, 5, 7.5], "texture": "#0"},
				"down": {"uv": [8.5, 4, 7.5, 4.5], "texture": "#0"}
			}
		},
		{
			"from": [5.93669, 6.5, 8.54],
			"to": [6.43669, 9, 9.04],
			"rotation": {"angle": 0, "axis": "y", "origin": [2.51669, 15.964, 12.22]},
			"faces": {
				"north": {"uv": [0, 7, 0.5, 8.5], "texture": "#0"},
				"east": {"uv": [0.5, 7, 1, 8.5], "texture": "#0"},
				"south": {"uv": [1, 7, 1.5, 8.5], "texture": "#0"},
				"west": {"uv": [1.5, 7, 2, 8.5], "texture": "#0"},
				"up": {"uv": [8.5, 5, 8, 4.5], "texture": "#0"},
				"down": {"uv": [8.5, 6, 8, 6.5], "texture": "#0"}
			}
		},
		{
			"from": [5.25, 7.999, -0.96],
			"to": [10.25, 7.999, 9.04],
			"rotation": {"angle": 0, "axis": "y", "origin": [13.29669, 15.999, 10.04]},
			"faces": {
				"north": {"uv": [0, 0, 2.5, 0], "texture": "#0"},
				"east": {"uv": [0, 0, 5, 0], "texture": "#0"},
				"south": {"uv": [0, 0, 2.5, 0], "texture": "#0"},
				"west": {"uv": [0, 0, 5, 0], "texture": "#0"},
				"up": {"uv": [2.5, 5, 0, 0], "texture": "#0"},
				"down": {"uv": [2.5, 0, 0, 5], "texture": "#0"}
			}
		},
		{
			"from": [4.46493, 4.26333, 10.04],
			"to": [8.46493, 4.26333, 12.04],
			"rotation": {"angle": -22.5, "axis": "z", "origin": [15.46493, 12.26333, 19.04]},
			"faces": {
				"north": {"uv": [0, 0, 2, 0], "texture": "#0"},
				"east": {"uv": [0, 0, 1, 0], "texture": "#0"},
				"south": {"uv": [0, 0, 2, 0], "texture": "#0"},
				"west": {"uv": [0, 0, 1, 0], "texture": "#0"},
				"up": {"uv": [8.5, 4, 6.5, 3], "texture": "#0"},
				"down": {"uv": [8.5, 5, 6.5, 6], "texture": "#0"}
			}
		}
	],
	"display": {
		"thirdperson_righthand": {
			"rotation": [0, 0, -180],
			"translation": [-0.5, -2.25, 6]
		},
		"thirdperson_lefthand": {
			"translation": [-0.5, -1.75, 6]
		},
		"firstperson_righthand": {
			"rotation": [30, -7, -180],
			"translation": [-2, -1.5, 6.25]
		},
		"firstperson_lefthand": {
			"rotation": [30, -7, 0],
			"translation": [-2, -1.5, 6.25]
		},
		"ground": {
			"translation": [0, -1.75, 1]
		},
		"gui": {
			"rotation": [23.25, 142.5, 30.25],
			"translation": [0.5, -0.25, 0],
			"scale": [1.3, 1.3, 1.3]
		},
		"head": {
			"rotation": [0, 0, -90],
			"translation": [0, 10.5, -2],
			"scale": [1.6, 1.6, 1.6]
		},
		"fixed": {
			"rotation": [-90, -180, 0],
			"translation": [0, -1.5, 0],
			"scale": [1.5, 1.5, 1.5]
		}
	}
}