{
	"credit": "Made with Blockbench",
	"texture_size": [32, 32],
	"textures": {
		"0": "mnaf:animatronics/arms/springtrap_arm",
		"particle": "mnaf:animatronics/arms/springtrap_arm"
	},
	"elements": [
		{
			"name": "endo",
			"from": [7.5, 6.8, 2],
			"to": [9.5, 8.8, 13],
			"rotation": {"angle": 0, "axis": "y", "origin": [3.05945, 8.25, -1.5]},
			"faces": {
				"north": {"uv": [3, 8, 4, 9], "texture": "#0"},
				"east": {"uv": [0, 0, 5.5, 1], "texture": "#0"},
				"south": {"uv": [9.5, 3, 10.5, 4], "texture": "#0"},
				"west": {"uv": [0, 1, 5.5, 2], "texture": "#0"},
				"up": {"uv": [1, 7.5, 0, 2], "texture": "#0"},
				"down": {"uv": [2, 2, 1, 7.5], "texture": "#0"}
			}
		},
		{
			"from": [7, 6.3, 0.8],
			"to": [10, 9.3, 2.6],
			"rotation": {"angle": 0, "axis": "y", "origin": [14.78347, 16.464, 5.92]},
			"faces": {
				"north": {"uv": [3, 9, 4.5, 10.5], "texture": "#0"},
				"east": {"uv": [8, 9, 8.9, 10.5], "texture": "#0"},
				"south": {"uv": [4.5, 9, 6, 10.5], "texture": "#0"},
				"west": {"uv": [1.5, 10, 2.25, 11.5], "texture": "#0"},
				"up": {"uv": [7.5, 10.9, 6, 10], "texture": "#0"},
				"down": {"uv": [11.5, 10, 10, 10.9], "texture": "#0"}
			}
		},
		{
			"from": [6.86347, 6, 3.04],
			"to": [10.22347, 9.552, 7.04],
			"rotation": {"angle": 0, "axis": "y", "origin": [14.78347, 16.464, 8.72]},
			"faces": {
				"north": {"uv": [6.5, 2, 8, 4], "texture": "#0"},
				"east": {"uv": [4.5, 4.5, 6.5, 6.5], "texture": "#0"},
				"south": {"uv": [6.5, 4, 8, 6], "texture": "#0"},
				"west": {"uv": [4.5, 2, 6.5, 4], "texture": "#0"},
				"up": {"uv": [8.5, 9, 7, 7], "texture": "#0"},
				"down": {"uv": [1.5, 7.5, 0, 9.5], "texture": "#0"}
			}
		},
		{
			"from": [6.86347, 6, 8.04],
			"to": [10.22347, 9.552, 13.04],
			"rotation": {"angle": 0, "axis": "y", "origin": [14.78347, 16.464, 14.72]},
			"faces": {
				"north": {"uv": [8.5, 8.5, 10, 10.5], "texture": "#0"},
				"east": {"uv": [2, 2, 4.5, 4], "texture": "#0"},
				"south": {"uv": [8.5, 6, 10, 8], "texture": "#0"},
				"west": {"uv": [2, 4, 4.5, 6], "texture": "#0"},
				"up": {"uv": [5.5, 9, 4, 6.5], "texture": "#0"},
				"down": {"uv": [7, 6.5, 5.5, 9], "texture": "#0"}
			}
		},
		{
			"from": [7.3, 6.7, 7.5],
			"to": [9.8, 8.9, 8.5],
			"rotation": {"angle": 0, "axis": "y", "origin": [15.5, 14.8, 15]},
			"faces": {
				"north": {"uv": [7, 6, 8.5, 7], "texture": "#0"},
				"east": {"uv": [2, 10, 2.5, 11], "texture": "#0"},
				"south": {"uv": [0, 9.5, 1.5, 10.5], "texture": "#0"},
				"west": {"uv": [2.5, 10, 3, 11], "texture": "#0"},
				"up": {"uv": [6, 4.5, 4.5, 4], "texture": "#0"},
				"down": {"uv": [10, 8, 8.5, 8.5], "texture": "#0"}
			}
		}
	],
	"display": {
		"thirdperson_righthand": {
			"rotation": [0, 0, 2],
			"translation": [-0.7, -1.75, 6.5],
			"scale": [1.1, 1.1, 1.1]
		},
		"thirdperson_lefthand": {
			"translation": [0.5, -1.75, 7],
			"scale": [1.1, 1.1, 1.1]
		},
		"firstperson_righthand": {
			"rotation": [38, 5.5, 0],
			"translation": [0, -2, 4]
		},
		"firstperson_lefthand": {
			"rotation": [30, -7, 0],
			"translation": [-2, -1.5, 6.25]
		},
		"gui": {
			"rotation": [23.25, 142.5, 30.25],
			"translation": [1.25, -0.25, 0],
			"scale": [1.2, 1.2, 1.2]
		},
		"head": {
			"translation": [0, -29, 0],
			"scale": [1.6, 1.6, 1.6]
		}
	},
	"groups": [
		{
			"name": "steve",
			"origin": [8, 8, 8],
			"children": [0, 1, 2, 3, 4]
		}
	]
}