{
	"textures": {
		"0": "mnaf:animatronics/arms/vinnie"
	},
	"elements": [
		{
			"from": [6.24318, 6.5, 1],
			"to": [8.74318, 9, 13],
			"rotation": {"angle": 0, "axis": "y", "origin": [12.99389, 8.25, -1.5]},
			"faces": {
				"north": {"uv": [7.5, 9, 6, 10.5], "texture": "#0"},
				"east": {"uv": [6, 1.5, 0, 3], "texture": "#0"},
				"south": {"uv": [10.5, 4, 9, 5.5], "texture": "#0"},
				"west": {"uv": [6, 0, 0, 1.5], "texture": "#0"},
				"up": {"uv": [0, 9, 1.5, 3], "texture": "#0"},
				"down": {"uv": [1.5, 3, 3, 9], "texture": "#0"}
			}
		},
		{
			"from": [7.99389, 6.8, 9.8],
			"to": [11.99389, 8.8, 11.8],
			"rotation": {"angle": 0, "axis": "y", "origin": [1.99389, 16, 19]},
			"faces": {
				"north": {"uv": [11.5, 1.5, 9.5, 2.5], "texture": "#0"},
				"east": {"uv": [6, 7, 5, 8], "texture": "#0"},
				"south": {"uv": [11.5, 2.5, 9.5, 3.5], "texture": "#0"},
				"west": {"uv": [7, 5, 6, 6], "texture": "#0"},
				"up": {"uv": [6, 11.5, 8, 10.5], "texture": "#0"},
				"down": {"uv": [8, 10.5, 10, 11.5], "texture": "#0"}
			}
		},
		{
			"from": [5.82987, 6, 2.528],
			"to": [9.18987, 9.552, 6.028],
			"rotation": {"angle": 0, "axis": "y", "origin": [1.26987, 16.464, 9.92]},
			"faces": {
				"north": {"uv": [9, 7.5, 7.5, 9.5], "texture": "#0"},
				"east": {"uv": [5, 7, 3, 9], "texture": "#0"},
				"south": {"uv": [9, 0, 7.5, 2], "texture": "#0"},
				"west": {"uv": [8, 3, 6, 5], "texture": "#0"},
				"up": {"uv": [7.5, 7, 9, 5], "texture": "#0"},
				"down": {"uv": [8, 2, 9.5, 4], "texture": "#0"}
			}
		},
		{
			"from": [5.99318, 6.3, 0.8],
			"to": [8.99318, 9.3, 2.1],
			"rotation": {"angle": 0, "axis": "y", "origin": [1.26987, 16.464, 5.92]},
			"faces": {
				"north": {"uv": [1.5, 9, 0, 10.5], "texture": "#0"},
				"east": {"uv": [11.15, 10.5, 10.5, 12], "texture": "#0"},
				"south": {"uv": [3, 9, 1.5, 11], "texture": "#0"},
				"west": {"uv": [10.65, 10.5, 10, 12], "texture": "#0"},
				"up": {"uv": [1, 7.4, 2.5, 6.75], "texture": "#0"},
				"down": {"uv": [9, 8.5, 10.5, 9.15], "texture": "#0"}
			}
		},
		{
			"from": [5.82987, 6, 7.04],
			"to": [9.18987, 9.552, 13.04],
			"rotation": {"angle": 0, "axis": "y", "origin": [1.26987, 16.464, 14.72]},
			"faces": {
				"north": {"uv": [4.5, 9, 3, 11], "texture": "#0"},
				"east": {"uv": [6, 5, 3, 7], "texture": "#0"},
				"south": {"uv": [6, 9, 4.5, 11], "texture": "#0"},
				"west": {"uv": [6, 3, 3, 5], "texture": "#0"},
				"up": {"uv": [6, 9, 7.5, 6], "texture": "#0"},
				"down": {"uv": [6, 0, 7.5, 3], "texture": "#0"}
			}
		}
	],
	"display": {
		"thirdperson_righthand": {
			"rotation": [0, 0, -180],
			"translation": [-0.5, -2.25, 6]
		},
		"thirdperson_lefthand": {
			"translation": [-0.5, -1.75, 6]
		},
		"firstperson_righthand": {
			"rotation": [30, -7, -180],
			"translation": [-2, -1.5, 6.25]
		},
		"firstperson_lefthand": {
			"rotation": [30, -7, 0],
			"translation": [-2, -1.5, 6.25]
		},
		"ground": {
			"translation": [0, -1.75, 1]
		},
		"gui": {
			"rotation": [23.25, 142.5, 30.25],
			"translation": [0.5, -0.25, 0],
			"scale": [1.3, 1.3, 1.3]
		},
		"head": {
			"rotation": [0, 0, -90],
			"translation": [0, 10.5, -2],
			"scale": [1.6, 1.6, 1.6]
		},
		"fixed": {
			"rotation": [-90, -180, 0],
			"translation": [0, -1.5, 0],
			"scale": [1.5, 1.5, 1.5]
		}
	}
}