{
  "variants": {
    "facing=east,lit=false": {
      "model": "mnaf:props/block/sconce",
      "y": 90
    },
    "facing=east,lit=true": {
      "model": "mnaf:props/block/sconce",
      "y": 90
    },
    "facing=north,lit=false": {
      "model": "mnaf:props/block/sconce"
    },
    "facing=north,lit=true": {
      "model": "mnaf:props/block/sconce"
    },
    "facing=south,lit=false": {
      "model": "mnaf:props/block/sconce",
      "y": 180
    },
    "facing=south,lit=true": {
      "model": "mnaf:props/block/sconce",
      "y": 180
    },
    "facing=west,lit=false": {
      "model": "mnaf:props/block/sconce",
      "y": 270
    },
    "facing=west,lit=true": {
      "model": "mnaf:props/block/sconce",
      "y": 270
    }
  }
}