{
	"textures": {
		"0": "mnaf:animatronics/vixie/vixie_body",
		"1": "mnaf:animatronics/vixie/vixie_head"
	},
	"elements": [
		{
			"from": [2, 13, -3.7],
			"to": [3, 14, -2.7],
			"rotation": {"angle": 0, "axis": "y", "origin": [8, 8, -2.7]},
			"faces": {
				"north": {"uv": [9, 12, 9.25, 12.25], "texture": "#1"},
				"south": {"uv": [9.25, 12, 9.5, 12.25], "texture": "#1"},
				"up": {"uv": [9.75, 12.25, 9.5, 12], "texture": "#1"},
				"down": {"uv": [10, 12, 9.75, 12.25], "texture": "#1"}
			}
		},
		{
			"from": [-0.8, 14.68, -4.02],
			"to": [1.84, 15.18, -2.26],
			"rotation": {"angle": 0, "axis": "y", "origin": [8, 7.04, -2.7]},
			"faces": {
				"north": {"uv": [11.5, 5, 12.25, 5.25], "texture": "#1"},
				"east": {"uv": [1, 12, 1.5, 12.25], "texture": "#1"},
				"south": {"uv": [11.5, 8, 12.25, 8.25], "texture": "#1"},
				"west": {"uv": [1.5, 12, 2, 12.25], "texture": "#1"},
				"up": {"uv": [11.5, 7.75, 10.75, 7.25], "texture": "#1"}
			}
		},
		{
			"from": [-1, 12, -4.2],
			"to": [2, 15, -2.2],
			"rotation": {"angle": 0, "axis": "y", "origin": [8, 8, -2.7]},
			"faces": {
				"north": {"uv": [2.5, 9.5, 3.25, 10.25], "texture": "#1"},
				"east": {"uv": [10.5, 5.5, 11, 6.25], "texture": "#1"},
				"south": {"uv": [4, 9.5, 4.75, 10.25], "texture": "#1"},
				"west": {"uv": [10.5, 6.25, 11, 7], "texture": "#1"},
				"up": {"uv": [6.25, 11.25, 5.5, 10.75], "texture": "#1"},
				"down": {"uv": [7, 10.75, 6.25, 11.25], "texture": "#1"}
			}
		},
		{
			"from": [-1.408, 12.0576, -3.9672],
			"to": [-0.5632, 14.592, -2.2776],
			"rotation": {"angle": 0, "axis": "y", "origin": [8, 6.7584, -2.7]},
			"faces": {
				"north": {"uv": [0.25, 11.75, 0.5, 12.5], "texture": "#1"},
				"south": {"uv": [0.5, 11.75, 0.75, 12.5], "texture": "#1"},
				"west": {"uv": [7, 10.75, 7.5, 11.5], "texture": "#1"},
				"up": {"uv": [2.25, 12.5, 2, 12], "texture": "#1"},
				"down": {"uv": [2.5, 12, 2.25, 12.5], "texture": "#1"}
			}
		},
		{
			"from": [-0.8, 11.68, -4.02],
			"to": [1.84, 12.18, -2.26],
			"rotation": {"angle": 0, "axis": "y", "origin": [8, 7.04, -2.7]},
			"faces": {
				"north": {"uv": [11.5, 9.5, 12.25, 9.75], "texture": "#1"},
				"east": {"uv": [2.5, 12, 3, 12.25], "texture": "#1"},
				"south": {"uv": [8.5, 11.75, 9.25, 12], "texture": "#1"},
				"west": {"uv": [3, 12, 3.5, 12.25], "texture": "#1"},
				"down": {"uv": [11.5, 7.75, 10.75, 8.25], "texture": "#1"}
			}
		},
		{
			"from": [13, 13, -3.7],
			"to": [14, 14, -2.7],
			"rotation": {"angle": 0, "axis": "y", "origin": [8, 8, -2.7]},
			"faces": {
				"north": {"uv": [7.5, 12, 7.75, 12.25], "texture": "#1"},
				"east": {"uv": [7.75, 12, 8, 12.25], "texture": "#1"},
				"south": {"uv": [8, 12, 8.25, 12.25], "texture": "#1"},
				"west": {"uv": [8.25, 12, 8.5, 12.25], "texture": "#1"},
				"up": {"uv": [8.75, 12.25, 8.5, 12], "texture": "#1"},
				"down": {"uv": [9, 12, 8.75, 12.25], "texture": "#1"}
			}
		},
		{
			"from": [14, 12, -4.2],
			"to": [17, 15, -2.2],
			"rotation": {"angle": 0, "axis": "y", "origin": [8, 8, -2.7]},
			"faces": {
				"north": {"uv": [1, 9.5, 1.75, 10.25], "texture": "#1"},
				"east": {"uv": [8, 10.5, 8.5, 11.25], "texture": "#1"},
				"south": {"uv": [1.75, 9.5, 2.5, 10.25], "texture": "#1"},
				"west": {"uv": [8.5, 10.5, 9, 11.25], "texture": "#1"},
				"up": {"uv": [9.75, 11, 9, 10.5], "texture": "#1"},
				"down": {"uv": [10.5, 10.5, 9.75, 11], "texture": "#1"}
			}
		},
		{
			"from": [16.5632, 12.0576, -3.9672],
			"to": [17.408, 14.592, -2.2776],
			"rotation": {"angle": 0, "axis": "y", "origin": [8, 6.7584, -2.7]},
			"faces": {
				"north": {"uv": [11.5, 10.75, 11.75, 11.5], "texture": "#1"},
				"east": {"uv": [10.5, 10.5, 11, 11.25], "texture": "#1"},
				"south": {"uv": [0, 11.75, 0.25, 12.5], "texture": "#1"},
				"west": {"uv": [10.5, 0, 11, 0.75], "texture": "#1"},
				"up": {"uv": [12, 10.75, 11.75, 10.25], "texture": "#1"},
				"down": {"uv": [12, 10.75, 11.75, 11.25], "texture": "#1"}
			}
		},
		{
			"from": [14.16, 11.68, -4.02],
			"to": [16.8, 12.18, -2.26],
			"rotation": {"angle": 0, "axis": "y", "origin": [8, 7.04, -2.7]},
			"faces": {
				"north": {"uv": [11.5, 0.5, 12.25, 0.75], "texture": "#1"},
				"east": {"uv": [11.75, 6.75, 12.25, 7], "texture": "#1"},
				"south": {"uv": [11.5, 2, 12.25, 2.25], "texture": "#1"},
				"west": {"uv": [11.75, 7.75, 12.25, 8], "texture": "#1"},
				"up": {"uv": [11.25, 2.25, 10.5, 1.75], "texture": "#1"},
				"down": {"uv": [11.25, 2.25, 10.5, 2.75], "texture": "#1"}
			}
		},
		{
			"from": [14.16, 14.68, -4.02],
			"to": [16.8, 15.18, -2.26],
			"rotation": {"angle": 0, "axis": "y", "origin": [8, 7.04, -2.7]},
			"faces": {
				"north": {"uv": [11.5, 4.25, 12.25, 4.5], "texture": "#1"},
				"east": {"uv": [11.75, 9.25, 12.25, 9.5], "texture": "#1"},
				"south": {"uv": [11.5, 4.5, 12.25, 4.75], "texture": "#1"},
				"west": {"uv": [11.75, 11.25, 12.25, 11.5], "texture": "#1"},
				"up": {"uv": [11.25, 4.25, 10.5, 3.75], "texture": "#1"},
				"down": {"uv": [11.25, 4.25, 10.5, 4.75], "texture": "#1"}
			}
		},
		{
			"from": [12, 6, -7.2],
			"to": [13, 14, 1.8],
			"rotation": {"angle": 0, "axis": "y", "origin": [8, -9, -2.7]},
			"faces": {
				"north": {"uv": [3.25, 9.25, 3.5, 11.25], "texture": "#1"},
				"east": {"uv": [2.5, 0, 4.75, 2], "texture": "#1"},
				"south": {"uv": [4.75, 9.5, 5, 11.5], "texture": "#1"},
				"west": {"uv": [4.5, 4.5, 6.75, 6.5], "texture": "#1"},
				"down": {"uv": [3.75, 9, 3.5, 11.25], "texture": "#1"}
			}
		},
		{
			"from": [3, 6, -7.2],
			"to": [4, 14, 1.8],
			"rotation": {"angle": 0, "axis": "y", "origin": [8, -9, -2.7]},
			"faces": {
				"north": {"uv": [7.5, 9.5, 7.75, 11.5], "texture": "#1"},
				"east": {"uv": [4.5, 2, 6.75, 4], "texture": "#1"},
				"south": {"uv": [7.75, 9.5, 8, 11.5], "texture": "#1"},
				"west": {"uv": [0, 4.75, 2.25, 6.75], "texture": "#1"},
				"down": {"uv": [4, 9, 3.75, 11.25], "texture": "#1"}
			}
		},
		{
			"from": [3, 14, -7.2],
			"to": [13, 15, 1.8],
			"rotation": {"angle": 0, "axis": "y", "origin": [8, -9, -2.7]},
			"faces": {
				"north": {"uv": [7.75, 7.5, 10.25, 7.75], "texture": "#1"},
				"east": {"uv": [9, 1.25, 11.25, 1.5], "texture": "#1"},
				"south": {"uv": [8.75, 5.25, 11.25, 5.5], "texture": "#1"},
				"west": {"uv": [9, 1.5, 11.25, 1.75], "texture": "#1"},
				"up": {"uv": [2.5, 2.25, 0, 0], "texture": "#1"}
			}
		},
		{
			"from": [9.1, 13.8, -7.55],
			"to": [11.5, 14.5, -6.85],
			"rotation": {"angle": 0, "axis": "y", "origin": [8, -6.3, -2.7]},
			"faces": {
				"north": {"uv": [4, 11.75, 4.5, 12], "texture": "#1"},
				"east": {"uv": [5.5, 8.5, 5.75, 8.75], "texture": "#1"},
				"west": {"uv": [5.25, 12, 5.5, 12.25], "texture": "#1"},
				"up": {"uv": [9.75, 12, 9.25, 11.75], "texture": "#1"},
				"down": {"uv": [10.25, 11.75, 9.75, 12], "texture": "#1"}
			}
		},
		{
			"from": [4.5, 13.8, -7.55],
			"to": [6.9, 14.5, -6.85],
			"rotation": {"angle": 0, "axis": "y", "origin": [8, -6.3, -2.7]},
			"faces": {
				"north": {"uv": [10.25, 11.75, 10.75, 12], "texture": "#1"},
				"east": {"uv": [5.5, 12, 5.75, 12.25], "texture": "#1"},
				"west": {"uv": [5.75, 12, 6, 12.25], "texture": "#1"},
				"up": {"uv": [11.25, 12, 10.75, 11.75], "texture": "#1"},
				"down": {"uv": [12.25, 5.5, 11.75, 5.75], "texture": "#1"}
			}
		},
		{
			"from": [4, 13, -7.2],
			"to": [12, 14, -5.2],
			"rotation": {"angle": 0, "axis": "y", "origin": [8, -9, -2.7]},
			"faces": {
				"north": {"uv": [2.5, 2, 4.5, 2.25], "texture": "#1"},
				"east": {"uv": [6, 12, 6.25, 12.25], "texture": "#1"},
				"south": {"uv": [4.75, 1.75, 6.75, 2], "texture": "#1"},
				"west": {"uv": [6.25, 12, 6.5, 12.25], "texture": "#1"},
				"up": {"uv": [11.5, 3, 9.5, 2.75], "texture": "#1"},
				"down": {"uv": [11.5, 3, 9.5, 3.25], "texture": "#1"}
			}
		},
		{
			"from": [7, 10, -7.2],
			"to": [9, 13, -5.2],
			"rotation": {"angle": 0, "axis": "y", "origin": [8, -9, -2.7]},
			"faces": {
				"north": {"uv": [4, 10.25, 4.5, 11], "texture": "#1"},
				"east": {"uv": [1.75, 7.75, 2, 8.5], "texture": "#1"},
				"west": {"uv": [11.5, 5.5, 11.75, 6.25], "texture": "#1"}
			}
		},
		{
			"from": [4.22, 4.86, -1],
			"to": [11.78, 7.02, 2.24],
			"rotation": {"angle": 0, "axis": "y", "origin": [8, 4.86, 0.62]},
			"faces": {
				"north": {"uv": [0, 8.5, 2, 9], "texture": "#1"},
				"east": {"uv": [6, 10.25, 6.75, 10.75], "texture": "#1"},
				"south": {"uv": [2, 8.5, 4, 9], "texture": "#1"},
				"west": {"uv": [6.75, 10.25, 7.5, 10.75], "texture": "#1"},
				"down": {"uv": [8.75, 4.75, 6.75, 5.5], "texture": "#1"}
			}
		},
		{
			"from": [12, 5, -6.2],
			"to": [13, 6, 0.8],
			"rotation": {"angle": 0, "axis": "y", "origin": [8, -9, -2.7]},
			"faces": {
				"north": {"uv": [6.5, 12, 6.75, 12.25], "texture": "#1"},
				"east": {"uv": [9.75, 9.5, 11.5, 9.75], "texture": "#1"},
				"south": {"uv": [6.75, 12, 7, 12.25], "texture": "#1"},
				"west": {"uv": [8, 10, 9.75, 10.25], "texture": "#1"},
				"down": {"uv": [2.25, 6.75, 2, 8.5], "texture": "#1"}
			}
		},
		{
			"from": [3, 5, -6.2],
			"to": [4, 6, 0.8],
			"rotation": {"angle": 0, "axis": "y", "origin": [8, -9, -2.7]},
			"faces": {
				"north": {"uv": [7, 12, 7.25, 12.25], "texture": "#1"},
				"east": {"uv": [9.75, 10, 11.5, 10.25], "texture": "#1"},
				"south": {"uv": [7.25, 12, 7.5, 12.25], "texture": "#1"},
				"west": {"uv": [10, 8.75, 11.75, 9], "texture": "#1"},
				"down": {"uv": [1.25, 10.25, 1, 12], "texture": "#1"}
			}
		},
		{
			"from": [3, 7, 1.8],
			"to": [13, 14, 2.8],
			"rotation": {"angle": 0, "axis": "y", "origin": [8, -9, -1.7]},
			"faces": {
				"east": {"uv": [1.25, 10.25, 1.5, 12], "texture": "#1"},
				"south": {"uv": [4.75, 0, 7.25, 1.75], "texture": "#1"},
				"west": {"uv": [1.5, 10.25, 1.75, 12], "texture": "#1"},
				"up": {"uv": [3.5, 9.25, 1, 9], "texture": "#1"},
				"down": {"uv": [11.5, 1, 9, 1.25], "texture": "#1"}
			}
		},
		{
			"from": [4, 8, 2.3],
			"to": [12, 13, 3.3],
			"rotation": {"angle": 0, "axis": "y", "origin": [8, -9, -1.7]},
			"faces": {
				"east": {"uv": [4.5, 10.25, 4.75, 11.5], "texture": "#1"},
				"south": {"uv": [4, 6.5, 6, 7.75], "texture": "#1"},
				"west": {"uv": [3.75, 11.25, 4, 12.5], "texture": "#1"},
				"up": {"uv": [11.5, 3.5, 9.5, 3.25], "texture": "#1"},
				"down": {"uv": [11.5, 3.5, 9.5, 3.75], "texture": "#1"}
			}
		},
		{
			"from": [3.7, 15, -6.2],
			"to": [12.2, 16, 0.8],
			"rotation": {"angle": 0, "axis": "y", "origin": [8, -9, -2.7]},
			"faces": {
				"north": {"uv": [1, 9.25, 3.25, 9.5], "texture": "#1"},
				"east": {"uv": [10, 9, 11.75, 9.25], "texture": "#1"},
				"south": {"uv": [6, 9.25, 8.25, 9.5], "texture": "#1"},
				"west": {"uv": [8, 10.25, 9.75, 10.5], "texture": "#1"},
				"up": {"uv": [4.5, 6.5, 2.25, 4.75], "texture": "#1"}
			}
		},
		{
			"from": [9, 10, -6.7],
			"to": [12, 13, -5.7],
			"rotation": {"angle": 0, "axis": "y", "origin": [8, -9, -0.7]},
			"faces": {
				"north": {"uv": [8.25, 9.25, 9, 10], "texture": "#1"}
			}
		},
		{
			"from": [4, 10, -5.7],
			"to": [7, 13, -4.7],
			"rotation": {"angle": 0, "axis": "y", "origin": [8, -9, 0.3]},
			"faces": {
				"north": {"uv": [15, 8.875, 15.75, 9.625], "texture": "#1"}
			}
		},
		{
			"from": [13, 7, -6.2],
			"to": [14, 11, 0.8],
			"rotation": {"angle": 0, "axis": "y", "origin": [8, -9, -2.7]},
			"faces": {
				"north": {"uv": [11.25, 1.25, 11.5, 2.25], "texture": "#1"},
				"east": {"uv": [6.75, 2.75, 8.5, 3.75], "texture": "#1"},
				"south": {"uv": [11.25, 3.75, 11.5, 4.75], "texture": "#1"},
				"up": {"uv": [2, 12, 1.75, 10.25], "texture": "#1"},
				"down": {"uv": [2.25, 10.25, 2, 12], "texture": "#1"}
			}
		},
		{
			"from": [2, 7, -6.2],
			"to": [3, 11, 0.8],
			"rotation": {"angle": 0, "axis": "y", "origin": [8, -9, -2.7]},
			"faces": {
				"north": {"uv": [4.5, 11.5, 4.75, 12.5], "texture": "#1"},
				"south": {"uv": [4.75, 11.5, 5, 12.5], "texture": "#1"},
				"west": {"uv": [6.75, 3.75, 8.5, 4.75], "texture": "#1"},
				"up": {"uv": [2.5, 12, 2.25, 10.25], "texture": "#1"},
				"down": {"uv": [2.75, 10.25, 2.5, 12], "texture": "#1"}
			}
		},
		{
			"from": [2.5, 11, -6.2],
			"to": [3, 12.5, 0.8],
			"rotation": {"angle": 0, "axis": "y", "origin": [8.5, -5, -2.7]},
			"faces": {
				"north": {"uv": [3.5, 12, 3.75, 12.5], "texture": "#1"},
				"south": {"uv": [4, 12, 4.25, 12.5], "texture": "#1"},
				"west": {"uv": [8.75, 2.25, 10.5, 2.75], "texture": "#1"},
				"up": {"uv": [3, 12, 2.75, 10.25], "texture": "#1"}
			}
		},
		{
			"from": [13, 11, -6.2],
			"to": [13.5, 12.5, 0.8],
			"rotation": {"angle": 0, "axis": "y", "origin": [19, -5, -2.7]},
			"faces": {
				"north": {"uv": [4.25, 12, 4.5, 12.5], "texture": "#1"},
				"east": {"uv": [8.75, 4.75, 10.5, 5.25], "texture": "#1"},
				"south": {"uv": [5, 12, 5.25, 12.5], "texture": "#1"},
				"up": {"uv": [3.25, 12, 3, 10.25], "texture": "#1"}
			}
		},
		{
			"from": [4.8, 10.9, -6.2],
			"to": [6.3, 12.4, -5.2],
			"rotation": {"angle": 0, "axis": "y", "origin": [13, 19, 3.3]},
			"faces": {
				"north": {"uv": [8.625, 14.75, 9.125, 15.25], "texture": "#1", "cullface": "north"},
				"east": {"uv": [8.75, 15.125, 9, 15.625], "texture": "#1"},
				"south": {"uv": [8, 14.75, 8.5, 15.25], "texture": "#1"},
				"west": {"uv": [7.75, 14.875, 8, 15.375], "texture": "#1"},
				"up": {"uv": [7.375, 15, 7.875, 15.25], "texture": "#1"},
				"down": {"uv": [9.25, 14.5, 9.75, 14.75], "texture": "#1"}
			}
		},
		{
			"from": [5.1, 11.2, -6.7],
			"to": [5.9, 12, -5.9],
			"rotation": {"angle": 0, "axis": "y", "origin": [14, 20, 2.3]},
			"faces": {
				"north": {"uv": [10.375, 15, 10.875, 15.5], "texture": "#1", "cullface": "north"},
				"east": {"uv": [9.5, 15.375, 9.75, 15.875], "texture": "#1"},
				"south": {"uv": [13.125, 15, 13.625, 15.5], "texture": "#1"},
				"west": {"uv": [3.5, 15, 3.75, 15.5], "texture": "#1"},
				"up": {"uv": [5, 15.625, 5.5, 15.875], "texture": "#1"},
				"down": {"uv": [6.625, 15.5, 7.125, 15.75], "texture": "#1"}
			}
		},
		{
			"from": [5.3, 12.5, -6.7],
			"to": [5.8, 13.3, -6.2],
			"rotation": {"angle": 0, "axis": "y", "origin": [14, 20, 1.3]},
			"faces": {
				"north": {"uv": [1.25, 13.875, 1.375, 14.075], "texture": "#1"},
				"east": {"uv": [2.125, 15.75, 2.25, 15.95], "texture": "#1"},
				"south": {"uv": [0.375, 13.75, 0.5, 13.95], "texture": "#1"},
				"west": {"uv": [0, 14.625, 0.125, 14.825], "texture": "#1"},
				"up": {"uv": [2.125, 14.125, 2.25, 14.25], "texture": "#1"},
				"down": {"uv": [1.75, 12.875, 1.875, 13], "texture": "#1"}
			}
		},
		{
			"from": [5.3, 10, -6.7],
			"to": [5.8, 10.8, -6.2],
			"rotation": {"angle": 0, "axis": "y", "origin": [14, 18, 1.3]},
			"faces": {
				"north": {"uv": [0.5, 14.5, 0.625, 14.7], "texture": "#1"},
				"east": {"uv": [2.375, 13.875, 2.5, 14.075], "texture": "#1"},
				"south": {"uv": [1, 14.625, 1.125, 14.825], "texture": "#1"},
				"west": {"uv": [1.25, 14.875, 1.375, 15.075], "texture": "#1"},
				"up": {"uv": [2.625, 12.5, 2.75, 12.625], "texture": "#1"},
				"down": {"uv": [2.625, 15.875, 2.75, 16], "texture": "#1"}
			}
		},
		{
			"from": [3.5, 6.2, -9.2],
			"to": [4, 9.2, -7.2],
			"rotation": {"angle": 0, "axis": "y", "origin": [8, -9, -2.7]},
			"faces": {
				"north": {"uv": [11.5, 6.25, 11.75, 7], "texture": "#1"},
				"west": {"uv": [10.25, 7.25, 10.75, 8], "texture": "#1"},
				"up": {"uv": [12, 7.75, 11.75, 7.25], "texture": "#1"},
				"down": {"uv": [12, 8.25, 11.75, 8.75], "texture": "#1"}
			}
		},
		{
			"from": [4, 6, -10.2],
			"to": [12, 10, -6.2],
			"rotation": {"angle": 0, "axis": "y", "origin": [8, -9, -2.7]},
			"faces": {
				"north": {"uv": [6, 6.5, 8, 7.5], "texture": "#1"},
				"east": {"uv": [4, 8.5, 5, 9.5], "texture": "#1"},
				"west": {"uv": [8.5, 2.75, 9.5, 3.75], "texture": "#1"},
				"up": {"uv": [2, 7.75, 0, 6.75], "texture": "#1"},
				"down": {"uv": [8.75, 1.75, 6.75, 2.75], "texture": "#1"}
			}
		},
		{
			"from": [5, 10, -9.2],
			"to": [11, 10.5, -5.2],
			"rotation": {"angle": 0, "axis": "y", "origin": [8, -5, -2.7]},
			"faces": {
				"north": {"uv": [10.5, 0.75, 12, 1], "texture": "#1"},
				"east": {"uv": [10.5, 5, 11.5, 5.25], "texture": "#1"},
				"west": {"uv": [11.25, 2.25, 12.25, 2.5], "texture": "#1"},
				"up": {"uv": [8.25, 6.5, 6.75, 5.5], "texture": "#1"}
			}
		},
		{
			"from": [4.4, 7.4, -10.1],
			"to": [6.7, 9.2, -9.2],
			"rotation": {"angle": 0, "axis": "y", "origin": [8, -8.1, -1.7]},
			"faces": {
				"north": {"uv": [8.5, 11.25, 9, 11.75], "texture": "#1"},
				"east": {"uv": [5.75, 7.75, 6, 8.25], "texture": "#1"},
				"west": {"uv": [8, 9.5, 8.25, 10], "texture": "#1"},
				"up": {"uv": [12.25, 6, 11.75, 5.75], "texture": "#1"},
				"down": {"uv": [12.25, 6, 11.75, 6.25], "texture": "#1"}
			}
		},
		{
			"from": [9.3, 7.4, -10.1],
			"to": [11.6, 9.2, -9.2],
			"rotation": {"angle": 0, "axis": "y", "origin": [8, -8.1, -1.7]},
			"faces": {
				"north": {"uv": [10.5, 11.25, 11, 11.75], "texture": "#1"},
				"east": {"uv": [0.75, 11.75, 1, 12.25], "texture": "#1"},
				"west": {"uv": [11.25, 11.75, 11.5, 12.25], "texture": "#1"},
				"up": {"uv": [12.25, 6.5, 11.75, 6.25], "texture": "#1"},
				"down": {"uv": [12.25, 6.5, 11.75, 6.75], "texture": "#1"}
			}
		},
		{
			"from": [12, 6.2, -9.2],
			"to": [12.5, 9.2, -7.2],
			"rotation": {"angle": 0, "axis": "y", "origin": [8, -9, -2.7]},
			"faces": {
				"north": {"uv": [11.5, 7.25, 11.75, 8], "texture": "#1"},
				"east": {"uv": [10.25, 8, 10.75, 8.75], "texture": "#1"},
				"south": {"uv": [11.5, 10, 11.75, 10.75], "texture": "#1"},
				"west": {"uv": [5, 10.5, 5.5, 11.25], "texture": "#1"},
				"up": {"uv": [12, 9.25, 11.75, 8.75], "texture": "#1"},
				"down": {"uv": [12, 9.75, 11.75, 10.25], "texture": "#1"}
			}
		},
		{
			"from": [5, 5.6, -9.2],
			"to": [11, 6.1, -5.2],
			"rotation": {"angle": 0, "axis": "y", "origin": [8, -9, -2.7]},
			"faces": {
				"north": {"uv": [10.5, 4.75, 12, 5], "texture": "#1"},
				"east": {"uv": [11.25, 2.5, 12.25, 2.75], "texture": "#1"},
				"west": {"uv": [11.25, 5.25, 12.25, 5.5], "texture": "#1"},
				"down": {"uv": [8.75, 0, 7.25, 1], "texture": "#1"}
			}
		},
		{
			"from": [3.68, 4, 1.3],
			"to": [12.32, 5.5, 3.02],
			"rotation": {"angle": 0, "axis": "y", "origin": [8, 5.86, 2.62]},
			"faces": {
				"north": {"uv": [5.75, 8.25, 8, 8.75], "texture": "#1"},
				"east": {"uv": [11.5, 1.5, 12, 2], "texture": "#1"},
				"south": {"uv": [8, 8.25, 10.25, 8.75], "texture": "#1"},
				"west": {"uv": [11.5, 2.75, 12, 3.25], "texture": "#1"},
				"up": {"uv": [10.5, 6, 8.25, 5.5], "texture": "#1"},
				"down": {"uv": [10.5, 6, 8.25, 6.5], "texture": "#1"}
			}
		},
		{
			"from": [2.6, 2.78, -7.64],
			"to": [4.6, 4.94, 0.08],
			"rotation": {"angle": 0, "axis": "y", "origin": [8.64, 3.86, 0.62]},
			"faces": {
				"north": {"uv": [7.5, 11.5, 8, 12], "texture": "#1"},
				"east": {"uv": [6, 8.75, 8, 9.25], "texture": "#1"},
				"south": {"uv": [11.5, 11.5, 12, 12], "texture": "#1"},
				"west": {"uv": [8, 8.75, 10, 9.25], "texture": "#1"},
				"up": {"uv": [0.5, 11, 0, 9], "texture": "#1"},
				"down": {"uv": [1, 9, 0.5, 11], "texture": "#1"}
			}
		},
		{
			"from": [4.68, 2, -0.7],
			"to": [11.32, 4.5, 2.02],
			"rotation": {"angle": 0, "axis": "y", "origin": [8, 3.86, 8.62]},
			"faces": {
				"north": {"uv": [7.25, 1, 9, 1.75], "texture": "#1"},
				"east": {"uv": [6, 9.5, 6.75, 10.25], "texture": "#1"},
				"south": {"uv": [6, 7.5, 7.75, 8.25], "texture": "#1"},
				"west": {"uv": [6.75, 9.5, 7.5, 10.25], "texture": "#1"},
				"up": {"uv": [1.75, 8.5, 0, 7.75], "texture": "#1"},
				"down": {"uv": [5.75, 7.75, 4, 8.5], "texture": "#1"}
			}
		},
		{
			"from": [11.32, 2.78, -7.64],
			"to": [13.32, 4.94, 0.08],
			"rotation": {"angle": 0, "axis": "y", "origin": [16.64, 3.86, 0.62]},
			"faces": {
				"north": {"uv": [11.25, 8.25, 11.75, 8.75], "texture": "#1"},
				"east": {"uv": [8.5, 3.75, 10.5, 4.25], "texture": "#1"},
				"south": {"uv": [7, 11.5, 7.5, 12], "texture": "#1"},
				"west": {"uv": [8.5, 4.25, 10.5, 4.75], "texture": "#1"},
				"up": {"uv": [5.5, 10.5, 5, 8.5], "texture": "#1"},
				"down": {"uv": [6, 8.75, 5.5, 10.75], "texture": "#1"}
			}
		},
		{
			"from": [3.68, 1.78, -8.64],
			"to": [12.32, 3.94, 1.08],
			"rotation": {"angle": 0, "axis": "y", "origin": [8, 3.86, 0.62]},
			"faces": {
				"north": {"uv": [4.5, 4, 6.75, 4.5], "texture": "#1"},
				"east": {"uv": [7.75, 7.75, 10.25, 8.25], "texture": "#1"},
				"south": {"uv": [8, 7, 10.25, 7.5], "texture": "#1"},
				"west": {"uv": [8, 6.5, 10.5, 7], "texture": "#1"},
				"up": {"uv": [2.25, 4.75, 0, 2.25], "texture": "#1"},
				"down": {"uv": [4.5, 2.25, 2.25, 4.75], "texture": "#1"}
			}
		},
		{
			"from": [4.68, 1.3, -8.2],
			"to": [11.32, 1.8, -0.48],
			"rotation": {"angle": 0, "axis": "y", "origin": [8, 1.7, 0.62]},
			"faces": {
				"north": {"uv": [9.75, 10.25, 11.5, 10.5], "texture": "#1"},
				"east": {"uv": [9.75, 9.75, 11.75, 10], "texture": "#1"},
				"south": {"uv": [10.25, 7, 12, 7.25], "texture": "#1"},
				"west": {"uv": [9.75, 9.25, 11.75, 9.5], "texture": "#1"},
				"down": {"uv": [4, 6.5, 2.25, 8.5], "texture": "#1"}
			}
		},
		{
			"from": [10.3, 4.43, -9.45],
			"to": [10.8, 4.93, -9.45],
			"rotation": {"angle": 0, "axis": "y", "origin": [17.82, 12.43, -1.7]},
			"faces": {
				"north": {"uv": [14.625, 10.125, 14.75, 10.25], "texture": "#1"},
				"east": {"uv": [0, 0, 0, 0.125], "texture": "#1"},
				"south": {"uv": [0, 0, 0.125, 0.125], "texture": "#1"},
				"west": {"uv": [0, 0, 0, 0.125], "texture": "#1"},
				"up": {"uv": [0, 0, 0.125, 0], "texture": "#1"},
				"down": {"uv": [0, 0, 0.125, 0], "texture": "#1"}
			}
		},
		{
			"from": [10.3, 5.07, -9.45],
			"to": [10.8, 5.57, -9.45],
			"rotation": {"angle": 0, "axis": "y", "origin": [17.82, -2.43, -1.7]},
			"faces": {
				"north": {"uv": [14.625, 10.25, 14.75, 10.125], "texture": "#1"},
				"east": {"uv": [0, 0.125, 0, 0], "texture": "#1"},
				"south": {"uv": [0, 0.125, 0.125, 0], "texture": "#1"},
				"west": {"uv": [0, 0.125, 0, 0], "texture": "#1"},
				"up": {"uv": [0, 0, 0.125, 0], "texture": "#1"},
				"down": {"uv": [0, 0, 0.125, 0], "texture": "#1"}
			}
		},
		{
			"from": [5.2, 4.43, -9.45],
			"to": [5.7, 4.93, -9.45],
			"rotation": {"angle": 0, "axis": "y", "origin": [-1.82, 12.43, -1.7]},
			"faces": {
				"north": {"uv": [14.75, 10.125, 14.625, 10.25], "texture": "#1"},
				"east": {"uv": [0, 0, 0, 0.125], "texture": "#1"},
				"south": {"uv": [0.125, 0, 0, 0.125], "texture": "#1"},
				"west": {"uv": [0, 0, 0, 0.125], "texture": "#1"},
				"up": {"uv": [0.125, 0, 0, 0], "texture": "#1"},
				"down": {"uv": [0.125, 0, 0, 0], "texture": "#1"}
			}
		},
		{
			"from": [5.2, 5.07, -9.45],
			"to": [5.7, 5.57, -9.45],
			"rotation": {"angle": 0, "axis": "y", "origin": [-1.82, -2.43, -1.7]},
			"faces": {
				"north": {"uv": [14.75, 10.25, 14.625, 10.125], "texture": "#1"},
				"east": {"uv": [0, 0.125, 0, 0], "texture": "#1"},
				"south": {"uv": [0.125, 0.125, 0, 0], "texture": "#1"},
				"west": {"uv": [0, 0.125, 0, 0], "texture": "#1"},
				"up": {"uv": [0.125, 0, 0, 0], "texture": "#1"},
				"down": {"uv": [0.125, 0, 0, 0], "texture": "#1"}
			}
		},
		{
			"from": [6.2, 4.43, -9.45],
			"to": [6.7, 4.93, -9.45],
			"rotation": {"angle": 0, "axis": "y", "origin": [-0.82, 12.43, -1.7]},
			"faces": {
				"north": {"uv": [14.75, 10.125, 14.625, 10.25], "texture": "#1"},
				"east": {"uv": [0, 0, 0, 0.125], "texture": "#1"},
				"south": {"uv": [0.125, 0, 0, 0.125], "texture": "#1"},
				"west": {"uv": [0, 0, 0, 0.125], "texture": "#1"},
				"up": {"uv": [0.125, 0, 0, 0], "texture": "#1"},
				"down": {"uv": [0.125, 0, 0, 0], "texture": "#1"}
			}
		},
		{
			"from": [6.2, 5.07, -9.45],
			"to": [6.7, 5.57, -9.45],
			"rotation": {"angle": 0, "axis": "y", "origin": [-0.82, -2.43, -1.7]},
			"faces": {
				"north": {"uv": [14.75, 10.25, 14.625, 10.125], "texture": "#1"},
				"east": {"uv": [0, 0.125, 0, 0], "texture": "#1"},
				"south": {"uv": [0.125, 0.125, 0, 0], "texture": "#1"},
				"west": {"uv": [0, 0.125, 0, 0], "texture": "#1"},
				"up": {"uv": [0.125, 0, 0, 0], "texture": "#1"},
				"down": {"uv": [0.125, 0, 0, 0], "texture": "#1"}
			}
		},
		{
			"from": [7.2, 4.43, -9.45],
			"to": [7.7, 4.93, -9.45],
			"rotation": {"angle": 0, "axis": "y", "origin": [0.18, 12.43, -1.7]},
			"faces": {
				"north": {"uv": [14.75, 10.125, 14.625, 10.25], "texture": "#1"},
				"east": {"uv": [0, 0, 0, 0.125], "texture": "#1"},
				"south": {"uv": [0.125, 0, 0, 0.125], "texture": "#1"},
				"west": {"uv": [0, 0, 0, 0.125], "texture": "#1"},
				"up": {"uv": [0.125, 0, 0, 0], "texture": "#1"},
				"down": {"uv": [0.125, 0, 0, 0], "texture": "#1"}
			}
		},
		{
			"from": [7.2, 5.07, -9.45],
			"to": [7.7, 5.57, -9.45],
			"rotation": {"angle": 0, "axis": "y", "origin": [0.18, -2.43, -1.7]},
			"faces": {
				"north": {"uv": [14.75, 10.25, 14.625, 10.125], "texture": "#1"},
				"east": {"uv": [0, 0.125, 0, 0], "texture": "#1"},
				"south": {"uv": [0.125, 0.125, 0, 0], "texture": "#1"},
				"west": {"uv": [0, 0.125, 0, 0], "texture": "#1"},
				"up": {"uv": [0.125, 0, 0, 0], "texture": "#1"},
				"down": {"uv": [0.125, 0, 0, 0], "texture": "#1"}
			}
		},
		{
			"from": [8.2, 4.43, -9.45],
			"to": [8.7, 4.93, -9.45],
			"rotation": {"angle": 0, "axis": "y", "origin": [1.18, 12.43, -1.7]},
			"faces": {
				"north": {"uv": [14.75, 10.125, 14.625, 10.25], "texture": "#1"},
				"east": {"uv": [0, 0, 0, 0.125], "texture": "#1"},
				"south": {"uv": [0.125, 0, 0, 0.125], "texture": "#1"},
				"west": {"uv": [0, 0, 0, 0.125], "texture": "#1"},
				"up": {"uv": [0.125, 0, 0, 0], "texture": "#1"},
				"down": {"uv": [0.125, 0, 0, 0], "texture": "#1"}
			}
		},
		{
			"from": [8.2, 5.07, -9.45],
			"to": [8.7, 5.57, -9.45],
			"rotation": {"angle": 0, "axis": "y", "origin": [1.18, -2.43, -1.7]},
			"faces": {
				"north": {"uv": [14.75, 10.25, 14.625, 10.125], "texture": "#1"},
				"east": {"uv": [0, 0.125, 0, 0], "texture": "#1"},
				"south": {"uv": [0.125, 0.125, 0, 0], "texture": "#1"},
				"west": {"uv": [0, 0.125, 0, 0], "texture": "#1"},
				"up": {"uv": [0.125, 0, 0, 0], "texture": "#1"},
				"down": {"uv": [0.125, 0, 0, 0], "texture": "#1"}
			}
		},
		{
			"from": [9.2, 4.43, -9.45],
			"to": [9.7, 4.93, -9.45],
			"rotation": {"angle": 0, "axis": "y", "origin": [2.18, 12.43, -1.7]},
			"faces": {
				"north": {"uv": [14.75, 10.125, 14.625, 10.25], "texture": "#1"},
				"east": {"uv": [0, 0, 0, 0.125], "texture": "#1"},
				"south": {"uv": [0.125, 0, 0, 0.125], "texture": "#1"},
				"west": {"uv": [0, 0, 0, 0.125], "texture": "#1"},
				"up": {"uv": [0.125, 0, 0, 0], "texture": "#1"},
				"down": {"uv": [0.125, 0, 0, 0], "texture": "#1"}
			}
		},
		{
			"from": [9.2, 5.07, -9.45],
			"to": [9.7, 5.57, -9.45],
			"rotation": {"angle": 0, "axis": "y", "origin": [2.18, -2.43, -1.7]},
			"faces": {
				"north": {"uv": [14.75, 10.25, 14.625, 10.125], "texture": "#1"},
				"east": {"uv": [0, 0.125, 0, 0], "texture": "#1"},
				"south": {"uv": [0.125, 0.125, 0, 0], "texture": "#1"},
				"west": {"uv": [0, 0.125, 0, 0], "texture": "#1"},
				"up": {"uv": [0.125, 0, 0, 0], "texture": "#1"},
				"down": {"uv": [0.125, 0, 0, 0], "texture": "#1"}
			}
		},
		{
			"from": [6.2, 4.43, -9.45],
			"to": [6.7, 4.93, -9.45],
			"rotation": {"angle": 0, "axis": "y", "origin": [-0.82, 12.43, -1.7]},
			"faces": {
				"north": {"uv": [14.75, 10.125, 14.625, 10.25], "texture": "#1"},
				"east": {"uv": [0, 0, 0, 0.125], "texture": "#1"},
				"south": {"uv": [0.125, 0, 0, 0.125], "texture": "#1"},
				"west": {"uv": [0, 0, 0, 0.125], "texture": "#1"},
				"up": {"uv": [0.125, 0, 0, 0], "texture": "#1"},
				"down": {"uv": [0.125, 0, 0, 0], "texture": "#1"}
			}
		},
		{
			"from": [10.3, 3.93, -9.7],
			"to": [10.8, 4.43, -9.2],
			"rotation": {"angle": 0, "axis": "y", "origin": [17.82, 11.93, -1.7]},
			"faces": {
				"north": {"uv": [14.625, 10.125, 14.75, 10.25], "texture": "#1"},
				"east": {"uv": [0, 0, 0.125, 0.125], "texture": "#1"},
				"south": {"uv": [0, 0, 0.125, 0.125], "texture": "#1"},
				"west": {"uv": [0, 0, 0.125, 0.125], "texture": "#1"},
				"up": {"uv": [0, 0, 0.125, 0.125], "texture": "#1"},
				"down": {"uv": [0, 0, 0.125, 0.125], "texture": "#1"}
			}
		},
		{
			"from": [10.3, 5.57, -9.7],
			"to": [10.8, 6.07, -9.2],
			"rotation": {"angle": 0, "axis": "y", "origin": [17.82, -1.93, -1.7]},
			"faces": {
				"north": {"uv": [14.625, 10.25, 14.75, 10.125], "texture": "#1"},
				"east": {"uv": [0, 0.125, 0.125, 0], "texture": "#1"},
				"south": {"uv": [0, 0.125, 0.125, 0], "texture": "#1"},
				"west": {"uv": [0, 0.125, 0.125, 0], "texture": "#1"},
				"up": {"uv": [0, 0.125, 0.125, 0], "texture": "#1"},
				"down": {"uv": [0, 0.125, 0.125, 0], "texture": "#1"}
			}
		},
		{
			"from": [5.2, 3.93, -9.7],
			"to": [5.7, 4.43, -9.2],
			"rotation": {"angle": 0, "axis": "y", "origin": [-1.82, 11.93, -1.7]},
			"faces": {
				"north": {"uv": [14.75, 10.125, 14.625, 10.25], "texture": "#1"},
				"east": {"uv": [0.125, 0, 0, 0.125], "texture": "#1"},
				"south": {"uv": [0.125, 0, 0, 0.125], "texture": "#1"},
				"west": {"uv": [0.125, 0, 0, 0.125], "texture": "#1"},
				"up": {"uv": [0.125, 0, 0, 0.125], "texture": "#1"},
				"down": {"uv": [0.125, 0, 0, 0.125], "texture": "#1"}
			}
		},
		{
			"from": [5.2, 5.57, -9.7],
			"to": [5.7, 6.07, -9.2],
			"rotation": {"angle": 0, "axis": "y", "origin": [-1.82, -1.93, -1.7]},
			"faces": {
				"north": {"uv": [14.75, 10.25, 14.625, 10.125], "texture": "#1"},
				"east": {"uv": [0.125, 0.125, 0, 0], "texture": "#1"},
				"south": {"uv": [0.125, 0.125, 0, 0], "texture": "#1"},
				"west": {"uv": [0.125, 0.125, 0, 0], "texture": "#1"},
				"up": {"uv": [0.125, 0.125, 0, 0], "texture": "#1"},
				"down": {"uv": [0.125, 0.125, 0, 0], "texture": "#1"}
			}
		},
		{
			"from": [6.2, 3.93, -9.7],
			"to": [6.7, 4.43, -9.2],
			"rotation": {"angle": 0, "axis": "y", "origin": [-0.82, 11.93, -1.7]},
			"faces": {
				"north": {"uv": [14.75, 10.125, 14.625, 10.25], "texture": "#1"},
				"east": {"uv": [0.125, 0, 0, 0.125], "texture": "#1"},
				"south": {"uv": [0.125, 0, 0, 0.125], "texture": "#1"},
				"west": {"uv": [0.125, 0, 0, 0.125], "texture": "#1"},
				"up": {"uv": [0.125, 0, 0, 0.125], "texture": "#1"},
				"down": {"uv": [0.125, 0, 0, 0.125], "texture": "#1"}
			}
		},
		{
			"from": [6.2, 5.57, -9.7],
			"to": [6.7, 6.07, -9.2],
			"rotation": {"angle": 0, "axis": "y", "origin": [-0.82, -1.93, -1.7]},
			"faces": {
				"north": {"uv": [14.75, 10.25, 14.625, 10.125], "texture": "#1"},
				"east": {"uv": [0.125, 0.125, 0, 0], "texture": "#1"},
				"south": {"uv": [0.125, 0.125, 0, 0], "texture": "#1"},
				"west": {"uv": [0.125, 0.125, 0, 0], "texture": "#1"},
				"up": {"uv": [0.125, 0.125, 0, 0], "texture": "#1"},
				"down": {"uv": [0.125, 0.125, 0, 0], "texture": "#1"}
			}
		},
		{
			"from": [7.2, 3.93, -9.7],
			"to": [7.7, 4.43, -9.2],
			"rotation": {"angle": 0, "axis": "y", "origin": [0.18, 11.93, -1.7]},
			"faces": {
				"north": {"uv": [14.75, 10.125, 14.625, 10.25], "texture": "#1"},
				"east": {"uv": [0.125, 0, 0, 0.125], "texture": "#1"},
				"south": {"uv": [0.125, 0, 0, 0.125], "texture": "#1"},
				"west": {"uv": [0.125, 0, 0, 0.125], "texture": "#1"},
				"up": {"uv": [0.125, 0, 0, 0.125], "texture": "#1"},
				"down": {"uv": [0.125, 0, 0, 0.125], "texture": "#1"}
			}
		},
		{
			"from": [7.2, 5.57, -9.7],
			"to": [7.7, 6.07, -9.2],
			"rotation": {"angle": 0, "axis": "y", "origin": [0.18, -1.93, -1.7]},
			"faces": {
				"north": {"uv": [14.75, 10.25, 14.625, 10.125], "texture": "#1"},
				"east": {"uv": [0.125, 0.125, 0, 0], "texture": "#1"},
				"south": {"uv": [0.125, 0.125, 0, 0], "texture": "#1"},
				"west": {"uv": [0.125, 0.125, 0, 0], "texture": "#1"},
				"up": {"uv": [0.125, 0.125, 0, 0], "texture": "#1"},
				"down": {"uv": [0.125, 0.125, 0, 0], "texture": "#1"}
			}
		},
		{
			"from": [8.2, 3.93, -9.7],
			"to": [8.7, 4.43, -9.2],
			"rotation": {"angle": 0, "axis": "y", "origin": [1.18, 11.93, -1.7]},
			"faces": {
				"north": {"uv": [14.75, 10.125, 14.625, 10.25], "texture": "#1"},
				"east": {"uv": [0.125, 0, 0, 0.125], "texture": "#1"},
				"south": {"uv": [0.125, 0, 0, 0.125], "texture": "#1"},
				"west": {"uv": [0.125, 0, 0, 0.125], "texture": "#1"},
				"up": {"uv": [0.125, 0, 0, 0.125], "texture": "#1"},
				"down": {"uv": [0.125, 0, 0, 0.125], "texture": "#1"}
			}
		},
		{
			"from": [8.2, 5.57, -9.7],
			"to": [8.7, 6.07, -9.2],
			"rotation": {"angle": 0, "axis": "y", "origin": [1.18, -1.93, -1.7]},
			"faces": {
				"north": {"uv": [14.75, 10.25, 14.625, 10.125], "texture": "#1"},
				"east": {"uv": [0.125, 0.125, 0, 0], "texture": "#1"},
				"south": {"uv": [0.125, 0.125, 0, 0], "texture": "#1"},
				"west": {"uv": [0.125, 0.125, 0, 0], "texture": "#1"},
				"up": {"uv": [0.125, 0.125, 0, 0], "texture": "#1"},
				"down": {"uv": [0.125, 0.125, 0, 0], "texture": "#1"}
			}
		},
		{
			"from": [9.2, 3.93, -9.7],
			"to": [9.7, 4.43, -9.2],
			"rotation": {"angle": 0, "axis": "y", "origin": [2.18, 11.93, -1.7]},
			"faces": {
				"north": {"uv": [14.75, 10.125, 14.625, 10.25], "texture": "#1"},
				"east": {"uv": [0.125, 0, 0, 0.125], "texture": "#1"},
				"south": {"uv": [0.125, 0, 0, 0.125], "texture": "#1"},
				"west": {"uv": [0.125, 0, 0, 0.125], "texture": "#1"},
				"up": {"uv": [0.125, 0, 0, 0.125], "texture": "#1"},
				"down": {"uv": [0.125, 0, 0, 0.125], "texture": "#1"}
			}
		},
		{
			"from": [9.2, 5.57, -9.7],
			"to": [9.7, 6.07, -9.2],
			"rotation": {"angle": 0, "axis": "y", "origin": [2.18, -1.93, -1.7]},
			"faces": {
				"north": {"uv": [14.75, 10.25, 14.625, 10.125], "texture": "#1"},
				"east": {"uv": [0.125, 0.125, 0, 0], "texture": "#1"},
				"south": {"uv": [0.125, 0.125, 0, 0], "texture": "#1"},
				"west": {"uv": [0.125, 0.125, 0, 0], "texture": "#1"},
				"up": {"uv": [0.125, 0.125, 0, 0], "texture": "#1"},
				"down": {"uv": [0.125, 0.125, 0, 0], "texture": "#1"}
			}
		},
		{
			"from": [6.2, 3.93, -9.7],
			"to": [6.7, 4.43, -9.2],
			"rotation": {"angle": 0, "axis": "y", "origin": [-0.82, 11.93, -1.7]},
			"faces": {
				"north": {"uv": [14.75, 10.125, 14.625, 10.25], "texture": "#1"},
				"east": {"uv": [0.125, 0, 0, 0.125], "texture": "#1"},
				"south": {"uv": [0.125, 0, 0, 0.125], "texture": "#1"},
				"west": {"uv": [0.125, 0, 0, 0.125], "texture": "#1"},
				"up": {"uv": [0.125, 0, 0, 0.125], "texture": "#1"},
				"down": {"uv": [0.125, 0, 0, 0.125], "texture": "#1"}
			}
		},
		{
			"from": [1.5, 14.5, -2.7],
			"to": [4, 17, -0.2],
			"rotation": {"angle": -45, "axis": "z", "origin": [3, 15.5, -1.7]},
			"faces": {
				"north": {"uv": [13.625, 11.5, 14.25, 12.125], "rotation": 270, "texture": "#1"},
				"east": {"uv": [15.375, 0, 16, 0.625], "texture": "#1"},
				"south": {"uv": [12.25, 1.25, 12.875, 1.875], "rotation": 90, "texture": "#1"},
				"west": {"uv": [12.25, 2.5, 12.875, 3.125], "rotation": 180, "texture": "#1"},
				"up": {"uv": [12.25, 0.625, 12.875, 1.25], "rotation": 90, "texture": "#1"},
				"down": {"uv": [12.25, 1.875, 12.875, 2.5], "rotation": 90, "texture": "#1"}
			}
		},
		{
			"from": [0.87343, 16.16012, -2.45],
			"to": [2.87343, 19.16012, -0.45],
			"rotation": {"angle": 22.5, "axis": "z", "origin": [1.87343, 17.16012, -1.4]},
			"faces": {
				"north": {"uv": [13.625, 11.5, 14.25, 12.125], "rotation": 180, "texture": "#1"},
				"east": {"uv": [12.25, 5.5, 12.75, 6.25], "rotation": 180, "texture": "#1"},
				"south": {"uv": [12.25, 4.75, 12.75, 5.5], "rotation": 180, "texture": "#1"},
				"west": {"uv": [12.25, 3.5, 13, 4], "rotation": 90, "texture": "#1"},
				"up": {"uv": [12.25, 6.25, 12.75, 6.75], "rotation": 270, "texture": "#1"},
				"down": {"uv": [15.375, 9, 15.875, 9.5], "rotation": 90, "texture": "#1"}
			}
		},
		{
			"from": [0.38418, 18.62519, -2.15],
			"to": [1.88418, 21.62519, -0.65],
			"rotation": {"angle": 0, "axis": "y", "origin": [1.38418, 19.62519, -1.1]},
			"faces": {
				"north": {"uv": [13.625, 11.5, 14.25, 12.125], "rotation": 180, "texture": "#1"},
				"east": {"uv": [12.25, 9, 12.625, 9.75], "rotation": 180, "texture": "#1"},
				"south": {"uv": [12.25, 8.25, 12.625, 9], "rotation": 180, "texture": "#1"},
				"west": {"uv": [12.25, 7.5, 12.625, 8.25], "rotation": 180, "texture": "#1"},
				"up": {"uv": [12.25, 9.75, 12.625, 10.125], "rotation": 270, "texture": "#1"},
				"down": {"uv": [0, 0, 0.375, 0.375], "rotation": 90, "texture": "#1"}
			}
		},
		{
			"from": [0.89075, 21.16639, -1.9],
			"to": [1.89075, 24.16639, -0.9],
			"rotation": {"angle": -22.5, "axis": "z", "origin": [1.89075, 22.16639, -0.9]},
			"faces": {
				"north": {"uv": [13.625, 11.5, 14.25, 12.125], "rotation": 180, "texture": "#1"},
				"east": {"uv": [12.25, 12.375, 12.5, 13.125], "rotation": 180, "texture": "#1"},
				"south": {"uv": [12.25, 11.625, 12.5, 12.375], "rotation": 180, "texture": "#1"},
				"west": {"uv": [12.25, 10.875, 12.5, 11.625], "rotation": 180, "texture": "#1"},
				"up": {"uv": [12.25, 13.125, 12.5, 13.375], "rotation": 270, "texture": "#1"},
				"down": {"uv": [0, 0, 0.25, 0.25], "rotation": 90, "texture": "#1"}
			}
		},
		{
			"from": [12, 14.5, -2.7],
			"to": [14.5, 17, -0.2],
			"rotation": {"angle": 45, "axis": "z", "origin": [13, 15.5, -1.7]},
			"faces": {
				"north": {"uv": [13.625, 11.5, 14.25, 12.125], "rotation": 270, "texture": "#1"},
				"east": {"uv": [13, 3.125, 13.625, 2.5], "rotation": 90, "texture": "#1"},
				"south": {"uv": [13, 1.875, 13.625, 1.25], "rotation": 90, "texture": "#1"},
				"west": {"uv": [13.875, 3.125, 14.5, 2.5], "rotation": 90, "texture": "#1"},
				"up": {"uv": [13, 2.5, 13.625, 1.875], "rotation": 90, "texture": "#1"},
				"down": {"uv": [13, 1.25, 13.625, 0.625], "rotation": 90, "texture": "#1"}
			}
		},
		{
			"from": [13.12657, 16.16012, -2.45],
			"to": [15.12657, 19.16012, -0.45],
			"rotation": {"angle": -22.5, "axis": "z", "origin": [14.12657, 17.16012, -1.4]},
			"faces": {
				"north": {"uv": [13.625, 11.5, 14.25, 12.125], "rotation": 180, "texture": "#1"},
				"east": {"uv": [13.5, 3.25, 13, 4], "rotation": 180, "texture": "#1"},
				"south": {"uv": [13.5, 4.75, 13, 5.5], "rotation": 180, "texture": "#1"},
				"west": {"uv": [13.5, 5.5, 13, 6.25], "rotation": 180, "texture": "#1"},
				"up": {"uv": [13, 6.75, 13.5, 6.25], "rotation": 270, "texture": "#1"},
				"down": {"uv": [0, 0.5, 0.5, 0], "rotation": 90, "texture": "#1"}
			}
		},
		{
			"from": [14.11582, 18.62519, -2.15],
			"to": [15.61582, 21.62519, -0.65],
			"rotation": {"angle": 0, "axis": "y", "origin": [14.61582, 19.62519, -1.1]},
			"faces": {
				"north": {"uv": [13.625, 11.5, 14.25, 12.125], "rotation": 180, "texture": "#1"},
				"east": {"uv": [13.375, 7.5, 13, 8.25], "rotation": 180, "texture": "#1"},
				"south": {"uv": [13.375, 8.25, 13, 9], "rotation": 180, "texture": "#1"},
				"west": {"uv": [13.375, 9, 13, 9.75], "rotation": 180, "texture": "#1"},
				"up": {"uv": [13, 10.125, 13.375, 9.75], "rotation": 270, "texture": "#1"},
				"down": {"uv": [0, 0.375, 0.375, 0], "rotation": 90, "texture": "#1"}
			}
		},
		{
			"from": [14.10925, 21.16639, -1.9],
			"to": [15.10925, 24.16639, -0.9],
			"rotation": {"angle": 22.5, "axis": "z", "origin": [14.10925, 22.16639, -0.9]},
			"faces": {
				"north": {"uv": [13.625, 11.5, 14.25, 12.125], "rotation": 180, "texture": "#1"},
				"east": {"uv": [13.25, 10.875, 13, 11.625], "rotation": 180, "texture": "#1"},
				"south": {"uv": [13.25, 11.625, 13, 12.375], "rotation": 180, "texture": "#1"},
				"west": {"uv": [13.25, 12.375, 13, 13.125], "rotation": 180, "texture": "#1"},
				"up": {"uv": [13, 13.375, 13.25, 13.125], "rotation": 270, "texture": "#1"},
				"down": {"uv": [0, 0.25, 0.25, 0], "rotation": 90, "texture": "#1"}
			}
		},
		{
			"from": [4, 13, -12.7],
			"to": [7, 13, -7.7],
			"rotation": {"angle": -22.5, "axis": "x", "origin": [13, 20, -3.7]},
			"faces": {
				"north": {"uv": [0, 0, 0.75, 0], "texture": "#1"},
				"east": {"uv": [0, 0, 1.25, 0], "texture": "#1"},
				"south": {"uv": [0, 0, 0.75, 0], "texture": "#1"},
				"west": {"uv": [0, 0, 1.25, 0], "texture": "#1"},
				"up": {"uv": [14.875, 3.625, 15.625, 4.875], "texture": "#1"},
				"down": {"uv": [14.875, 4.875, 15.625, 6.125], "texture": "#1"}
			}
		},
		{
			"from": [4.68, 1.77, -9.7],
			"to": [11.32, 3.92, -7.98],
			"rotation": {"angle": 0, "axis": "y", "origin": [8, 12, -2.7]},
			"faces": {
				"north": {"uv": [8.75, 0, 10.41, 0.5375], "texture": "#1"},
				"east": {"uv": [10.75, 8.25, 11.25, 8.75], "texture": "#1"},
				"south": {"uv": [0, 0, 1.66, 0.5375], "texture": "#1"},
				"west": {"uv": [11, 10.5, 11.5, 11], "texture": "#1"},
				"up": {"uv": [10.5, 1, 8.75, 0.5], "texture": "#1"},
				"down": {"uv": [10.5, 1.75, 8.75, 2.25], "texture": "#1"}
			}
		},
		{
			"from": [6, 1, 0],
			"to": [10, 5, 10],
			"rotation": {"angle": 22.5, "axis": "x", "origin": [10, 5, 10]},
			"faces": {
				"north": {"uv": [6.25, 5.25, 6.75, 5.75], "texture": "#0"},
				"east": {"uv": [8.875, 2.125, 10.125, 2.625], "texture": "#0"},
				"south": {"uv": [7.375, 4.75, 7.875, 5.25], "texture": "#0"},
				"west": {"uv": [8.875, 2.625, 10.125, 3.125], "texture": "#0"},
				"up": {"uv": [4.375, 10.125, 3.875, 8.875], "texture": "#0"},
				"down": {"uv": [5.875, 8.875, 5.375, 10.125], "texture": "#0"}
			}
		},
		{
			"from": [8, -1, 1],
			"to": [8, 7, 10],
			"rotation": {"angle": 22.5, "axis": "x", "origin": [10, 5, 10]},
			"faces": {
				"north": {"uv": [0, 0, 0, 1], "texture": "#0"},
				"east": {"uv": [5.375, 7.125, 6.5, 8.125], "texture": "#0"},
				"south": {"uv": [0, 0, 0, 1], "texture": "#0"},
				"west": {"uv": [3.625, 7.875, 4.75, 8.875], "texture": "#0"},
				"up": {"uv": [0, 1.125, 0, 0], "texture": "#0"},
				"down": {"uv": [0, 0, 0, 1.125], "texture": "#0"}
			}
		},
		{
			"from": [2, 0, 4],
			"to": [14, 12, 15],
			"rotation": {"angle": 0, "axis": "y", "origin": [11, 16, 13]},
			"faces": {
				"north": {"uv": [0, 2.75, 1.5, 4.25], "texture": "#0"},
				"east": {"uv": [0, 4.25, 1.375, 5.75], "texture": "#0"},
				"south": {"uv": [1.5, 3.125, 3, 4.625], "texture": "#0"},
				"west": {"uv": [4.5, 2.75, 5.875, 4.25], "texture": "#0"},
				"up": {"uv": [2.875, 6, 1.375, 4.625], "texture": "#0"},
				"down": {"uv": [4.375, 4.625, 2.875, 6], "texture": "#0"}
			}
		},
		{
			"from": [1, 0.1, 5],
			"to": [15, 11.1, 15],
			"rotation": {"angle": 0, "axis": "y", "origin": [11, 16.1, 13]},
			"faces": {
				"north": {"uv": [0, 0, 1.75, 1.375], "texture": "#0"},
				"east": {"uv": [0, 5.75, 1.25, 7.125], "texture": "#0"},
				"south": {"uv": [0, 1.375, 1.75, 2.75], "texture": "#0"},
				"west": {"uv": [4.375, 5.75, 5.625, 7.125], "texture": "#0"},
				"up": {"uv": [5.25, 2.75, 3.5, 1.5], "texture": "#0"},
				"down": {"uv": [6.25, 4.5, 4.5, 5.75], "texture": "#0"}
			}
		},
		{
			"from": [12.9, 0.2, 11],
			"to": [14.9, 8.2, 13],
			"rotation": {"angle": 0, "axis": "y", "origin": [10.9, 13.1, 14]},
			"faces": {
				"north": {"uv": [6.5, 0, 6.75, 1], "texture": "#0"},
				"east": {"uv": [4.375, 8.875, 4.625, 9.875], "texture": "#0"},
				"south": {"uv": [3, 9, 3.25, 10], "texture": "#0"},
				"west": {"uv": [9.25, 7.875, 9.5, 8.875], "texture": "#0"},
				"up": {"uv": [1.75, 3, 1.5, 2.75], "texture": "#0"},
				"down": {"uv": [5.25, 1.25, 5, 1.5], "texture": "#0"}
			}
		},
		{
			"from": [12.9, 1.1, 8],
			"to": [14.9, 9.1, 10],
			"rotation": {"angle": 0, "axis": "y", "origin": [10.9, 13.1, 11]},
			"faces": {
				"north": {"uv": [4.625, 9.375, 4.875, 10.375], "texture": "#0"},
				"east": {"uv": [4.875, 9.375, 5.125, 10.375], "texture": "#0"},
				"south": {"uv": [5.125, 9.375, 5.375, 10.375], "texture": "#0"},
				"west": {"uv": [6.5, 9.375, 6.75, 10.375], "texture": "#0"},
				"up": {"uv": [6.125, 4.125, 5.875, 3.875], "texture": "#0"},
				"down": {"uv": [6.75, 1, 6.5, 1.25], "texture": "#0"}
			}
		},
		{
			"from": [13.4, 4.1, 8],
			"to": [14.4, 5.1, 14],
			"rotation": {"angle": 0, "axis": "y", "origin": [10.4, 13.1, 12]},
			"faces": {
				"north": {"uv": [1.375, 4.25, 1.5, 4.375], "texture": "#0"},
				"east": {"uv": [8, 2.375, 8.75, 2.5], "texture": "#0"},
				"south": {"uv": [1.375, 4.375, 1.5, 4.5], "texture": "#0"},
				"west": {"uv": [9.5, 2, 10.25, 2.125], "texture": "#0"},
				"up": {"uv": [4.5, 5.375, 4.375, 4.625], "texture": "#0"},
				"down": {"uv": [4.375, 6, 4.25, 6.75], "texture": "#0"}
			}
		},
		{
			"from": [1, -6, 4],
			"to": [15, 0, 4],
			"rotation": {"angle": 0, "axis": "y", "origin": [11, 10, 12]},
			"faces": {
				"north": {"uv": [3.625, 7.125, 5.375, 7.875], "texture": "#0"},
				"east": {"uv": [0, 0, 0, 0.75], "texture": "#0"},
				"south": {"uv": [7.125, 2.5, 8.875, 3.25], "texture": "#0"},
				"west": {"uv": [0, 0, 0, 0.75], "texture": "#0"},
				"up": {"uv": [1.75, 0, 0, 0], "texture": "#0"},
				"down": {"uv": [1.75, 0, 0, 0], "texture": "#0"}
			}
		},
		{
			"from": [1, -6, 29],
			"to": [15, 0, 29],
			"rotation": {"angle": 0, "axis": "y", "origin": [11, 10, 37]},
			"faces": {
				"north": {"uv": [7.375, 3.25, 9.125, 4], "texture": "#0"},
				"east": {"uv": [0, 0, 0, 0.75], "texture": "#0"},
				"south": {"uv": [7.375, 4, 9.125, 4.75], "texture": "#0"},
				"west": {"uv": [0, 0, 0, 0.75], "texture": "#0"},
				"up": {"uv": [1.75, 0, 0, 0], "texture": "#0"},
				"down": {"uv": [1.75, 0, 0, 0], "texture": "#0"}
			}
		},
		{
			"from": [1, -5.9, 4],
			"to": [1, 0.1, 15],
			"rotation": {"angle": 0, "axis": "y", "origin": [11, 5.1, 12]},
			"faces": {
				"north": {"uv": [0, 0, 0, 0.75], "texture": "#0"},
				"east": {"uv": [7.875, 0, 9.25, 0.75], "texture": "#0"},
				"south": {"uv": [0, 0, 0, 0.75], "texture": "#0"},
				"west": {"uv": [6.5, 8, 7.875, 8.75], "texture": "#0"},
				"up": {"uv": [0, 1.375, 0, 0], "texture": "#0"},
				"down": {"uv": [0, 0, 0, 1.375], "texture": "#0"}
			}
		},
		{
			"from": [14.999, -5.9, 4],
			"to": [14.999, 0.1, 15],
			"rotation": {"angle": 0, "axis": "y", "origin": [4.999, 5.1, 12]},
			"faces": {
				"north": {"uv": [0, 0, 0, 0.75], "texture": "#0"},
				"east": {"uv": [7.875, 8, 9.25, 8.75], "texture": "#0"},
				"south": {"uv": [0, 0, 0, 0.75], "texture": "#0"},
				"west": {"uv": [8, 0.75, 9.375, 1.5], "texture": "#0"},
				"up": {"uv": [0, 1.375, 0, 0], "texture": "#0"},
				"down": {"uv": [0, 0, 0, 1.375], "texture": "#0"}
			}
		},
		{
			"from": [1, -6, 24],
			"to": [1, 0, 29],
			"rotation": {"angle": 0, "axis": "y", "origin": [11, 5, 26]},
			"faces": {
				"north": {"uv": [0, 0, 0, 0.75], "texture": "#0"},
				"east": {"uv": [1.75, 9, 2.375, 9.75], "texture": "#0"},
				"south": {"uv": [0, 0, 0, 0.75], "texture": "#0"},
				"west": {"uv": [2.375, 9, 3, 9.75], "texture": "#0"},
				"up": {"uv": [0, 0.625, 0, 0], "texture": "#0"},
				"down": {"uv": [0, 0, 0, 0.625], "texture": "#0"}
			}
		},
		{
			"from": [15, -6, 24],
			"to": [15, 0, 29],
			"rotation": {"angle": 0, "axis": "y", "origin": [5, 5, 26]},
			"faces": {
				"north": {"uv": [0, 0, 0, 0.75], "texture": "#0"},
				"east": {"uv": [0, 9.125, 0.625, 9.875], "texture": "#0"},
				"south": {"uv": [0, 0, 0, 0.75], "texture": "#0"},
				"west": {"uv": [9.125, 3.125, 9.75, 3.875], "texture": "#0"},
				"up": {"uv": [0, 0.625, 0, 0], "texture": "#0"},
				"down": {"uv": [0, 0, 0, 0.625], "texture": "#0"}
			}
		},
		{
			"from": [2, -6, 15],
			"to": [2, 0, 24],
			"rotation": {"angle": 0, "axis": "y", "origin": [12, 5, 21]},
			"faces": {
				"north": {"uv": [0, 0, 0, 0.75], "texture": "#0"},
				"east": {"uv": [5.375, 8.125, 6.5, 8.875], "texture": "#0"},
				"south": {"uv": [0, 0, 0, 0.75], "texture": "#0"},
				"west": {"uv": [1.125, 8.25, 2.25, 9], "texture": "#0"},
				"up": {"uv": [0, 1.125, 0, 0], "texture": "#0"},
				"down": {"uv": [0, 0, 0, 1.125], "texture": "#0"}
			}
		},
		{
			"from": [14, -6, 15],
			"to": [14, 0, 24],
			"rotation": {"angle": 0, "axis": "y", "origin": [4, 5, 21]},
			"faces": {
				"north": {"uv": [0, 0, 0, 0.75], "texture": "#0"},
				"east": {"uv": [2.25, 8.25, 3.375, 9], "texture": "#0"},
				"south": {"uv": [0, 0, 0, 0.75], "texture": "#0"},
				"west": {"uv": [0, 8.375, 1.125, 9.125], "texture": "#0"},
				"up": {"uv": [0, 1.125, 0, 0], "texture": "#0"},
				"down": {"uv": [0, 0, 0, 1.125], "texture": "#0"}
			}
		},
		{
			"from": [1, 0, 24],
			"to": [15, 11, 28],
			"rotation": {"angle": 0, "axis": "y", "origin": [11, 16, 32]},
			"faces": {
				"north": {"uv": [1.75, 1.75, 3.5, 3.125], "texture": "#0"},
				"east": {"uv": [8.75, 8.75, 9.25, 10.125], "texture": "#0"},
				"south": {"uv": [1.75, 0, 3.5, 1.375], "texture": "#0"},
				"west": {"uv": [3.375, 8.875, 3.875, 10.25], "texture": "#0"},
				"up": {"uv": [9.875, 7.375, 8.125, 6.875], "texture": "#0"},
				"down": {"uv": [9.875, 7.375, 8.125, 7.875], "texture": "#0"}
			}
		},
		{
			"from": [2, 0, 24],
			"to": [14, 12, 29],
			"rotation": {"angle": 0, "axis": "y", "origin": [11, 16, 26]},
			"faces": {
				"north": {"uv": [3, 3.125, 4.5, 4.625], "texture": "#0"},
				"east": {"uv": [4.75, 7.875, 5.375, 9.375], "texture": "#0"},
				"south": {"uv": [3.5, 0, 5, 1.5], "texture": "#0"},
				"west": {"uv": [8, 4.75, 8.625, 6.25], "texture": "#0"},
				"up": {"uv": [9.5, 2.125, 8, 1.5], "texture": "#0"},
				"down": {"uv": [9.5, 6.25, 8, 6.875], "texture": "#0"}
			}
		},
		{
			"from": [6, -2, 28],
			"to": [10, 4, 32],
			"rotation": {"angle": -22.5, "axis": "x", "origin": [11, 8, 29]},
			"faces": {
				"north": {"uv": [0.625, 9.125, 1.125, 9.875], "texture": "#0"},
				"east": {"uv": [9.125, 3.875, 9.625, 4.625], "texture": "#0"},
				"south": {"uv": [9.25, 9.25, 9.75, 10], "texture": "#0"},
				"west": {"uv": [9.25, 0, 9.75, 0.75], "texture": "#0"},
				"up": {"uv": [7.25, 9.875, 6.75, 9.375], "texture": "#0"},
				"down": {"uv": [7.75, 9.375, 7.25, 9.875], "texture": "#0"}
			}
		},
		{
			"from": [6, -4, 28],
			"to": [6, -2, 32],
			"rotation": {"angle": -22.5, "axis": "x", "origin": [11, 8, 29]},
			"faces": {
				"north": {"uv": [0, 0, 0, 0.25], "texture": "#0"},
				"east": {"uv": [5.25, 2.5, 5.75, 2.75], "texture": "#0"},
				"south": {"uv": [0, 0, 0, 0.25], "texture": "#0"},
				"west": {"uv": [8, 2.125, 8.5, 2.375], "texture": "#0"},
				"up": {"uv": [0, 0.5, 0, 0], "texture": "#0"},
				"down": {"uv": [0, 0, 0, 0.5], "texture": "#0"}
			}
		},
		{
			"from": [10, -4, 28],
			"to": [10, -2, 32],
			"rotation": {"angle": -22.5, "axis": "x", "origin": [15, 8, 29]},
			"faces": {
				"north": {"uv": [0, 0, 0, 0.25], "texture": "#0"},
				"east": {"uv": [9.25, 8.875, 9.75, 9.125], "texture": "#0"},
				"south": {"uv": [0, 0, 0, 0.25], "texture": "#0"},
				"west": {"uv": [7.75, 9.375, 8.25, 9.625], "texture": "#0"},
				"up": {"uv": [0, 0.5, 0, 0], "texture": "#0"},
				"down": {"uv": [0, 0, 0, 0.5], "texture": "#0"}
			}
		},
		{
			"from": [6, -4, 32],
			"to": [10, -2, 32],
			"rotation": {"angle": -22.5, "axis": "x", "origin": [15, 8, 29]},
			"faces": {
				"north": {"uv": [8.25, 9.375, 8.75, 9.625], "texture": "#0"},
				"east": {"uv": [0, 0, 0, 0.25], "texture": "#0"},
				"south": {"uv": [9.375, 0.75, 9.875, 1], "texture": "#0"},
				"west": {"uv": [0, 0, 0, 0.25], "texture": "#0"},
				"up": {"uv": [0.5, 0, 0, 0], "texture": "#0"},
				"down": {"uv": [0.5, 0, 0, 0], "texture": "#0"}
			}
		},
		{
			"from": [6, -4, 28],
			"to": [10, -2, 28],
			"rotation": {"angle": -22.5, "axis": "x", "origin": [15, 8, 29]},
			"faces": {
				"north": {"uv": [9.375, 1, 9.875, 1.25], "texture": "#0"},
				"east": {"uv": [0, 0, 0, 0.25], "texture": "#0"},
				"south": {"uv": [9.375, 1.25, 9.875, 1.5], "texture": "#0"},
				"west": {"uv": [0, 0, 0, 0.25], "texture": "#0"},
				"up": {"uv": [0.5, 0, 0, 0], "texture": "#0"},
				"down": {"uv": [0.5, 0, 0, 0], "texture": "#0"}
			}
		},
		{
			"from": [8, 2, 25],
			"to": [8, 10, 30],
			"rotation": {"angle": -22.5, "axis": "x", "origin": [11, 14, 27]},
			"faces": {
				"north": {"uv": [0, 0, 0, 1], "texture": "#0"},
				"east": {"uv": [5.875, 8.875, 6.5, 9.875], "texture": "#0"},
				"south": {"uv": [0, 0, 0, 1], "texture": "#0"},
				"west": {"uv": [1.125, 9, 1.75, 10], "texture": "#0"},
				"up": {"uv": [0, 0.625, 0, 0], "texture": "#0"},
				"down": {"uv": [0, 0, 0, 0.625], "texture": "#0"}
			}
		},
		{
			"from": [3, 0, 15],
			"to": [13, 11, 24],
			"rotation": {"angle": 0, "axis": "y", "origin": [11, 16, 14]},
			"faces": {
				"north": {"uv": [5.625, 5.75, 6.875, 7.125], "texture": "#0"},
				"east": {"uv": [6.25, 3.875, 7.375, 5.25], "texture": "#0"},
				"south": {"uv": [5.875, 2.5, 7.125, 3.875], "texture": "#0"},
				"west": {"uv": [6.75, 0, 7.875, 1.375], "texture": "#0"},
				"up": {"uv": [8, 2.5, 6.75, 1.375], "texture": "#0"},
				"down": {"uv": [8.125, 6.875, 6.875, 8], "texture": "#0"}
			}
		},
		{
			"from": [2, 0, 15],
			"to": [14, 10, 24],
			"rotation": {"angle": 0, "axis": "y", "origin": [11, 16, 14]},
			"faces": {
				"north": {"uv": [5, 0, 6.5, 1.25], "texture": "#0"},
				"east": {"uv": [6.875, 5.25, 8, 6.5], "texture": "#0"},
				"south": {"uv": [5.25, 1.25, 6.75, 2.5], "texture": "#0"},
				"west": {"uv": [0, 7.125, 1.125, 8.375], "texture": "#0"},
				"up": {"uv": [2.75, 7.125, 1.25, 6], "texture": "#0"},
				"down": {"uv": [4.25, 6, 2.75, 7.125], "texture": "#0"}
			}
		},
		{
			"from": [3, 11, 15],
			"to": [13, 12, 24],
			"rotation": {"angle": 0, "axis": "y", "origin": [11, 19, 24]},
			"faces": {
				"north": {"uv": [1.75, 1.625, 3, 1.75], "texture": "#0"},
				"east": {"uv": [6.875, 6.75, 8, 6.875], "texture": "#0"},
				"south": {"uv": [8.625, 6, 9.875, 6.125], "texture": "#0"},
				"west": {"uv": [8.125, 7.875, 9.25, 8], "texture": "#0"},
				"up": {"uv": [2.375, 8.25, 1.125, 7.125], "texture": "#0"},
				"down": {"uv": [3.625, 7.125, 2.375, 8.25], "texture": "#0"}
			}
		},
		{
			"from": [3, 6, 15],
			"to": [3, 11, 24],
			"rotation": {"angle": -45, "axis": "z", "origin": [3, 11, 24]},
			"faces": {
				"north": {"uv": [0, 0, 0, 0.625], "texture": "#0"},
				"east": {"uv": [8.625, 4.75, 9.75, 5.375], "texture": "#0"},
				"south": {"uv": [0, 0, 0, 0.625], "texture": "#0"},
				"west": {"uv": [8.625, 5.375, 9.75, 6], "texture": "#0"},
				"up": {"uv": [0, 1.125, 0, 0], "texture": "#0"},
				"down": {"uv": [0, 0, 0, 1.125], "texture": "#0"}
			}
		},
		{
			"from": [13, 6, 15],
			"to": [13, 11, 24],
			"rotation": {"angle": 45, "axis": "z", "origin": [13, 11, 24]},
			"faces": {
				"north": {"uv": [0, 0, 0, 0.625], "texture": "#0"},
				"east": {"uv": [6.5, 8.75, 7.625, 9.375], "texture": "#0"},
				"south": {"uv": [0, 0, 0, 0.625], "texture": "#0"},
				"west": {"uv": [7.625, 8.75, 8.75, 9.375], "texture": "#0"},
				"up": {"uv": [0, 1.125, 0, 0], "texture": "#0"},
				"down": {"uv": [0, 0, 0, 1.125], "texture": "#0"}
			}
		},
		{
			"from": [4, 12, 14],
			"to": [12, 13, 16],
			"rotation": {"angle": 0, "axis": "y", "origin": [11, 20, 16]},
			"faces": {
				"north": {"uv": [3.5, 3, 4.5, 3.125], "texture": "#0"},
				"east": {"uv": [1.5, 3, 1.75, 3.125], "texture": "#0"},
				"south": {"uv": [8.625, 6.125, 9.625, 6.25], "texture": "#0"},
				"west": {"uv": [5.875, 4.125, 6.125, 4.25], "texture": "#0"},
				"up": {"uv": [2.75, 1.625, 1.75, 1.375], "texture": "#0"},
				"down": {"uv": [4.5, 2.75, 3.5, 3], "texture": "#0"}
			}
		},
		{
			"from": [6, 13, 14],
			"to": [10, 14, 16],
			"rotation": {"angle": 0, "axis": "y", "origin": [11, 21, 16]},
			"faces": {
				"north": {"uv": [3, 1.625, 3.5, 1.75], "texture": "#0"},
				"east": {"uv": [6.5, 7.125, 6.75, 7.25], "texture": "#0"},
				"south": {"uv": [9.5, 6.5, 10, 6.625], "texture": "#0"},
				"west": {"uv": [7.125, 3.25, 7.375, 3.375], "texture": "#0"},
				"up": {"uv": [10, 1.75, 9.5, 1.5], "texture": "#0"},
				"down": {"uv": [10, 1.75, 9.5, 2], "texture": "#0"}
			}
		},
		{
			"from": [5, 14, 14],
			"to": [11, 15, 16],
			"rotation": {"angle": 0, "axis": "y", "origin": [11, 21, 16]},
			"faces": {
				"north": {"uv": [9.5, 6.25, 10.25, 6.375], "texture": "#0"},
				"east": {"uv": [7.125, 3.375, 7.375, 3.5], "texture": "#0"},
				"south": {"uv": [9.5, 6.375, 10.25, 6.5], "texture": "#0"},
				"west": {"uv": [7.125, 3.5, 7.375, 3.625], "texture": "#0"},
				"up": {"uv": [3.5, 1.625, 2.75, 1.375], "texture": "#0"},
				"down": {"uv": [6.25, 4.25, 5.5, 4.5], "texture": "#0"}
			}
		},
		{
			"from": [4, 12, 24],
			"to": [12, 13, 26],
			"rotation": {"angle": 0, "axis": "y", "origin": [11, 20, 26]},
			"faces": {
				"north": {"uv": [9.125, 4.625, 10.125, 4.75], "texture": "#0"},
				"east": {"uv": [7.125, 3.625, 7.375, 3.75], "texture": "#0"},
				"south": {"uv": [9.25, 9.125, 10.25, 9.25], "texture": "#0"},
				"west": {"uv": [7.125, 3.75, 7.375, 3.875], "texture": "#0"},
				"up": {"uv": [5.5, 4.5, 4.5, 4.25], "texture": "#0"},
				"down": {"uv": [7.875, 6.5, 6.875, 6.75], "texture": "#0"}
			}
		}
	],
	"display": {
		"thirdperson_righthand": {
			"rotation": [75, 45, 0],
			"translation": [0, 1, 0.5],
			"scale": [0.15, 0.15, 0.15]
		},
		"thirdperson_lefthand": {
			"rotation": [75, 45, 0],
			"translation": [0, 1, 0.5],
			"scale": [0.15, 0.15, 0.15]
		},
		"firstperson_righthand": {
			"rotation": [0, 115, 0],
			"translation": [0, 3.5, 0],
			"scale": [0.25, 0.25, 0.25]
		},
		"firstperson_lefthand": {
			"rotation": [0, 115, 0],
			"translation": [0, 3.5, 0],
			"scale": [0.25, 0.25, 0.25]
		},
		"ground": {
			"translation": [0, 10.25, 0]
		},
		"gui": {
			"rotation": [30, 135, 0],
			"translation": [-0.75, 0, 0],
			"scale": [0.4, 0.4, 0.4]
		},
		"head": {
			"translation": [0, 0, -6],
			"scale": [2.5, 2.5, 2.5]
		},
		"fixed": {
			"translation": [0, 3.5, 3.75]
		}
	}
}