{
	"textures": {
		"0": "mnaf:animatronics/heads/bonnie_green"
	},
	"elements": [
		{
			"from": [4.98103, 3.82511, 12.16186],
			"to": [10.98103, 11.52511, 13.16186],
			"rotation": {"angle": 0, "axis": "y", "origin": [7.98103, -11.67489, 9.16186]},
			"faces": {
				"north": {"uv": [2.625, 2.875, 3.375, 3.875], "texture": "#0"},
				"east": {"uv": [4.375, 5.875, 4.5, 6.875], "texture": "#0"},
				"south": {"uv": [2.875, 0, 3.625, 1], "texture": "#0"},
				"west": {"uv": [0, 6.125, 0.125, 7.125], "texture": "#0"},
				"up": {"uv": [5.75, 2.875, 5, 2.75], "texture": "#0"},
				"down": {"uv": [6.875, 2.125, 6.125, 2.25], "texture": "#0"}
			}
		},
		{
			"from": [3.98103, 4.82511, 6.16186],
			"to": [4.98103, 10.32511, 13.16186],
			"rotation": {"angle": 0, "axis": "y", "origin": [7.98103, -11.67489, 10.16186]},
			"faces": {
				"north": {"uv": [1.375, 6.125, 1.5, 6.875], "texture": "#0"},
				"east": {"uv": [0, 3, 0.875, 3.75], "texture": "#0"},
				"south": {"uv": [3.5, 6.125, 3.625, 6.875], "texture": "#0"},
				"west": {"uv": [0.875, 3, 1.75, 3.75], "texture": "#0"},
				"up": {"uv": [0.75, 7, 0.625, 6.125], "texture": "#0"},
				"down": {"uv": [0.875, 6.125, 0.75, 7], "texture": "#0"}
			}
		},
		{
			"from": [10.98103, 4.82511, 6.16186],
			"to": [11.98103, 10.32511, 13.16186],
			"rotation": {"angle": 0, "axis": "y", "origin": [14.98103, -11.67489, 10.16186]},
			"faces": {
				"north": {"uv": [3.625, 6.125, 3.75, 6.875], "texture": "#0"},
				"east": {"uv": [3.375, 3.375, 4.25, 4.125], "texture": "#0"},
				"south": {"uv": [3.75, 6.125, 3.875, 6.875], "texture": "#0"},
				"west": {"uv": [3.375, 2.5, 4.25, 3.25], "texture": "#0"},
				"up": {"uv": [1, 7, 0.875, 6.125], "texture": "#0"},
				"down": {"uv": [1.125, 6.125, 1, 7], "texture": "#0"}
			}
		},
		{
			"from": [4.98103, 9.02511, 6.16186],
			"to": [10.98103, 10.32511, 7.16186],
			"rotation": {"angle": 0, "axis": "y", "origin": [13.98103, -10.59612, 10.16186]},
			"faces": {
				"north": {"uv": [6.125, 2.75, 6.875, 2.875], "texture": "#0"},
				"east": {"uv": [2.75, 4.375, 2.875, 4.5], "texture": "#0"},
				"south": {"uv": [6.125, 2.875, 6.875, 3], "texture": "#0"},
				"west": {"uv": [3.75, 4.5, 3.875, 4.625], "texture": "#0"},
				"up": {"uv": [6.875, 3.125, 6.125, 3], "texture": "#0"},
				"down": {"uv": [6.875, 3.875, 6.125, 4], "texture": "#0"}
			}
		},
		{
			"from": [7.35, 5.12511, 6.16186],
			"to": [8.65, 9.02511, 7.16186],
			"rotation": {"angle": 0, "axis": "y", "origin": [16.35, -13.37489, 10.16186]},
			"faces": {
				"north": {"uv": [1.875, 4.875, 2, 5.375], "texture": "#0"},
				"east": {"uv": [3.875, 6.75, 4, 7.25], "texture": "#0"},
				"south": {"uv": [4, 6.75, 4.125, 7.25], "texture": "#0"},
				"west": {"uv": [4.125, 6.75, 4.25, 7.25], "texture": "#0"},
				"up": {"uv": [5, 2.375, 4.875, 2.25], "texture": "#0"},
				"down": {"uv": [3.625, 5.625, 3.5, 5.75], "texture": "#0"}
			}
		},
		{
			"from": [4.97072, 8.72511, 6.16186],
			"to": [5.47072, 9.02511, 7.16186],
			"rotation": {"angle": 0, "axis": "y", "origin": [13.67072, -12.77489, 10.16186]},
			"faces": {
				"north": {"uv": [5.625, 5.25, 5.75, 5.375], "texture": "#0"},
				"east": {"uv": [5.625, 6.625, 5.75, 6.75], "texture": "#0"},
				"south": {"uv": [4.75, 6.75, 4.875, 6.875], "texture": "#0"},
				"west": {"uv": [6.875, 6.75, 7, 6.875], "texture": "#0"},
				"up": {"uv": [7.125, 0.75, 7, 0.625], "texture": "#0"},
				"down": {"uv": [6.25, 7.75, 6.125, 7.875], "texture": "#0"}
			}
		},
		{
			"from": [4.97072, 5.72511, 6.16186],
			"to": [10.97072, 6.72511, 7.16186],
			"rotation": {"angle": 0, "axis": "y", "origin": [13.67072, -14.77489, 10.16186]},
			"faces": {
				"north": {"uv": [6.125, 4, 6.875, 4.125], "texture": "#0"},
				"east": {"uv": [6.25, 7.75, 6.375, 7.875], "texture": "#0"},
				"south": {"uv": [6.125, 5.25, 6.875, 5.375], "texture": "#0"},
				"west": {"uv": [6.375, 7.75, 6.5, 7.875], "texture": "#0"},
				"up": {"uv": [6.875, 5.5, 6.125, 5.375], "texture": "#0"},
				"down": {"uv": [6.875, 5.5, 6.125, 5.625], "texture": "#0"}
			}
		},
		{
			"from": [10.47072, 8.72511, 6.16186],
			"to": [10.97072, 9.02511, 7.16186],
			"rotation": {"angle": 0, "axis": "y", "origin": [2.17072, -12.77489, 10.16186]},
			"faces": {
				"north": {"uv": [6.5, 7.75, 6.625, 7.875], "texture": "#0"},
				"east": {"uv": [6.625, 7.75, 6.75, 7.875], "texture": "#0"},
				"south": {"uv": [6.75, 7.75, 6.875, 7.875], "texture": "#0"},
				"west": {"uv": [7, 7.75, 7.125, 7.875], "texture": "#0"},
				"up": {"uv": [7.25, 7.875, 7.125, 7.75], "texture": "#0"},
				"down": {"uv": [7.375, 7.75, 7.25, 7.875], "texture": "#0"}
			}
		},
		{
			"from": [8.67072, 6.72511, 6.16186],
			"to": [9.17072, 7.02511, 7.16186],
			"rotation": {"angle": 0, "axis": "y", "origin": [16.67072, -14.77489, 10.16186]},
			"faces": {
				"north": {"uv": [7.75, 0.625, 7.875, 0.75], "texture": "#0"},
				"east": {"uv": [7.75, 0.75, 7.875, 0.875], "texture": "#0"},
				"south": {"uv": [7.75, 1.125, 7.875, 1.25], "texture": "#0"},
				"west": {"uv": [7.75, 1.25, 7.875, 1.375], "texture": "#0"},
				"up": {"uv": [7.875, 1.5, 7.75, 1.375], "texture": "#0"},
				"down": {"uv": [7.875, 2, 7.75, 2.125], "texture": "#0"}
			}
		},
		{
			"from": [6.82928, 6.72511, 6.16186],
			"to": [7.32928, 7.02511, 7.16186],
			"rotation": {"angle": 0, "axis": "y", "origin": [-0.67072, -14.77489, 10.16186]},
			"faces": {
				"north": {"uv": [7.875, 0.625, 7.75, 0.75], "texture": "#0"},
				"east": {"uv": [7.875, 1.25, 7.75, 1.375], "texture": "#0"},
				"south": {"uv": [7.875, 1.125, 7.75, 1.25], "texture": "#0"},
				"west": {"uv": [7.875, 0.75, 7.75, 0.875], "texture": "#0"},
				"up": {"uv": [7.75, 1.5, 7.875, 1.375], "texture": "#0"},
				"down": {"uv": [7.75, 2, 7.875, 2.125], "texture": "#0"}
			}
		},
		{
			"from": [4.48103, 4.12511, 12.66186],
			"to": [11.48103, 10.72511, 13.96186],
			"rotation": {"angle": 0, "axis": "y", "origin": [7.48103, -11.67489, 18.16186]},
			"faces": {
				"north": {"uv": [2, 2, 2.875, 2.875], "texture": "#0"},
				"east": {"uv": [1.125, 6.125, 1.25, 7], "texture": "#0"},
				"south": {"uv": [2, 0, 2.875, 0.875], "texture": "#0"},
				"west": {"uv": [1.25, 6.125, 1.375, 7], "texture": "#0"},
				"up": {"uv": [4.25, 3.375, 3.375, 3.25], "texture": "#0"},
				"down": {"uv": [2.625, 6.125, 1.75, 6.25], "texture": "#0"}
			}
		},
		{
			"from": [4.58103, 3.44634, 11.91556],
			"to": [11.38103, 4.94634, 13.51556],
			"rotation": {"angle": 0, "axis": "y", "origin": [8.58103, -18.67489, 18.16186]},
			"faces": {
				"north": {"uv": [2, 1.75, 2.875, 2], "texture": "#0"},
				"east": {"uv": [3.625, 0.75, 3.875, 1], "texture": "#0"},
				"south": {"uv": [5, 2.25, 5.875, 2.5], "texture": "#0"},
				"west": {"uv": [4.5, 6.75, 4.75, 7], "texture": "#0"},
				"up": {"uv": [5.875, 2.75, 5, 2.5], "texture": "#0"},
				"down": {"uv": [5.875, 4.625, 5, 4.875], "texture": "#0"}
			}
		},
		{
			"from": [5.58103, 2.94634, 12.21556],
			"to": [10.38103, 3.44634, 13.21556],
			"rotation": {"angle": 0, "axis": "y", "origin": [9.58103, -19.67489, 18.16186]},
			"faces": {
				"north": {"uv": [5, 4.875, 5.625, 5], "texture": "#0"},
				"east": {"uv": [7.75, 2.125, 7.875, 2.25], "texture": "#0"},
				"south": {"uv": [5, 6.625, 5.625, 6.75], "texture": "#0"},
				"west": {"uv": [7.75, 2.25, 7.875, 2.375], "texture": "#0"},
				"up": {"uv": [7.25, 0.125, 6.625, 0], "texture": "#0"},
				"down": {"uv": [7.25, 0.125, 6.625, 0.25], "texture": "#0"}
			}
		},
		{
			"from": [5.48103, 4.74634, 13.81556],
			"to": [10.48103, 9.74634, 14.31556],
			"rotation": {"angle": 0, "axis": "y", "origin": [7.48103, -11.67489, 18.66186]},
			"faces": {
				"north": {"uv": [0.875, 3.75, 1.5, 4.375], "texture": "#0"},
				"east": {"uv": [3.25, 6.25, 3.375, 6.875], "texture": "#0"},
				"south": {"uv": [1.5, 3.75, 2.125, 4.375], "texture": "#0"},
				"west": {"uv": [3.375, 6.25, 3.5, 6.875], "texture": "#0"},
				"up": {"uv": [7.25, 0.5, 6.625, 0.375], "texture": "#0"},
				"down": {"uv": [7.25, 0.5, 6.625, 0.625], "texture": "#0"}
			}
		},
		{
			"from": [4.58103, 10.32511, 6.76186],
			"to": [11.38103, 11.62511, 12.56186],
			"rotation": {"angle": 0, "axis": "y", "origin": [7.58103, -3.67489, 10.26186]},
			"faces": {
				"north": {"uv": [2.625, 6.125, 3.5, 6.25], "texture": "#0"},
				"east": {"uv": [6.125, 5.75, 6.875, 5.875], "texture": "#0"},
				"south": {"uv": [5, 6.125, 5.875, 6.25], "texture": "#0"},
				"west": {"uv": [6.125, 5.875, 6.875, 6], "texture": "#0"},
				"up": {"uv": [4.5, 0.75, 3.625, 0], "texture": "#0"},
				"down": {"uv": [0.875, 3.75, 0, 4.5], "texture": "#0"}
			}
		},
		{
			"from": [5.98295, 11.44634, 8.41556],
			"to": [9.98295, 11.94634, 12.41556],
			"rotation": {"angle": 0, "axis": "y", "origin": [8.98295, -3.07489, 10.26186]},
			"faces": {
				"north": {"uv": [2.125, 3.75, 2.625, 3.875], "texture": "#0"},
				"east": {"uv": [4.75, 6.875, 5.25, 7], "texture": "#0"},
				"south": {"uv": [5.25, 6.875, 5.75, 7], "texture": "#0"},
				"west": {"uv": [5.75, 6.875, 6.25, 7], "texture": "#0"},
				"up": {"uv": [3.25, 5, 2.75, 4.5], "texture": "#0"},
				"down": {"uv": [3.75, 4.5, 3.25, 5], "texture": "#0"}
			}
		},
		{
			"from": [10.48295, 7.24634, 7.41556],
			"to": [12.48295, 8.24634, 9.41556],
			"rotation": {"angle": 0, "axis": "y", "origin": [15.98103, -8.67489, 10.16186]},
			"faces": {
				"north": {"uv": [4.75, 4.625, 5, 4.75], "texture": "#0"},
				"east": {"uv": [3.875, 5.75, 4.125, 5.875], "texture": "#0"},
				"south": {"uv": [1.5, 6.75, 1.75, 6.875], "texture": "#0"},
				"west": {"uv": [7.375, 1.5, 7.625, 1.625], "texture": "#0"},
				"up": {"uv": [6.5, 7.125, 6.25, 6.875], "texture": "#0"},
				"down": {"uv": [6.75, 6.875, 6.5, 7.125], "texture": "#0"}
			}
		},
		{
			"from": [3.48295, 7.24634, 7.41556],
			"to": [5.48295, 8.24634, 9.41556],
			"rotation": {"angle": 0, "axis": "y", "origin": [-0.01513, -8.67489, 10.16186]},
			"faces": {
				"north": {"uv": [7.375, 2.5, 7.625, 2.625], "texture": "#0"},
				"east": {"uv": [7.375, 3.875, 7.625, 4], "texture": "#0"},
				"south": {"uv": [7.375, 4, 7.625, 4.125], "texture": "#0"},
				"west": {"uv": [7.375, 4.375, 7.625, 4.5], "texture": "#0"},
				"up": {"uv": [7, 7.125, 6.75, 6.875], "texture": "#0"},
				"down": {"uv": [7.125, 2.75, 6.875, 3], "texture": "#0"}
			}
		},
		{
			"from": [10.72072, 4.24634, 6.91556],
			"to": [12.72072, 7.24634, 9.91556],
			"rotation": {"angle": 0, "axis": "y", "origin": [15.98103, -11.67489, 10.16186]},
			"faces": {
				"north": {"uv": [4.5, 5.375, 4.75, 5.75], "texture": "#0"},
				"east": {"uv": [3.375, 5, 3.75, 5.375], "texture": "#0"},
				"south": {"uv": [4.5, 6.125, 4.75, 6.5], "texture": "#0"},
				"west": {"uv": [5.625, 4.875, 6, 5.25], "texture": "#0"},
				"up": {"uv": [2, 6.625, 1.75, 6.25], "texture": "#0"},
				"down": {"uv": [2.25, 6.25, 2, 6.625], "texture": "#0"}
			}
		},
		{
			"from": [3.24519, 4.24634, 6.91556],
			"to": [5.24519, 7.24634, 9.91556],
			"rotation": {"angle": 0, "axis": "y", "origin": [-0.01513, -11.67489, 10.16186]},
			"faces": {
				"north": {"uv": [2.25, 6.25, 2.5, 6.625], "texture": "#0"},
				"east": {"uv": [2, 5.75, 2.375, 6.125], "texture": "#0"},
				"south": {"uv": [2.5, 6.25, 2.75, 6.625], "texture": "#0"},
				"west": {"uv": [2.375, 5.75, 2.75, 6.125], "texture": "#0"},
				"up": {"uv": [3, 6.625, 2.75, 6.25], "texture": "#0"},
				"down": {"uv": [3.25, 6.25, 3, 6.625], "texture": "#0"}
			}
		},
		{
			"from": [10.72072, 3.74634, 7.71556],
			"to": [12.52072, 4.24634, 9.01556],
			"rotation": {"angle": 0, "axis": "y", "origin": [15.98103, -14.67489, 10.16186]},
			"faces": {
				"north": {"uv": [7.375, 4.5, 7.625, 4.625], "texture": "#0"},
				"east": {"uv": [7.75, 2.375, 7.875, 2.5], "texture": "#0"},
				"south": {"uv": [7.375, 6.125, 7.625, 6.25], "texture": "#0"},
				"west": {"uv": [7.75, 2.5, 7.875, 2.625], "texture": "#0"},
				"up": {"uv": [7.625, 7.375, 7.375, 7.25], "texture": "#0"},
				"down": {"uv": [1.25, 7.5, 1, 7.625], "texture": "#0"}
			}
		},
		{
			"from": [3.44519, 3.74634, 7.71556],
			"to": [5.24519, 4.24634, 9.01556],
			"rotation": {"angle": 0, "axis": "y", "origin": [-0.01513, -14.67489, 10.16186]},
			"faces": {
				"north": {"uv": [1.25, 7.5, 1.5, 7.625], "texture": "#0"},
				"east": {"uv": [7.75, 2.625, 7.875, 2.75], "texture": "#0"},
				"south": {"uv": [1.5, 7.5, 1.75, 7.625], "texture": "#0"},
				"west": {"uv": [7.75, 2.75, 7.875, 2.875], "texture": "#0"},
				"up": {"uv": [2, 7.625, 1.75, 7.5], "texture": "#0"},
				"down": {"uv": [2.25, 7.5, 2, 7.625], "texture": "#0"}
			}
		},
		{
			"from": [5.3, 6.94634, 6.81556],
			"to": [7.3, 8.94634, 8.81556],
			"rotation": {"angle": 0, "axis": "y", "origin": [13.92072, 14.94634, 14.41556]},
			"faces": {
				"north": {"uv": [10.5625, 7.625, 10.9375, 8], "texture": "#0"},
				"east": {"uv": [6.875, 6.25, 7.125, 6.5], "texture": "#0"},
				"south": {"uv": [6.875, 6.5, 7.125, 6.75], "texture": "#0"},
				"west": {"uv": [0.625, 7, 0.875, 7.25], "texture": "#0"},
				"up": {"uv": [1.125, 7.25, 0.875, 7], "texture": "#0"},
				"down": {"uv": [1.375, 7, 1.125, 7.25], "texture": "#0"}
			}
		},
		{
			"from": [8.7, 6.94634, 6.81556],
			"to": [10.7, 8.94634, 8.81556],
			"rotation": {"angle": 0, "axis": "y", "origin": [2.07928, 14.94634, 14.41556]},
			"faces": {
				"north": {"uv": [11.8125, 7.5625, 12.1875, 7.9375], "texture": "#0"},
				"east": {"uv": [1.625, 7, 1.875, 7.25], "texture": "#0"},
				"south": {"uv": [1.875, 7, 2.125, 7.25], "texture": "#0"},
				"west": {"uv": [2.125, 7, 2.375, 7.25], "texture": "#0"},
				"up": {"uv": [2.625, 7.25, 2.375, 7], "texture": "#0"},
				"down": {"uv": [2.875, 7, 2.625, 7.25], "texture": "#0"}
			}
		},
		{
			"from": [4.98295, 3.82511, 2.91556],
			"to": [10.98295, 6.32511, 6.91556],
			"rotation": {"angle": 0, "axis": "y", "origin": [6.98295, -11.67489, -0.83814]},
			"faces": {
				"north": {"uv": [2, 4.375, 2.75, 4.75], "texture": "#0"},
				"east": {"uv": [2.875, 2.5, 3.375, 2.875], "texture": "#0"},
				"south": {"uv": [0, 4.5, 0.75, 4.875], "texture": "#0"},
				"west": {"uv": [3.625, 5.375, 4.125, 5.75], "texture": "#0"},
				"up": {"uv": [2.875, 4.375, 2.125, 3.875], "texture": "#0"},
				"down": {"uv": [4.625, 0.75, 3.875, 1.25], "texture": "#0"}
			}
		},
		{
			"from": [5.58295, 4.14634, 2.61556],
			"to": [10.38295, 5.94634, 3.11556],
			"rotation": {"angle": 0, "axis": "y", "origin": [7.83295, -11.67489, -4.33814]},
			"faces": {
				"north": {"uv": [5.5, 3.875, 6.125, 4.125], "texture": "#0"},
				"east": {"uv": [3.25, 3.875, 3.375, 4.125], "texture": "#0"},
				"south": {"uv": [5.625, 4.125, 6.25, 4.375], "texture": "#0"},
				"west": {"uv": [4.75, 3.375, 4.875, 3.625], "texture": "#0"},
				"up": {"uv": [7.25, 2.375, 6.625, 2.25], "texture": "#0"},
				"down": {"uv": [7.25, 2.375, 6.625, 2.5], "texture": "#0"}
			}
		},
		{
			"from": [10.98295, 4.44634, 3.41556],
			"to": [11.48295, 5.94634, 5.41556],
			"rotation": {"angle": 0, "axis": "y", "origin": [12.98295, -11.67489, -0.83814]},
			"faces": {
				"north": {"uv": [2.75, 7.5, 2.875, 7.75], "texture": "#0"},
				"east": {"uv": [2.875, 7, 3.125, 7.25], "texture": "#0"},
				"south": {"uv": [3.375, 7.5, 3.5, 7.75], "texture": "#0"},
				"west": {"uv": [3.125, 7, 3.375, 7.25], "texture": "#0"},
				"up": {"uv": [4.375, 7.75, 4.25, 7.5], "texture": "#0"},
				"down": {"uv": [6, 7.5, 5.875, 7.75], "texture": "#0"}
			}
		},
		{
			"from": [4.48295, 4.44634, 3.41556],
			"to": [4.98295, 5.94634, 5.41556],
			"rotation": {"angle": 0, "axis": "y", "origin": [2.98295, -11.67489, -0.83814]},
			"faces": {
				"north": {"uv": [6, 7.5, 6.125, 7.75], "texture": "#0"},
				"east": {"uv": [3.375, 7, 3.625, 7.25], "texture": "#0"},
				"south": {"uv": [7, 7.5, 7.125, 7.75], "texture": "#0"},
				"west": {"uv": [3.625, 7, 3.875, 7.25], "texture": "#0"},
				"up": {"uv": [7.25, 7.75, 7.125, 7.5], "texture": "#0"},
				"down": {"uv": [7.375, 7.5, 7.25, 7.75], "texture": "#0"}
			}
		},
		{
			"from": [5.48295, 6.32511, 3.46186],
			"to": [10.48295, 6.82511, 6.46186],
			"rotation": {"angle": 0, "axis": "y", "origin": [6.48295, -9.17489, -0.83814]},
			"faces": {
				"north": {"uv": [5, 6.75, 5.625, 6.875], "texture": "#0"},
				"east": {"uv": [3.875, 2.375, 4.25, 2.5], "texture": "#0"},
				"south": {"uv": [5.625, 6.75, 6.25, 6.875], "texture": "#0"},
				"west": {"uv": [7.125, 4.875, 7.5, 5], "texture": "#0"},
				"up": {"uv": [5.5, 3.75, 4.875, 3.375], "texture": "#0"},
				"down": {"uv": [5.5, 3.75, 4.875, 4.125], "texture": "#0"}
			}
		},
		{
			"from": [5.48295, 3.32511, 3.21556],
			"to": [10.48295, 3.82511, 6.21556],
			"rotation": {"angle": 0, "axis": "y", "origin": [6.48295, -12.17489, -0.83814]},
			"faces": {
				"north": {"uv": [6.25, 6.75, 6.875, 6.875], "texture": "#0"},
				"east": {"uv": [1.375, 7.25, 1.75, 7.375], "texture": "#0"},
				"south": {"uv": [6.75, 4.375, 7.375, 4.5], "texture": "#0"},
				"west": {"uv": [1.75, 7.25, 2.125, 7.375], "texture": "#0"},
				"up": {"uv": [3.375, 5.375, 2.75, 5], "texture": "#0"},
				"down": {"uv": [5.625, 5, 5, 5.375], "texture": "#0"}
			}
		},
		{
			"from": [6.983, 6.24634, 2.9],
			"to": [8.983, 7.34634, 3.9],
			"rotation": {"angle": 0, "axis": "y", "origin": [15.98295, 14.24634, 10.41556]},
			"faces": {
				"north": {"uv": [7.375, 7.5, 7.625, 7.625], "texture": "#0"},
				"east": {"uv": [7.75, 2.875, 7.875, 3], "texture": "#0"},
				"south": {"uv": [7.5, 0.25, 7.75, 0.375], "texture": "#0"},
				"west": {"uv": [7.75, 3.125, 7.875, 3.25], "texture": "#0"},
				"up": {"uv": [7.75, 1.25, 7.5, 1.125], "texture": "#0"},
				"down": {"uv": [7.75, 1.25, 7.5, 1.375], "texture": "#0"}
			}
		},
		{
			"from": [7.33295, 6.24634, 2.71556],
			"to": [8.63295, 7.04634, 3.21556],
			"rotation": {"angle": 0, "axis": "y", "origin": [16.33295, 14.24634, 9.41556]},
			"faces": {
				"north": {"uv": [7.75, 3.25, 7.875, 3.375], "texture": "#0"},
				"east": {"uv": [7.75, 3.375, 7.875, 3.5], "texture": "#0"},
				"south": {"uv": [7.75, 3.5, 7.875, 3.625], "texture": "#0"},
				"west": {"uv": [7.75, 3.75, 7.875, 3.875], "texture": "#0"},
				"up": {"uv": [7.875, 4.125, 7.75, 4], "texture": "#0"},
				"down": {"uv": [7.875, 4.125, 7.75, 4.25], "texture": "#0"}
			}
		},
		{
			"from": [6.73295, 6.24634, 3.21556],
			"to": [9.23295, 7.04634, 4.01556],
			"rotation": {"angle": 0, "axis": "y", "origin": [17.73295, 14.24634, 10.41556]},
			"faces": {
				"north": {"uv": [2.125, 7.25, 2.5, 7.375], "texture": "#0"},
				"east": {"uv": [7.75, 4.25, 7.875, 4.375], "texture": "#0"},
				"south": {"uv": [2.5, 7.25, 2.875, 7.375], "texture": "#0"},
				"west": {"uv": [7.75, 4.375, 7.875, 4.5], "texture": "#0"},
				"up": {"uv": [3.25, 7.375, 2.875, 7.25], "texture": "#0"},
				"down": {"uv": [3.625, 7.25, 3.25, 7.375], "texture": "#0"}
			}
		},
		{
			"from": [7.48295, 5.94634, 3.41556],
			"to": [8.48295, 7.24634, 6.91556],
			"rotation": {"angle": 0, "axis": "y", "origin": [15.48295, 13.94634, 13.41556]},
			"faces": {
				"north": {"uv": [7.75, 4.75, 7.875, 4.875], "texture": "#0"},
				"east": {"uv": [6.875, 2.125, 7.375, 2.25], "texture": "#0"},
				"south": {"uv": [7.75, 4.875, 7.875, 5], "texture": "#0"},
				"west": {"uv": [6.875, 3.25, 7.375, 3.375], "texture": "#0"},
				"up": {"uv": [4.5, 7.375, 4.375, 6.875], "texture": "#0"},
				"down": {"uv": [4.375, 7, 4.25, 7.5], "texture": "#0"}
			}
		},
		{
			"from": [4, 2.46389, 10.5],
			"to": [7, 4.46389, 12.5],
			"rotation": {"angle": 0, "axis": "y", "origin": [8, 5.96389, 17.38056]},
			"faces": {
				"north": {"uv": [2.875, 3.875, 3.25, 4.125], "texture": "#0"},
				"east": {"uv": [4.5, 7, 4.75, 7.25], "texture": "#0"},
				"south": {"uv": [0.5, 4.875, 0.875, 5.125], "texture": "#0"},
				"west": {"uv": [4.75, 7, 5, 7.25], "texture": "#0"},
				"up": {"uv": [4.25, 6.5, 3.875, 6.25], "texture": "#0"},
				"down": {"uv": [5.375, 6.25, 5, 6.5], "texture": "#0"}
			}
		},
		{
			"from": [9, 2.46389, 10.5],
			"to": [12, 4.46389, 12.5],
			"rotation": {"angle": 0, "axis": "y", "origin": [8, 5.96389, 17.38056]},
			"faces": {
				"north": {"uv": [5.375, 6.25, 5.75, 6.5], "texture": "#0"},
				"east": {"uv": [5, 7, 5.25, 7.25], "texture": "#0"},
				"south": {"uv": [5.75, 6.25, 6.125, 6.5], "texture": "#0"},
				"west": {"uv": [5.25, 7, 5.5, 7.25], "texture": "#0"},
				"up": {"uv": [6.5, 6.5, 6.125, 6.25], "texture": "#0"},
				"down": {"uv": [6.625, 0, 6.25, 0.25], "texture": "#0"}
			}
		},
		{
			"from": [7, 2.46389, 10.5],
			"to": [9, 3.46389, 12.5],
			"rotation": {"angle": 0, "axis": "y", "origin": [8, 5.96389, 17.38056]},
			"faces": {
				"north": {"uv": [7.5, 1.375, 7.75, 1.5], "texture": "#0"},
				"east": {"uv": [7.5, 2, 7.75, 2.125], "texture": "#0"},
				"south": {"uv": [7.5, 2.125, 7.75, 2.25], "texture": "#0"},
				"west": {"uv": [7.5, 2.25, 7.75, 2.375], "texture": "#0"},
				"up": {"uv": [5.75, 7.25, 5.5, 7], "texture": "#0"},
				"down": {"uv": [6, 7, 5.75, 7.25], "texture": "#0"}
			}
		},
		{
			"from": [5.25, 4.76389, 9.38056],
			"to": [10.75, 6.26389, 10.38056],
			"rotation": {"angle": -22.5, "axis": "x", "origin": [8, 8.11194, 17.15219]},
			"faces": {
				"north": {"uv": [5, 5.375, 5.75, 5.625], "texture": "#0"},
				"east": {"uv": [7.5, 2.75, 7.625, 3], "texture": "#0"},
				"south": {"uv": [5.375, 1.25, 6.125, 1.5], "texture": "#0"},
				"west": {"uv": [7.5, 3, 7.625, 3.25], "texture": "#0"},
				"up": {"uv": [6.875, 6.125, 6.125, 6], "texture": "#0"},
				"down": {"uv": [7, 0.25, 6.25, 0.375], "texture": "#0"}
			}
		},
		{
			"from": [4.25, 3.46389, 6.98056],
			"to": [11.75, 5.26389, 9.98056],
			"rotation": {"angle": -22.5, "axis": "x", "origin": [8, 6.96389, 14.38056]},
			"faces": {
				"north": {"uv": [4.5, 0, 5.5, 0.25], "texture": "#0"},
				"east": {"uv": [6.25, 0.375, 6.625, 0.625], "texture": "#0"},
				"south": {"uv": [4.5, 0.25, 5.5, 0.5], "texture": "#0"},
				"west": {"uv": [6.25, 2.25, 6.625, 2.5], "texture": "#0"},
				"up": {"uv": [4.875, 1.625, 3.875, 1.25], "texture": "#0"},
				"down": {"uv": [4.875, 1.625, 3.875, 2], "texture": "#0"}
			}
		},
		{
			"from": [5, 0.46389, 8.38056],
			"to": [11, 1.96389, 9.38056],
			"rotation": {"angle": 0, "axis": "y", "origin": [8, 3.96389, 16.38056]},
			"faces": {
				"north": {"uv": [5.375, 1.5, 6.125, 1.75], "texture": "#0"},
				"east": {"uv": [7.5, 3.25, 7.625, 3.5], "texture": "#0"},
				"south": {"uv": [5.375, 1.75, 6.125, 2], "texture": "#0"},
				"west": {"uv": [7.5, 3.5, 7.625, 3.75], "texture": "#0"},
				"up": {"uv": [7, 2.625, 6.25, 2.5], "texture": "#0"},
				"down": {"uv": [7, 4.125, 6.25, 4.25], "texture": "#0"}
			}
		},
		{
			"from": [4, 0.26389, 5.38056],
			"to": [12, 2.26389, 8.38056],
			"rotation": {"angle": 0, "axis": "y", "origin": [8, 3.96389, 13.38056]},
			"faces": {
				"north": {"uv": [4.5, 0.5, 5.5, 0.75], "texture": "#0"},
				"east": {"uv": [3.875, 6.5, 4.25, 6.75], "texture": "#0"},
				"south": {"uv": [3.75, 4.625, 4.75, 4.875], "texture": "#0"},
				"west": {"uv": [4.5, 6.5, 4.875, 6.75], "texture": "#0"},
				"up": {"uv": [4.875, 2.375, 3.875, 2], "texture": "#0"},
				"down": {"uv": [3.875, 4.125, 2.875, 4.5], "texture": "#0"}
			}
		},
		{
			"from": [4.6, 0.46389, 3.88056],
			"to": [11.4, 2.46389, 5.68056],
			"rotation": {"angle": 0, "axis": "y", "origin": [8, 3.96389, 10.38056]},
			"faces": {
				"north": {"uv": [0.5, 5.125, 1.375, 5.375], "texture": "#0"},
				"east": {"uv": [6, 7, 6.25, 7.25], "texture": "#0"},
				"south": {"uv": [0, 5.375, 0.875, 5.625], "texture": "#0"},
				"west": {"uv": [7, 7, 7.25, 7.25], "texture": "#0"},
				"up": {"uv": [1.75, 5.625, 0.875, 5.375], "texture": "#0"},
				"down": {"uv": [3.625, 5.375, 2.75, 5.625], "texture": "#0"}
			}
		},
		{
			"from": [5, 0.76389, 3.68056],
			"to": [11, 2.56389, 4.48056],
			"rotation": {"angle": 0, "axis": "y", "origin": [8, 3.96389, 9.88056]},
			"faces": {
				"north": {"uv": [5.375, 2, 6.125, 2.25], "texture": "#0"},
				"east": {"uv": [7.5, 4.875, 7.625, 5.125], "texture": "#0"},
				"south": {"uv": [5.5, 0, 6.25, 0.25], "texture": "#0"},
				"west": {"uv": [7.5, 5.125, 7.625, 5.375], "texture": "#0"},
				"up": {"uv": [7, 4.375, 6.25, 4.25], "texture": "#0"},
				"down": {"uv": [5.75, 6.5, 5, 6.625], "texture": "#0"}
			}
		},
		{
			"from": [8.81, 2.06389, 4.68056],
			"to": [9.71, 2.96389, 5.58056],
			"rotation": {"angle": 0, "axis": "y", "origin": [8, 3.26389, 10.08056]},
			"faces": {
				"north": {"uv": [7.75, 5, 7.875, 5.125], "texture": "#0"},
				"east": {"uv": [7.75, 5.125, 7.875, 5.25], "texture": "#0"},
				"south": {"uv": [7.75, 5.25, 7.875, 5.375], "texture": "#0"},
				"west": {"uv": [7.75, 5.375, 7.875, 5.5], "texture": "#0"},
				"up": {"uv": [7.875, 5.625, 7.75, 5.5], "texture": "#0"},
				"down": {"uv": [7.875, 5.625, 7.75, 5.75], "texture": "#0"}
			}
		},
		{
			"from": [10.07, 2.06389, 5.38056],
			"to": [10.97, 2.96389, 6.28056],
			"rotation": {"angle": 0, "axis": "y", "origin": [8, 3.26389, 10.08056]},
			"faces": {
				"north": {"uv": [7.75, 5.75, 7.875, 5.875], "texture": "#0"},
				"east": {"uv": [7.75, 5.875, 7.875, 6], "texture": "#0"},
				"south": {"uv": [7.75, 6, 7.875, 6.125], "texture": "#0"},
				"west": {"uv": [7.75, 6.125, 7.875, 6.25], "texture": "#0"},
				"up": {"uv": [7.875, 6.375, 7.75, 6.25], "texture": "#0"},
				"down": {"uv": [7.875, 6.5, 7.75, 6.625], "texture": "#0"}
			}
		},
		{
			"from": [7.55, 2.06389, 4.38056],
			"to": [8.45, 2.96389, 5.28056],
			"rotation": {"angle": 0, "axis": "y", "origin": [8, 3.26389, 10.08056]},
			"faces": {
				"north": {"uv": [1.125, 7.875, 1.25, 8], "texture": "#0"},
				"east": {"uv": [1.25, 7.875, 1.375, 8], "texture": "#0"},
				"south": {"uv": [1.375, 7.875, 1.5, 8], "texture": "#0"},
				"west": {"uv": [1.5, 7.875, 1.625, 8], "texture": "#0"},
				"up": {"uv": [1.75, 8, 1.625, 7.875], "texture": "#0"},
				"down": {"uv": [1.875, 7.875, 1.75, 8], "texture": "#0"}
			}
		},
		{
			"from": [6.29, 2.06389, 4.68056],
			"to": [7.19, 2.96389, 5.58056],
			"rotation": {"angle": 0, "axis": "y", "origin": [8, 3.26389, 10.08056]},
			"faces": {
				"north": {"uv": [1.875, 7.875, 2, 8], "texture": "#0"},
				"east": {"uv": [2, 7.875, 2.125, 8], "texture": "#0"},
				"south": {"uv": [2.125, 7.875, 2.25, 8], "texture": "#0"},
				"west": {"uv": [2.25, 7.875, 2.375, 8], "texture": "#0"},
				"up": {"uv": [2.75, 8, 2.625, 7.875], "texture": "#0"},
				"down": {"uv": [2.875, 7.875, 2.75, 8], "texture": "#0"}
			}
		},
		{
			"from": [5.03, 2.06389, 5.38056],
			"to": [5.93, 2.96389, 6.28056],
			"rotation": {"angle": 0, "axis": "y", "origin": [8, 3.26389, 10.08056]},
			"faces": {
				"north": {"uv": [2.875, 7.875, 3, 8], "texture": "#0"},
				"east": {"uv": [3, 7.875, 3.125, 8], "texture": "#0"},
				"south": {"uv": [3.625, 7.875, 3.75, 8], "texture": "#0"},
				"west": {"uv": [3.75, 7.875, 3.875, 8], "texture": "#0"},
				"up": {"uv": [4, 8, 3.875, 7.875], "texture": "#0"},
				"down": {"uv": [4.125, 7.875, 4, 8], "texture": "#0"}
			}
		},
		{
			"from": [5.03, 2.06389, 6.4],
			"to": [5.93, 2.96389, 7.3],
			"rotation": {"angle": 0, "axis": "y", "origin": [8, 3.76389, 10.98056]},
			"faces": {
				"north": {"uv": [4.125, 7.875, 4.25, 8], "texture": "#0"},
				"east": {"uv": [4.25, 7.875, 4.375, 8], "texture": "#0"},
				"south": {"uv": [4.375, 7.875, 4.5, 8], "texture": "#0"},
				"west": {"uv": [4.5, 7.875, 4.625, 8], "texture": "#0"},
				"up": {"uv": [4.75, 8, 4.625, 7.875], "texture": "#0"},
				"down": {"uv": [4.875, 7.875, 4.75, 8], "texture": "#0"}
			}
		},
		{
			"from": [10.07, 2.06389, 6.4],
			"to": [10.97, 2.96389, 7.3],
			"rotation": {"angle": 0, "axis": "y", "origin": [8, 3.76389, 10.98056]},
			"faces": {
				"north": {"uv": [4.25, 7.875, 4.125, 8], "texture": "#0"},
				"east": {"uv": [4.625, 7.875, 4.5, 8], "texture": "#0"},
				"south": {"uv": [4.5, 7.875, 4.375, 8], "texture": "#0"},
				"west": {"uv": [4.375, 7.875, 4.25, 8], "texture": "#0"},
				"up": {"uv": [4.625, 8, 4.75, 7.875], "texture": "#0"},
				"down": {"uv": [4.75, 7.875, 4.875, 8], "texture": "#0"}
			}
		},
		{
			"from": [5.03, 2.06389, 7.5],
			"to": [5.93, 2.96389, 8.4],
			"rotation": {"angle": 0, "axis": "y", "origin": [8, 3.76389, 11.98056]},
			"faces": {
				"north": {"uv": [4.875, 7.875, 5, 8], "texture": "#0"},
				"east": {"uv": [5, 7.875, 5.125, 8], "texture": "#0"},
				"south": {"uv": [5.125, 7.875, 5.25, 8], "texture": "#0"},
				"west": {"uv": [5.25, 7.875, 5.375, 8], "texture": "#0"},
				"up": {"uv": [5.5, 8, 5.375, 7.875], "texture": "#0"},
				"down": {"uv": [5.625, 7.875, 5.5, 8], "texture": "#0"}
			}
		},
		{
			"from": [10.07, 2.06389, 7.5],
			"to": [10.97, 2.96389, 8.4],
			"rotation": {"angle": 0, "axis": "y", "origin": [8, 3.76389, 11.98056]},
			"faces": {
				"north": {"uv": [5, 7.875, 4.875, 8], "texture": "#0"},
				"east": {"uv": [5.375, 7.875, 5.25, 8], "texture": "#0"},
				"south": {"uv": [5.25, 7.875, 5.125, 8], "texture": "#0"},
				"west": {"uv": [5.125, 7.875, 5, 8], "texture": "#0"},
				"up": {"uv": [5.375, 8, 5.5, 7.875], "texture": "#0"},
				"down": {"uv": [5.5, 7.875, 5.625, 8], "texture": "#0"}
			}
		},
		{
			"from": [5.58743, 1.94634, 8.71556],
			"to": [10.58743, 5.94634, 9.71556],
			"rotation": {"angle": 0, "axis": "y", "origin": [15.08743, 9.94634, 16.41556]},
			"faces": {
				"north": {"uv": [4.25, 3.625, 4.875, 4.125], "texture": "#0"},
				"east": {"uv": [7, 1.25, 7.125, 1.75], "texture": "#0"},
				"south": {"uv": [1.375, 4.375, 2, 4.875], "texture": "#0"},
				"west": {"uv": [7, 3.375, 7.125, 3.875], "texture": "#0"},
				"up": {"uv": [7.375, 4.625, 6.75, 4.5], "texture": "#0"},
				"down": {"uv": [7.375, 6.125, 6.75, 6.25], "texture": "#0"}
			}
		},
		{
			"from": [-0.91257, 4.37096, 8.76556],
			"to": [0.08743, 7.37096, 9.56556],
			"rotation": {"angle": 45, "axis": "z", "origin": [4.44099, 12.37096, 15.76556]},
			"faces": {
				"north": {"uv": [0.75, 4.5, 0.875, 4.875], "texture": "#0"},
				"east": {"uv": [4.75, 6.125, 4.875, 6.5], "texture": "#0"},
				"south": {"uv": [3.625, 7.25, 3.75, 7.625], "texture": "#0"},
				"west": {"uv": [3.75, 7.25, 3.875, 7.625], "texture": "#0"},
				"up": {"uv": [5.75, 8, 5.625, 7.875], "texture": "#0"},
				"down": {"uv": [5.875, 7.875, 5.75, 8], "texture": "#0"}
			}
		},
		{
			"from": [15.754, 4.37096, 8.76556],
			"to": [16.754, 7.37096, 9.56556],
			"rotation": {"angle": -45, "axis": "z", "origin": [11.40044, 12.37096, 15.76556]},
			"faces": {
				"north": {"uv": [3.875, 7.25, 4, 7.625], "texture": "#0"},
				"east": {"uv": [4, 7.25, 4.125, 7.625], "texture": "#0"},
				"south": {"uv": [4.125, 7.25, 4.25, 7.625], "texture": "#0"},
				"west": {"uv": [4.5, 7.25, 4.625, 7.625], "texture": "#0"},
				"up": {"uv": [6, 8, 5.875, 7.875], "texture": "#0"},
				"down": {"uv": [6.125, 7.875, 6, 8], "texture": "#0"}
			}
		},
		{
			"from": [4.08743, 4.94634, 8.41556],
			"to": [11.88743, 10.94634, 9.91556],
			"rotation": {"angle": 0, "axis": "y", "origin": [14.08743, 13.94634, 16.41556]},
			"faces": {
				"north": {"uv": [2.875, 1, 3.875, 1.75], "texture": "#0"},
				"east": {"uv": [1.75, 2.125, 2, 2.875], "texture": "#0"},
				"south": {"uv": [2.875, 1.75, 3.875, 2.5], "texture": "#0"},
				"west": {"uv": [1.75, 5.375, 2, 6.125], "texture": "#0"},
				"up": {"uv": [5.625, 1, 4.625, 0.75], "texture": "#0"},
				"down": {"uv": [5.625, 1, 4.625, 1.25], "texture": "#0"}
			}
		},
		{
			"from": [9.82795, 10.81671, 9.11777],
			"to": [11.44795, 18.91671, 9.56777],
			"rotation": {"angle": 0, "axis": "y", "origin": [13.78795, 18.91671, 15.41777]},
			"faces": {
				"north": {"uv": [2, 4.75, 2.25, 5.75], "texture": "#0"},
				"east": {"uv": [0.125, 6.125, 0.25, 7.125], "texture": "#0"},
				"south": {"uv": [2.25, 4.75, 2.5, 5.75], "texture": "#0"},
				"west": {"uv": [0.25, 6.125, 0.375, 7.125], "texture": "#0"},
				"up": {"uv": [7.75, 2.5, 7.5, 2.375], "texture": "#0"},
				"down": {"uv": [7.75, 3.75, 7.5, 3.875], "texture": "#0"}
			}
		},
		{
			"from": [9.69295, 11.92371, 9.08627],
			"to": [11.49295, 12.37371, 9.62627],
			"rotation": {"angle": 0, "axis": "y", "origin": [13.78795, 20.71671, 15.41777]},
			"faces": {
				"north": {"uv": [7.5, 5.75, 7.75, 5.875], "texture": "#0"},
				"east": {"uv": [6.125, 7.875, 6.25, 8], "texture": "#0"},
				"south": {"uv": [7.5, 5.875, 7.75, 6], "texture": "#0"},
				"west": {"uv": [6.25, 7.875, 6.375, 8], "texture": "#0"},
				"up": {"uv": [7.75, 6.125, 7.5, 6], "texture": "#0"},
				"down": {"uv": [7.75, 6.5, 7.5, 6.625], "texture": "#0"}
			}
		},
		{
			"from": [9.37795, 13.51671, 8.66777],
			"to": [11.89795, 17.11671, 10.01777],
			"rotation": {"angle": 0, "axis": "y", "origin": [14.23795, 17.11671, 14.96777]},
			"faces": {
				"north": {"uv": [4.125, 5.375, 4.5, 5.875], "texture": "#0"},
				"east": {"uv": [0, 7.125, 0.125, 7.625], "texture": "#0"},
				"south": {"uv": [5.5, 0.25, 5.875, 0.75], "texture": "#0"},
				"west": {"uv": [0.125, 7.125, 0.25, 7.625], "texture": "#0"},
				"up": {"uv": [5, 7.375, 4.625, 7.25], "texture": "#0"},
				"down": {"uv": [5.375, 7.25, 5, 7.375], "texture": "#0"}
			}
		},
		{
			"from": [9.51295, 13.06671, 8.75777],
			"to": [11.76295, 13.96671, 9.92777],
			"rotation": {"angle": 0, "axis": "y", "origin": [14.37295, 13.96671, 15.05777]},
			"faces": {
				"north": {"uv": [7.5, 6.625, 7.75, 6.75], "texture": "#0"},
				"east": {"uv": [6.375, 7.875, 6.5, 8], "texture": "#0"},
				"south": {"uv": [7.5, 6.75, 7.75, 6.875], "texture": "#0"},
				"west": {"uv": [6.5, 7.875, 6.625, 8], "texture": "#0"},
				"up": {"uv": [7.75, 7, 7.5, 6.875], "texture": "#0"},
				"down": {"uv": [7.75, 7, 7.5, 7.125], "texture": "#0"}
			}
		},
		{
			"from": [9.06295, 13.78671, 8.89277],
			"to": [12.21295, 17.38671, 10.06277],
			"rotation": {"angle": 0, "axis": "y", "origin": [12.12295, 17.11671, 14.96777]},
			"faces": {
				"north": {"uv": [5.5, 3.375, 5.875, 3.875], "texture": "#0"},
				"east": {"uv": [0.25, 7.125, 0.375, 7.625], "texture": "#0"},
				"south": {"uv": [0, 5.625, 0.375, 6.125], "texture": "#0"},
				"west": {"uv": [0.375, 7.125, 0.5, 7.625], "texture": "#0"},
				"up": {"uv": [5.75, 7.375, 5.375, 7.25], "texture": "#0"},
				"down": {"uv": [6.125, 7.25, 5.75, 7.375], "texture": "#0"}
			}
		},
		{
			"from": [9.06295, 19.66371, 6.92402],
			"to": [12.21295, 21.18371, 8.27402],
			"rotation": {"angle": -22.5, "axis": "x", "origin": [14.82295, 23.14671, 13.22402]},
			"faces": {
				"north": {"uv": [5.75, 6.5, 6.125, 6.75], "texture": "#0"},
				"east": {"uv": [0, 7.625, 0.125, 7.875], "texture": "#0"},
				"south": {"uv": [6.125, 6.5, 6.5, 6.75], "texture": "#0"},
				"west": {"uv": [0.125, 7.625, 0.25, 7.875], "texture": "#0"},
				"up": {"uv": [7.375, 7.375, 7, 7.25], "texture": "#0"},
				"down": {"uv": [7.625, 0, 7.25, 0.125], "texture": "#0"}
			}
		},
		{
			"from": [9.28795, 21.24671, 6.02402],
			"to": [11.98795, 23.04671, 7.37402],
			"rotation": {"angle": -22.5, "axis": "x", "origin": [15.04795, 25.84671, 13.22402]},
			"faces": {
				"north": {"uv": [6.5, 6.5, 6.875, 6.75], "texture": "#0"},
				"east": {"uv": [0.25, 7.625, 0.375, 7.875], "texture": "#0"},
				"south": {"uv": [6.5, 6.25, 6.875, 6.5], "texture": "#0"},
				"west": {"uv": [0.375, 7.625, 0.5, 7.875], "texture": "#0"},
				"up": {"uv": [7.625, 0.25, 7.25, 0.125], "texture": "#0"},
				"down": {"uv": [7.625, 0.375, 7.25, 0.5], "texture": "#0"}
			}
		},
		{
			"from": [9.37795, 19.72671, 6.69902],
			"to": [11.89795, 22.32671, 8.04902],
			"rotation": {"angle": -22.5, "axis": "x", "origin": [14.23795, 22.87671, 12.99902]},
			"faces": {
				"north": {"uv": [3.5, 5.75, 3.875, 6.125], "texture": "#0"},
				"east": {"uv": [6.125, 7.25, 6.25, 7.625], "texture": "#0"},
				"south": {"uv": [4.5, 5.75, 4.875, 6.125], "texture": "#0"},
				"west": {"uv": [7.25, 0.5, 7.375, 0.875], "texture": "#0"},
				"up": {"uv": [7.625, 1, 7.25, 0.875], "texture": "#0"},
				"down": {"uv": [7.625, 1, 7.25, 1.125], "texture": "#0"}
			}
		},
		{
			"from": [9.37795, 13.51671, 9.79277],
			"to": [11.89795, 17.11671, 10.24277],
			"rotation": {"angle": 0, "axis": "y", "origin": [14.23795, 17.11671, 14.96777]},
			"faces": {
				"north": {"uv": [0.375, 5.625, 0.75, 6.125], "texture": "#0"},
				"east": {"uv": [0.5, 7.125, 0.625, 7.625], "texture": "#0"},
				"south": {"uv": [0.75, 5.625, 1.125, 6.125], "texture": "#0"},
				"west": {"uv": [6.25, 7.125, 6.375, 7.625], "texture": "#0"},
				"up": {"uv": [7.625, 1.875, 7.25, 1.75], "texture": "#0"},
				"down": {"uv": [7.625, 1.875, 7.25, 2], "texture": "#0"}
			}
		},
		{
			"from": [9.37795, 19.81671, 7.99277],
			"to": [11.89795, 22.41671, 8.44277],
			"rotation": {"angle": -22.5, "axis": "x", "origin": [14.23795, 23.41671, 13.16777]},
			"faces": {
				"north": {"uv": [5.75, 5.75, 6.125, 6.125], "texture": "#0"},
				"east": {"uv": [7.25, 2.25, 7.375, 2.625], "texture": "#0"},
				"south": {"uv": [5.75, 2.75, 6.125, 3.125], "texture": "#0"},
				"west": {"uv": [7.25, 5, 7.375, 5.375], "texture": "#0"},
				"up": {"uv": [7.625, 2.75, 7.25, 2.625], "texture": "#0"},
				"down": {"uv": [7.625, 4.125, 7.25, 4.25], "texture": "#0"}
			}
		},
		{
			"from": [9.78295, 22.54371, 4.99127],
			"to": [11.58295, 23.34371, 6.61127],
			"rotation": {"angle": -22.5, "axis": "x", "origin": [14.64295, 27.64671, 13.22402]},
			"faces": {
				"north": {"uv": [7.5, 7.125, 7.75, 7.25], "texture": "#0"},
				"east": {"uv": [1, 7.625, 1.25, 7.75], "texture": "#0"},
				"south": {"uv": [1.25, 7.625, 1.5, 7.75], "texture": "#0"},
				"west": {"uv": [1.5, 7.625, 1.75, 7.75], "texture": "#0"},
				"up": {"uv": [7.25, 2, 7, 1.75], "texture": "#0"},
				"down": {"uv": [7.25, 2.5, 7, 2.75], "texture": "#0"}
			}
		},
		{
			"from": [4.51795, 10.81671, 9.11777],
			"to": [6.13795, 18.91671, 9.56777],
			"rotation": {"angle": 0, "axis": "y", "origin": [2.17795, 18.91671, 15.41777]},
			"faces": {
				"north": {"uv": [2.5, 4.75, 2.75, 5.75], "texture": "#0"},
				"east": {"uv": [0.375, 6.125, 0.5, 7.125], "texture": "#0"},
				"south": {"uv": [4.75, 4.75, 5, 5.75], "texture": "#0"},
				"west": {"uv": [0.5, 6.125, 0.625, 7.125], "texture": "#0"},
				"up": {"uv": [2, 7.75, 1.75, 7.625], "texture": "#0"},
				"down": {"uv": [2.25, 7.625, 2, 7.75], "texture": "#0"}
			}
		},
		{
			"from": [4.47295, 11.92371, 9.08627],
			"to": [6.27295, 12.37371, 9.62627],
			"rotation": {"angle": 0, "axis": "y", "origin": [2.17795, 20.71671, 15.41777]},
			"faces": {
				"north": {"uv": [2.25, 7.625, 2.5, 7.75], "texture": "#0"},
				"east": {"uv": [6.625, 7.875, 6.75, 8], "texture": "#0"},
				"south": {"uv": [2.5, 7.625, 2.75, 7.75], "texture": "#0"},
				"west": {"uv": [6.75, 7.875, 6.875, 8], "texture": "#0"},
				"up": {"uv": [3.375, 7.75, 3.125, 7.625], "texture": "#0"},
				"down": {"uv": [3.875, 7.625, 3.625, 7.75], "texture": "#0"}
			}
		},
		{
			"from": [4.06795, 13.51671, 8.66777],
			"to": [6.58795, 17.11671, 10.01777],
			"rotation": {"angle": 0, "axis": "y", "origin": [1.72795, 17.11671, 14.96777]},
			"faces": {
				"north": {"uv": [1.125, 5.625, 1.5, 6.125], "texture": "#0"},
				"east": {"uv": [6.375, 7.125, 6.5, 7.625], "texture": "#0"},
				"south": {"uv": [2.75, 5.625, 3.125, 6.125], "texture": "#0"},
				"west": {"uv": [6.5, 7.125, 6.625, 7.625], "texture": "#0"},
				"up": {"uv": [7.625, 4.375, 7.25, 4.25], "texture": "#0"},
				"down": {"uv": [7.625, 4.625, 7.25, 4.75], "texture": "#0"}
			}
		},
		{
			"from": [4.20295, 13.06671, 8.75777],
			"to": [6.45295, 13.96671, 9.92777],
			"rotation": {"angle": 0, "axis": "y", "origin": [1.59295, 13.96671, 15.05777]},
			"faces": {
				"north": {"uv": [3.875, 7.625, 4.125, 7.75], "texture": "#0"},
				"east": {"uv": [6.875, 7.875, 7, 8], "texture": "#0"},
				"south": {"uv": [4.5, 7.625, 4.75, 7.75], "texture": "#0"},
				"west": {"uv": [7, 7.875, 7.125, 8], "texture": "#0"},
				"up": {"uv": [5, 7.75, 4.75, 7.625], "texture": "#0"},
				"down": {"uv": [5.25, 7.625, 5, 7.75], "texture": "#0"}
			}
		},
		{
			"from": [3.75295, 13.78671, 8.89277],
			"to": [6.90295, 17.38671, 10.06277],
			"rotation": {"angle": 0, "axis": "y", "origin": [3.84295, 17.11671, 14.96777]},
			"faces": {
				"north": {"uv": [3.125, 5.625, 3.5, 6.125], "texture": "#0"},
				"east": {"uv": [6.625, 7.125, 6.75, 7.625], "texture": "#0"},
				"south": {"uv": [5, 5.625, 5.375, 6.125], "texture": "#0"},
				"west": {"uv": [6.75, 7.125, 6.875, 7.625], "texture": "#0"},
				"up": {"uv": [7.625, 4.875, 7.25, 4.75], "texture": "#0"},
				"down": {"uv": [7.625, 5.375, 7.25, 5.5], "texture": "#0"}
			}
		},
		{
			"from": [3.75295, 19.66371, 6.92402],
			"to": [6.90295, 21.18371, 8.27402],
			"rotation": {"angle": -22.5, "axis": "x", "origin": [1.14295, 23.14671, 13.22402]},
			"faces": {
				"north": {"uv": [1.75, 6.625, 2.125, 6.875], "texture": "#0"},
				"east": {"uv": [0.5, 7.625, 0.625, 7.875], "texture": "#0"},
				"south": {"uv": [2.125, 6.625, 2.5, 6.875], "texture": "#0"},
				"west": {"uv": [4.125, 7.625, 4.25, 7.875], "texture": "#0"},
				"up": {"uv": [7.625, 5.625, 7.25, 5.5], "texture": "#0"},
				"down": {"uv": [7.625, 5.625, 7.25, 5.75], "texture": "#0"}
			}
		},
		{
			"from": [3.97795, 21.24671, 6.02402],
			"to": [6.67795, 23.04671, 7.37402],
			"rotation": {"angle": -22.5, "axis": "x", "origin": [0.91795, 25.84671, 13.22402]},
			"faces": {
				"north": {"uv": [2.5, 6.625, 2.875, 6.875], "texture": "#0"},
				"east": {"uv": [5.25, 7.625, 5.375, 7.875], "texture": "#0"},
				"south": {"uv": [2.875, 6.625, 3.25, 6.875], "texture": "#0"},
				"west": {"uv": [5.375, 7.625, 5.5, 7.875], "texture": "#0"},
				"up": {"uv": [7.625, 6.375, 7.25, 6.25], "texture": "#0"},
				"down": {"uv": [7.625, 6.375, 7.25, 6.5], "texture": "#0"}
			}
		},
		{
			"from": [4.06795, 19.72671, 6.69902],
			"to": [6.58795, 22.32671, 8.04902],
			"rotation": {"angle": -22.5, "axis": "x", "origin": [1.72795, 22.87671, 12.99902]},
			"faces": {
				"north": {"uv": [5.75, 5.25, 6.125, 5.625], "texture": "#0"},
				"east": {"uv": [7.25, 6.5, 7.375, 6.875], "texture": "#0"},
				"south": {"uv": [3.875, 5.875, 4.25, 6.25], "texture": "#0"},
				"west": {"uv": [7.25, 6.875, 7.375, 7.25], "texture": "#0"},
				"up": {"uv": [1.75, 7.5, 1.375, 7.375], "texture": "#0"},
				"down": {"uv": [2.125, 7.375, 1.75, 7.5], "texture": "#0"}
			}
		},
		{
			"from": [4.06795, 13.51671, 9.79277],
			"to": [6.58795, 17.11671, 10.24277],
			"rotation": {"angle": 0, "axis": "y", "origin": [1.72795, 17.11671, 14.96777]},
			"faces": {
				"north": {"uv": [5.375, 5.625, 5.75, 6.125], "texture": "#0"},
				"east": {"uv": [6.875, 7.125, 7, 7.625], "texture": "#0"},
				"south": {"uv": [5.625, 0.75, 6, 1.25], "texture": "#0"},
				"west": {"uv": [7.125, 0.625, 7.25, 1.125], "texture": "#0"},
				"up": {"uv": [2.5, 7.5, 2.125, 7.375], "texture": "#0"},
				"down": {"uv": [2.875, 7.375, 2.5, 7.5], "texture": "#0"}
			}
		},
		{
			"from": [4.06795, 19.81671, 7.99277],
			"to": [6.58795, 22.41671, 8.44277],
			"rotation": {"angle": -22.5, "axis": "x", "origin": [1.72795, 23.41671, 13.16777]},
			"faces": {
				"north": {"uv": [5.875, 0.25, 6.25, 0.625], "texture": "#0"},
				"east": {"uv": [2.875, 7.375, 3, 7.75], "texture": "#0"},
				"south": {"uv": [5.875, 2.25, 6.25, 2.625], "texture": "#0"},
				"west": {"uv": [3, 7.375, 3.125, 7.75], "texture": "#0"},
				"up": {"uv": [3.5, 7.5, 3.125, 7.375], "texture": "#0"},
				"down": {"uv": [5, 7.375, 4.625, 7.5], "texture": "#0"}
			}
		},
		{
			"from": [4.38295, 22.54371, 4.99127],
			"to": [6.18295, 23.34371, 6.61127],
			"rotation": {"angle": -22.5, "axis": "x", "origin": [1.32295, 27.64671, 13.22402]},
			"faces": {
				"north": {"uv": [5.5, 7.625, 5.75, 7.75], "texture": "#0"},
				"east": {"uv": [6.125, 7.625, 6.375, 7.75], "texture": "#0"},
				"south": {"uv": [6.375, 7.625, 6.625, 7.75], "texture": "#0"},
				"west": {"uv": [6.625, 7.625, 6.875, 7.75], "texture": "#0"},
				"up": {"uv": [7.25, 4.375, 7, 4.125], "texture": "#0"},
				"down": {"uv": [7.25, 4.625, 7, 4.875], "texture": "#0"}
			}
		},
		{
			"from": [4.38743, 10.94634, 8.71556],
			"to": [6.38743, 11.24634, 9.51556],
			"rotation": {"angle": 0, "axis": "y", "origin": [14.08743, 19.94634, 16.41556]},
			"faces": {
				"north": {"uv": [7.375, 7.625, 7.625, 7.75], "texture": "#0"},
				"east": {"uv": [7.125, 7.875, 7.25, 8], "texture": "#0"},
				"south": {"uv": [7.625, 7.625, 7.875, 7.75], "texture": "#0"},
				"west": {"uv": [7.25, 7.875, 7.375, 8], "texture": "#0"},
				"up": {"uv": [7.875, 0.125, 7.625, 0], "texture": "#0"},
				"down": {"uv": [7.875, 0.125, 7.625, 0.25], "texture": "#0"}
			}
		},
		{
			"from": [6.58743, 10.94634, 8.91556],
			"to": [7.08743, 11.24634, 9.41556],
			"rotation": {"angle": 0, "axis": "y", "origin": [16.08743, 19.94634, 16.41556]},
			"faces": {
				"north": {"uv": [7.375, 7.875, 7.5, 8], "texture": "#0"},
				"east": {"uv": [7.5, 7.875, 7.625, 8], "texture": "#0"},
				"south": {"uv": [7.625, 7.875, 7.75, 8], "texture": "#0"},
				"west": {"uv": [7.75, 7.875, 7.875, 8], "texture": "#0"},
				"up": {"uv": [8, 8, 7.875, 7.875], "texture": "#0"},
				"down": {"uv": [8, 0, 7.875, 0.125], "texture": "#0"}
			}
		},
		{
			"from": [7.38743, 10.94634, 8.91556],
			"to": [7.88743, 11.24634, 9.41556],
			"rotation": {"angle": 0, "axis": "y", "origin": [16.08743, 19.94634, 16.41556]},
			"faces": {
				"north": {"uv": [7.875, 0.125, 8, 0.25], "texture": "#0"},
				"east": {"uv": [7.875, 0.25, 8, 0.375], "texture": "#0"},
				"south": {"uv": [7.875, 0.375, 8, 0.5], "texture": "#0"},
				"west": {"uv": [7.875, 0.5, 8, 0.625], "texture": "#0"},
				"up": {"uv": [8, 0.75, 7.875, 0.625], "texture": "#0"},
				"down": {"uv": [8, 0.75, 7.875, 0.875], "texture": "#0"}
			}
		},
		{
			"from": [9.78743, 10.94634, 8.71556],
			"to": [11.78743, 11.24634, 9.51556],
			"rotation": {"angle": 0, "axis": "y", "origin": [2.08743, 19.94634, 16.41556]},
			"faces": {
				"north": {"uv": [7.625, 0.375, 7.875, 0.5], "texture": "#0"},
				"east": {"uv": [7.875, 0.875, 8, 1], "texture": "#0"},
				"south": {"uv": [7.625, 0.875, 7.875, 1], "texture": "#0"},
				"west": {"uv": [7.875, 1, 8, 1.125], "texture": "#0"},
				"up": {"uv": [7.875, 1.125, 7.625, 1], "texture": "#0"},
				"down": {"uv": [7.875, 1.5, 7.625, 1.625], "texture": "#0"}
			}
		},
		{
			"from": [5.08743, 6.94634, 7.91556],
			"to": [7.08743, 8.94634, 8.71556],
			"rotation": {"angle": 0, "axis": "y", "origin": [14.08743, 13.94634, 15.41556]},
			"faces": {
				"north": {"uv": [7, 5, 7.25, 5.25], "texture": "#0"},
				"east": {"uv": [5.75, 7.625, 5.875, 7.875], "texture": "#0"},
				"south": {"uv": [7, 6.75, 7.25, 7], "texture": "#0"},
				"west": {"uv": [6.875, 7.625, 7, 7.875], "texture": "#0"},
				"up": {"uv": [7.875, 1.75, 7.625, 1.625], "texture": "#0"},
				"down": {"uv": [7.875, 1.75, 7.625, 1.875], "texture": "#0"}
			}
		},
		{
			"from": [6.08743, 9.071, 7.97391],
			"to": [6.58743, 9.571, 8.47391],
			"rotation": {"angle": 0, "axis": "y", "origin": [15.08743, 16.071, 15.47391]},
			"faces": {
				"north": {"uv": [7.875, 1.125, 8, 1.25], "texture": "#0"},
				"east": {"uv": [7.875, 1.25, 8, 1.375], "texture": "#0"},
				"south": {"uv": [7.875, 1.375, 8, 1.5], "texture": "#0"},
				"west": {"uv": [7.875, 1.5, 8, 1.625], "texture": "#0"},
				"up": {"uv": [8, 1.75, 7.875, 1.625], "texture": "#0"},
				"down": {"uv": [8, 1.75, 7.875, 1.875], "texture": "#0"}
			}
		},
		{
			"from": [6.08743, 6.32168, 7.97391],
			"to": [6.58743, 6.82168, 8.47391],
			"rotation": {"angle": 0, "axis": "y", "origin": [15.08743, -0.17832, 15.47391]},
			"faces": {
				"north": {"uv": [7.875, 1.875, 8, 2], "texture": "#0"},
				"east": {"uv": [7.875, 2, 8, 2.125], "texture": "#0"},
				"south": {"uv": [7.875, 2.125, 8, 2.25], "texture": "#0"},
				"west": {"uv": [7.875, 2.25, 8, 2.375], "texture": "#0"},
				"up": {"uv": [8, 2.5, 7.875, 2.375], "texture": "#0"},
				"down": {"uv": [8, 2.5, 7.875, 2.625], "texture": "#0"}
			}
		},
		{
			"from": [9.58743, 9.071, 7.97391],
			"to": [10.08743, 9.571, 8.47391],
			"rotation": {"angle": 0, "axis": "y", "origin": [1.08743, 16.071, 15.47391]},
			"faces": {
				"north": {"uv": [7.875, 2.625, 8, 2.75], "texture": "#0"},
				"east": {"uv": [7.875, 2.75, 8, 2.875], "texture": "#0"},
				"south": {"uv": [7.875, 2.875, 8, 3], "texture": "#0"},
				"west": {"uv": [7.875, 3, 8, 3.125], "texture": "#0"},
				"up": {"uv": [8, 3.25, 7.875, 3.125], "texture": "#0"},
				"down": {"uv": [8, 3.25, 7.875, 3.375], "texture": "#0"}
			}
		},
		{
			"from": [9.58743, 6.32168, 7.97391],
			"to": [10.08743, 6.82168, 8.47391],
			"rotation": {"angle": 0, "axis": "y", "origin": [1.08743, -0.17832, 15.47391]},
			"faces": {
				"north": {"uv": [7.875, 3.375, 8, 3.5], "texture": "#0"},
				"east": {"uv": [7.875, 3.5, 8, 3.625], "texture": "#0"},
				"south": {"uv": [7.875, 3.625, 8, 3.75], "texture": "#0"},
				"west": {"uv": [7.875, 3.75, 8, 3.875], "texture": "#0"},
				"up": {"uv": [8, 4, 7.875, 3.875], "texture": "#0"},
				"down": {"uv": [8, 4, 7.875, 4.125], "texture": "#0"}
			}
		},
		{
			"from": [6.08743, 6.16803, 10.08179],
			"to": [6.58743, 6.66803, 10.58179],
			"rotation": {"angle": 22.5, "axis": "x", "origin": [15.08743, 13.16803, 17.58179]},
			"faces": {
				"north": {"uv": [7.875, 4.125, 8, 4.25], "texture": "#0"},
				"east": {"uv": [7.875, 4.25, 8, 4.375], "texture": "#0"},
				"south": {"uv": [7.875, 4.375, 8, 4.5], "texture": "#0"},
				"west": {"uv": [7.875, 4.5, 8, 4.625], "texture": "#0"},
				"up": {"uv": [8, 4.75, 7.875, 4.625], "texture": "#0"},
				"down": {"uv": [8, 4.75, 7.875, 4.875], "texture": "#0"}
			}
		},
		{
			"from": [6.08743, 13.17524, 10.72696],
			"to": [6.58743, 13.67524, 11.22696],
			"rotation": {"angle": -45, "axis": "x", "origin": [15.08743, 6.67524, 18.22696]},
			"faces": {
				"north": {"uv": [7.875, 4.875, 8, 5], "texture": "#0"},
				"east": {"uv": [7.875, 5, 8, 5.125], "texture": "#0"},
				"south": {"uv": [7.875, 5.125, 8, 5.25], "texture": "#0"},
				"west": {"uv": [7.875, 5.25, 8, 5.375], "texture": "#0"},
				"up": {"uv": [8, 5.5, 7.875, 5.375], "texture": "#0"},
				"down": {"uv": [8, 5.5, 7.875, 5.625], "texture": "#0"}
			}
		},
		{
			"from": [9.58743, 6.16803, 10.08179],
			"to": [10.08743, 6.66803, 10.58179],
			"rotation": {"angle": 22.5, "axis": "x", "origin": [1.08743, 13.16803, 17.58179]},
			"faces": {
				"north": {"uv": [7.875, 5.625, 8, 5.75], "texture": "#0"},
				"east": {"uv": [7.875, 5.75, 8, 5.875], "texture": "#0"},
				"south": {"uv": [7.875, 5.875, 8, 6], "texture": "#0"},
				"west": {"uv": [7.875, 6, 8, 6.125], "texture": "#0"},
				"up": {"uv": [8, 6.25, 7.875, 6.125], "texture": "#0"},
				"down": {"uv": [8, 6.25, 7.875, 6.375], "texture": "#0"}
			}
		},
		{
			"from": [9.58743, 13.17524, 10.72696],
			"to": [10.08743, 13.67524, 11.22696],
			"rotation": {"angle": -45, "axis": "x", "origin": [1.08743, 6.67524, 18.22696]},
			"faces": {
				"north": {"uv": [7.875, 6.375, 8, 6.5], "texture": "#0"},
				"east": {"uv": [7.875, 6.5, 8, 6.625], "texture": "#0"},
				"south": {"uv": [7.875, 6.625, 8, 6.75], "texture": "#0"},
				"west": {"uv": [7.875, 6.75, 8, 6.875], "texture": "#0"},
				"up": {"uv": [8, 7, 7.875, 6.875], "texture": "#0"},
				"down": {"uv": [8, 7, 7.875, 7.125], "texture": "#0"}
			}
		},
		{
			"from": [6.08743, 2.67939, 10.9183],
			"to": [6.58743, 3.17939, 11.4183],
			"rotation": {"angle": 45, "axis": "x", "origin": [15.08743, 9.67939, 18.4183]},
			"faces": {
				"north": {"uv": [7.875, 7.125, 8, 7.25], "texture": "#0"},
				"east": {"uv": [7.875, 7.25, 8, 7.375], "texture": "#0"},
				"south": {"uv": [7.875, 7.375, 8, 7.5], "texture": "#0"},
				"west": {"uv": [7.875, 7.5, 8, 7.625], "texture": "#0"},
				"up": {"uv": [8, 7.75, 7.875, 7.625], "texture": "#0"},
				"down": {"uv": [8, 7.75, 7.875, 7.875], "texture": "#0"}
			}
		},
		{
			"from": [9.58743, 2.67939, 10.9183],
			"to": [10.08743, 3.17939, 11.4183],
			"rotation": {"angle": 45, "axis": "x", "origin": [1.08743, 9.67939, 18.4183]},
			"faces": {
				"north": {"uv": [0, 8, 0.125, 8.125], "texture": "#0"},
				"east": {"uv": [0.125, 8, 0.25, 8.125], "texture": "#0"},
				"south": {"uv": [0.25, 8, 0.375, 8.125], "texture": "#0"},
				"west": {"uv": [0.375, 8, 0.5, 8.125], "texture": "#0"},
				"up": {"uv": [0.625, 8.125, 0.5, 8], "texture": "#0"},
				"down": {"uv": [0.75, 8, 0.625, 8.125], "texture": "#0"}
			}
		},
		{
			"from": [6.08743, 10.94634, 4.91556],
			"to": [6.58743, 11.44634, 5.41556],
			"rotation": {"angle": -22.5, "axis": "x", "origin": [15.08743, 17.94634, 12.41556]},
			"faces": {
				"north": {"uv": [0.75, 8, 0.875, 8.125], "texture": "#0"},
				"east": {"uv": [0.875, 8, 1, 8.125], "texture": "#0"},
				"south": {"uv": [1, 8, 1.125, 8.125], "texture": "#0"},
				"west": {"uv": [1.125, 8, 1.25, 8.125], "texture": "#0"},
				"up": {"uv": [1.375, 8.125, 1.25, 8], "texture": "#0"},
				"down": {"uv": [1.5, 8, 1.375, 8.125], "texture": "#0"}
			}
		},
		{
			"from": [6.08743, 4.44634, 4.91556],
			"to": [6.58743, 4.94634, 5.41556],
			"rotation": {"angle": 22.5, "axis": "x", "origin": [15.08743, -2.05366, 12.41556]},
			"faces": {
				"north": {"uv": [1.5, 8, 1.625, 8.125], "texture": "#0"},
				"east": {"uv": [1.625, 8, 1.75, 8.125], "texture": "#0"},
				"south": {"uv": [1.75, 8, 1.875, 8.125], "texture": "#0"},
				"west": {"uv": [1.875, 8, 2, 8.125], "texture": "#0"},
				"up": {"uv": [2.125, 8.125, 2, 8], "texture": "#0"},
				"down": {"uv": [2.25, 8, 2.125, 8.125], "texture": "#0"}
			}
		},
		{
			"from": [9.58743, 10.94634, 4.91556],
			"to": [10.08743, 11.44634, 5.41556],
			"rotation": {"angle": -22.5, "axis": "x", "origin": [1.08743, 17.94634, 12.41556]},
			"faces": {
				"north": {"uv": [2.25, 8, 2.375, 8.125], "texture": "#0"},
				"east": {"uv": [2.375, 8, 2.5, 8.125], "texture": "#0"},
				"south": {"uv": [2.5, 8, 2.625, 8.125], "texture": "#0"},
				"west": {"uv": [2.625, 8, 2.75, 8.125], "texture": "#0"},
				"up": {"uv": [2.875, 8.125, 2.75, 8], "texture": "#0"},
				"down": {"uv": [3, 8, 2.875, 8.125], "texture": "#0"}
			}
		},
		{
			"from": [9.58743, 4.44634, 4.91556],
			"to": [10.08743, 4.94634, 5.41556],
			"rotation": {"angle": 22.5, "axis": "x", "origin": [1.08743, -2.05366, 12.41556]},
			"faces": {
				"north": {"uv": [3, 8, 3.125, 8.125], "texture": "#0"},
				"east": {"uv": [3.125, 8, 3.25, 8.125], "texture": "#0"},
				"south": {"uv": [3.25, 8, 3.375, 8.125], "texture": "#0"},
				"west": {"uv": [3.375, 8, 3.5, 8.125], "texture": "#0"},
				"up": {"uv": [3.625, 8.125, 3.5, 8], "texture": "#0"},
				"down": {"uv": [3.75, 8, 3.625, 8.125], "texture": "#0"}
			}
		},
		{
			"from": [8.92072, 6.94634, 7.91556],
			"to": [10.92072, 8.94634, 8.71556],
			"rotation": {"angle": 0, "axis": "y", "origin": [2.08743, 13.94634, 15.41556]},
			"faces": {
				"north": {"uv": [7.125, 1.125, 7.375, 1.375], "texture": "#0"},
				"east": {"uv": [7.625, 2.5, 7.75, 2.75], "texture": "#0"},
				"south": {"uv": [7.125, 1.375, 7.375, 1.625], "texture": "#0"},
				"west": {"uv": [7.625, 2.75, 7.75, 3], "texture": "#0"},
				"up": {"uv": [7.875, 2, 7.625, 1.875], "texture": "#0"},
				"down": {"uv": [7.875, 3, 7.625, 3.125], "texture": "#0"}
			}
		},
		{
			"from": [5.33743, 7.24634, 7.71556],
			"to": [6.83743, 8.74634, 8.21556],
			"rotation": {"angle": 0, "axis": "y", "origin": [14.08743, 13.94634, 14.61556]},
			"faces": {
				"north": {"uv": [7.125, 2.75, 7.375, 3], "texture": "#0"},
				"east": {"uv": [7.625, 3.125, 7.75, 3.375], "texture": "#0"},
				"south": {"uv": [7.125, 3, 7.375, 3.25], "texture": "#0"},
				"west": {"uv": [7.625, 3.375, 7.75, 3.625], "texture": "#0"},
				"up": {"uv": [7.875, 3.75, 7.625, 3.625], "texture": "#0"},
				"down": {"uv": [7.875, 3.875, 7.625, 4], "texture": "#0"}
			}
		},
		{
			"from": [9.17072, 7.24634, 7.71556],
			"to": [10.67072, 8.74634, 8.21556],
			"rotation": {"angle": 0, "axis": "y", "origin": [2.08743, 13.94634, 14.61556]},
			"faces": {
				"north": {"uv": [7.125, 3.375, 7.375, 3.625], "texture": "#0"},
				"east": {"uv": [7.625, 4, 7.75, 4.25], "texture": "#0"},
				"south": {"uv": [7.125, 3.625, 7.375, 3.875], "texture": "#0"},
				"west": {"uv": [7.625, 4.25, 7.75, 4.5], "texture": "#0"},
				"up": {"uv": [7.875, 4.625, 7.625, 4.5], "texture": "#0"},
				"down": {"uv": [7.875, 4.625, 7.625, 4.75], "texture": "#0"}
			}
		},
		{
			"from": [5.58743, 7.44634, 7.21556],
			"to": [6.58743, 8.44634, 7.71556],
			"rotation": {"angle": 0, "axis": "y", "origin": [14.08743, 13.94634, 14.11556]},
			"faces": {
				"north": {"uv": [3.75, 8, 3.875, 8.125], "texture": "#0"},
				"east": {"uv": [3.875, 8, 4, 8.125], "texture": "#0"},
				"south": {"uv": [4, 8, 4.125, 8.125], "texture": "#0"},
				"west": {"uv": [4.125, 8, 4.25, 8.125], "texture": "#0"},
				"up": {"uv": [4.375, 8.125, 4.25, 8], "texture": "#0"},
				"down": {"uv": [4.5, 8, 4.375, 8.125], "texture": "#0"}
			}
		},
		{
			"from": [5.83743, 7.74634, 7.01556],
			"to": [6.33743, 8.24634, 7.51556],
			"rotation": {"angle": 0, "axis": "y", "origin": [14.08743, 13.94634, 13.61556]},
			"faces": {
				"north": {"uv": [4.5, 8, 4.625, 8.125], "texture": "#0"},
				"east": {"uv": [4.625, 8, 4.75, 8.125], "texture": "#0"},
				"south": {"uv": [4.75, 8, 4.875, 8.125], "texture": "#0"},
				"west": {"uv": [4.875, 8, 5, 8.125], "texture": "#0"},
				"up": {"uv": [5.125, 8.125, 5, 8], "texture": "#0"},
				"down": {"uv": [5.25, 8, 5.125, 8.125], "texture": "#0"}
			}
		},
		{
			"from": [9.62072, 7.74634, 7.01556],
			"to": [10.12072, 8.24634, 7.51556],
			"rotation": {"angle": 0, "axis": "y", "origin": [2.08743, 13.94634, 13.61556]},
			"faces": {
				"north": {"uv": [5.25, 8, 5.375, 8.125], "texture": "#0"},
				"east": {"uv": [5.375, 8, 5.5, 8.125], "texture": "#0"},
				"south": {"uv": [5.5, 8, 5.625, 8.125], "texture": "#0"},
				"west": {"uv": [5.625, 8, 5.75, 8.125], "texture": "#0"},
				"up": {"uv": [5.875, 8.125, 5.75, 8], "texture": "#0"},
				"down": {"uv": [6, 8, 5.875, 8.125], "texture": "#0"}
			}
		},
		{
			"from": [9.42072, 7.44634, 7.21556],
			"to": [10.42072, 8.44634, 7.71556],
			"rotation": {"angle": 0, "axis": "y", "origin": [2.08743, 13.94634, 14.11556]},
			"faces": {
				"north": {"uv": [6, 8, 6.125, 8.125], "texture": "#0"},
				"east": {"uv": [6.125, 8, 6.25, 8.125], "texture": "#0"},
				"south": {"uv": [6.25, 8, 6.375, 8.125], "texture": "#0"},
				"west": {"uv": [6.375, 8, 6.5, 8.125], "texture": "#0"},
				"up": {"uv": [6.625, 8.125, 6.5, 8], "texture": "#0"},
				"down": {"uv": [6.75, 8, 6.625, 8.125], "texture": "#0"}
			}
		},
		{
			"from": [6.58743, 2.24634, 7.41556],
			"to": [9.58743, 2.74634, 8.91556],
			"rotation": {"angle": 0, "axis": "y", "origin": [15.08743, 9.94634, 15.71556]},
			"faces": {
				"north": {"uv": [5, 7.375, 5.375, 7.5], "texture": "#0"},
				"east": {"uv": [6.75, 8, 6.875, 8.125], "texture": "#0"},
				"south": {"uv": [5.375, 7.375, 5.75, 7.5], "texture": "#0"},
				"west": {"uv": [6.875, 8, 7, 8.125], "texture": "#0"},
				"up": {"uv": [6.125, 7.5, 5.75, 7.375], "texture": "#0"},
				"down": {"uv": [7.375, 7.375, 7, 7.5], "texture": "#0"}
			}
		},
		{
			"from": [6.58743, 4.24634, 7.41556],
			"to": [9.58743, 4.74634, 8.91556],
			"rotation": {"angle": 0, "axis": "y", "origin": [15.08743, 11.94634, 15.71556]},
			"faces": {
				"north": {"uv": [7.375, 7.375, 7.75, 7.5], "texture": "#0"},
				"east": {"uv": [7, 8, 7.125, 8.125], "texture": "#0"},
				"south": {"uv": [7.375, 0.5, 7.75, 0.625], "texture": "#0"},
				"west": {"uv": [7.125, 8, 7.25, 8.125], "texture": "#0"},
				"up": {"uv": [7.75, 0.75, 7.375, 0.625], "texture": "#0"},
				"down": {"uv": [7.75, 0.75, 7.375, 0.875], "texture": "#0"}
			}
		},
		{
			"from": [6.58743, 3.74634, 7.41556],
			"to": [7.08743, 4.24634, 7.91556],
			"rotation": {"angle": 0, "axis": "y", "origin": [13.08743, 11.44634, 15.71556]},
			"faces": {
				"north": {"uv": [7.25, 8, 7.375, 8.125], "texture": "#0"},
				"east": {"uv": [7.375, 8, 7.5, 8.125], "texture": "#0"},
				"south": {"uv": [7.5, 8, 7.625, 8.125], "texture": "#0"},
				"west": {"uv": [7.625, 8, 7.75, 8.125], "texture": "#0"},
				"up": {"uv": [7.875, 8.125, 7.75, 8], "texture": "#0"},
				"down": {"uv": [8, 8, 7.875, 8.125], "texture": "#0"}
			}
		},
		{
			"from": [6.58743, 2.74634, 7.41556],
			"to": [7.08743, 3.24634, 7.91556],
			"rotation": {"angle": 0, "axis": "y", "origin": [13.08743, 10.44634, 15.71556]},
			"faces": {
				"north": {"uv": [8, 8, 8.125, 8.125], "texture": "#0"},
				"east": {"uv": [8, 0, 8.125, 0.125], "texture": "#0"},
				"south": {"uv": [8, 0.125, 8.125, 0.25], "texture": "#0"},
				"west": {"uv": [8, 0.25, 8.125, 0.375], "texture": "#0"},
				"up": {"uv": [8.125, 0.5, 8, 0.375], "texture": "#0"},
				"down": {"uv": [8.125, 0.5, 8, 0.625], "texture": "#0"}
			}
		},
		{
			"from": [9.08743, 3.74634, 7.41556],
			"to": [9.58743, 4.24634, 7.91556],
			"rotation": {"angle": 0, "axis": "y", "origin": [2.98743, 11.44634, 15.71556]},
			"faces": {
				"north": {"uv": [8, 0.625, 8.125, 0.75], "texture": "#0"},
				"east": {"uv": [8, 0.75, 8.125, 0.875], "texture": "#0"},
				"south": {"uv": [8, 0.875, 8.125, 1], "texture": "#0"},
				"west": {"uv": [8, 1, 8.125, 1.125], "texture": "#0"},
				"up": {"uv": [8.125, 1.25, 8, 1.125], "texture": "#0"},
				"down": {"uv": [8.125, 1.25, 8, 1.375], "texture": "#0"}
			}
		},
		{
			"from": [9.08743, 2.74634, 7.41556],
			"to": [9.58743, 3.24634, 7.91556],
			"rotation": {"angle": 0, "axis": "y", "origin": [2.98743, 10.44634, 15.71556]},
			"faces": {
				"north": {"uv": [8, 1.375, 8.125, 1.5], "texture": "#0"},
				"east": {"uv": [8, 1.5, 8.125, 1.625], "texture": "#0"},
				"south": {"uv": [8, 1.625, 8.125, 1.75], "texture": "#0"},
				"west": {"uv": [8, 1.75, 8.125, 1.875], "texture": "#0"},
				"up": {"uv": [8.125, 2, 8, 1.875], "texture": "#0"},
				"down": {"uv": [8.125, 2, 8, 2.125], "texture": "#0"}
			}
		},
		{
			"from": [9.08743, 3.74634, 8.21556],
			"to": [9.58743, 4.24634, 9.01556],
			"rotation": {"angle": 0, "axis": "y", "origin": [2.98743, 11.44634, 16.71556]},
			"faces": {
				"north": {"uv": [8, 2.125, 8.125, 2.25], "texture": "#0"},
				"east": {"uv": [8, 2.25, 8.125, 2.375], "texture": "#0"},
				"south": {"uv": [8, 2.375, 8.125, 2.5], "texture": "#0"},
				"west": {"uv": [8, 2.5, 8.125, 2.625], "texture": "#0"},
				"up": {"uv": [8.125, 2.75, 8, 2.625], "texture": "#0"},
				"down": {"uv": [8.125, 2.75, 8, 2.875], "texture": "#0"}
			}
		},
		{
			"from": [9.08743, 2.74634, 8.21556],
			"to": [9.58743, 3.24634, 9.01556],
			"rotation": {"angle": 0, "axis": "y", "origin": [2.98743, 10.44634, 16.71556]},
			"faces": {
				"north": {"uv": [8, 2.875, 8.125, 3], "texture": "#0"},
				"east": {"uv": [8, 3, 8.125, 3.125], "texture": "#0"},
				"south": {"uv": [8, 3.125, 8.125, 3.25], "texture": "#0"},
				"west": {"uv": [8, 3.25, 8.125, 3.375], "texture": "#0"},
				"up": {"uv": [8.125, 3.5, 8, 3.375], "texture": "#0"},
				"down": {"uv": [8.125, 3.5, 8, 3.625], "texture": "#0"}
			}
		},
		{
			"from": [6.58743, 3.74634, 8.21556],
			"to": [7.08743, 4.24634, 9.01556],
			"rotation": {"angle": 0, "axis": "y", "origin": [13.18743, 11.44634, 16.71556]},
			"faces": {
				"north": {"uv": [8, 3.625, 8.125, 3.75], "texture": "#0"},
				"east": {"uv": [8, 3.75, 8.125, 3.875], "texture": "#0"},
				"south": {"uv": [8, 3.875, 8.125, 4], "texture": "#0"},
				"west": {"uv": [8, 4, 8.125, 4.125], "texture": "#0"},
				"up": {"uv": [8.125, 4.25, 8, 4.125], "texture": "#0"},
				"down": {"uv": [8.125, 4.25, 8, 4.375], "texture": "#0"}
			}
		},
		{
			"from": [6.58743, 2.74634, 8.21556],
			"to": [7.08743, 3.24634, 9.01556],
			"rotation": {"angle": 0, "axis": "y", "origin": [13.18743, 10.44634, 16.71556]},
			"faces": {
				"north": {"uv": [8, 4.375, 8.125, 4.5], "texture": "#0"},
				"east": {"uv": [8, 4.5, 8.125, 4.625], "texture": "#0"},
				"south": {"uv": [8, 4.625, 8.125, 4.75], "texture": "#0"},
				"west": {"uv": [8, 4.75, 8.125, 4.875], "texture": "#0"},
				"up": {"uv": [8.125, 5, 8, 4.875], "texture": "#0"},
				"down": {"uv": [8.125, 5, 8, 5.125], "texture": "#0"}
			}
		},
		{
			"from": [7.18743, 3.74634, 7.41556],
			"to": [7.98743, 4.24634, 7.91556],
			"rotation": {"angle": 0, "axis": "y", "origin": [13.08743, 11.44634, 15.71556]},
			"faces": {
				"north": {"uv": [8, 5.125, 8.125, 5.25], "texture": "#0"},
				"east": {"uv": [8, 5.25, 8.125, 5.375], "texture": "#0"},
				"south": {"uv": [8, 5.375, 8.125, 5.5], "texture": "#0"},
				"west": {"uv": [8, 5.5, 8.125, 5.625], "texture": "#0"},
				"up": {"uv": [8.125, 5.75, 8, 5.625], "texture": "#0"},
				"down": {"uv": [8.125, 5.75, 8, 5.875], "texture": "#0"}
			}
		},
		{
			"from": [7.18743, 2.74634, 7.41556],
			"to": [7.98743, 3.24634, 7.91556],
			"rotation": {"angle": 0, "axis": "y", "origin": [13.08743, 10.44634, 15.71556]},
			"faces": {
				"north": {"uv": [8, 5.875, 8.125, 6], "texture": "#0"},
				"east": {"uv": [8, 6, 8.125, 6.125], "texture": "#0"},
				"south": {"uv": [8, 6.125, 8.125, 6.25], "texture": "#0"},
				"west": {"uv": [8, 6.25, 8.125, 6.375], "texture": "#0"},
				"up": {"uv": [8.125, 6.5, 8, 6.375], "texture": "#0"},
				"down": {"uv": [8.125, 6.5, 8, 6.625], "texture": "#0"}
			}
		},
		{
			"from": [8.18743, 3.74634, 7.41556],
			"to": [8.98743, 4.24634, 7.91556],
			"rotation": {"angle": 0, "axis": "y", "origin": [3.08743, 11.44634, 15.71556]},
			"faces": {
				"north": {"uv": [8, 6.625, 8.125, 6.75], "texture": "#0"},
				"east": {"uv": [8, 6.75, 8.125, 6.875], "texture": "#0"},
				"south": {"uv": [8, 6.875, 8.125, 7], "texture": "#0"},
				"west": {"uv": [8, 7, 8.125, 7.125], "texture": "#0"},
				"up": {"uv": [8.125, 7.25, 8, 7.125], "texture": "#0"},
				"down": {"uv": [8.125, 7.25, 8, 7.375], "texture": "#0"}
			}
		},
		{
			"from": [8.18743, 2.74634, 7.41556],
			"to": [8.98743, 3.24634, 7.91556],
			"rotation": {"angle": 0, "axis": "y", "origin": [3.08743, 10.44634, 15.71556]},
			"faces": {
				"north": {"uv": [8, 7.375, 8.125, 7.5], "texture": "#0"},
				"east": {"uv": [8, 7.5, 8.125, 7.625], "texture": "#0"},
				"south": {"uv": [8, 7.625, 8.125, 7.75], "texture": "#0"},
				"west": {"uv": [8, 7.75, 8.125, 7.875], "texture": "#0"},
				"up": {"uv": [8.125, 8, 8, 7.875], "texture": "#0"},
				"down": {"uv": [0.125, 8.125, 0, 8.25], "texture": "#0"}
			}
		},
		{
			"from": [4.53743, 3.44634, 8.96556],
			"to": [5.03743, 4.94634, 9.46556],
			"rotation": {"angle": 0, "axis": "y", "origin": [12.38743, 10.94634, 16.71556]},
			"faces": {
				"north": {"uv": [7.625, 4.75, 7.75, 5], "texture": "#0"},
				"east": {"uv": [7.625, 5, 7.75, 5.25], "texture": "#0"},
				"south": {"uv": [7.625, 5.25, 7.75, 5.5], "texture": "#0"},
				"west": {"uv": [7.625, 5.5, 7.75, 5.75], "texture": "#0"},
				"up": {"uv": [0.25, 8.25, 0.125, 8.125], "texture": "#0"},
				"down": {"uv": [0.375, 8.125, 0.25, 8.25], "texture": "#0"}
			}
		},
		{
			"from": [11.13743, 3.44634, 8.96556],
			"to": [11.63743, 4.94634, 9.46556],
			"rotation": {"angle": 0, "axis": "y", "origin": [3.78743, 10.94634, 16.71556]},
			"faces": {
				"north": {"uv": [7.625, 6.125, 7.75, 6.375], "texture": "#0"},
				"east": {"uv": [0.625, 7.75, 0.75, 8], "texture": "#0"},
				"south": {"uv": [0.75, 7.75, 0.875, 8], "texture": "#0"},
				"west": {"uv": [1, 7.75, 1.125, 8], "texture": "#0"},
				"up": {"uv": [0.5, 8.25, 0.375, 8.125], "texture": "#0"},
				"down": {"uv": [0.625, 8.125, 0.5, 8.25], "texture": "#0"}
			}
		},
		{
			"from": [1.2611, 5.41756, 8.96556],
			"to": [1.7611, 5.91756, 9.46556],
			"rotation": {"angle": 22.5, "axis": "z", "origin": [9.1111, 12.91756, 16.71556]},
			"faces": {
				"north": {"uv": [0.625, 8.125, 0.75, 8.25], "texture": "#0"},
				"east": {"uv": [0.75, 8.125, 0.875, 8.25], "texture": "#0"},
				"south": {"uv": [0.875, 8.125, 1, 8.25], "texture": "#0"},
				"west": {"uv": [1, 8.125, 1.125, 8.25], "texture": "#0"},
				"up": {"uv": [1.25, 8.25, 1.125, 8.125], "texture": "#0"},
				"down": {"uv": [1.375, 8.125, 1.25, 8.25], "texture": "#0"}
			}
		},
		{
			"from": [14.41376, 5.41756, 8.96556],
			"to": [14.91376, 5.91756, 9.46556],
			"rotation": {"angle": -22.5, "axis": "z", "origin": [7.06376, 12.91756, 16.71556]},
			"faces": {
				"north": {"uv": [1.375, 8.125, 1.5, 8.25], "texture": "#0"},
				"east": {"uv": [1.5, 8.125, 1.625, 8.25], "texture": "#0"},
				"south": {"uv": [1.625, 8.125, 1.75, 8.25], "texture": "#0"},
				"west": {"uv": [1.75, 8.125, 1.875, 8.25], "texture": "#0"},
				"up": {"uv": [2, 8.25, 1.875, 8.125], "texture": "#0"},
				"down": {"uv": [2.125, 8.125, 2, 8.25], "texture": "#0"}
			}
		},
		{
			"from": [-2.52018, 5.98494, 8.96556],
			"to": [-2.02018, 6.48494, 9.46556],
			"rotation": {"angle": 45, "axis": "z", "origin": [5.32982, 13.48494, 16.71556]},
			"faces": {
				"north": {"uv": [2.125, 8.125, 2.25, 8.25], "texture": "#0"},
				"east": {"uv": [2.25, 8.125, 2.375, 8.25], "texture": "#0"},
				"south": {"uv": [2.375, 8.125, 2.5, 8.25], "texture": "#0"},
				"west": {"uv": [2.5, 8.125, 2.625, 8.25], "texture": "#0"},
				"up": {"uv": [2.75, 8.25, 2.625, 8.125], "texture": "#0"},
				"down": {"uv": [2.875, 8.125, 2.75, 8.25], "texture": "#0"}
			}
		},
		{
			"from": [18.19505, 5.98494, 8.96556],
			"to": [18.69505, 6.48494, 9.46556],
			"rotation": {"angle": -45, "axis": "z", "origin": [10.84505, 13.48494, 16.71556]},
			"faces": {
				"north": {"uv": [2.875, 8.125, 3, 8.25], "texture": "#0"},
				"east": {"uv": [3, 8.125, 3.125, 8.25], "texture": "#0"},
				"south": {"uv": [3.125, 8.125, 3.25, 8.25], "texture": "#0"},
				"west": {"uv": [3.25, 8.125, 3.375, 8.25], "texture": "#0"},
				"up": {"uv": [3.5, 8.25, 3.375, 8.125], "texture": "#0"},
				"down": {"uv": [3.625, 8.125, 3.5, 8.25], "texture": "#0"}
			}
		},
		{
			"from": [8.61924, 4.71209, 8.96556],
			"to": [10.11924, 5.21209, 9.46556],
			"rotation": {"angle": -22.5, "axis": "z", "origin": [1.61924, 12.56209, 16.71556]},
			"faces": {
				"north": {"uv": [7.625, 6.375, 7.875, 6.5], "texture": "#0"},
				"east": {"uv": [3.625, 8.125, 3.75, 8.25], "texture": "#0"},
				"south": {"uv": [7.625, 7.25, 7.875, 7.375], "texture": "#0"},
				"west": {"uv": [3.75, 8.125, 3.875, 8.25], "texture": "#0"},
				"up": {"uv": [7.875, 7.625, 7.625, 7.5], "texture": "#0"},
				"down": {"uv": [1.375, 7.75, 1.125, 7.875], "texture": "#0"}
			}
		},
		{
			"from": [6.05563, 4.71209, 8.96556],
			"to": [7.55563, 5.21209, 9.46556],
			"rotation": {"angle": 22.5, "axis": "z", "origin": [14.55563, 12.56209, 16.71556]},
			"faces": {
				"north": {"uv": [1.375, 7.75, 1.625, 7.875], "texture": "#0"},
				"east": {"uv": [3.875, 8.125, 4, 8.25], "texture": "#0"},
				"south": {"uv": [1.625, 7.75, 1.875, 7.875], "texture": "#0"},
				"west": {"uv": [4, 8.125, 4.125, 8.25], "texture": "#0"},
				"up": {"uv": [2.125, 7.875, 1.875, 7.75], "texture": "#0"},
				"down": {"uv": [2.375, 7.75, 2.125, 7.875], "texture": "#0"}
			}
		},
		{
			"from": [6, 14, 6],
			"to": [10, 18, 12],
			"rotation": {"angle": 0, "axis": "y", "origin": [14, 22, 14]},
			"faces": {
				"north": {"uv": [0, 4.875, 0.5, 5.375], "texture": "#0"},
				"east": {"uv": [3.875, 4.125, 4.625, 4.625], "texture": "#0"},
				"south": {"uv": [1.375, 4.875, 1.875, 5.375], "texture": "#0"},
				"west": {"uv": [4.25, 2.375, 5, 2.875], "texture": "#0"},
				"up": {"uv": [4.75, 3.625, 4.25, 2.875], "texture": "#0"},
				"down": {"uv": [1.375, 4.375, 0.875, 5.125], "texture": "#0"}
			}
		},
		{
			"from": [6.25, 14.4, 5.5],
			"to": [9.75, 17.9, 6],
			"rotation": {"angle": 0, "axis": "y", "origin": [14.35, 22.2, 9.5]},
			"faces": {
				"north": {"uv": [3.75, 4.875, 4.25, 5.375], "texture": "#0"},
				"east": {"uv": [7.125, 5.25, 7.25, 5.75], "texture": "#0"},
				"south": {"uv": [4.25, 4.875, 4.75, 5.375], "texture": "#0"},
				"west": {"uv": [7.125, 6.25, 7.25, 6.75], "texture": "#0"},
				"up": {"uv": [7.375, 6.125, 6.875, 6], "texture": "#0"},
				"down": {"uv": [7.5, 0.25, 7, 0.375], "texture": "#0"}
			}
		},
		{
			"from": [6.25, 14.4, 12],
			"to": [9.75, 17.9, 12.5],
			"rotation": {"angle": 0, "axis": "y", "origin": [14.35, 22.2, 8.5]},
			"faces": {
				"north": {"uv": [4.875, 1.25, 5.375, 1.75], "texture": "#0"},
				"east": {"uv": [0.625, 7.25, 0.75, 7.75], "texture": "#0"},
				"south": {"uv": [4.875, 1.75, 5.375, 2.25], "texture": "#0"},
				"west": {"uv": [0.75, 7.25, 0.875, 7.75], "texture": "#0"},
				"up": {"uv": [7.5, 2.125, 7, 2], "texture": "#0"},
				"down": {"uv": [7.625, 1.625, 7.125, 1.75], "texture": "#0"}
			}
		},
		{
			"from": [7.1, 12, 5],
			"to": [8.9, 13.8, 6],
			"rotation": {"angle": 0, "axis": "y", "origin": [15.1, 20, 13]},
			"faces": {
				"north": {"uv": [7.125, 3.875, 7.375, 4.125], "texture": "#0"},
				"east": {"uv": [2.375, 7.75, 2.5, 8], "texture": "#0"},
				"south": {"uv": [7.125, 5.75, 7.375, 6], "texture": "#0"},
				"west": {"uv": [2.5, 7.75, 2.625, 8], "texture": "#0"},
				"up": {"uv": [2.875, 7.875, 2.625, 7.75], "texture": "#0"},
				"down": {"uv": [3.125, 7.75, 2.875, 7.875], "texture": "#0"}
			}
		},
		{
			"from": [7.25, 12.15, 3],
			"to": [8.75, 13.65, 5],
			"rotation": {"angle": 0, "axis": "y", "origin": [15.1, 20, 12]},
			"faces": {
				"north": {"uv": [3.125, 7.75, 3.25, 8], "texture": "#0"},
				"east": {"uv": [0.875, 7.25, 1.125, 7.5], "texture": "#0"},
				"south": {"uv": [3.25, 7.75, 3.375, 8], "texture": "#0"},
				"west": {"uv": [1.125, 7.25, 1.375, 7.5], "texture": "#0"},
				"up": {"uv": [3.5, 8, 3.375, 7.75], "texture": "#0"},
				"down": {"uv": [3.625, 7.75, 3.5, 8], "texture": "#0"}
			}
		},
		{
			"from": [7.5, 12.4, 2.5],
			"to": [8.5, 13.4, 3],
			"rotation": {"angle": 0, "axis": "y", "origin": [15.1, 20.5, 11.5]},
			"faces": {
				"north": {"uv": [5.375, 8.125, 5.5, 8.25], "texture": "#0"},
				"east": {"uv": [5.5, 8.125, 5.625, 8.25], "texture": "#0"},
				"south": {"uv": [5.625, 8.125, 5.75, 8.25], "texture": "#0"},
				"west": {"uv": [5.75, 8.125, 5.875, 8.25], "texture": "#0"},
				"up": {"uv": [6, 8.25, 5.875, 8.125], "texture": "#0"},
				"down": {"uv": [6.125, 8.125, 6, 8.25], "texture": "#0"}
			}
		},
		{
			"from": [7.5, 7.8, 5.3],
			"to": [8.5, 9.1, 6.3],
			"rotation": {"angle": 22.5, "axis": "x", "origin": [15.5, 15.55569, 13.06982]},
			"faces": {
				"north": {"uv": [6.125, 8.125, 6.25, 8.25], "texture": "#0"},
				"east": {"uv": [6.25, 8.125, 6.375, 8.25], "texture": "#0"},
				"south": {"uv": [6.375, 8.125, 6.5, 8.25], "texture": "#0"},
				"west": {"uv": [6.5, 8.125, 6.625, 8.25], "texture": "#0"},
				"up": {"uv": [6.75, 8.25, 6.625, 8.125], "texture": "#0"},
				"down": {"uv": [9.1875, 6.75, 9.4375, 7], "texture": "#0"}
			}
		},
		{
			"from": [7.4, 14.89437, 3.2],
			"to": [8.6, 17.69437, 4.4],
			"rotation": {"angle": 0, "axis": "y", "origin": [15.5, 22.89437, 11.47534]},
			"faces": {
				"north": {"uv": [3.5, 7.375, 3.625, 7.75], "texture": "#0"},
				"east": {"uv": [4.375, 7.375, 4.5, 7.75], "texture": "#0"},
				"south": {"uv": [7.375, 1.125, 7.5, 1.5], "texture": "#0"},
				"west": {"uv": [7.375, 2.125, 7.5, 2.5], "texture": "#0"},
				"up": {"uv": [7, 8.25, 6.875, 8.125], "texture": "#0"},
				"down": {"uv": [7.125, 8.125, 7, 8.25], "texture": "#0"}
			}
		},
		{
			"from": [7.4, 14, 3.2],
			"to": [8.6, 14.8, 4.4],
			"rotation": {"angle": 0, "axis": "y", "origin": [15.5, 21.89437, 11.47534]},
			"faces": {
				"north": {"uv": [7.125, 8.125, 7.25, 8.25], "texture": "#0"},
				"east": {"uv": [7.25, 8.125, 7.375, 8.25], "texture": "#0"},
				"south": {"uv": [7.375, 8.125, 7.5, 8.25], "texture": "#0"},
				"west": {"uv": [7.5, 8.125, 7.625, 8.25], "texture": "#0"},
				"up": {"uv": [7.75, 8.25, 7.625, 8.125], "texture": "#0"},
				"down": {"uv": [7.875, 8.125, 7.75, 8.25], "texture": "#0"}
			}
		},
		{
			"from": [7.4, 13, 3.2],
			"to": [8.6, 13.8, 4.4],
			"rotation": {"angle": 0, "axis": "y", "origin": [15.5, 20.89437, 11.47534]},
			"faces": {
				"north": {"uv": [7.125, 8.125, 7.25, 8.25], "texture": "#0"},
				"east": {"uv": [7.25, 8.125, 7.375, 8.25], "texture": "#0"},
				"south": {"uv": [7.375, 8.125, 7.5, 8.25], "texture": "#0"},
				"west": {"uv": [7.5, 8.125, 7.625, 8.25], "texture": "#0"},
				"up": {"uv": [7.75, 8.25, 7.625, 8.125], "texture": "#0"},
				"down": {"uv": [7.875, 8.125, 7.75, 8.25], "texture": "#0"}
			}
		},
		{
			"from": [7.5, 13.65, 3.3],
			"to": [8.5, 14.45, 4.3],
			"rotation": {"angle": 0, "axis": "y", "origin": [15.5, 21.65, 11]},
			"faces": {
				"north": {"uv": [7.875, 8.125, 8, 8.25], "texture": "#0"},
				"east": {"uv": [8, 8.125, 8.125, 8.25], "texture": "#0"},
				"south": {"uv": [8.125, 8.125, 8.25, 8.25], "texture": "#0"},
				"west": {"uv": [8.125, 0, 8.25, 0.125], "texture": "#0"},
				"up": {"uv": [8.25, 0.25, 8.125, 0.125], "texture": "#0"},
				"down": {"uv": [8.25, 0.25, 8.125, 0.375], "texture": "#0"}
			}
		},
		{
			"from": [7.5, 17.65, 3.3],
			"to": [8.5, 17.85, 4.3],
			"rotation": {"angle": 0, "axis": "y", "origin": [15.5, 25.65, 11]},
			"faces": {
				"north": {"uv": [8.125, 0.375, 8.25, 0.5], "texture": "#0"},
				"east": {"uv": [8.125, 0.5, 8.25, 0.625], "texture": "#0"},
				"south": {"uv": [8.125, 0.625, 8.25, 0.75], "texture": "#0"},
				"west": {"uv": [8.125, 0.75, 8.25, 0.875], "texture": "#0"},
				"up": {"uv": [8.25, 1, 8.125, 0.875], "texture": "#0"},
				"down": {"uv": [8.25, 1, 8.125, 1.125], "texture": "#0"}
			}
		},
		{
			"from": [7.5, 14.65, 3.3],
			"to": [8.5, 14.95, 4.3],
			"rotation": {"angle": 0, "axis": "y", "origin": [15.5, 22.65, 11]},
			"faces": {
				"north": {"uv": [8.125, 1.125, 8.25, 1.25], "texture": "#0"},
				"east": {"uv": [8.125, 1.25, 8.25, 1.375], "texture": "#0"},
				"south": {"uv": [8.125, 1.375, 8.25, 1.5], "texture": "#0"},
				"west": {"uv": [8.125, 1.5, 8.25, 1.625], "texture": "#0"},
				"up": {"uv": [8.25, 1.75, 8.125, 1.625], "texture": "#0"},
				"down": {"uv": [8.25, 1.75, 8.125, 1.875], "texture": "#0"}
			}
		},
		{
			"from": [12.48176, 14.08139, 8.01],
			"to": [13.40176, 15.00139, 8.91],
			"rotation": {"angle": 0, "axis": "y", "origin": [19.84176, 19.60139, 15.36]},
			"faces": {
				"north": {"uv": [1.5, 8.25, 1.625, 8.375], "texture": "#0"},
				"east": {"uv": [1.625, 8.25, 1.75, 8.375], "texture": "#0"},
				"south": {"uv": [1.75, 8.25, 1.875, 8.375], "texture": "#0"},
				"west": {"uv": [1.875, 8.25, 2, 8.375], "texture": "#0"},
				"up": {"uv": [2.125, 8.375, 2, 8.25], "texture": "#0"},
				"down": {"uv": [2.25, 8.25, 2.125, 8.375], "texture": "#0"}
			}
		},
		{
			"from": [9.17499, 16.90562, 8],
			"to": [10.09499, 19.66562, 8.92],
			"rotation": {"angle": 22.5, "axis": "z", "origin": [16.53499, 24.26562, 15.36]},
			"faces": {
				"north": {"uv": [7.375, 5.75, 7.5, 6.125], "texture": "#0"},
				"east": {"uv": [7.375, 6.5, 7.5, 6.875], "texture": "#0"},
				"south": {"uv": [7.375, 6.875, 7.5, 7.25], "texture": "#0"},
				"west": {"uv": [0.875, 7.5, 1, 7.875], "texture": "#0"},
				"up": {"uv": [2.375, 8.375, 2.25, 8.25], "texture": "#0"},
				"down": {"uv": [2.5, 8.25, 2.375, 8.375], "texture": "#0"}
			}
		},
		{
			"from": [4.43878, 19.45553, 8],
			"to": [9.03878, 20.37553, 8.92],
			"rotation": {"angle": 22.5, "axis": "z", "origin": [15.47878, 26.81553, 15.36]},
			"faces": {
				"north": {"uv": [1.375, 6.875, 2, 7], "texture": "#0"},
				"east": {"uv": [1.25, 8.25, 1.375, 8.375], "texture": "#0"},
				"south": {"uv": [2, 6.875, 2.625, 7], "texture": "#0"},
				"west": {"uv": [1.375, 8.25, 1.5, 8.375], "texture": "#0"},
				"up": {"uv": [3.25, 7, 2.625, 6.875], "texture": "#0"},
				"down": {"uv": [3.875, 6.875, 3.25, 7], "texture": "#0"}
			}
		},
		{
			"from": [15.14929, 4.88139, 8],
			"to": [16.06929, 7.64139, 8.92],
			"rotation": {"angle": -45, "axis": "z", "origin": [22.50929, 14.08139, 15.36]},
			"faces": {
				"north": {"uv": [7.375, 2.75, 7.5, 3.125], "texture": "#0"},
				"east": {"uv": [7.375, 3.125, 7.5, 3.5], "texture": "#0"},
				"south": {"uv": [7.375, 3.5, 7.5, 3.875], "texture": "#0"},
				"west": {"uv": [7.375, 5, 7.5, 5.375], "texture": "#0"},
				"up": {"uv": [1.125, 8.375, 1, 8.25], "texture": "#0"},
				"down": {"uv": [1.25, 8.25, 1.125, 8.375], "texture": "#0"}
			}
		},
		{
			"from": [11.87533, 8.23536, 2.68432],
			"to": [12.61261, 8.97264, 3.05296],
			"rotation": {"angle": -45, "axis": "z", "origin": [4.82062, 15.8857, 9.68848]},
			"faces": {
				"north": {"uv": [8.125, 1.875, 8.25, 2], "texture": "#0"},
				"east": {"uv": [8.125, 2, 8.25, 2.125], "texture": "#0"},
				"south": {"uv": [8.125, 2.125, 8.25, 2.25], "texture": "#0"},
				"west": {"uv": [8.125, 2.25, 8.25, 2.375], "texture": "#0"},
				"up": {"uv": [8.25, 2.5, 8.125, 2.375], "texture": "#0"},
				"down": {"uv": [8.25, 2.5, 8.125, 2.625], "texture": "#0"}
			}
		},
		{
			"from": [3.85741, 1.78416, 2.59216],
			"to": [5.70061, 2.98224, 3.05296],
			"rotation": {"angle": 22.5, "axis": "z", "origin": [-1.67219, 9.15696, 9.68848]},
			"faces": {
				"north": {"uv": [3.625, 7.75, 3.875, 7.875], "texture": "#0"},
				"east": {"uv": [8.125, 2.625, 8.25, 2.75], "texture": "#0"},
				"south": {"uv": [3.875, 7.75, 4.125, 7.875], "texture": "#0"},
				"west": {"uv": [8.125, 2.75, 8.25, 2.875], "texture": "#0"},
				"up": {"uv": [4.5, 7.875, 4.25, 7.75], "texture": "#0"},
				"down": {"uv": [4.75, 7.75, 4.5, 7.875], "texture": "#0"}
			}
		},
		{
			"from": [3.94691, 1.68864, 2.5],
			"to": [4.94691, 1.98864, 2.9608],
			"rotation": {"angle": 22.5, "axis": "z", "origin": [-1.58269, 10.06144, 9.59628]},
			"faces": {
				"north": {"uv": [8.125, 2.875, 8.25, 3], "texture": "#0"},
				"east": {"uv": [8.125, 3, 8.25, 3.125], "texture": "#0"},
				"south": {"uv": [8.125, 3.125, 8.25, 3.25], "texture": "#0"},
				"west": {"uv": [8.125, 3.25, 8.25, 3.375], "texture": "#0"},
				"up": {"uv": [8.25, 3.5, 8.125, 3.375], "texture": "#0"},
				"down": {"uv": [8.25, 3.5, 8.125, 3.625], "texture": "#0"}
			}
		},
		{
			"from": [11.05309, 1.68864, 2.5],
			"to": [12.05309, 1.98864, 2.9608],
			"rotation": {"angle": -22.5, "axis": "z", "origin": [17.58269, 10.06144, 9.59628]},
			"faces": {
				"north": {"uv": [8.125, 3.625, 8.25, 3.75], "texture": "#0"},
				"east": {"uv": [8.125, 3.75, 8.25, 3.875], "texture": "#0"},
				"south": {"uv": [8.125, 3.875, 8.25, 4], "texture": "#0"},
				"west": {"uv": [8.125, 4, 8.25, 4.125], "texture": "#0"},
				"up": {"uv": [8.25, 4.25, 8.125, 4.125], "texture": "#0"},
				"down": {"uv": [8.25, 4.25, 8.125, 4.375], "texture": "#0"}
			}
		},
		{
			"from": [5.33634, 4.46147, 2.59216],
			"to": [6.25794, 5.65955, 3.05296],
			"rotation": {"angle": 0, "axis": "y", "origin": [-1.11486, 11.83427, 9.68848]},
			"faces": {
				"north": {"uv": [8.125, 4.375, 8.25, 4.5], "texture": "#0"},
				"east": {"uv": [8.125, 4.5, 8.25, 4.625], "texture": "#0"},
				"south": {"uv": [8.125, 4.625, 8.25, 4.75], "texture": "#0"},
				"west": {"uv": [8.125, 4.75, 8.25, 4.875], "texture": "#0"},
				"up": {"uv": [8.25, 5, 8.125, 4.875], "texture": "#0"},
				"down": {"uv": [8.25, 5, 8.125, 5.125], "texture": "#0"}
			}
		},
		{
			"from": [8.00461, 7.06833, 2.5],
			"to": [8.92621, 7.98993, 2.9608],
			"rotation": {"angle": -22.5, "axis": "z", "origin": [0.99353, 14.44113, 9.68848]},
			"faces": {
				"north": {"uv": [8.125, 5.125, 8.25, 5.25], "texture": "#0"},
				"east": {"uv": [8.125, 5.25, 8.25, 5.375], "texture": "#0"},
				"south": {"uv": [8.125, 5.375, 8.25, 5.5], "texture": "#0"},
				"west": {"uv": [8.125, 5.5, 8.25, 5.625], "texture": "#0"},
				"up": {"uv": [8.25, 5.75, 8.125, 5.625], "texture": "#0"},
				"down": {"uv": [8.25, 5.75, 8.125, 5.875], "texture": "#0"}
			}
		},
		{
			"from": [10.30861, 1.78416, 2.59216],
			"to": [12.15181, 2.98224, 3.05296],
			"rotation": {"angle": -22.5, "axis": "z", "origin": [17.68141, 9.15696, 9.68848]},
			"faces": {
				"north": {"uv": [4.75, 7.75, 5, 7.875], "texture": "#0"},
				"east": {"uv": [8.125, 5.875, 8.25, 6], "texture": "#0"},
				"south": {"uv": [5, 7.75, 5.25, 7.875], "texture": "#0"},
				"west": {"uv": [8.125, 6, 8.25, 6.125], "texture": "#0"},
				"up": {"uv": [5.75, 7.875, 5.5, 7.75], "texture": "#0"},
				"down": {"uv": [6.125, 7.75, 5.875, 7.875], "texture": "#0"}
			}
		},
		{
			"from": [9.75127, 4.46147, 2.59216],
			"to": [10.67287, 5.65955, 3.05296],
			"rotation": {"angle": 0, "axis": "y", "origin": [17.12407, 11.83427, 9.68848]},
			"faces": {
				"north": {"uv": [8.125, 6.125, 8.25, 6.25], "texture": "#0"},
				"east": {"uv": [8.125, 6.25, 8.25, 6.375], "texture": "#0"},
				"south": {"uv": [8.125, 6.375, 8.25, 6.5], "texture": "#0"},
				"west": {"uv": [8.125, 6.5, 8.25, 6.625], "texture": "#0"},
				"up": {"uv": [8.25, 6.75, 8.125, 6.625], "texture": "#0"},
				"down": {"uv": [8.25, 6.75, 8.125, 6.875], "texture": "#0"}
			}
		},
		{
			"from": [7.08301, 7.06833, 2.5],
			"to": [8.00461, 7.98993, 2.9608],
			"rotation": {"angle": 22.5, "axis": "z", "origin": [15.01569, 14.44113, 9.68848]},
			"faces": {
				"north": {"uv": [8.125, 6.875, 8.25, 7], "texture": "#0"},
				"east": {"uv": [8.125, 7, 8.25, 7.125], "texture": "#0"},
				"south": {"uv": [8.125, 7.125, 8.25, 7.25], "texture": "#0"},
				"west": {"uv": [8.125, 7.25, 8.25, 7.375], "texture": "#0"},
				"up": {"uv": [8.25, 7.5, 8.125, 7.375], "texture": "#0"},
				"down": {"uv": [8.25, 7.5, 8.125, 7.625], "texture": "#0"}
			}
		},
		{
			"from": [3.39661, 8.23536, 2.68432],
			"to": [4.13389, 8.97264, 3.05296],
			"rotation": {"angle": 45, "axis": "z", "origin": [11.1886, 15.8857, 9.68848]},
			"faces": {
				"north": {"uv": [8.125, 7.625, 8.25, 7.75], "texture": "#0"},
				"east": {"uv": [8.125, 7.75, 8.25, 7.875], "texture": "#0"},
				"south": {"uv": [8.125, 7.875, 8.25, 8], "texture": "#0"},
				"west": {"uv": [8.125, 8, 8.25, 8.125], "texture": "#0"},
				"up": {"uv": [0.125, 8.375, 0, 8.25], "texture": "#0"},
				"down": {"uv": [0.25, 8.25, 0.125, 8.375], "texture": "#0"}
			}
		},
		{
			"from": [7.5392, 5.10192, 2.5],
			"to": [8.4608, 6.3, 3.51376],
			"rotation": {"angle": 0, "axis": "y", "origin": [14.912, 12.72491, 9.96496]},
			"faces": {
				"north": {"uv": [0.25, 8.25, 0.375, 8.375], "texture": "#0"},
				"east": {"uv": [0.375, 8.25, 0.5, 8.375], "texture": "#0"},
				"south": {"uv": [0.5, 8.25, 0.625, 8.375], "texture": "#0"},
				"west": {"uv": [0.625, 8.25, 0.75, 8.375], "texture": "#0"},
				"up": {"uv": [0.875, 8.375, 0.75, 8.25], "texture": "#0"},
				"down": {"uv": [1, 8.25, 0.875, 8.375], "texture": "#0"}
			}
		},
		{
			"from": [2.19891, 14.52536, 21.88397],
			"to": [13.63891, 15.07536, 22.43397],
			"rotation": {"angle": -22.5, "axis": "x", "origin": [-1.10109, -4.44964, 28.20897]},
			"faces": {
				"north": {"uv": [12, 2.9375, 13, 3.3125], "texture": "#0"},
				"east": {"uv": [12.1875, 5.875, 13.1875, 6.25], "texture": "#0"},
				"south": {"uv": [12.1875, 0.9375, 13.1875, 1.3125], "texture": "#0"},
				"west": {"uv": [10.6875, 11.5625, 11.6875, 11.9375], "texture": "#0"},
				"up": {"uv": [14.1875, 6.9375, 13.1875, 5.9375], "texture": "#0"},
				"down": {"uv": [14, 8.3125, 13, 9.3125], "texture": "#0"}
			}
		},
		{
			"from": [3.33355, 9.95165, 11.08902],
			"to": [12.68355, 10.50165, 12.07902],
			"rotation": {"angle": -22.5, "axis": "x", "origin": [7.73355, -8.69335, 7.34902]},
			"faces": {
				"north": {"uv": [8.625, 13.125, 9.625, 13.5], "texture": "#0"},
				"east": {"uv": [10, 6.875, 11, 7.25], "texture": "#0"},
				"south": {"uv": [11.75, 12.5, 12.75, 12.875], "texture": "#0"},
				"west": {"uv": [10.25, 4.3125, 11.25, 4.6875], "texture": "#0"},
				"up": {"uv": [9.625, 9.875, 8.625, 8.875], "texture": "#0"},
				"down": {"uv": [11.5625, 6.5, 10.5625, 7.5], "texture": "#0"}
			}
		},
		{
			"from": [3.11355, 10.28165, 4.21402],
			"to": [12.90355, 11.16165, 15.10402],
			"rotation": {"angle": 0, "axis": "y", "origin": [8.61355, -8.69335, 10.53902]},
			"faces": {
				"north": {"uv": [2.375, 15.625, 3.375, 16], "texture": "#0"},
				"east": {"uv": [10.875, 4.9375, 11.875, 5.3125], "texture": "#0"},
				"south": {"uv": [6.9375, 15.5625, 7.9375, 15.9375], "texture": "#0"},
				"west": {"uv": [12.4375, 15.3125, 13.4375, 15.6875], "texture": "#0"},
				"up": {"uv": [14.625, 13.625, 13.625, 12.625], "texture": "#0"},
				"down": {"uv": [12.1875, 14.875, 11.1875, 15.875], "texture": "#0"}
			}
		},
		{
			"from": [4.2091, 10.4354, 5.75227],
			"to": [11.7991, 14.4354, 14.34227],
			"rotation": {"angle": 0, "axis": "y", "origin": [7.5091, -5.55072, 8.77727]},
			"faces": {
				"north": {"uv": [14.9375, 1.125, 15.9375, 1.5], "texture": "#0"},
				"east": {"uv": [11.75, 10.375, 12.75, 10.75], "texture": "#0"},
				"south": {"uv": [10.9375, 0.0625, 11.9375, 0.4375], "texture": "#0"},
				"west": {"uv": [10.25, 8.5, 11.25, 8.875], "texture": "#0"},
				"up": {"uv": [10.625, 13.25, 9.625, 12.25], "texture": "#0"},
				"down": {"uv": [6, 11.875, 5, 12.875], "texture": "#0"}
			}
		},
		{
			"from": [8.33855, 13.92165, 8.28402],
			"to": [11.52855, 15.35165, 12.03402],
			"shade": false,
			"rotation": {"angle": 0, "axis": "y", "origin": [6.96355, -1.31335, 5.69902]},
			"faces": {
				"north": {"uv": [15, 0, 16, 0.375], "texture": "#0"},
				"east": {"uv": [14.9375, 14.8125, 15.9375, 15.1875], "texture": "#0"},
				"south": {"uv": [13.875, 0, 14.875, 0.375], "texture": "#0"},
				"west": {"uv": [14.875, 13, 15.875, 13.375], "texture": "#0"},
				"up": {"uv": [15.6875, 5.9375, 14.6875, 4.9375], "texture": "#0"},
				"down": {"uv": [16, 5.1875, 15, 6.1875], "texture": "#0"}
			}
		},
		{
			"from": [4.48855, 13.92165, 8.28402],
			"to": [7.67855, 15.35165, 12.03402],
			"rotation": {"angle": 0, "axis": "y", "origin": [9.05355, -1.31335, 5.69902]},
			"faces": {
				"north": {"uv": [8.9375, 14.0625, 9.9375, 14.4375], "texture": "#0"},
				"east": {"uv": [14.9375, 14.8125, 15.9375, 15.1875], "texture": "#0"},
				"south": {"uv": [7.8125, 14.25, 8.8125, 14.625], "texture": "#0"},
				"west": {"uv": [9, 15.625, 10, 16], "texture": "#0"},
				"up": {"uv": [11.9375, 14.0625, 10.9375, 13.0625], "texture": "#0"},
				"down": {"uv": [12.9375, 13.5, 11.9375, 14.5], "texture": "#0"}
			}
		},
		{
			"from": [4.76355, 13.92165, 6.63402],
			"to": [11.25355, 15.02165, 13.68402],
			"rotation": {"angle": 0, "axis": "y", "origin": [6.96355, -2.41335, 8.44902]},
			"faces": {
				"north": {"uv": [6.75, 9.5625, 7.75, 9.9375], "texture": "#0"},
				"east": {"uv": [12.9375, 11.1875, 13.9375, 11.5625], "texture": "#0"},
				"south": {"uv": [7, 11.6875, 8, 12.0625], "texture": "#0"},
				"west": {"uv": [13.3125, 10.75, 14.3125, 11.125], "texture": "#0"},
				"up": {"uv": [9.5, 4.5, 8.5, 3.5], "texture": "#0"},
				"down": {"uv": [3, 13.6875, 2, 14.6875], "texture": "#0"}
			}
		},
		{
			"from": [19.83842, 13.36775, 4.20032],
			"to": [20.82842, 13.91775, 15.00032],
			"rotation": {"angle": 22.5, "axis": "z", "origin": [24.12842, -5.60725, 18.23902]},
			"faces": {
				"north": {"uv": [5.0625, 13.5, 6.0625, 13.875], "texture": "#0"},
				"east": {"uv": [2.375, 12.1875, 3.375, 12.5625], "texture": "#0"},
				"south": {"uv": [4.625, 9.1875, 5.625, 9.5625], "texture": "#0"},
				"west": {"uv": [6.75, 13.25, 7.75, 13.625], "texture": "#0"},
				"up": {"uv": [1.625, 10.3125, 0.625, 9.3125], "texture": "#0"},
				"down": {"uv": [1.375, 11.375, 0.375, 12.375], "texture": "#0"}
			}
		},
		{
			"from": [-4.82842, 13.36775, 4.20032],
			"to": [-3.83842, 13.91775, 15.00032],
			"rotation": {"angle": -22.5, "axis": "z", "origin": [-8.12842, -5.60725, 18.23902]},
			"faces": {
				"north": {"uv": [12.4375, 2.0625, 13.4375, 2.4375], "texture": "#0"},
				"east": {"uv": [15, 7.1875, 16, 7.5625], "texture": "#0"},
				"south": {"uv": [12.75, 3.875, 13.75, 4.25], "texture": "#0"},
				"west": {"uv": [12.875, 5.0625, 13.875, 5.4375], "texture": "#0"},
				"up": {"uv": [16, 4.1875, 15, 3.1875], "texture": "#0"},
				"down": {"uv": [15.75, 10.3125, 14.75, 11.3125], "texture": "#0"}
			}
		}
	],
	"display": {
		"thirdperson_righthand": {
			"rotation": [60, 0, 0],
			"translation": [0, 0.5, 1],
			"scale": [0.4, 0.4, 0.4]
		},
		"thirdperson_lefthand": {
			"rotation": [60, 0, 0],
			"translation": [0, 0.5, 1],
			"scale": [0.4, 0.4, 0.4]
		},
		"firstperson_righthand": {
			"rotation": [0, 100, 0],
			"translation": [0, 3, 0],
			"scale": [0.4, 0.4, 0.4]
		},
		"firstperson_lefthand": {
			"rotation": [0, 100, 0],
			"translation": [0, 3, 0],
			"scale": [0.4, 0.4, 0.4]
		},
		"ground": {
			"scale": [0.5, 0.5, 0.5]
		},
		"gui": {
			"rotation": [20, -30, 0],
			"translation": [-0.5, -1.5, 0],
			"scale": [-0.7, 0.7, -0.7]
		},
		"head": {
			"translation": [0, 6, -3.25],
			"scale": [1.8, 1.8, 1.8]
		},
		"fixed": {
			"translation": [0, -2.5, -1.25],
			"scale": [0.9, 0.9, 0.9]
		}
	}
}