{
	"textures": {
		"0": "mnaf:animatronics/heads/freddy"
	},
	"elements": [
		{
			"from": [4.89136, 3.69519, 12.94129],
			"to": [10.89136, 11.39519, 13.94129],
			"rotation": {"angle": 0, "axis": "y", "origin": [7.89136, -11.80481, 9.94129]},
			"faces": {
				"north": {"uv": [1.75, 3.5, 2.5, 4.5], "texture": "#0"},
				"east": {"uv": [2.5, 5.75, 2.625, 6.75], "texture": "#0"},
				"south": {"uv": [2.5, 3.5, 3.25, 4.5], "texture": "#0"},
				"west": {"uv": [4.25, 5.875, 4.375, 6.875], "texture": "#0"},
				"up": {"uv": [6.875, 2.625, 6.125, 2.5], "texture": "#0"},
				"down": {"uv": [6.875, 2.625, 6.125, 2.75], "texture": "#0"}
			}
		},
		{
			"from": [3.89136, 3.69519, 5.94129],
			"to": [4.89136, 11.39519, 13.94129],
			"rotation": {"angle": 0, "axis": "y", "origin": [7.89136, -11.80481, 9.94129]},
			"faces": {
				"north": {"uv": [4.375, 5.875, 4.5, 6.875], "texture": "#0"},
				"east": {"uv": [1.25, 0, 2.25, 1], "texture": "#0"},
				"south": {"uv": [3.25, 6, 3.375, 7], "texture": "#0"},
				"west": {"uv": [0, 1.375, 1, 2.375], "texture": "#0"},
				"up": {"uv": [3.5, 7, 3.375, 6], "texture": "#0"},
				"down": {"uv": [3.625, 6, 3.5, 7], "texture": "#0"}
			}
		},
		{
			"from": [10.89136, 3.69519, 5.94129],
			"to": [11.89136, 11.39519, 13.94129],
			"rotation": {"angle": 0, "axis": "y", "origin": [14.89136, -11.80481, 9.94129]},
			"faces": {
				"north": {"uv": [3.625, 6, 3.75, 7], "texture": "#0"},
				"east": {"uv": [2.25, 0, 3.25, 1], "texture": "#0"},
				"south": {"uv": [3.75, 6, 3.875, 7], "texture": "#0"},
				"west": {"uv": [0, 2.375, 1, 3.375], "texture": "#0"},
				"up": {"uv": [5.75, 7, 5.625, 6], "texture": "#0"},
				"down": {"uv": [5.875, 6, 5.75, 7], "texture": "#0"}
			}
		},
		{
			"from": [4.89136, 10.89519, 5.94129],
			"to": [10.89136, 11.39519, 6.94129],
			"rotation": {"angle": 0, "axis": "y", "origin": [13.89136, -10.72604, 9.94129]},
			"faces": {
				"north": {"uv": [6.125, 2.75, 6.875, 2.875], "texture": "#0"},
				"east": {"uv": [0.875, 3.375, 1, 3.5], "texture": "#0"},
				"south": {"uv": [6.125, 2.875, 6.875, 3], "texture": "#0"},
				"west": {"uv": [1.375, 4.75, 1.5, 4.875], "texture": "#0"},
				"up": {"uv": [6.875, 3.125, 6.125, 3], "texture": "#0"},
				"down": {"uv": [6.875, 3.125, 6.125, 3.25], "texture": "#0"}
			}
		},
		{
			"from": [4.39136, 3.99519, 13.44129],
			"to": [11.39136, 10.59519, 14.94129],
			"rotation": {"angle": 0, "axis": "y", "origin": [7.39136, -11.80481, 18.94129]},
			"faces": {
				"north": {"uv": [1, 2.625, 1.875, 3.5], "texture": "#0"},
				"east": {"uv": [1, 1.375, 1.25, 2.25], "texture": "#0"},
				"south": {"uv": [3.25, 0, 4.125, 0.875], "texture": "#0"},
				"west": {"uv": [1.875, 5.25, 2.125, 6.125], "texture": "#0"},
				"up": {"uv": [6, 4.75, 5.125, 4.5], "texture": "#0"},
				"down": {"uv": [6, 4.75, 5.125, 5], "texture": "#0"}
			}
		},
		{
			"from": [4.49136, 2.99519, 11.94129],
			"to": [11.29136, 3.99519, 14.44129],
			"rotation": {"angle": 0, "axis": "y", "origin": [8.49136, -18.80481, 18.94129]},
			"faces": {
				"north": {"uv": [6, 4, 6.875, 4.125], "texture": "#0"},
				"east": {"uv": [5.125, 4.125, 5.5, 4.25], "texture": "#0"},
				"south": {"uv": [6.125, 1, 7, 1.125], "texture": "#0"},
				"west": {"uv": [6.625, 6.5, 7, 6.625], "texture": "#0"},
				"up": {"uv": [5.125, 2.75, 4.25, 2.375], "texture": "#0"},
				"down": {"uv": [5.125, 2.75, 4.25, 3.125], "texture": "#0"}
			}
		},
		{
			"from": [5.49136, 2.49519, 12.74129],
			"to": [10.29136, 2.99519, 14.24129],
			"rotation": {"angle": 0, "axis": "y", "origin": [9.49136, -19.80481, 18.94129]},
			"faces": {
				"north": {"uv": [6.5, 3.375, 7.125, 3.5], "texture": "#0"},
				"east": {"uv": [3.25, 0.875, 3.5, 1], "texture": "#0"},
				"south": {"uv": [6.5, 3.75, 7.125, 3.875], "texture": "#0"},
				"west": {"uv": [0.625, 4.25, 0.875, 4.375], "texture": "#0"},
				"up": {"uv": [2.5, 3.5, 1.875, 3.25], "texture": "#0"},
				"down": {"uv": [6.25, 5.375, 5.625, 5.625], "texture": "#0"}
			}
		},
		{
			"from": [5.89136, 3.19519, 10.44129],
			"to": [9.89136, 3.69519, 11.94129],
			"rotation": {"angle": 0, "axis": "y", "origin": [7.89136, -18.30481, 16.44129]},
			"faces": {
				"north": {"uv": [1.875, 6.625, 2.375, 6.75], "texture": "#0"},
				"east": {"uv": [1.5, 4.375, 1.75, 4.5], "texture": "#0"},
				"south": {"uv": [6.625, 0.5, 7.125, 0.625], "texture": "#0"},
				"west": {"uv": [2.125, 4.875, 2.375, 5], "texture": "#0"},
				"up": {"uv": [6.375, 6.25, 5.875, 6], "texture": "#0"},
				"down": {"uv": [6.5, 3.75, 6, 4], "texture": "#0"}
			}
		},
		{
			"from": [5.39136, 4.49519, 14.94129],
			"to": [10.39136, 9.49519, 15.44129],
			"rotation": {"angle": 0, "axis": "y", "origin": [7.39136, -11.80481, 19.44129]},
			"faces": {
				"north": {"uv": [1.875, 2.625, 2.5, 3.25], "texture": "#0"},
				"east": {"uv": [2.375, 6.125, 2.5, 6.75], "texture": "#0"},
				"south": {"uv": [0, 4.25, 0.625, 4.875], "texture": "#0"},
				"west": {"uv": [1.75, 6.25, 1.875, 6.875], "texture": "#0"},
				"up": {"uv": [7.125, 4, 6.5, 3.875], "texture": "#0"},
				"down": {"uv": [1.375, 6.625, 0.75, 6.75], "texture": "#0"}
			}
		},
		{
			"from": [4.49136, 11.19519, 6.54129],
			"to": [11.29136, 11.99519, 13.34129],
			"rotation": {"angle": 0, "axis": "y", "origin": [7.49136, -3.80481, 10.04129]},
			"faces": {
				"north": {"uv": [6.125, 1.125, 7, 1.25], "texture": "#0"},
				"east": {"uv": [6.125, 1.25, 7, 1.375], "texture": "#0"},
				"south": {"uv": [6.125, 1.375, 7, 1.5], "texture": "#0"},
				"west": {"uv": [6.125, 2.375, 7, 2.5], "texture": "#0"},
				"up": {"uv": [0.875, 4.25, 0, 3.375], "texture": "#0"},
				"down": {"uv": [1.75, 3.5, 0.875, 4.375], "texture": "#0"}
			}
		},
		{
			"from": [6.14136, 5.49519, 3.74129],
			"to": [6.64136, 7.29519, 5.04129],
			"rotation": {"angle": 0, "axis": "y", "origin": [2.14136, -9.80481, 0.94129]},
			"faces": {
				"north": {"uv": [2.875, 5, 3, 5.25], "texture": "#0"},
				"east": {"uv": [5.375, 7.125, 5.5, 7.375], "texture": "#0"},
				"south": {"uv": [5.5, 7.125, 5.625, 7.375], "texture": "#0"},
				"west": {"uv": [7.125, 1.25, 7.25, 1.5], "texture": "#0"},
				"up": {"uv": [5.25, 0.875, 5.125, 0.75], "texture": "#0"},
				"down": {"uv": [0.375, 5.625, 0.25, 5.75], "texture": "#0"}
			}
		},
		{
			"from": [6.64136, 5.69519, 3.44129],
			"to": [9.14136, 7.49519, 5.24129],
			"rotation": {"angle": 0, "axis": "y", "origin": [4.64136, -9.80481, 0.94129]},
			"faces": {
				"north": {"uv": [2.25, 1, 2.5, 1.25], "texture": "#0"},
				"east": {"uv": [0.375, 4.875, 0.625, 5.125], "texture": "#0"},
				"south": {"uv": [1.5, 6.625, 1.75, 6.875], "texture": "#0"},
				"west": {"uv": [3, 6.625, 3.25, 6.875], "texture": "#0"},
				"up": {"uv": [6.875, 0.875, 6.625, 0.625], "texture": "#0"},
				"down": {"uv": [6.875, 4.125, 6.625, 4.375], "texture": "#0"}
			}
		},
		{
			"from": [6.89136, 6.49519, 3.24129],
			"to": [8.89136, 7.29519, 3.64129],
			"rotation": {"angle": 0, "axis": "y", "origin": [4.89136, -9.80481, -0.55871]},
			"faces": {
				"north": {"uv": [1.125, 5.125, 1.375, 5.25], "texture": "#0"},
				"east": {"uv": [3.875, 5.75, 4, 5.875], "texture": "#0"},
				"south": {"uv": [2.625, 6.125, 2.875, 6.25], "texture": "#0"},
				"west": {"uv": [1, 6.125, 1.125, 6.25], "texture": "#0"},
				"up": {"uv": [7.375, 1, 7.125, 0.875], "texture": "#0"},
				"down": {"uv": [7.375, 1.5, 7.125, 1.625], "texture": "#0"}
			}
		},
		{
			"from": [9.14136, 5.49519, 3.74129],
			"to": [9.64136, 7.29519, 5.04129],
			"rotation": {"angle": 0, "axis": "y", "origin": [13.64136, -9.80481, 0.94129]},
			"faces": {
				"north": {"uv": [7.125, 1.75, 7.25, 2], "texture": "#0"},
				"east": {"uv": [7.125, 2, 7.25, 2.25], "texture": "#0"},
				"south": {"uv": [7.125, 2.5, 7.25, 2.75], "texture": "#0"},
				"west": {"uv": [7.125, 2.75, 7.25, 3], "texture": "#0"},
				"up": {"uv": [4.875, 6.5, 4.75, 6.375], "texture": "#0"},
				"down": {"uv": [3.25, 7.5, 3.125, 7.625], "texture": "#0"}
			}
		},
		{
			"from": [6.89136, 5.69519, 4.94129],
			"to": [8.89136, 7.19519, 5.44129],
			"rotation": {"angle": 0, "axis": "y", "origin": [4.89136, -9.80481, 2.74129]},
			"faces": {
				"north": {"uv": [6.625, 4.5, 6.875, 4.75], "texture": "#0"},
				"east": {"uv": [7.125, 3, 7.25, 3.25], "texture": "#0"},
				"south": {"uv": [6.625, 4.75, 6.875, 5], "texture": "#0"},
				"west": {"uv": [7.125, 3.75, 7.25, 4], "texture": "#0"},
				"up": {"uv": [7.375, 2.375, 7.125, 2.25], "texture": "#0"},
				"down": {"uv": [7.375, 3.375, 7.125, 3.5], "texture": "#0"}
			}
		},
		{
			"from": [11.63104, 4.69522, 6.44129],
			"to": [12.63104, 7.69522, 10.44129],
			"rotation": {"angle": 0, "axis": "y", "origin": [15.89136, -10.80481, 9.94129]},
			"faces": {
				"north": {"uv": [3.25, 7, 3.375, 7.375], "texture": "#0"},
				"east": {"uv": [5.25, 1.5, 5.75, 1.875], "texture": "#0"},
				"south": {"uv": [3.375, 7, 3.5, 7.375], "texture": "#0"},
				"west": {"uv": [5.25, 1.875, 5.75, 2.25], "texture": "#0"},
				"up": {"uv": [5.5, 7.125, 5.375, 6.625], "texture": "#0"},
				"down": {"uv": [0.125, 6.75, 0, 7.25], "texture": "#0"}
			}
		},
		{
			"from": [3.15167, 4.69522, 6.44129],
			"to": [4.15167, 7.69522, 10.44129],
			"rotation": {"angle": 0, "axis": "y", "origin": [-0.10864, -10.80481, 9.94129]},
			"faces": {
				"north": {"uv": [3.5, 7, 3.625, 7.375], "texture": "#0"},
				"east": {"uv": [5.25, 3.125, 5.75, 3.5], "texture": "#0"},
				"south": {"uv": [3.625, 7, 3.75, 7.375], "texture": "#0"},
				"west": {"uv": [2.125, 5.375, 2.625, 5.75], "texture": "#0"},
				"up": {"uv": [0.25, 7.25, 0.125, 6.75], "texture": "#0"},
				"down": {"uv": [0.375, 6.75, 0.25, 7.25], "texture": "#0"}
			}
		},
		{
			"from": [11.89136, 7.69519, 7.94129],
			"to": [12.39136, 9.19519, 9.94129],
			"rotation": {"angle": 0, "axis": "y", "origin": [15.89136, -7.80481, 8.94129]},
			"faces": {
				"north": {"uv": [7.125, 4, 7.25, 4.25], "texture": "#0"},
				"east": {"uv": [6.625, 6.25, 6.875, 6.5], "texture": "#0"},
				"south": {"uv": [7.125, 4.25, 7.25, 4.5], "texture": "#0"},
				"west": {"uv": [0.375, 6.75, 0.625, 7], "texture": "#0"},
				"up": {"uv": [7.25, 4.75, 7.125, 4.5], "texture": "#0"},
				"down": {"uv": [7.25, 4.75, 7.125, 5], "texture": "#0"}
			}
		},
		{
			"from": [3.39136, 7.69519, 7.94129],
			"to": [3.89136, 9.19519, 9.94129],
			"rotation": {"angle": 0, "axis": "y", "origin": [-0.10864, -7.80481, 8.94129]},
			"faces": {
				"north": {"uv": [7.125, 5, 7.25, 5.25], "texture": "#0"},
				"east": {"uv": [0.625, 6.75, 0.875, 7], "texture": "#0"},
				"south": {"uv": [7.125, 5.25, 7.25, 5.5], "texture": "#0"},
				"west": {"uv": [0.875, 6.75, 1.125, 7], "texture": "#0"},
				"up": {"uv": [7.25, 6.25, 7.125, 6], "texture": "#0"},
				"down": {"uv": [7.25, 6.25, 7.125, 6.5], "texture": "#0"}
			}
		},
		{
			"from": [12.63104, 5.19519, 6.94129],
			"to": [12.93104, 7.19519, 9.94129],
			"rotation": {"angle": 0, "axis": "y", "origin": [15.89136, -10.80481, 9.94129]},
			"faces": {
				"north": {"uv": [0, 7.25, 0.125, 7.5], "texture": "#0"},
				"east": {"uv": [4.125, 5.25, 4.5, 5.5], "texture": "#0"},
				"south": {"uv": [0.125, 7.25, 0.25, 7.5], "texture": "#0"},
				"west": {"uv": [4.5, 6.125, 4.875, 6.375], "texture": "#0"},
				"up": {"uv": [3.875, 7.375, 3.75, 7], "texture": "#0"},
				"down": {"uv": [4.625, 7, 4.5, 7.375], "texture": "#0"}
			}
		},
		{
			"from": [2.85167, 5.19519, 6.94129],
			"to": [3.15167, 7.19519, 9.94129],
			"rotation": {"angle": 0, "axis": "y", "origin": [-0.10864, -10.80481, 9.94129]},
			"faces": {
				"north": {"uv": [0.25, 7.25, 0.375, 7.5], "texture": "#0"},
				"east": {"uv": [6.125, 3.25, 6.5, 3.5], "texture": "#0"},
				"south": {"uv": [0.375, 7.25, 0.5, 7.5], "texture": "#0"},
				"west": {"uv": [1, 6.25, 1.375, 6.5], "texture": "#0"},
				"up": {"uv": [4.75, 7.375, 4.625, 7], "texture": "#0"},
				"down": {"uv": [4.875, 7, 4.75, 7.375], "texture": "#0"}
			}
		},
		{
			"from": [4.88842, 4.36872, 10.49264],
			"to": [6.88842, 5.06872, 11.99264],
			"rotation": {"angle": 0, "axis": "y", "origin": [4.39136, -16.50481, 7.94129]},
			"faces": {
				"north": {"uv": [7.125, 5.5, 7.375, 5.625], "texture": "#0"},
				"east": {"uv": [7.125, 7, 7.375, 7.125], "texture": "#0"},
				"south": {"uv": [0.5, 7.25, 0.75, 7.375], "texture": "#0"},
				"west": {"uv": [0.75, 7.25, 1, 7.375], "texture": "#0"},
				"up": {"uv": [1.375, 7, 1.125, 6.75], "texture": "#0"},
				"down": {"uv": [2.125, 6.75, 1.875, 7], "texture": "#0"}
			}
		},
		{
			"from": [3.88842, 1.99519, 10.34264],
			"to": [4.88842, 5.69519, 12.14264],
			"rotation": {"angle": 0, "axis": "y", "origin": [2.39136, -19.50481, 7.94129]},
			"faces": {
				"north": {"uv": [2.125, 6.75, 2.25, 7.25], "texture": "#0"},
				"east": {"uv": [6, 4.5, 6.25, 5], "texture": "#0"},
				"south": {"uv": [2.25, 6.75, 2.375, 7.25], "texture": "#0"},
				"west": {"uv": [0.75, 6.125, 1, 6.625], "texture": "#0"},
				"up": {"uv": [1.125, 7.5, 1, 7.25], "texture": "#0"},
				"down": {"uv": [1.25, 7.25, 1.125, 7.5], "texture": "#0"}
			}
		},
		{
			"from": [4.88842, 1.99519, 10.23701],
			"to": [10.88842, 4.69519, 12.23701],
			"rotation": {"angle": 0, "axis": "y", "origin": [9.88842, -19.50481, 7.94129]},
			"faces": {
				"north": {"uv": [4.5, 0.875, 5.25, 1.25], "texture": "#0"},
				"east": {"uv": [1, 2.25, 1.25, 2.625], "texture": "#0"},
				"south": {"uv": [4.5, 1.25, 5.25, 1.625], "texture": "#0"},
				"west": {"uv": [3, 4.5, 3.25, 4.875], "texture": "#0"},
				"up": {"uv": [5.625, 5.625, 4.875, 5.375], "texture": "#0"},
				"down": {"uv": [1.125, 5.5, 0.375, 5.75], "texture": "#0"}
			}
		},
		{
			"from": [10.88842, 1.99519, 10.34264],
			"to": [11.88842, 5.69519, 12.14264],
			"rotation": {"angle": 0, "axis": "y", "origin": [13.38548, -19.50481, 7.94129]},
			"faces": {
				"north": {"uv": [2.375, 6.75, 2.5, 7.25], "texture": "#0"},
				"east": {"uv": [1.875, 6.125, 2.125, 6.625], "texture": "#0"},
				"south": {"uv": [2.5, 6.75, 2.625, 7.25], "texture": "#0"},
				"west": {"uv": [2.125, 6.125, 2.375, 6.625], "texture": "#0"},
				"up": {"uv": [1.375, 7.5, 1.25, 7.25], "texture": "#0"},
				"down": {"uv": [1.5, 7.25, 1.375, 7.5], "texture": "#0"}
			}
		},
		{
			"from": [8.88842, 4.36872, 10.49264],
			"to": [10.88842, 5.06872, 11.99264],
			"rotation": {"angle": 0, "axis": "y", "origin": [11.38548, -16.50481, 7.94129]},
			"faces": {
				"north": {"uv": [1.875, 7.25, 2.125, 7.375], "texture": "#0"},
				"east": {"uv": [2.125, 7.25, 2.375, 7.375], "texture": "#0"},
				"south": {"uv": [2.375, 7.25, 2.625, 7.375], "texture": "#0"},
				"west": {"uv": [2.625, 7.25, 2.875, 7.375], "texture": "#0"},
				"up": {"uv": [4.75, 7, 4.5, 6.75], "texture": "#0"},
				"down": {"uv": [5, 6.75, 4.75, 7], "texture": "#0"}
			}
		},
		{
			"from": [4.03104, 4.06872, 5.82445],
			"to": [11.63104, 5.56872, 7.82445],
			"rotation": {"angle": -22.5, "axis": "x", "origin": [18.03104, 11.68233, 13.82445]},
			"faces": {
				"north": {"uv": [1.25, 1, 2.25, 1.25], "texture": "#0"},
				"east": {"uv": [5, 6.75, 5.25, 7], "texture": "#0"},
				"south": {"uv": [4.5, 4.25, 5.5, 4.5], "texture": "#0"},
				"west": {"uv": [5.875, 6.75, 6.125, 7], "texture": "#0"},
				"up": {"uv": [6.125, 0.25, 5.125, 0], "texture": "#0"},
				"down": {"uv": [6.125, 0.25, 5.125, 0.5], "texture": "#0"}
			}
		},
		{
			"from": [4.88842, 3.56872, 5.195],
			"to": [10.88842, 5.56872, 8.495],
			"rotation": {"angle": -22.5, "axis": "x", "origin": [18.88842, 10.8601, 14.25357]},
			"faces": {
				"north": {"uv": [3.25, 5.5, 4, 5.75], "texture": "#0"},
				"east": {"uv": [1.375, 6.25, 1.75, 6.5], "texture": "#0"},
				"south": {"uv": [5.5, 3.5, 6.25, 3.75], "texture": "#0"},
				"west": {"uv": [2.625, 6.25, 3, 6.5], "texture": "#0"},
				"up": {"uv": [5.25, 3.5, 4.5, 3.125], "texture": "#0"},
				"down": {"uv": [1.375, 4.75, 0.625, 5.125], "texture": "#0"}
			}
		},
		{
			"from": [5.88842, 4.36872, 5.56072],
			"to": [9.88842, 6.36872, 8.86072],
			"rotation": {"angle": -22.5, "axis": "x", "origin": [19.88842, 12.00815, 17.02521]},
			"faces": {
				"north": {"uv": [6.125, 0, 6.625, 0.25], "texture": "#0"},
				"east": {"uv": [3.875, 6.25, 4.25, 6.5], "texture": "#0"},
				"south": {"uv": [6.125, 0.25, 6.625, 0.5], "texture": "#0"},
				"west": {"uv": [4.875, 6.25, 5.25, 6.5], "texture": "#0"},
				"up": {"uv": [4.5, 5.875, 4, 5.5], "texture": "#0"},
				"down": {"uv": [6, 3.75, 5.5, 4.125], "texture": "#0"}
			}
		},
		{
			"from": [4.93104, 0.86872, 3.54264],
			"to": [10.73104, 2.36872, 4.04264],
			"rotation": {"angle": 0, "axis": "y", "origin": [16.93104, 9.5868, 11.84701]},
			"faces": {
				"north": {"uv": [5.5, 4.125, 6.25, 4.375], "texture": "#0"},
				"east": {"uv": [2.875, 7.25, 3, 7.5], "texture": "#0"},
				"south": {"uv": [4.875, 5.625, 5.625, 5.875], "texture": "#0"},
				"west": {"uv": [3.875, 7.25, 4, 7.5], "texture": "#0"},
				"up": {"uv": [6.625, 6.375, 5.875, 6.25], "texture": "#0"},
				"down": {"uv": [7, 3.5, 6.25, 3.625], "texture": "#0"}
			}
		},
		{
			"from": [4.43104, 0.5868, 4.04264],
			"to": [11.23104, 2.5868, 5.84264],
			"rotation": {"angle": 0, "axis": "y", "origin": [17.43104, 9.5868, 12.34701]},
			"faces": {
				"north": {"uv": [3.25, 5.25, 4.125, 5.5], "texture": "#0"},
				"east": {"uv": [6.125, 6.75, 6.375, 7], "texture": "#0"},
				"south": {"uv": [5.25, 0.75, 6.125, 1], "texture": "#0"},
				"west": {"uv": [6.375, 6.75, 6.625, 7], "texture": "#0"},
				"up": {"uv": [6.125, 1.25, 5.25, 1], "texture": "#0"},
				"down": {"uv": [6.125, 1.25, 5.25, 1.5], "texture": "#0"}
			}
		},
		{
			"from": [3.95973, 0.56872, 5.34701],
			"to": [11.75973, 2.56872, 9.34701],
			"rotation": {"angle": 0, "axis": "y", "origin": [17.95973, 9.5868, 16.34701]},
			"faces": {
				"north": {"uv": [5.125, 0.5, 6.125, 0.75], "texture": "#0"},
				"east": {"uv": [6.125, 0.5, 6.625, 0.75], "texture": "#0"},
				"south": {"uv": [5.125, 2.375, 6.125, 2.625], "texture": "#0"},
				"west": {"uv": [6.125, 0.75, 6.625, 1], "texture": "#0"},
				"up": {"uv": [3.5, 2.5, 2.5, 2], "texture": "#0"},
				"down": {"uv": [5.125, 0, 4.125, 0.5], "texture": "#0"}
			}
		},
		{
			"from": [4.69968, 2.41642, 6.695],
			"to": [5.19968, 3.21642, 7.695],
			"rotation": {"angle": 0, "axis": "y", "origin": [-2.14796, 10.8868, 14.04264]},
			"faces": {
				"north": {"uv": [1.25, 7.625, 1.375, 7.75], "texture": "#0"},
				"east": {"uv": [1.375, 7.625, 1.5, 7.75], "texture": "#0"},
				"south": {"uv": [1.5, 7.625, 1.625, 7.75], "texture": "#0"},
				"west": {"uv": [1.625, 7.625, 1.75, 7.75], "texture": "#0"},
				"up": {"uv": [1.875, 7.75, 1.75, 7.625], "texture": "#0"},
				"down": {"uv": [2, 7.625, 1.875, 7.75], "texture": "#0"}
			}
		},
		{
			"from": [4.69968, 2.41642, 5.495],
			"to": [5.19968, 3.21642, 6.495],
			"rotation": {"angle": 0, "axis": "y", "origin": [-2.14796, 10.8868, 13.04264]},
			"faces": {
				"north": {"uv": [2, 7.625, 2.125, 7.75], "texture": "#0"},
				"east": {"uv": [2.125, 7.625, 2.25, 7.75], "texture": "#0"},
				"south": {"uv": [2.25, 7.625, 2.375, 7.75], "texture": "#0"},
				"west": {"uv": [2.375, 7.625, 2.5, 7.75], "texture": "#0"},
				"up": {"uv": [2.625, 7.75, 2.5, 7.625], "texture": "#0"},
				"down": {"uv": [2.75, 7.625, 2.625, 7.75], "texture": "#0"}
			}
		},
		{
			"from": [5.23785, 2.11642, 4.795],
			"to": [6.23785, 2.91642, 5.295],
			"rotation": {"angle": 0, "axis": "y", "origin": [12.85204, 10.8868, 12.04264]},
			"faces": {
				"north": {"uv": [2.75, 7.625, 2.875, 7.75], "texture": "#0"},
				"east": {"uv": [2.875, 7.625, 3, 7.75], "texture": "#0"},
				"south": {"uv": [3, 7.625, 3.125, 7.75], "texture": "#0"},
				"west": {"uv": [3.125, 7.625, 3.25, 7.75], "texture": "#0"},
				"up": {"uv": [3.375, 7.75, 3.25, 7.625], "texture": "#0"},
				"down": {"uv": [3.5, 7.625, 3.375, 7.75], "texture": "#0"}
			}
		},
		{
			"from": [6.43104, 2.31642, 4.595],
			"to": [7.43104, 2.91642, 5.095],
			"rotation": {"angle": 0, "axis": "y", "origin": [13.85204, 10.8868, 12.04264]},
			"faces": {
				"north": {"uv": [3.5, 7.625, 3.625, 7.75], "texture": "#0"},
				"east": {"uv": [3.625, 7.625, 3.75, 7.75], "texture": "#0"},
				"south": {"uv": [3.75, 7.625, 3.875, 7.75], "texture": "#0"},
				"west": {"uv": [3.875, 7.625, 4, 7.75], "texture": "#0"},
				"up": {"uv": [4.125, 7.75, 4, 7.625], "texture": "#0"},
				"down": {"uv": [4.25, 7.625, 4.125, 7.75], "texture": "#0"}
			}
		},
		{
			"from": [8.13104, 2.31642, 4.595],
			"to": [9.13104, 2.91642, 5.095],
			"rotation": {"angle": 0, "axis": "y", "origin": [1.81004, 10.8868, 12.04264]},
			"faces": {
				"north": {"uv": [4.25, 7.625, 4.375, 7.75], "texture": "#0"},
				"east": {"uv": [4.375, 7.625, 4.5, 7.75], "texture": "#0"},
				"south": {"uv": [4.5, 7.625, 4.625, 7.75], "texture": "#0"},
				"west": {"uv": [4.625, 7.625, 4.75, 7.75], "texture": "#0"},
				"up": {"uv": [4.875, 7.75, 4.75, 7.625], "texture": "#0"},
				"down": {"uv": [5, 7.625, 4.875, 7.75], "texture": "#0"}
			}
		},
		{
			"from": [9.42423, 2.11642, 4.795],
			"to": [10.42423, 2.91642, 5.295],
			"rotation": {"angle": 0, "axis": "y", "origin": [2.81004, 10.8868, 12.04264]},
			"faces": {
				"north": {"uv": [5, 7.625, 5.125, 7.75], "texture": "#0"},
				"east": {"uv": [5.125, 7.625, 5.25, 7.75], "texture": "#0"},
				"south": {"uv": [5.25, 7.625, 5.375, 7.75], "texture": "#0"},
				"west": {"uv": [5.375, 7.625, 5.5, 7.75], "texture": "#0"},
				"up": {"uv": [5.625, 7.75, 5.5, 7.625], "texture": "#0"},
				"down": {"uv": [5.75, 7.625, 5.625, 7.75], "texture": "#0"}
			}
		},
		{
			"from": [10.4624, 2.41642, 5.495],
			"to": [10.9624, 3.21642, 6.495],
			"rotation": {"angle": 0, "axis": "y", "origin": [17.81004, 10.8868, 13.04264]},
			"faces": {
				"north": {"uv": [5.75, 7.625, 5.875, 7.75], "texture": "#0"},
				"east": {"uv": [5.875, 7.625, 6, 7.75], "texture": "#0"},
				"south": {"uv": [6, 7.625, 6.125, 7.75], "texture": "#0"},
				"west": {"uv": [6.125, 7.625, 6.25, 7.75], "texture": "#0"},
				"up": {"uv": [6.375, 7.75, 6.25, 7.625], "texture": "#0"},
				"down": {"uv": [6.5, 7.625, 6.375, 7.75], "texture": "#0"}
			}
		},
		{
			"from": [10.4624, 2.41642, 6.695],
			"to": [10.9624, 3.21642, 7.695],
			"rotation": {"angle": 0, "axis": "y", "origin": [17.81004, 10.8868, 14.04264]},
			"faces": {
				"north": {"uv": [6.5, 7.625, 6.625, 7.75], "texture": "#0"},
				"east": {"uv": [6.625, 7.625, 6.75, 7.75], "texture": "#0"},
				"south": {"uv": [6.75, 7.625, 6.875, 7.75], "texture": "#0"},
				"west": {"uv": [6.875, 7.625, 7, 7.75], "texture": "#0"},
				"up": {"uv": [7.125, 7.75, 7, 7.625], "texture": "#0"},
				"down": {"uv": [7.25, 7.625, 7.125, 7.75], "texture": "#0"}
			}
		},
		{
			"from": [14.2, 3.3, 9.3],
			"to": [19.2, 5.3, 9.3],
			"rotation": {"angle": -45, "axis": "z", "origin": [22.04785, 11.07058, 17.195]},
			"faces": {
				"north": {"uv": [3.25, 5.75, 3.875, 6], "texture": "#0"},
				"east": {"uv": [0, 0, 0, 0.25], "texture": "#0"},
				"south": {"uv": [5.625, 5.75, 6.25, 6], "texture": "#0"},
				"west": {"uv": [0, 0, 0, 0.25], "texture": "#0"},
				"up": {"uv": [0.625, 0, 0, 0], "texture": "#0"},
				"down": {"uv": [0.625, 0, 0, 0], "texture": "#0"}
			}
		},
		{
			"from": [5.5, 6, 6],
			"to": [10.5, 11, 6],
			"rotation": {"angle": 0, "axis": "y", "origin": [13.5, 14, 14]},
			"faces": {
				"north": {"uv": [3.25, 4.25, 3.875, 4.875], "texture": "#0"},
				"east": {"uv": [0, 0, 0, 0.625], "texture": "#0"},
				"south": {"uv": [3.875, 4.25, 4.5, 4.875], "texture": "#0"},
				"west": {"uv": [0, 0, 0, 0.625], "texture": "#0"},
				"up": {"uv": [0.625, 0, 0, 0], "texture": "#0"},
				"down": {"uv": [0.625, 0, 0, 0], "texture": "#0"}
			}
		},
		{
			"from": [5.49776, 1.81642, 8.495],
			"to": [10.49776, 5.81642, 9.495],
			"rotation": {"angle": 0, "axis": "y", "origin": [14.99776, 9.81642, 16.195]},
			"faces": {
				"north": {"uv": [2.375, 4.5, 3, 5], "texture": "#0"},
				"east": {"uv": [5.25, 6.75, 5.375, 7.25], "texture": "#0"},
				"south": {"uv": [4.5, 4.5, 5.125, 5], "texture": "#0"},
				"west": {"uv": [6.625, 6.75, 6.75, 7.25], "texture": "#0"},
				"up": {"uv": [5.375, 6.75, 4.75, 6.625], "texture": "#0"},
				"down": {"uv": [7.25, 6.625, 6.625, 6.75], "texture": "#0"}
			}
		},
		{
			"from": [-1.00224, 4.24104, 8.545],
			"to": [-0.00224, 7.24104, 9.345],
			"rotation": {"angle": 45, "axis": "z", "origin": [4.35131, 12.24104, 15.545]},
			"faces": {
				"north": {"uv": [4.875, 7, 5, 7.375], "texture": "#0"},
				"east": {"uv": [5, 7, 5.125, 7.375], "texture": "#0"},
				"south": {"uv": [5.125, 7, 5.25, 7.375], "texture": "#0"},
				"west": {"uv": [5.625, 7, 5.75, 7.375], "texture": "#0"},
				"up": {"uv": [7.375, 7.75, 7.25, 7.625], "texture": "#0"},
				"down": {"uv": [7.5, 7.625, 7.375, 7.75], "texture": "#0"}
			}
		},
		{
			"from": [15.66432, 4.24104, 8.545],
			"to": [16.66432, 7.24104, 9.345],
			"rotation": {"angle": -45, "axis": "z", "origin": [11.31077, 12.24104, 15.545]},
			"faces": {
				"north": {"uv": [5.75, 7, 5.875, 7.375], "texture": "#0"},
				"east": {"uv": [5.875, 7, 6, 7.375], "texture": "#0"},
				"south": {"uv": [6, 7, 6.125, 7.375], "texture": "#0"},
				"west": {"uv": [6.125, 7, 6.25, 7.375], "texture": "#0"},
				"up": {"uv": [7.625, 7.75, 7.5, 7.625], "texture": "#0"},
				"down": {"uv": [7.75, 7.625, 7.625, 7.75], "texture": "#0"}
			}
		},
		{
			"from": [3.99776, 4.81642, 8.195],
			"to": [11.79776, 10.81642, 9.695],
			"rotation": {"angle": 0, "axis": "y", "origin": [13.99776, 13.81642, 16.195]},
			"faces": {
				"north": {"uv": [3.25, 3.5, 4.25, 4.25], "texture": "#0"},
				"east": {"uv": [2.625, 5.375, 2.875, 6.125], "texture": "#0"},
				"south": {"uv": [3.5, 0.875, 4.5, 1.625], "texture": "#0"},
				"west": {"uv": [0, 5.625, 0.25, 6.375], "texture": "#0"},
				"up": {"uv": [6.125, 2.875, 5.125, 2.625], "texture": "#0"},
				"down": {"uv": [6.125, 2.875, 5.125, 3.125], "texture": "#0"}
			}
		},
		{
			"from": [4.29776, 10.81642, 8.495],
			"to": [6.29776, 11.11642, 9.295],
			"rotation": {"angle": 0, "axis": "y", "origin": [13.99776, 19.81642, 16.195]},
			"faces": {
				"north": {"uv": [4, 7.25, 4.25, 7.375], "texture": "#0"},
				"east": {"uv": [7.625, 0.25, 7.75, 0.375], "texture": "#0"},
				"south": {"uv": [6.25, 7.25, 6.5, 7.375], "texture": "#0"},
				"west": {"uv": [7.625, 0.375, 7.75, 0.5], "texture": "#0"},
				"up": {"uv": [6.75, 7.375, 6.5, 7.25], "texture": "#0"},
				"down": {"uv": [7, 7.25, 6.75, 7.375], "texture": "#0"}
			}
		},
		{
			"from": [6.49776, 10.81642, 8.695],
			"to": [6.99776, 11.11642, 9.195],
			"rotation": {"angle": 0, "axis": "y", "origin": [15.99776, 19.81642, 16.195]},
			"faces": {
				"north": {"uv": [7.625, 0.875, 7.75, 1], "texture": "#0"},
				"east": {"uv": [7.625, 3.375, 7.75, 3.5], "texture": "#0"},
				"south": {"uv": [7.625, 3.5, 7.75, 3.625], "texture": "#0"},
				"west": {"uv": [7.625, 3.625, 7.75, 3.75], "texture": "#0"},
				"up": {"uv": [7.75, 3.875, 7.625, 3.75], "texture": "#0"},
				"down": {"uv": [7.75, 3.875, 7.625, 4], "texture": "#0"}
			}
		},
		{
			"from": [7.29776, 10.81642, 8.695],
			"to": [7.79776, 11.11642, 9.195],
			"rotation": {"angle": 0, "axis": "y", "origin": [15.99776, 19.81642, 16.195]},
			"faces": {
				"north": {"uv": [7.625, 4, 7.75, 4.125], "texture": "#0"},
				"east": {"uv": [7.625, 4.125, 7.75, 4.25], "texture": "#0"},
				"south": {"uv": [7.625, 4.25, 7.75, 4.375], "texture": "#0"},
				"west": {"uv": [7.625, 4.375, 7.75, 4.5], "texture": "#0"},
				"up": {"uv": [7.75, 4.625, 7.625, 4.5], "texture": "#0"},
				"down": {"uv": [7.75, 4.625, 7.625, 4.75], "texture": "#0"}
			}
		},
		{
			"from": [9.69776, 10.81642, 8.495],
			"to": [11.69776, 11.11642, 9.295],
			"rotation": {"angle": 0, "axis": "y", "origin": [1.99776, 19.81642, 16.195]},
			"faces": {
				"north": {"uv": [7, 7.25, 7.25, 7.375], "texture": "#0"},
				"east": {"uv": [7.625, 4.75, 7.75, 4.875], "texture": "#0"},
				"south": {"uv": [7.25, 7.25, 7.5, 7.375], "texture": "#0"},
				"west": {"uv": [7.625, 4.875, 7.75, 5], "texture": "#0"},
				"up": {"uv": [7.5, 0.125, 7.25, 0], "texture": "#0"},
				"down": {"uv": [7.5, 0.125, 7.25, 0.25], "texture": "#0"}
			}
		},
		{
			"from": [4.99776, 6.81642, 7.695],
			"to": [6.99776, 8.81642, 8.495],
			"rotation": {"angle": 0, "axis": "y", "origin": [13.99776, 13.81642, 15.195]},
			"faces": {
				"north": {"uv": [6.75, 6.75, 7, 7], "texture": "#0"},
				"east": {"uv": [5.25, 7.25, 5.375, 7.5], "texture": "#0"},
				"south": {"uv": [1.5, 6.875, 1.75, 7.125], "texture": "#0"},
				"west": {"uv": [7.25, 0.25, 7.375, 0.5], "texture": "#0"},
				"up": {"uv": [7.5, 1.375, 7.25, 1.25], "texture": "#0"},
				"down": {"uv": [7.5, 1.375, 7.25, 1.5], "texture": "#0"}
			}
		},
		{
			"from": [5.99776, 8.94108, 7.75334],
			"to": [6.49776, 9.44108, 8.25334],
			"rotation": {"angle": 0, "axis": "y", "origin": [14.99776, 15.94108, 15.25334]},
			"faces": {
				"north": {"uv": [7.625, 5.125, 7.75, 5.25], "texture": "#0"},
				"east": {"uv": [7.625, 5.25, 7.75, 5.375], "texture": "#0"},
				"south": {"uv": [7.625, 5.5, 7.75, 5.625], "texture": "#0"},
				"west": {"uv": [7.625, 5.625, 7.75, 5.75], "texture": "#0"},
				"up": {"uv": [7.75, 5.875, 7.625, 5.75], "texture": "#0"},
				"down": {"uv": [7.75, 5.875, 7.625, 6], "texture": "#0"}
			}
		},
		{
			"from": [5.99776, 6.19176, 7.75334],
			"to": [6.49776, 6.69176, 8.25334],
			"rotation": {"angle": 0, "axis": "y", "origin": [14.99776, -0.30824, 15.25334]},
			"faces": {
				"north": {"uv": [7.625, 6, 7.75, 6.125], "texture": "#0"},
				"east": {"uv": [7.625, 6.125, 7.75, 6.25], "texture": "#0"},
				"south": {"uv": [7.625, 6.5, 7.75, 6.625], "texture": "#0"},
				"west": {"uv": [7.625, 6.75, 7.75, 6.875], "texture": "#0"},
				"up": {"uv": [7.75, 7, 7.625, 6.875], "texture": "#0"},
				"down": {"uv": [7.75, 7, 7.625, 7.125], "texture": "#0"}
			}
		},
		{
			"from": [9.49776, 8.94108, 7.75334],
			"to": [9.99776, 9.44108, 8.25334],
			"rotation": {"angle": 0, "axis": "y", "origin": [0.99776, 15.94108, 15.25334]},
			"faces": {
				"north": {"uv": [7.625, 7.375, 7.75, 7.5], "texture": "#0"},
				"east": {"uv": [7.625, 7.5, 7.75, 7.625], "texture": "#0"},
				"south": {"uv": [0, 7.75, 0.125, 7.875], "texture": "#0"},
				"west": {"uv": [0.125, 7.75, 0.25, 7.875], "texture": "#0"},
				"up": {"uv": [0.375, 7.875, 0.25, 7.75], "texture": "#0"},
				"down": {"uv": [0.5, 7.75, 0.375, 7.875], "texture": "#0"}
			}
		},
		{
			"from": [9.49776, 6.19176, 7.75334],
			"to": [9.99776, 6.69176, 8.25334],
			"rotation": {"angle": 0, "axis": "y", "origin": [0.99776, -0.30824, 15.25334]},
			"faces": {
				"north": {"uv": [0.5, 7.75, 0.625, 7.875], "texture": "#0"},
				"east": {"uv": [0.625, 7.75, 0.75, 7.875], "texture": "#0"},
				"south": {"uv": [0.75, 7.75, 0.875, 7.875], "texture": "#0"},
				"west": {"uv": [0.875, 7.75, 1, 7.875], "texture": "#0"},
				"up": {"uv": [1.125, 7.875, 1, 7.75], "texture": "#0"},
				"down": {"uv": [1.25, 7.75, 1.125, 7.875], "texture": "#0"}
			}
		},
		{
			"from": [5.99776, 6.03811, 9.86122],
			"to": [6.49776, 6.53811, 10.36122],
			"rotation": {"angle": 22.5, "axis": "x", "origin": [14.99776, 13.03811, 17.36122]},
			"faces": {
				"north": {"uv": [1.25, 7.75, 1.375, 7.875], "texture": "#0"},
				"east": {"uv": [1.375, 7.75, 1.5, 7.875], "texture": "#0"},
				"south": {"uv": [1.5, 7.75, 1.625, 7.875], "texture": "#0"},
				"west": {"uv": [1.625, 7.75, 1.75, 7.875], "texture": "#0"},
				"up": {"uv": [1.875, 7.875, 1.75, 7.75], "texture": "#0"},
				"down": {"uv": [2, 7.75, 1.875, 7.875], "texture": "#0"}
			}
		},
		{
			"from": [5.99776, 12.04532, 10.50639],
			"to": [6.49776, 13.54532, 11.00639],
			"rotation": {"angle": -45, "axis": "x", "origin": [14.99776, 6.54532, 18.00639]},
			"faces": {
				"north": {"uv": [7.25, 1.75, 7.375, 2], "texture": "#0"},
				"east": {"uv": [7.25, 2, 7.375, 2.25], "texture": "#0"},
				"south": {"uv": [7.25, 2.5, 7.375, 2.75], "texture": "#0"},
				"west": {"uv": [7.25, 2.75, 7.375, 3], "texture": "#0"},
				"up": {"uv": [2.125, 7.875, 2, 7.75], "texture": "#0"},
				"down": {"uv": [2.25, 7.75, 2.125, 7.875], "texture": "#0"}
			}
		},
		{
			"from": [9.49776, 6.03811, 9.86122],
			"to": [9.99776, 6.53811, 10.36122],
			"rotation": {"angle": 22.5, "axis": "x", "origin": [0.99776, 13.03811, 17.36122]},
			"faces": {
				"north": {"uv": [2.25, 7.75, 2.375, 7.875], "texture": "#0"},
				"east": {"uv": [2.375, 7.75, 2.5, 7.875], "texture": "#0"},
				"south": {"uv": [2.5, 7.75, 2.625, 7.875], "texture": "#0"},
				"west": {"uv": [2.625, 7.75, 2.75, 7.875], "texture": "#0"},
				"up": {"uv": [2.875, 7.875, 2.75, 7.75], "texture": "#0"},
				"down": {"uv": [3, 7.75, 2.875, 7.875], "texture": "#0"}
			}
		},
		{
			"from": [9.49776, 12.04532, 10.50639],
			"to": [9.99776, 13.54532, 11.00639],
			"rotation": {"angle": -45, "axis": "x", "origin": [0.99776, 6.54532, 18.00639]},
			"faces": {
				"north": {"uv": [7.25, 3, 7.375, 3.25], "texture": "#0"},
				"east": {"uv": [7.25, 3.75, 7.375, 4], "texture": "#0"},
				"south": {"uv": [7.25, 4, 7.375, 4.25], "texture": "#0"},
				"west": {"uv": [7.25, 4.25, 7.375, 4.5], "texture": "#0"},
				"up": {"uv": [3.125, 7.875, 3, 7.75], "texture": "#0"},
				"down": {"uv": [3.25, 7.75, 3.125, 7.875], "texture": "#0"}
			}
		},
		{
			"from": [5.99776, 2.54946, 10.69773],
			"to": [6.49776, 3.04946, 11.19773],
			"rotation": {"angle": 45, "axis": "x", "origin": [14.99776, 9.54946, 18.19773]},
			"faces": {
				"north": {"uv": [3.25, 7.75, 3.375, 7.875], "texture": "#0"},
				"east": {"uv": [3.375, 7.75, 3.5, 7.875], "texture": "#0"},
				"south": {"uv": [3.5, 7.75, 3.625, 7.875], "texture": "#0"},
				"west": {"uv": [3.625, 7.75, 3.75, 7.875], "texture": "#0"},
				"up": {"uv": [3.875, 7.875, 3.75, 7.75], "texture": "#0"},
				"down": {"uv": [4, 7.75, 3.875, 7.875], "texture": "#0"}
			}
		},
		{
			"from": [9.49776, 2.54946, 10.69773],
			"to": [9.99776, 3.04946, 11.19773],
			"rotation": {"angle": 45, "axis": "x", "origin": [0.99776, 9.54946, 18.19773]},
			"faces": {
				"north": {"uv": [4, 7.75, 4.125, 7.875], "texture": "#0"},
				"east": {"uv": [4.125, 7.75, 4.25, 7.875], "texture": "#0"},
				"south": {"uv": [4.25, 7.75, 4.375, 7.875], "texture": "#0"},
				"west": {"uv": [4.375, 7.75, 4.5, 7.875], "texture": "#0"},
				"up": {"uv": [4.625, 7.875, 4.5, 7.75], "texture": "#0"},
				"down": {"uv": [4.75, 7.75, 4.625, 7.875], "texture": "#0"}
			}
		},
		{
			"from": [5.99776, 10.81642, 4.695],
			"to": [6.49776, 11.31642, 5.195],
			"rotation": {"angle": -22.5, "axis": "x", "origin": [14.99776, 17.81642, 12.195]},
			"faces": {
				"north": {"uv": [4.75, 7.75, 4.875, 7.875], "texture": "#0"},
				"east": {"uv": [4.875, 7.75, 5, 7.875], "texture": "#0"},
				"south": {"uv": [5, 7.75, 5.125, 7.875], "texture": "#0"},
				"west": {"uv": [5.125, 7.75, 5.25, 7.875], "texture": "#0"},
				"up": {"uv": [5.375, 7.875, 5.25, 7.75], "texture": "#0"},
				"down": {"uv": [5.5, 7.75, 5.375, 7.875], "texture": "#0"}
			}
		},
		{
			"from": [5.99776, 4.31642, 4.695],
			"to": [6.49776, 4.81642, 5.195],
			"rotation": {"angle": 22.5, "axis": "x", "origin": [14.99776, -2.18358, 12.195]},
			"faces": {
				"north": {"uv": [5.5, 7.75, 5.625, 7.875], "texture": "#0"},
				"east": {"uv": [5.625, 7.75, 5.75, 7.875], "texture": "#0"},
				"south": {"uv": [5.75, 7.75, 5.875, 7.875], "texture": "#0"},
				"west": {"uv": [5.875, 7.75, 6, 7.875], "texture": "#0"},
				"up": {"uv": [6.125, 7.875, 6, 7.75], "texture": "#0"},
				"down": {"uv": [6.25, 7.75, 6.125, 7.875], "texture": "#0"}
			}
		},
		{
			"from": [9.49776, 10.81642, 4.695],
			"to": [9.99776, 11.31642, 5.195],
			"rotation": {"angle": -22.5, "axis": "x", "origin": [0.99776, 17.81642, 12.195]},
			"faces": {
				"north": {"uv": [6.25, 7.75, 6.375, 7.875], "texture": "#0"},
				"east": {"uv": [6.375, 7.75, 6.5, 7.875], "texture": "#0"},
				"south": {"uv": [6.5, 7.75, 6.625, 7.875], "texture": "#0"},
				"west": {"uv": [6.625, 7.75, 6.75, 7.875], "texture": "#0"},
				"up": {"uv": [6.875, 7.875, 6.75, 7.75], "texture": "#0"},
				"down": {"uv": [7, 7.75, 6.875, 7.875], "texture": "#0"}
			}
		},
		{
			"from": [9.49776, 4.31642, 4.695],
			"to": [9.99776, 4.81642, 5.195],
			"rotation": {"angle": 22.5, "axis": "x", "origin": [0.99776, -2.18358, 12.195]},
			"faces": {
				"north": {"uv": [7, 7.75, 7.125, 7.875], "texture": "#0"},
				"east": {"uv": [7.125, 7.75, 7.25, 7.875], "texture": "#0"},
				"south": {"uv": [7.25, 7.75, 7.375, 7.875], "texture": "#0"},
				"west": {"uv": [7.375, 7.75, 7.5, 7.875], "texture": "#0"},
				"up": {"uv": [7.625, 7.875, 7.5, 7.75], "texture": "#0"},
				"down": {"uv": [7.75, 7.75, 7.625, 7.875], "texture": "#0"}
			}
		},
		{
			"from": [8.83104, 6.81642, 7.695],
			"to": [10.83104, 8.81642, 8.495],
			"rotation": {"angle": 0, "axis": "y", "origin": [1.99776, 13.81642, 15.195]},
			"faces": {
				"north": {"uv": [2.625, 6.875, 2.875, 7.125], "texture": "#0"},
				"east": {"uv": [7.25, 4.5, 7.375, 4.75], "texture": "#0"},
				"south": {"uv": [3, 6.875, 3.25, 7.125], "texture": "#0"},
				"west": {"uv": [7.25, 4.75, 7.375, 5], "texture": "#0"},
				"up": {"uv": [7.5, 3.375, 7.25, 3.25], "texture": "#0"},
				"down": {"uv": [7.5, 5, 7.25, 5.125], "texture": "#0"}
			}
		},
		{
			"from": [5.24776, 7.11642, 7.495],
			"to": [6.74776, 8.61642, 7.995],
			"rotation": {"angle": 0, "axis": "y", "origin": [13.99776, 13.81642, 14.395]},
			"faces": {
				"north": {"uv": [3.875, 6.875, 4.125, 7.125], "texture": "#0"},
				"east": {"uv": [7.25, 5.125, 7.375, 5.375], "texture": "#0"},
				"south": {"uv": [4.25, 6.875, 4.5, 7.125], "texture": "#0"},
				"west": {"uv": [7.25, 6, 7.375, 6.25], "texture": "#0"},
				"up": {"uv": [7.5, 5.5, 7.25, 5.375], "texture": "#0"},
				"down": {"uv": [7.5, 6.25, 7.25, 6.375], "texture": "#0"}
			}
		},
		{
			"from": [9.08104, 7.11642, 7.495],
			"to": [10.58104, 8.61642, 7.995],
			"rotation": {"angle": 0, "axis": "y", "origin": [1.99776, 13.81642, 14.395]},
			"faces": {
				"north": {"uv": [6.875, 0.625, 7.125, 0.875], "texture": "#0"},
				"east": {"uv": [0.5, 7.375, 0.625, 7.625], "texture": "#0"},
				"south": {"uv": [6.875, 1.75, 7.125, 2], "texture": "#0"},
				"west": {"uv": [0.625, 7.375, 0.75, 7.625], "texture": "#0"},
				"up": {"uv": [7.5, 6.5, 7.25, 6.375], "texture": "#0"},
				"down": {"uv": [7.5, 6.625, 7.25, 6.75], "texture": "#0"}
			}
		},
		{
			"from": [5.49776, 7.31642, 6.995],
			"to": [6.49776, 8.31642, 7.495],
			"rotation": {"angle": 0, "axis": "y", "origin": [13.99776, 13.81642, 13.895]},
			"faces": {
				"north": {"uv": [7.75, 7.75, 7.875, 7.875], "texture": "#0"},
				"east": {"uv": [7.75, 0, 7.875, 0.125], "texture": "#0"},
				"south": {"uv": [7.75, 0.125, 7.875, 0.25], "texture": "#0"},
				"west": {"uv": [7.75, 0.25, 7.875, 0.375], "texture": "#0"},
				"up": {"uv": [7.875, 0.5, 7.75, 0.375], "texture": "#0"},
				"down": {"uv": [7.875, 0.5, 7.75, 0.625], "texture": "#0"}
			}
		},
		{
			"from": [5.74776, 7.61642, 6.795],
			"to": [6.24776, 8.11642, 7.295],
			"rotation": {"angle": 0, "axis": "y", "origin": [13.99776, 13.81642, 13.395]},
			"faces": {
				"north": {"uv": [7.75, 0.625, 7.875, 0.75], "texture": "#0"},
				"east": {"uv": [7.75, 0.75, 7.875, 0.875], "texture": "#0"},
				"south": {"uv": [7.75, 0.875, 7.875, 1], "texture": "#0"},
				"west": {"uv": [7.75, 1, 7.875, 1.125], "texture": "#0"},
				"up": {"uv": [7.875, 1.25, 7.75, 1.125], "texture": "#0"},
				"down": {"uv": [7.875, 1.25, 7.75, 1.375], "texture": "#0"}
			}
		},
		{
			"from": [9.53104, 7.61642, 6.795],
			"to": [10.03104, 8.11642, 7.295],
			"rotation": {"angle": 0, "axis": "y", "origin": [1.99776, 13.81642, 13.395]},
			"faces": {
				"north": {"uv": [7.75, 1.375, 7.875, 1.5], "texture": "#0"},
				"east": {"uv": [7.75, 1.5, 7.875, 1.625], "texture": "#0"},
				"south": {"uv": [7.75, 1.625, 7.875, 1.75], "texture": "#0"},
				"west": {"uv": [7.75, 1.75, 7.875, 1.875], "texture": "#0"},
				"up": {"uv": [7.875, 2, 7.75, 1.875], "texture": "#0"},
				"down": {"uv": [7.875, 2, 7.75, 2.125], "texture": "#0"}
			}
		},
		{
			"from": [9.33104, 7.31642, 6.995],
			"to": [10.33104, 8.31642, 7.495],
			"rotation": {"angle": 0, "axis": "y", "origin": [1.99776, 13.81642, 13.895]},
			"faces": {
				"north": {"uv": [7.75, 2.125, 7.875, 2.25], "texture": "#0"},
				"east": {"uv": [7.75, 2.25, 7.875, 2.375], "texture": "#0"},
				"south": {"uv": [7.75, 2.375, 7.875, 2.5], "texture": "#0"},
				"west": {"uv": [7.75, 2.5, 7.875, 2.625], "texture": "#0"},
				"up": {"uv": [7.875, 2.75, 7.75, 2.625], "texture": "#0"},
				"down": {"uv": [7.875, 2.75, 7.75, 2.875], "texture": "#0"}
			}
		},
		{
			"from": [6.49776, 2.11642, 7.195],
			"to": [9.49776, 2.61642, 8.695],
			"rotation": {"angle": 0, "axis": "y", "origin": [14.99776, 9.81642, 15.495]},
			"faces": {
				"north": {"uv": [6.25, 7, 6.625, 7.125], "texture": "#0"},
				"east": {"uv": [0.75, 7.375, 1, 7.5], "texture": "#0"},
				"south": {"uv": [6.75, 7, 7.125, 7.125], "texture": "#0"},
				"west": {"uv": [1.75, 7.375, 2, 7.5], "texture": "#0"},
				"up": {"uv": [5.625, 6.5, 5.25, 6.25], "texture": "#0"},
				"down": {"uv": [6.625, 4.125, 6.25, 4.375], "texture": "#0"}
			}
		},
		{
			"from": [6.49776, 4.11642, 7.195],
			"to": [9.49776, 4.61642, 8.695],
			"rotation": {"angle": 0, "axis": "y", "origin": [14.99776, 11.81642, 15.495]},
			"faces": {
				"north": {"uv": [7, 1, 7.375, 1.125], "texture": "#0"},
				"east": {"uv": [2, 7.375, 2.25, 7.5], "texture": "#0"},
				"south": {"uv": [7, 1.125, 7.375, 1.25], "texture": "#0"},
				"west": {"uv": [2.25, 7.375, 2.5, 7.5], "texture": "#0"},
				"up": {"uv": [6.625, 4.75, 6.25, 4.5], "texture": "#0"},
				"down": {"uv": [6.625, 4.75, 6.25, 5], "texture": "#0"}
			}
		},
		{
			"from": [6.49776, 3.61642, 7.195],
			"to": [6.99776, 4.11642, 7.695],
			"rotation": {"angle": 0, "axis": "y", "origin": [12.99776, 11.31642, 15.495]},
			"faces": {
				"north": {"uv": [7.75, 2.875, 7.875, 3], "texture": "#0"},
				"east": {"uv": [7.75, 3, 7.875, 3.125], "texture": "#0"},
				"south": {"uv": [7.75, 3.125, 7.875, 3.25], "texture": "#0"},
				"west": {"uv": [7.75, 3.25, 7.875, 3.375], "texture": "#0"},
				"up": {"uv": [7.875, 3.5, 7.75, 3.375], "texture": "#0"},
				"down": {"uv": [7.875, 3.5, 7.75, 3.625], "texture": "#0"}
			}
		},
		{
			"from": [6.49776, 2.61642, 7.195],
			"to": [6.99776, 3.11642, 7.695],
			"rotation": {"angle": 0, "axis": "y", "origin": [12.99776, 10.31642, 15.495]},
			"faces": {
				"north": {"uv": [7.75, 3.625, 7.875, 3.75], "texture": "#0"},
				"east": {"uv": [7.75, 3.75, 7.875, 3.875], "texture": "#0"},
				"south": {"uv": [7.75, 3.875, 7.875, 4], "texture": "#0"},
				"west": {"uv": [7.75, 4, 7.875, 4.125], "texture": "#0"},
				"up": {"uv": [7.875, 4.25, 7.75, 4.125], "texture": "#0"},
				"down": {"uv": [7.875, 4.25, 7.75, 4.375], "texture": "#0"}
			}
		},
		{
			"from": [8.99776, 3.61642, 7.195],
			"to": [9.49776, 4.11642, 7.695],
			"rotation": {"angle": 0, "axis": "y", "origin": [2.89776, 11.31642, 15.495]},
			"faces": {
				"north": {"uv": [7.75, 4.375, 7.875, 4.5], "texture": "#0"},
				"east": {"uv": [7.75, 4.5, 7.875, 4.625], "texture": "#0"},
				"south": {"uv": [7.75, 4.625, 7.875, 4.75], "texture": "#0"},
				"west": {"uv": [7.75, 4.75, 7.875, 4.875], "texture": "#0"},
				"up": {"uv": [7.875, 5, 7.75, 4.875], "texture": "#0"},
				"down": {"uv": [7.875, 5, 7.75, 5.125], "texture": "#0"}
			}
		},
		{
			"from": [8.99776, 2.61642, 7.195],
			"to": [9.49776, 3.11642, 7.695],
			"rotation": {"angle": 0, "axis": "y", "origin": [2.89776, 10.31642, 15.495]},
			"faces": {
				"north": {"uv": [7.75, 5.125, 7.875, 5.25], "texture": "#0"},
				"east": {"uv": [7.75, 5.25, 7.875, 5.375], "texture": "#0"},
				"south": {"uv": [7.75, 5.375, 7.875, 5.5], "texture": "#0"},
				"west": {"uv": [7.75, 5.5, 7.875, 5.625], "texture": "#0"},
				"up": {"uv": [7.875, 5.75, 7.75, 5.625], "texture": "#0"},
				"down": {"uv": [7.875, 5.75, 7.75, 5.875], "texture": "#0"}
			}
		},
		{
			"from": [8.99776, 3.61642, 7.995],
			"to": [9.49776, 4.11642, 8.795],
			"rotation": {"angle": 0, "axis": "y", "origin": [2.89776, 11.31642, 16.495]},
			"faces": {
				"north": {"uv": [7.75, 5.875, 7.875, 6], "texture": "#0"},
				"east": {"uv": [7.75, 6, 7.875, 6.125], "texture": "#0"},
				"south": {"uv": [7.75, 6.125, 7.875, 6.25], "texture": "#0"},
				"west": {"uv": [7.75, 6.25, 7.875, 6.375], "texture": "#0"},
				"up": {"uv": [7.875, 6.5, 7.75, 6.375], "texture": "#0"},
				"down": {"uv": [7.875, 6.5, 7.75, 6.625], "texture": "#0"}
			}
		},
		{
			"from": [8.99776, 2.61642, 7.995],
			"to": [9.49776, 3.11642, 8.795],
			"rotation": {"angle": 0, "axis": "y", "origin": [2.89776, 10.31642, 16.495]},
			"faces": {
				"north": {"uv": [7.75, 6.625, 7.875, 6.75], "texture": "#0"},
				"east": {"uv": [7.75, 6.75, 7.875, 6.875], "texture": "#0"},
				"south": {"uv": [7.75, 6.875, 7.875, 7], "texture": "#0"},
				"west": {"uv": [7.75, 7, 7.875, 7.125], "texture": "#0"},
				"up": {"uv": [7.875, 7.25, 7.75, 7.125], "texture": "#0"},
				"down": {"uv": [7.875, 7.25, 7.75, 7.375], "texture": "#0"}
			}
		},
		{
			"from": [6.49776, 3.61642, 7.995],
			"to": [6.99776, 4.11642, 8.795],
			"rotation": {"angle": 0, "axis": "y", "origin": [13.09776, 11.31642, 16.495]},
			"faces": {
				"north": {"uv": [7.75, 7.375, 7.875, 7.5], "texture": "#0"},
				"east": {"uv": [7.75, 7.5, 7.875, 7.625], "texture": "#0"},
				"south": {"uv": [7.75, 7.625, 7.875, 7.75], "texture": "#0"},
				"west": {"uv": [0, 7.875, 0.125, 8], "texture": "#0"},
				"up": {"uv": [0.25, 8, 0.125, 7.875], "texture": "#0"},
				"down": {"uv": [0.375, 7.875, 0.25, 8], "texture": "#0"}
			}
		},
		{
			"from": [6.49776, 2.61642, 7.995],
			"to": [6.99776, 3.11642, 8.795],
			"rotation": {"angle": 0, "axis": "y", "origin": [13.09776, 10.31642, 16.495]},
			"faces": {
				"north": {"uv": [0.375, 7.875, 0.5, 8], "texture": "#0"},
				"east": {"uv": [0.5, 7.875, 0.625, 8], "texture": "#0"},
				"south": {"uv": [0.625, 7.875, 0.75, 8], "texture": "#0"},
				"west": {"uv": [0.75, 7.875, 0.875, 8], "texture": "#0"},
				"up": {"uv": [1, 8, 0.875, 7.875], "texture": "#0"},
				"down": {"uv": [1.125, 7.875, 1, 8], "texture": "#0"}
			}
		},
		{
			"from": [7.09776, 3.61642, 7.195],
			"to": [7.89776, 4.11642, 7.695],
			"rotation": {"angle": 0, "axis": "y", "origin": [12.99776, 11.31642, 15.495]},
			"faces": {
				"north": {"uv": [1.125, 7.875, 1.25, 8], "texture": "#0"},
				"east": {"uv": [1.25, 7.875, 1.375, 8], "texture": "#0"},
				"south": {"uv": [1.375, 7.875, 1.5, 8], "texture": "#0"},
				"west": {"uv": [1.5, 7.875, 1.625, 8], "texture": "#0"},
				"up": {"uv": [1.75, 8, 1.625, 7.875], "texture": "#0"},
				"down": {"uv": [1.875, 7.875, 1.75, 8], "texture": "#0"}
			}
		},
		{
			"from": [7.09776, 2.61642, 7.195],
			"to": [7.89776, 3.11642, 7.695],
			"rotation": {"angle": 0, "axis": "y", "origin": [12.99776, 10.31642, 15.495]},
			"faces": {
				"north": {"uv": [1.875, 7.875, 2, 8], "texture": "#0"},
				"east": {"uv": [2, 7.875, 2.125, 8], "texture": "#0"},
				"south": {"uv": [2.125, 7.875, 2.25, 8], "texture": "#0"},
				"west": {"uv": [2.25, 7.875, 2.375, 8], "texture": "#0"},
				"up": {"uv": [2.5, 8, 2.375, 7.875], "texture": "#0"},
				"down": {"uv": [2.625, 7.875, 2.5, 8], "texture": "#0"}
			}
		},
		{
			"from": [8.09776, 3.61642, 7.195],
			"to": [8.89776, 4.11642, 7.695],
			"rotation": {"angle": 0, "axis": "y", "origin": [2.99776, 11.31642, 15.495]},
			"faces": {
				"north": {"uv": [2.625, 7.875, 2.75, 8], "texture": "#0"},
				"east": {"uv": [2.75, 7.875, 2.875, 8], "texture": "#0"},
				"south": {"uv": [2.875, 7.875, 3, 8], "texture": "#0"},
				"west": {"uv": [3, 7.875, 3.125, 8], "texture": "#0"},
				"up": {"uv": [3.25, 8, 3.125, 7.875], "texture": "#0"},
				"down": {"uv": [3.375, 7.875, 3.25, 8], "texture": "#0"}
			}
		},
		{
			"from": [8.09776, 2.61642, 7.195],
			"to": [8.89776, 3.11642, 7.695],
			"rotation": {"angle": 0, "axis": "y", "origin": [2.99776, 10.31642, 15.495]},
			"faces": {
				"north": {"uv": [3.375, 7.875, 3.5, 8], "texture": "#0"},
				"east": {"uv": [3.5, 7.875, 3.625, 8], "texture": "#0"},
				"south": {"uv": [3.625, 7.875, 3.75, 8], "texture": "#0"},
				"west": {"uv": [3.75, 7.875, 3.875, 8], "texture": "#0"},
				"up": {"uv": [4, 8, 3.875, 7.875], "texture": "#0"},
				"down": {"uv": [4.125, 7.875, 4, 8], "texture": "#0"}
			}
		},
		{
			"from": [4.44776, 3.31642, 8.745],
			"to": [4.94776, 4.81642, 9.245],
			"rotation": {"angle": 0, "axis": "y", "origin": [12.29776, 10.81642, 16.495]},
			"faces": {
				"north": {"uv": [2.5, 7.375, 2.625, 7.625], "texture": "#0"},
				"east": {"uv": [2.625, 7.375, 2.75, 7.625], "texture": "#0"},
				"south": {"uv": [2.75, 7.375, 2.875, 7.625], "texture": "#0"},
				"west": {"uv": [3.25, 7.375, 3.375, 7.625], "texture": "#0"},
				"up": {"uv": [4.25, 8, 4.125, 7.875], "texture": "#0"},
				"down": {"uv": [4.375, 7.875, 4.25, 8], "texture": "#0"}
			}
		},
		{
			"from": [11.04776, 3.31642, 8.745],
			"to": [11.54776, 4.81642, 9.245],
			"rotation": {"angle": 0, "axis": "y", "origin": [3.69776, 10.81642, 16.495]},
			"faces": {
				"north": {"uv": [3.375, 7.375, 3.5, 7.625], "texture": "#0"},
				"east": {"uv": [3.5, 7.375, 3.625, 7.625], "texture": "#0"},
				"south": {"uv": [3.625, 7.375, 3.75, 7.625], "texture": "#0"},
				"west": {"uv": [3.75, 7.375, 3.875, 7.625], "texture": "#0"},
				"up": {"uv": [4.5, 8, 4.375, 7.875], "texture": "#0"},
				"down": {"uv": [4.625, 7.875, 4.5, 8], "texture": "#0"}
			}
		},
		{
			"from": [1.17143, 5.28764, 8.745],
			"to": [1.67143, 5.78764, 9.245],
			"rotation": {"angle": 22.5, "axis": "z", "origin": [9.02143, 12.78764, 16.495]},
			"faces": {
				"north": {"uv": [4.625, 7.875, 4.75, 8], "texture": "#0"},
				"east": {"uv": [4.75, 7.875, 4.875, 8], "texture": "#0"},
				"south": {"uv": [4.875, 7.875, 5, 8], "texture": "#0"},
				"west": {"uv": [5, 7.875, 5.125, 8], "texture": "#0"},
				"up": {"uv": [5.25, 8, 5.125, 7.875], "texture": "#0"},
				"down": {"uv": [5.375, 7.875, 5.25, 8], "texture": "#0"}
			}
		},
		{
			"from": [14.32409, 5.28764, 8.745],
			"to": [14.82409, 5.78764, 9.245],
			"rotation": {"angle": -22.5, "axis": "z", "origin": [6.97409, 12.78764, 16.495]},
			"faces": {
				"north": {"uv": [5.375, 7.875, 5.5, 8], "texture": "#0"},
				"east": {"uv": [5.5, 7.875, 5.625, 8], "texture": "#0"},
				"south": {"uv": [5.625, 7.875, 5.75, 8], "texture": "#0"},
				"west": {"uv": [5.75, 7.875, 5.875, 8], "texture": "#0"},
				"up": {"uv": [6, 8, 5.875, 7.875], "texture": "#0"},
				"down": {"uv": [6.125, 7.875, 6, 8], "texture": "#0"}
			}
		},
		{
			"from": [-2.60986, 5.85502, 8.745],
			"to": [-2.10986, 6.35502, 9.245],
			"rotation": {"angle": 45, "axis": "z", "origin": [5.24014, 13.35502, 16.495]},
			"faces": {
				"north": {"uv": [6.125, 7.875, 6.25, 8], "texture": "#0"},
				"east": {"uv": [6.25, 7.875, 6.375, 8], "texture": "#0"},
				"south": {"uv": [6.375, 7.875, 6.5, 8], "texture": "#0"},
				"west": {"uv": [6.5, 7.875, 6.625, 8], "texture": "#0"},
				"up": {"uv": [6.75, 8, 6.625, 7.875], "texture": "#0"},
				"down": {"uv": [6.875, 7.875, 6.75, 8], "texture": "#0"}
			}
		},
		{
			"from": [18.10538, 5.85502, 8.745],
			"to": [18.60538, 6.35502, 9.245],
			"rotation": {"angle": -45, "axis": "z", "origin": [10.75538, 13.35502, 16.495]},
			"faces": {
				"north": {"uv": [6.875, 7.875, 7, 8], "texture": "#0"},
				"east": {"uv": [7, 7.875, 7.125, 8], "texture": "#0"},
				"south": {"uv": [7.125, 7.875, 7.25, 8], "texture": "#0"},
				"west": {"uv": [7.25, 7.875, 7.375, 8], "texture": "#0"},
				"up": {"uv": [7.5, 8, 7.375, 7.875], "texture": "#0"},
				"down": {"uv": [7.625, 7.875, 7.5, 8], "texture": "#0"}
			}
		},
		{
			"from": [8.52956, 4.58217, 8.745],
			"to": [10.02956, 5.08217, 9.245],
			"rotation": {"angle": -22.5, "axis": "z", "origin": [1.52956, 12.43217, 16.495]},
			"faces": {
				"north": {"uv": [4, 7.375, 4.25, 7.5], "texture": "#0"},
				"east": {"uv": [7.625, 7.875, 7.75, 8], "texture": "#0"},
				"south": {"uv": [4.5, 7.375, 4.75, 7.5], "texture": "#0"},
				"west": {"uv": [7.75, 7.875, 7.875, 8], "texture": "#0"},
				"up": {"uv": [5, 7.5, 4.75, 7.375], "texture": "#0"},
				"down": {"uv": [5.25, 7.375, 5, 7.5], "texture": "#0"}
			}
		},
		{
			"from": [5.96596, 4.58217, 8.745],
			"to": [7.46596, 5.08217, 9.245],
			"rotation": {"angle": 22.5, "axis": "z", "origin": [14.46596, 12.43217, 16.495]},
			"faces": {
				"north": {"uv": [5.375, 7.375, 5.625, 7.5], "texture": "#0"},
				"east": {"uv": [7.875, 7.875, 8, 8], "texture": "#0"},
				"south": {"uv": [5.625, 7.375, 5.875, 7.5], "texture": "#0"},
				"west": {"uv": [7.875, 0, 8, 0.125], "texture": "#0"},
				"up": {"uv": [6.125, 7.5, 5.875, 7.375], "texture": "#0"},
				"down": {"uv": [6.375, 7.375, 6.125, 7.5], "texture": "#0"}
			}
		},
		{
			"from": [2.83104, 6.71642, 9.345],
			"to": [3.33104, 8.21642, 10.345],
			"rotation": {"angle": -22.5, "axis": "z", "origin": [14.29298, 14.62508, 16.945]},
			"faces": {
				"north": {"uv": [6.375, 7.375, 6.5, 7.625], "texture": "#0"},
				"east": {"uv": [6.5, 7.375, 6.625, 7.625], "texture": "#0"},
				"south": {"uv": [6.625, 7.375, 6.75, 7.625], "texture": "#0"},
				"west": {"uv": [6.75, 7.375, 6.875, 7.625], "texture": "#0"},
				"up": {"uv": [8, 0.25, 7.875, 0.125], "texture": "#0"},
				"down": {"uv": [8, 0.25, 7.875, 0.375], "texture": "#0"}
			}
		},
		{
			"from": [3.13104, 6.31642, 9.095],
			"to": [4.13104, 8.81642, 10.595],
			"rotation": {"angle": -22.5, "axis": "z", "origin": [13.83104, 14.81642, 17.195]},
			"faces": {
				"north": {"uv": [7, 1.25, 7.125, 1.625], "texture": "#0"},
				"east": {"uv": [3, 6.25, 3.25, 6.625], "texture": "#0"},
				"south": {"uv": [7, 4.5, 7.125, 4.875], "texture": "#0"},
				"west": {"uv": [0, 6.375, 0.25, 6.75], "texture": "#0"},
				"up": {"uv": [7, 7.625, 6.875, 7.375], "texture": "#0"},
				"down": {"uv": [7.125, 7.375, 7, 7.625], "texture": "#0"}
			}
		},
		{
			"from": [3.63104, 6.11642, 8.995],
			"to": [5.13104, 8.91642, 10.695],
			"rotation": {"angle": -22.5, "axis": "z", "origin": [13.83104, 14.81642, 17.195]},
			"faces": {
				"north": {"uv": [0.25, 6.375, 0.5, 6.75], "texture": "#0"},
				"east": {"uv": [0.5, 6.375, 0.75, 6.75], "texture": "#0"},
				"south": {"uv": [4.5, 6.375, 4.75, 6.75], "texture": "#0"},
				"west": {"uv": [5.875, 6.375, 6.125, 6.75], "texture": "#0"},
				"up": {"uv": [7.125, 2.25, 6.875, 2], "texture": "#0"},
				"down": {"uv": [7.125, 2.5, 6.875, 2.75], "texture": "#0"}
			}
		},
		{
			"from": [4.63104, 6.31642, 9.095],
			"to": [5.63104, 8.81642, 10.595],
			"rotation": {"angle": -22.5, "axis": "z", "origin": [13.83104, 14.81642, 17.195]},
			"faces": {
				"north": {"uv": [7, 4.875, 7.125, 5.25], "texture": "#0"},
				"east": {"uv": [6.125, 6.375, 6.375, 6.75], "texture": "#0"},
				"south": {"uv": [7, 5.25, 7.125, 5.625], "texture": "#0"},
				"west": {"uv": [6.375, 6.375, 6.625, 6.75], "texture": "#0"},
				"up": {"uv": [7.25, 7.625, 7.125, 7.375], "texture": "#0"},
				"down": {"uv": [7.375, 7.375, 7.25, 7.625], "texture": "#0"}
			}
		},
		{
			"from": [4.83104, 6.81642, 9.195],
			"to": [6.83104, 8.11642, 10.495],
			"rotation": {"angle": -22.5, "axis": "z", "origin": [13.83104, 14.81642, 17.195]},
			"faces": {
				"north": {"uv": [7.375, 7.375, 7.625, 7.5], "texture": "#0"},
				"east": {"uv": [7.875, 0.375, 8, 0.5], "texture": "#0"},
				"south": {"uv": [7.375, 0.25, 7.625, 0.375], "texture": "#0"},
				"west": {"uv": [7.875, 0.5, 8, 0.625], "texture": "#0"},
				"up": {"uv": [7.625, 0.5, 7.375, 0.375], "texture": "#0"},
				"down": {"uv": [7.625, 0.875, 7.375, 1], "texture": "#0"}
			}
		},
		{
			"from": [11.39136, 4.19519, 4.24129],
			"to": [11.79136, 5.69519, 6.24129],
			"rotation": {"angle": 0, "axis": "y", "origin": [15.39136, -11.80481, 0.94129]},
			"faces": {
				"north": {"uv": [7.375, 1, 7.5, 1.25], "texture": "#0"},
				"east": {"uv": [6.875, 2.75, 7.125, 3], "texture": "#0"},
				"south": {"uv": [7.375, 1.5, 7.5, 1.75], "texture": "#0"},
				"west": {"uv": [6.875, 3, 7.125, 3.25], "texture": "#0"},
				"up": {"uv": [7.5, 2, 7.375, 1.75], "texture": "#0"},
				"down": {"uv": [7.5, 2, 7.375, 2.25], "texture": "#0"}
			}
		},
		{
			"from": [4.39136, 3.69519, 3.24129],
			"to": [11.39136, 6.19519, 6.54129],
			"rotation": {"angle": 0, "axis": "y", "origin": [7.39136, -11.80481, -0.05871]},
			"faces": {
				"north": {"uv": [4.25, 3.5, 5.125, 3.875], "texture": "#0"},
				"east": {"uv": [0.75, 5.75, 1.125, 6.125], "texture": "#0"},
				"south": {"uv": [4.25, 3.875, 5.125, 4.25], "texture": "#0"},
				"west": {"uv": [2.125, 5.75, 2.5, 6.125], "texture": "#0"},
				"up": {"uv": [1.5, 4.75, 0.625, 4.375], "texture": "#0"},
				"down": {"uv": [2.375, 4.5, 1.5, 4.875], "texture": "#0"}
			}
		},
		{
			"from": [3.98842, 4.19519, 4.24129],
			"to": [4.38842, 5.69519, 6.24129],
			"rotation": {"angle": 0, "axis": "y", "origin": [0.39136, -11.80481, 0.94129]},
			"faces": {
				"north": {"uv": [7.375, 2.25, 7.5, 2.5], "texture": "#0"},
				"east": {"uv": [6.875, 4, 7.125, 4.25], "texture": "#0"},
				"south": {"uv": [7.375, 2.5, 7.5, 2.75], "texture": "#0"},
				"west": {"uv": [6.875, 4.25, 7.125, 4.5], "texture": "#0"},
				"up": {"uv": [7.5, 3, 7.375, 2.75], "texture": "#0"},
				"down": {"uv": [7.5, 3, 7.375, 3.25], "texture": "#0"}
			}
		},
		{
			"from": [4.64136, 5.69519, 3.54129],
			"to": [11.14136, 6.69519, 6.84129],
			"rotation": {"angle": 0, "axis": "y", "origin": [7.64136, -10.80481, -0.05871]},
			"faces": {
				"north": {"uv": [6.25, 3.625, 7, 3.75], "texture": "#0"},
				"east": {"uv": [7, 1.625, 7.375, 1.75], "texture": "#0"},
				"south": {"uv": [6.25, 5.375, 7, 5.5], "texture": "#0"},
				"west": {"uv": [7, 2.375, 7.375, 2.5], "texture": "#0"},
				"up": {"uv": [2.125, 5.25, 1.375, 4.875], "texture": "#0"},
				"down": {"uv": [3.75, 4.875, 3, 5.25], "texture": "#0"}
			}
		},
		{
			"from": [4.64136, 3.19519, 3.54129],
			"to": [11.14136, 4.19519, 6.84129],
			"rotation": {"angle": 0, "axis": "y", "origin": [7.64136, -13.80481, -0.05871]},
			"faces": {
				"north": {"uv": [6.25, 5.5, 7, 5.625], "texture": "#0"},
				"east": {"uv": [7, 3.5, 7.375, 3.625], "texture": "#0"},
				"south": {"uv": [6.25, 5.75, 7, 5.875], "texture": "#0"},
				"west": {"uv": [7, 3.625, 7.375, 3.75], "texture": "#0"},
				"up": {"uv": [4.5, 5.25, 3.75, 4.875], "texture": "#0"},
				"down": {"uv": [2.875, 5, 2.125, 5.375], "texture": "#0"}
			}
		},
		{
			"from": [2.19885, 15.08997, 21.73366],
			"to": [13.63885, 15.63997, 22.28366],
			"rotation": {"angle": -22.5, "axis": "x", "origin": [-1.10115, -3.88503, 28.05866]},
			"faces": {
				"north": {"uv": [5.25, 2.25, 6.625, 2.375], "texture": "#0"},
				"east": {"uv": [7.875, 0.625, 8, 0.75], "texture": "#0"},
				"south": {"uv": [5.5, 4.375, 6.875, 4.5], "texture": "#0"},
				"west": {"uv": [7.875, 0.75, 8, 0.875], "texture": "#0"},
				"up": {"uv": [7, 5.75, 5.625, 5.625], "texture": "#0"},
				"down": {"uv": [7, 5, 5.625, 5.125], "texture": "#0"}
			}
		},
		{
			"from": [-4.81137, 13.93235, 4.0637],
			"to": [-3.82137, 14.48235, 8.5637],
			"rotation": {"angle": -22.5, "axis": "z", "origin": [-8.11137, -5.04265, 10.3887]},
			"faces": {
				"north": {"uv": [7.875, 0.875, 8, 1], "texture": "#0"},
				"east": {"uv": [6.625, 0, 7.25, 0.125], "texture": "#0"},
				"south": {"uv": [7.875, 1, 8, 1.125], "texture": "#0"},
				"west": {"uv": [6.625, 0.125, 7.25, 0.25], "texture": "#0"},
				"up": {"uv": [3, 7.125, 2.875, 6.5], "texture": "#0"},
				"down": {"uv": [4.25, 6.5, 4.125, 7.125], "texture": "#0"}
			}
		},
		{
			"from": [3.33349, 10.51625, 10.9387],
			"to": [12.68349, 11.06625, 11.9287],
			"rotation": {"angle": -22.5, "axis": "x", "origin": [7.73349, -8.12875, 7.1987]},
			"faces": {
				"north": {"uv": [5.75, 1.75, 6.875, 1.875], "texture": "#0"},
				"east": {"uv": [7.875, 1.125, 8, 1.25], "texture": "#0"},
				"south": {"uv": [5.75, 1.875, 6.875, 2], "texture": "#0"},
				"west": {"uv": [7.875, 1.25, 8, 1.375], "texture": "#0"},
				"up": {"uv": [6.875, 2.125, 5.75, 2], "texture": "#0"},
				"down": {"uv": [6.875, 2.125, 5.75, 2.25], "texture": "#0"}
			}
		},
		{
			"from": [3.11349, 10.84625, 4.0637],
			"to": [12.90349, 11.72625, 14.9537],
			"rotation": {"angle": 0, "axis": "y", "origin": [8.61349, -8.12875, 10.3887]},
			"faces": {
				"north": {"uv": [5.75, 1.5, 7, 1.625], "texture": "#0"},
				"east": {"uv": [5.625, 5.125, 7, 5.25], "texture": "#0"},
				"south": {"uv": [5.75, 1.625, 7, 1.75], "texture": "#0"},
				"west": {"uv": [5.625, 5.25, 7, 5.375], "texture": "#0"},
				"up": {"uv": [1.25, 1.375, 0, 0], "texture": "#0"},
				"down": {"uv": [2.5, 1.25, 1.25, 2.625], "texture": "#0"}
			}
		},
		{
			"from": [4.20904, 11, 5.60195],
			"to": [11.79904, 14, 13.19195],
			"rotation": {"angle": 0, "axis": "y", "origin": [7.50904, -4.98612, 8.62695]},
			"faces": {
				"north": {"uv": [3.5, 3.125, 4.5, 3.5], "texture": "#0"},
				"east": {"uv": [4.125, 0.5, 5.125, 0.875], "texture": "#0"},
				"south": {"uv": [4.25, 1.625, 5.25, 2], "texture": "#0"},
				"west": {"uv": [4.25, 2, 5.25, 2.375], "texture": "#0"},
				"up": {"uv": [3.5, 3.5, 2.5, 2.5], "texture": "#0"},
				"down": {"uv": [3.5, 1, 2.5, 2], "texture": "#0"}
			}
		},
		{
			"from": [8.33849, 13.48625, 8.1337],
			"to": [11.52849, 14.91625, 10.8837],
			"shade": false,
			"rotation": {"angle": 0, "axis": "y", "origin": [6.96349, -1.74875, 5.5487]},
			"faces": {
				"north": {"uv": [7, 5.625, 7.375, 5.75], "texture": "#0"},
				"east": {"uv": [7, 5.75, 7.375, 5.875], "texture": "#0"},
				"south": {"uv": [7, 5.875, 7.375, 6], "texture": "#0"},
				"west": {"uv": [7, 6.8125, 7.375, 6.9375], "texture": "#0"},
				"up": {"uv": [4.875, 6.125, 4.5, 5.75], "texture": "#0"},
				"down": {"uv": [6.125, 3.125, 5.75, 3.5], "texture": "#0"}
			}
		},
		{
			"from": [4.48849, 13.48625, 8.1337],
			"to": [7.67849, 14.91625, 10.8837],
			"rotation": {"angle": 0, "axis": "y", "origin": [9.05349, -1.74875, 5.5487]},
			"faces": {
				"north": {"uv": [7, 6.75, 7.375, 6.875], "texture": "#0"},
				"east": {"uv": [7, 6.875, 7.375, 7], "texture": "#0"},
				"south": {"uv": [2.625, 7.125, 3, 7.25], "texture": "#0"},
				"west": {"uv": [3.875, 7.125, 4.25, 7.25], "texture": "#0"},
				"up": {"uv": [1.5, 6.25, 1.125, 5.875], "texture": "#0"},
				"down": {"uv": [1.875, 5.875, 1.5, 6.25], "texture": "#0"}
			}
		},
		{
			"from": [4.76349, 13.48625, 6.4837],
			"to": [11.25349, 14.58625, 12.5337],
			"rotation": {"angle": 0, "axis": "y", "origin": [6.96349, -2.84875, 8.2987]},
			"faces": {
				"north": {"uv": [6.25, 5.875, 7, 6], "texture": "#0"},
				"east": {"uv": [6.375, 6, 7.125, 6.125], "texture": "#0"},
				"south": {"uv": [6.375, 6.125, 7.125, 6.25], "texture": "#0"},
				"west": {"uv": [1, 6.5, 1.75, 6.625], "texture": "#0"},
				"up": {"uv": [4.25, 2.375, 3.5, 1.625], "texture": "#0"},
				"down": {"uv": [4.25, 2.375, 3.5, 3.125], "texture": "#0"}
			}
		},
		{
			"from": [19.83835, 13.93235, 4.05],
			"to": [20.82835, 14.48235, 7.85],
			"rotation": {"angle": 22.5, "axis": "z", "origin": [24.12835, -5.04265, 18.0887]},
			"faces": {
				"north": {"uv": [7.875, 1.375, 8, 1.5], "texture": "#0"},
				"east": {"uv": [6.625, 0.875, 7.125, 1], "texture": "#0"},
				"south": {"uv": [7.875, 1.5, 8, 1.625], "texture": "#0"},
				"west": {"uv": [6.625, 2.25, 7.125, 2.375], "texture": "#0"},
				"up": {"uv": [1.875, 7.375, 1.75, 6.875], "texture": "#0"},
				"down": {"uv": [7, 4.5, 6.875, 5], "texture": "#0"}
			}
		},
		{
			"from": [19.83835, 13.93235, 10.5],
			"to": [20.82835, 14.48235, 15.3],
			"rotation": {"angle": 22.5, "axis": "z", "origin": [24.12835, -5.04265, 24.0887]},
			"faces": {
				"north": {"uv": [7.875, 1.625, 8, 1.75], "texture": "#0"},
				"east": {"uv": [6.625, 0.25, 7.25, 0.375], "texture": "#0"},
				"south": {"uv": [7.875, 1.75, 8, 1.875], "texture": "#0"},
				"west": {"uv": [6.625, 0.375, 7.25, 0.5], "texture": "#0"},
				"up": {"uv": [5.625, 7.125, 5.5, 6.5], "texture": "#0"},
				"down": {"uv": [1.5, 6.625, 1.375, 7.25], "texture": "#0"}
			}
		},
		{
			"from": [-4.81137, 13.93235, 11.6637],
			"to": [-3.82137, 14.48235, 14.9537],
			"rotation": {"angle": -22.5, "axis": "z", "origin": [-8.11137, -5.04265, 18.0887]},
			"faces": {
				"north": {"uv": [7.875, 1.875, 8, 2], "texture": "#0"},
				"east": {"uv": [6.25, 7.125, 6.625, 7.25], "texture": "#0"},
				"south": {"uv": [7.875, 2, 8, 2.125], "texture": "#0"},
				"west": {"uv": [6.75, 7.125, 7.125, 7.25], "texture": "#0"},
				"up": {"uv": [1.625, 7.5, 1.5, 7.125], "texture": "#0"},
				"down": {"uv": [1.75, 7.125, 1.625, 7.5], "texture": "#0"}
			}
		},
		{
			"name": "cactus",
			"from": [12, 4, 7],
			"to": [15, 9, 10],
			"shade": false,
			"rotation": {"angle": -45, "axis": "z", "origin": [22, 12, 15]},
			"faces": {
				"north": {"uv": [5.125, 3.5, 5.5, 4.125], "texture": "#0"},
				"east": {"uv": [1.125, 5.25, 1.5, 5.875], "texture": "#0"},
				"south": {"uv": [1.5, 5.25, 1.875, 5.875], "texture": "#0"},
				"west": {"uv": [2.875, 5.25, 3.25, 5.875], "texture": "#0"},
				"up": {"uv": [3.25, 6.25, 2.875, 5.875], "texture": "#0"},
				"down": {"uv": [4.25, 5.875, 3.875, 6.25], "texture": "#0"}
			}
		},
		{
			"name": "cactus",
			"from": [12.3, 9, 7.3],
			"to": [14.8, 9.5, 9.8],
			"rotation": {"angle": -45, "axis": "z", "origin": [22, 12, 15]},
			"faces": {
				"north": {"uv": [7.125, 7.125, 7.5, 7.25], "texture": "#0"},
				"east": {"uv": [7.125, 0.5, 7.5, 0.625], "texture": "#0"},
				"south": {"uv": [7.125, 0.625, 7.5, 0.75], "texture": "#0"},
				"west": {"uv": [7.125, 0.75, 7.5, 0.875], "texture": "#0"},
				"up": {"uv": [5.25, 6.25, 4.875, 5.875], "texture": "#0"},
				"down": {"uv": [5.625, 5.875, 5.25, 6.25], "texture": "#0"}
			}
		},
		{
			"name": "cactus",
			"from": [11.3, 7.8, 7.5],
			"to": [13.3, 8.8, 7.5],
			"rotation": {"angle": -45, "axis": "z", "origin": [22, 12, 15]},
			"faces": {
				"north": {"uv": [7.375, 3.375, 7.625, 3.5], "texture": "#0"},
				"east": {"uv": [0, 0, 0, 0.125], "texture": "#0"},
				"south": {"uv": [7.375, 3.5, 7.625, 3.625], "texture": "#0"},
				"west": {"uv": [0, 0, 0, 0.125], "texture": "#0"},
				"up": {"uv": [0.25, 0, 0, 0], "texture": "#0"},
				"down": {"uv": [0.25, 0, 0, 0], "texture": "#0"}
			}
		},
		{
			"name": "cactus",
			"from": [13.8, 8, 7.3],
			"to": [15.8, 9, 7.3],
			"rotation": {"angle": -45, "axis": "z", "origin": [22, 12, 15]},
			"faces": {
				"north": {"uv": [7.375, 3.625, 7.625, 3.75], "texture": "#0"},
				"east": {"uv": [0, 0, 0, 0.125], "texture": "#0"},
				"south": {"uv": [7.375, 3.75, 7.625, 3.875], "texture": "#0"},
				"west": {"uv": [0, 0, 0, 0.125], "texture": "#0"},
				"up": {"uv": [0.25, 0, 0, 0], "texture": "#0"},
				"down": {"uv": [0.25, 0, 0, 0], "texture": "#0"}
			}
		},
		{
			"name": "cactus",
			"from": [11.3, 8, 9.3],
			"to": [13.3, 9, 9.3],
			"rotation": {"angle": -45, "axis": "z", "origin": [22, 12, 15]},
			"faces": {
				"north": {"uv": [7.375, 3.875, 7.625, 4], "texture": "#0"},
				"east": {"uv": [0, 0, 0, 0.125], "texture": "#0"},
				"south": {"uv": [7.375, 4, 7.625, 4.125], "texture": "#0"},
				"west": {"uv": [0, 0, 0, 0.125], "texture": "#0"},
				"up": {"uv": [0.25, 0, 0, 0], "texture": "#0"},
				"down": {"uv": [0.25, 0, 0, 0], "texture": "#0"}
			}
		},
		{
			"name": "cactus",
			"from": [13.8, 7.8, 9.5],
			"to": [15.8, 8.8, 9.5],
			"rotation": {"angle": -45, "axis": "z", "origin": [22, 12, 15]},
			"faces": {
				"north": {"uv": [7.375, 4.125, 7.625, 4.25], "texture": "#0"},
				"east": {"uv": [0, 0, 0, 0.125], "texture": "#0"},
				"south": {"uv": [7.375, 4.25, 7.625, 4.375], "texture": "#0"},
				"west": {"uv": [0, 0, 0, 0.125], "texture": "#0"},
				"up": {"uv": [0.25, 0, 0, 0], "texture": "#0"},
				"down": {"uv": [0.25, 0, 0, 0], "texture": "#0"}
			}
		},
		{
			"name": "cactus",
			"from": [11.3, 6.3, 7.3],
			"to": [13.3, 7.3, 7.3],
			"rotation": {"angle": -45, "axis": "z", "origin": [22, 12, 15]},
			"faces": {
				"north": {"uv": [7.375, 4.375, 7.625, 4.5], "texture": "#0"},
				"east": {"uv": [0, 0, 0, 0.125], "texture": "#0"},
				"south": {"uv": [7.375, 4.5, 7.625, 4.625], "texture": "#0"},
				"west": {"uv": [0, 0, 0, 0.125], "texture": "#0"},
				"up": {"uv": [0.25, 0, 0, 0], "texture": "#0"},
				"down": {"uv": [0.25, 0, 0, 0], "texture": "#0"}
			}
		},
		{
			"name": "cactus",
			"from": [11.3, 4.5, 7.7],
			"to": [13.3, 5.5, 7.7],
			"rotation": {"angle": -45, "axis": "z", "origin": [22, 12, 15]},
			"faces": {
				"north": {"uv": [7.375, 4.625, 7.625, 4.75], "texture": "#0"},
				"east": {"uv": [0, 0, 0, 0.125], "texture": "#0"},
				"south": {"uv": [7.375, 4.75, 7.625, 4.875], "texture": "#0"},
				"west": {"uv": [0, 0, 0, 0.125], "texture": "#0"},
				"up": {"uv": [0.25, 0, 0, 0], "texture": "#0"},
				"down": {"uv": [0.25, 0, 0, 0], "texture": "#0"}
			}
		},
		{
			"name": "cactus",
			"from": [13.8, 5.5, 7.6],
			"to": [15.8, 6.5, 7.6],
			"rotation": {"angle": -45, "axis": "z", "origin": [22, 12, 15]},
			"faces": {
				"north": {"uv": [7.375, 4.875, 7.625, 5], "texture": "#0"},
				"east": {"uv": [0, 0, 0, 0.125], "texture": "#0"},
				"south": {"uv": [7.375, 5.125, 7.625, 5.25], "texture": "#0"},
				"west": {"uv": [0, 0, 0, 0.125], "texture": "#0"},
				"up": {"uv": [0.25, 0, 0, 0], "texture": "#0"},
				"down": {"uv": [0.25, 0, 0, 0], "texture": "#0"}
			}
		},
		{
			"name": "cactus",
			"from": [11.3, 6, 9.5],
			"to": [13.3, 7, 9.5],
			"rotation": {"angle": -45, "axis": "z", "origin": [22, 12, 15]},
			"faces": {
				"north": {"uv": [7.375, 5.25, 7.625, 5.375], "texture": "#0"},
				"east": {"uv": [0, 0, 0, 0.125], "texture": "#0"},
				"south": {"uv": [7.375, 5.5, 7.625, 5.625], "texture": "#0"},
				"west": {"uv": [0, 0, 0, 0.125], "texture": "#0"},
				"up": {"uv": [0.25, 0, 0, 0], "texture": "#0"},
				"down": {"uv": [0.25, 0, 0, 0], "texture": "#0"}
			}
		},
		{
			"name": "cactus",
			"from": [11.3, 4.3, 8.8],
			"to": [13.3, 5.3, 8.8],
			"rotation": {"angle": -45, "axis": "z", "origin": [22, 12, 14]},
			"faces": {
				"north": {"uv": [7.375, 5.625, 7.625, 5.75], "texture": "#0"},
				"east": {"uv": [0, 0, 0, 0.125], "texture": "#0"},
				"south": {"uv": [7.375, 5.75, 7.625, 5.875], "texture": "#0"},
				"west": {"uv": [0, 0, 0, 0.125], "texture": "#0"},
				"up": {"uv": [0.25, 0, 0, 0], "texture": "#0"},
				"down": {"uv": [0.25, 0, 0, 0], "texture": "#0"}
			}
		},
		{
			"name": "cactus",
			"from": [13.5, 5.5, 9.3],
			"to": [15.5, 6.5, 9.3],
			"rotation": {"angle": -45, "axis": "z", "origin": [22, 12, 14]},
			"faces": {
				"north": {"uv": [7.375, 5.875, 7.625, 6], "texture": "#0"},
				"east": {"uv": [0, 0, 0, 0.125], "texture": "#0"},
				"south": {"uv": [7.375, 6, 7.625, 6.125], "texture": "#0"},
				"west": {"uv": [0, 0, 0, 0.125], "texture": "#0"},
				"up": {"uv": [0.25, 0, 0, 0], "texture": "#0"},
				"down": {"uv": [0.25, 0, 0, 0], "texture": "#0"}
			}
		},
		{
			"from": [17.8, 6.82843, 6],
			"to": [17.8, 7.82843, 8],
			"rotation": {"angle": -45, "axis": "z", "origin": [24.82843, 14.82843, 14]},
			"faces": {
				"north": {"uv": [0, 0, 0, 0.125], "texture": "#0"},
				"east": {"uv": [7.375, 6.125, 7.625, 6.25], "texture": "#0"},
				"south": {"uv": [0, 0, 0, 0.125], "texture": "#0"},
				"west": {"uv": [7.375, 6.5, 7.625, 6.625], "texture": "#0"},
				"up": {"uv": [0, 0.25, 0, 0], "texture": "#0"},
				"down": {"uv": [0, 0, 0, 0.25], "texture": "#0"}
			}
		},
		{
			"from": [17, 6.5, 9],
			"to": [17, 7.5, 11],
			"rotation": {"angle": -45, "axis": "z", "origin": [24.82843, 14.82843, 17]},
			"faces": {
				"north": {"uv": [0, 0, 0, 0.125], "texture": "#0"},
				"east": {"uv": [7.375, 6.75, 7.625, 6.875], "texture": "#0"},
				"south": {"uv": [0, 0, 0, 0.125], "texture": "#0"},
				"west": {"uv": [7.375, 6.875, 7.625, 7], "texture": "#0"},
				"up": {"uv": [0, 0.25, 0, 0], "texture": "#0"},
				"down": {"uv": [0, 0, 0, 0.25], "texture": "#0"}
			}
		},
		{
			"from": [15.3, 6.82843, 6],
			"to": [15.3, 7.82843, 8],
			"rotation": {"angle": -45, "axis": "z", "origin": [24.82843, 14.82843, 14]},
			"faces": {
				"north": {"uv": [0, 0, 0, 0.125], "texture": "#0"},
				"east": {"uv": [7.375, 7, 7.625, 7.125], "texture": "#0"},
				"south": {"uv": [0, 0, 0, 0.125], "texture": "#0"},
				"west": {"uv": [0, 7.5, 0.25, 7.625], "texture": "#0"},
				"up": {"uv": [0, 0.25, 0, 0], "texture": "#0"},
				"down": {"uv": [0, 0, 0, 0.25], "texture": "#0"}
			}
		},
		{
			"from": [15.1, 6.3, 9],
			"to": [15.1, 7.3, 11],
			"rotation": {"angle": -45, "axis": "z", "origin": [24.82843, 14.82843, 17]},
			"faces": {
				"north": {"uv": [0, 0, 0, 0.125], "texture": "#0"},
				"east": {"uv": [0.25, 7.5, 0.5, 7.625], "texture": "#0"},
				"south": {"uv": [0, 0, 0, 0.125], "texture": "#0"},
				"west": {"uv": [0.75, 7.5, 1, 7.625], "texture": "#0"},
				"up": {"uv": [0, 0.25, 0, 0], "texture": "#0"},
				"down": {"uv": [0, 0, 0, 0.25], "texture": "#0"}
			}
		},
		{
			"from": [17.3, 5.3, 6],
			"to": [17.3, 6.3, 8],
			"rotation": {"angle": -45, "axis": "z", "origin": [24.82843, 14.82843, 14]},
			"faces": {
				"north": {"uv": [0, 0, 0, 0.125], "texture": "#0"},
				"east": {"uv": [1, 7.5, 1.25, 7.625], "texture": "#0"},
				"south": {"uv": [0, 0, 0, 0.125], "texture": "#0"},
				"west": {"uv": [1.25, 7.5, 1.5, 7.625], "texture": "#0"},
				"up": {"uv": [0, 0.25, 0, 0], "texture": "#0"},
				"down": {"uv": [0, 0, 0, 0.25], "texture": "#0"}
			}
		},
		{
			"from": [17.3, 5.3, 9],
			"to": [17.3, 6.3, 11],
			"rotation": {"angle": -45, "axis": "z", "origin": [24.82843, 14.82843, 17]},
			"faces": {
				"north": {"uv": [0, 0, 0, 0.125], "texture": "#0"},
				"east": {"uv": [1.5, 7.5, 1.75, 7.625], "texture": "#0"},
				"south": {"uv": [0, 0, 0, 0.125], "texture": "#0"},
				"west": {"uv": [1.75, 7.5, 2, 7.625], "texture": "#0"},
				"up": {"uv": [0, 0.25, 0, 0], "texture": "#0"},
				"down": {"uv": [0, 0, 0, 0.25], "texture": "#0"}
			}
		},
		{
			"from": [17.5, 3, 9],
			"to": [17.5, 4, 11],
			"rotation": {"angle": -45, "axis": "z", "origin": [24.82843, 14.82843, 17]},
			"faces": {
				"north": {"uv": [0, 0, 0, 0.125], "texture": "#0"},
				"east": {"uv": [2, 7.5, 2.25, 7.625], "texture": "#0"},
				"south": {"uv": [0, 0, 0, 0.125], "texture": "#0"},
				"west": {"uv": [2.25, 7.5, 2.5, 7.625], "texture": "#0"},
				"up": {"uv": [0, 0.25, 0, 0], "texture": "#0"},
				"down": {"uv": [0, 0, 0, 0.25], "texture": "#0"}
			}
		},
		{
			"from": [15.1, 4, 6],
			"to": [15.1, 5, 8],
			"rotation": {"angle": -45, "axis": "z", "origin": [24.82843, 14.82843, 14]},
			"faces": {
				"north": {"uv": [0, 0, 0, 0.125], "texture": "#0"},
				"east": {"uv": [2.875, 7.5, 3.125, 7.625], "texture": "#0"},
				"south": {"uv": [0, 0, 0, 0.125], "texture": "#0"},
				"west": {"uv": [3.875, 7.5, 4.125, 7.625], "texture": "#0"},
				"up": {"uv": [0, 0.25, 0, 0], "texture": "#0"},
				"down": {"uv": [0, 0, 0, 0.25], "texture": "#0"}
			}
		},
		{
			"from": [15.5, 4.82843, 9],
			"to": [15.5, 5.82843, 11],
			"rotation": {"angle": -45, "axis": "z", "origin": [24.82843, 14.82843, 17]},
			"faces": {
				"north": {"uv": [0, 0, 0, 0.125], "texture": "#0"},
				"east": {"uv": [4.125, 7.5, 4.375, 7.625], "texture": "#0"},
				"south": {"uv": [0, 0, 0, 0.125], "texture": "#0"},
				"west": {"uv": [4.375, 7.5, 4.625, 7.625], "texture": "#0"},
				"up": {"uv": [0, 0.25, 0, 0], "texture": "#0"},
				"down": {"uv": [0, 0, 0, 0.25], "texture": "#0"}
			}
		},
		{
			"from": [15.3, 3.3, 8],
			"to": [15.3, 4.3, 10],
			"rotation": {"angle": -45, "axis": "z", "origin": [24.82843, 14.82843, 16]},
			"faces": {
				"north": {"uv": [0, 0, 0, 0.125], "texture": "#0"},
				"east": {"uv": [4.625, 7.5, 4.875, 7.625], "texture": "#0"},
				"south": {"uv": [0, 0, 0, 0.125], "texture": "#0"},
				"west": {"uv": [4.875, 7.5, 5.125, 7.625], "texture": "#0"},
				"up": {"uv": [0, 0.25, 0, 0], "texture": "#0"},
				"down": {"uv": [0, 0, 0, 0.25], "texture": "#0"}
			}
		},
		{
			"from": [17.5, 3.5, 6],
			"to": [17.5, 4.5, 8],
			"rotation": {"angle": -45, "axis": "z", "origin": [24.82843, 14.82843, 14]},
			"faces": {
				"north": {"uv": [0, 0, 0, 0.125], "texture": "#0"},
				"east": {"uv": [5.125, 7.5, 5.375, 7.625], "texture": "#0"},
				"south": {"uv": [0, 0, 0, 0.125], "texture": "#0"},
				"west": {"uv": [5.375, 7.5, 5.625, 7.625], "texture": "#0"},
				"up": {"uv": [0, 0.25, 0, 0], "texture": "#0"},
				"down": {"uv": [0, 0, 0, 0.25], "texture": "#0"}
			}
		},
		{
			"from": [15, 2.82843, 8],
			"to": [15, 3.82843, 10],
			"rotation": {"angle": -45, "axis": "z", "origin": [24.82843, 14.82843, 16]},
			"faces": {
				"north": {"uv": [0, 0, 0, 0.125], "texture": "#0"},
				"east": {"uv": [5.625, 7.5, 5.875, 7.625], "texture": "#0"},
				"south": {"uv": [0, 0, 0, 0.125], "texture": "#0"},
				"west": {"uv": [5.875, 7.5, 6.125, 7.625], "texture": "#0"},
				"up": {"uv": [0, 0.25, 0, 0], "texture": "#0"},
				"down": {"uv": [0, 0, 0, 0.25], "texture": "#0"}
			}
		},
		{
			"from": [6, 2.6, -4],
			"to": [9, 2.6, 2],
			"rotation": {"angle": 22.5, "axis": "y", "origin": [16, 11, 9]},
			"faces": {
				"north": {"uv": [0, 0, 0.375, 0], "texture": "#0"},
				"east": {"uv": [0, 0, 0.75, 0], "texture": "#0"},
				"south": {"uv": [0, 0, 0.375, 0], "texture": "#0"},
				"west": {"uv": [0, 0, 0.75, 0], "texture": "#0"},
				"up": {"uv": [0.375, 5.625, 0, 4.875], "texture": "#0"},
				"down": {"uv": [4.875, 5, 4.5, 5.75], "texture": "#0"}
			}
		},
		{
			"from": [5.5, 5.5, 2.5],
			"to": [7.5, 6.5, 3.5],
			"rotation": {"angle": 0, "axis": "y", "origin": [-1, 13, 10]},
			"faces": {
				"north": {"uv": [6.125, 7.5, 6.375, 7.625], "texture": "#0"},
				"east": {"uv": [7.875, 2.125, 8, 2.25], "texture": "#0"},
				"south": {"uv": [7.375, 7.5, 7.625, 7.625], "texture": "#0"},
				"west": {"uv": [7.875, 2.25, 8, 2.375], "texture": "#0"},
				"up": {"uv": [7.75, 0.125, 7.5, 0], "texture": "#0"},
				"down": {"uv": [7.75, 0.125, 7.5, 0.25], "texture": "#0"}
			}
		},
		{
			"from": [4.8, 5, 2.5],
			"to": [5.8, 6, 3.5],
			"rotation": {"angle": 0, "axis": "y", "origin": [-1, 12, 10]},
			"faces": {
				"north": {"uv": [7.875, 2.375, 8, 2.5], "texture": "#0"},
				"east": {"uv": [7.875, 2.5, 8, 2.625], "texture": "#0"},
				"south": {"uv": [7.875, 2.625, 8, 2.75], "texture": "#0"},
				"west": {"uv": [7.875, 2.75, 8, 2.875], "texture": "#0"},
				"up": {"uv": [8, 3, 7.875, 2.875], "texture": "#0"},
				"down": {"uv": [8, 3, 7.875, 3.125], "texture": "#0"}
			}
		},
		{
			"from": [2.5, 1.6, 2.6],
			"to": [3, 2.1, 3.1],
			"rotation": {"angle": 22.5, "axis": "z", "origin": [-4, 9, 10]},
			"faces": {
				"north": {"uv": [7.875, 3.125, 8, 3.25], "texture": "#0"},
				"east": {"uv": [7.875, 3.25, 8, 3.375], "texture": "#0"},
				"south": {"uv": [7.875, 3.375, 8, 3.5], "texture": "#0"},
				"west": {"uv": [7.875, 3.5, 8, 3.625], "texture": "#0"},
				"up": {"uv": [8, 3.75, 7.875, 3.625], "texture": "#0"},
				"down": {"uv": [8, 3.75, 7.875, 3.875], "texture": "#0"}
			}
		},
		{
			"from": [5.8, 6.5, 2.5],
			"to": [7.3, 6.7, 3.5],
			"rotation": {"angle": 0, "axis": "y", "origin": [-1, 14, 10]},
			"faces": {
				"north": {"uv": [7.5, 0.5, 7.75, 0.625], "texture": "#0"},
				"east": {"uv": [7.875, 3.875, 8, 4], "texture": "#0"},
				"south": {"uv": [7.5, 0.625, 7.75, 0.75], "texture": "#0"},
				"west": {"uv": [7.875, 4, 8, 4.125], "texture": "#0"},
				"up": {"uv": [7.75, 0.875, 7.5, 0.75], "texture": "#0"},
				"down": {"uv": [7.75, 1, 7.5, 1.125], "texture": "#0"}
			}
		},
		{
			"from": [5.8, 5.3, 2.6],
			"to": [7.3, 5.5, 3.6],
			"rotation": {"angle": 0, "axis": "y", "origin": [-1, 13, 10]},
			"faces": {
				"north": {"uv": [7.5, 1.125, 7.75, 1.25], "texture": "#0"},
				"east": {"uv": [7.875, 4.125, 8, 4.25], "texture": "#0"},
				"south": {"uv": [7.5, 1.25, 7.75, 1.375], "texture": "#0"},
				"west": {"uv": [7.875, 4.25, 8, 4.375], "texture": "#0"},
				"up": {"uv": [7.75, 1.5, 7.5, 1.375], "texture": "#0"},
				"down": {"uv": [7.75, 1.5, 7.5, 1.625], "texture": "#0"}
			}
		},
		{
			"from": [8.3, 5.5, 2.5],
			"to": [10.3, 6.5, 3.5],
			"rotation": {"angle": 0, "axis": "y", "origin": [16, 13, 10]},
			"faces": {
				"north": {"uv": [7.5, 1.625, 7.75, 1.75], "texture": "#0"},
				"east": {"uv": [7.875, 4.375, 8, 4.5], "texture": "#0"},
				"south": {"uv": [7.5, 1.75, 7.75, 1.875], "texture": "#0"},
				"west": {"uv": [7.875, 4.5, 8, 4.625], "texture": "#0"},
				"up": {"uv": [7.75, 2, 7.5, 1.875], "texture": "#0"},
				"down": {"uv": [7.75, 2, 7.5, 2.125], "texture": "#0"}
			}
		},
		{
			"from": [8.5, 5.3, 2.6],
			"to": [10, 5.5, 3.6],
			"rotation": {"angle": 0, "axis": "y", "origin": [16, 13, 10]},
			"faces": {
				"north": {"uv": [7.5, 2.125, 7.75, 2.25], "texture": "#0"},
				"east": {"uv": [7.875, 4.625, 8, 4.75], "texture": "#0"},
				"south": {"uv": [7.5, 2.25, 7.75, 2.375], "texture": "#0"},
				"west": {"uv": [7.875, 4.75, 8, 4.875], "texture": "#0"},
				"up": {"uv": [7.75, 2.5, 7.5, 2.375], "texture": "#0"},
				"down": {"uv": [7.75, 2.5, 7.5, 2.625], "texture": "#0"}
			}
		},
		{
			"from": [7.3, 5.5, 2.6],
			"to": [8.8, 6.3, 3.6],
			"rotation": {"angle": 0, "axis": "y", "origin": [1.5, 13, 10]},
			"faces": {
				"north": {"uv": [7.5, 2.625, 7.75, 2.75], "texture": "#0"},
				"east": {"uv": [7.875, 4.875, 8, 5], "texture": "#0"},
				"south": {"uv": [7.5, 2.75, 7.75, 2.875], "texture": "#0"},
				"west": {"uv": [7.875, 5, 8, 5.125], "texture": "#0"},
				"up": {"uv": [7.75, 3, 7.5, 2.875], "texture": "#0"},
				"down": {"uv": [7.75, 3, 7.5, 3.125], "texture": "#0"}
			}
		},
		{
			"from": [8.5, 6.5, 2.5],
			"to": [10, 6.7, 3.5],
			"rotation": {"angle": 0, "axis": "y", "origin": [16, 14, 10]},
			"faces": {
				"north": {"uv": [7.5, 3.125, 7.75, 3.25], "texture": "#0"},
				"east": {"uv": [7.875, 5.125, 8, 5.25], "texture": "#0"},
				"south": {"uv": [7.5, 3.25, 7.75, 3.375], "texture": "#0"},
				"west": {"uv": [7.875, 5.25, 8, 5.375], "texture": "#0"},
				"up": {"uv": [7.75, 5.125, 7.5, 5], "texture": "#0"},
				"down": {"uv": [7.75, 5.375, 7.5, 5.5], "texture": "#0"}
			}
		},
		{
			"from": [10, 5, 2.5],
			"to": [11, 6, 3.5],
			"rotation": {"angle": 0, "axis": "y", "origin": [17, 12, 10]},
			"faces": {
				"north": {"uv": [7.875, 5.375, 8, 5.5], "texture": "#0"},
				"east": {"uv": [7.875, 5.5, 8, 5.625], "texture": "#0"},
				"south": {"uv": [7.875, 5.625, 8, 5.75], "texture": "#0"},
				"west": {"uv": [7.875, 5.75, 8, 5.875], "texture": "#0"},
				"up": {"uv": [8, 6, 7.875, 5.875], "texture": "#0"},
				"down": {"uv": [8, 6, 7.875, 6.125], "texture": "#0"}
			}
		},
		{
			"from": [12.8, 1.5, 2.6],
			"to": [13.3, 2, 3.1],
			"rotation": {"angle": -22.5, "axis": "z", "origin": [20, 9, 10]},
			"faces": {
				"north": {"uv": [7.875, 6.125, 8, 6.25], "texture": "#0"},
				"east": {"uv": [7.875, 6.25, 8, 6.375], "texture": "#0"},
				"south": {"uv": [7.875, 6.375, 8, 6.5], "texture": "#0"},
				"west": {"uv": [7.875, 6.5, 8, 6.625], "texture": "#0"},
				"up": {"uv": [8, 6.75, 7.875, 6.625], "texture": "#0"},
				"down": {"uv": [8, 6.75, 7.875, 6.875], "texture": "#0"}
			}
		},
		{
			"name": "eye",
			"from": [8.83104, 6.81642, 6.695],
			"to": [10.83104, 8.81642, 8.695],
			"rotation": {"angle": 0, "axis": "y", "origin": [1.83104, 14.81642, 14.195]},
			"faces": {
				"north": {"uv": [6.875, 6.25, 7.25, 6.625], "texture": "#0"},
				"east": {"uv": [0.375, 7, 0.625, 7.25], "texture": "#0"},
				"south": {"uv": [0.625, 7, 0.875, 7.25], "texture": "#0"},
				"west": {"uv": [0.875, 7, 1.125, 7.25], "texture": "#0"},
				"up": {"uv": [1.375, 7.25, 1.125, 7], "texture": "#0"},
				"down": {"uv": [2.125, 7, 1.875, 7.25], "texture": "#0"}
			}
		},
		{
			"from": [7.08104, 5.99519, 5.94129],
			"to": [8.58104, 8.89519, 6.94129],
			"rotation": {"angle": 0, "axis": "y", "origin": [16.08104, -13.50481, 9.94129]},
			"faces": {
				"north": {"uv": [2.625, 6.5, 2.875, 6.875], "texture": "#0"},
				"east": {"uv": [3, 7.125, 3.125, 7.5], "texture": "#0"},
				"south": {"uv": [3.875, 6.5, 4.125, 6.875], "texture": "#0"},
				"west": {"uv": [3.125, 7.125, 3.25, 7.5], "texture": "#0"},
				"up": {"uv": [7.75, 6.375, 7.5, 6.25], "texture": "#0"},
				"down": {"uv": [7.75, 6.375, 7.5, 6.5], "texture": "#0"}
			}
		},
		{
			"from": [8.58104, 8.59519, 5.94129],
			"to": [9.08104, 8.89519, 6.94129],
			"rotation": {"angle": 0, "axis": "y", "origin": [16.58104, -12.90481, 9.94129]},
			"faces": {
				"north": {"uv": [7.875, 6.875, 8, 7], "texture": "#0"},
				"east": {"uv": [7.875, 7, 8, 7.125], "texture": "#0"},
				"south": {"uv": [7.875, 7.125, 8, 7.25], "texture": "#0"},
				"west": {"uv": [7.875, 7.25, 8, 7.375], "texture": "#0"},
				"up": {"uv": [8, 7.5, 7.875, 7.375], "texture": "#0"},
				"down": {"uv": [8, 7.5, 7.875, 7.625], "texture": "#0"}
			}
		},
		{
			"from": [6.58104, 8.59519, 5.94129],
			"to": [7.08104, 8.89519, 6.94129],
			"rotation": {"angle": 0, "axis": "y", "origin": [14.58104, -12.90481, 9.94129]},
			"faces": {
				"north": {"uv": [7.875, 7.625, 8, 7.75], "texture": "#0"},
				"east": {"uv": [7.875, 7.75, 8, 7.875], "texture": "#0"},
				"south": {"uv": [0, 8, 0.125, 8.125], "texture": "#0"},
				"west": {"uv": [0.125, 8, 0.25, 8.125], "texture": "#0"},
				"up": {"uv": [0.375, 8.125, 0.25, 8], "texture": "#0"},
				"down": {"uv": [0.5, 8, 0.375, 8.125], "texture": "#0"}
			}
		},
		{
			"from": [4.88104, 8.59519, 5.94129],
			"to": [5.38104, 8.89519, 6.94129],
			"shade": false,
			"rotation": {"angle": 0, "axis": "y", "origin": [13.58104, -12.90481, 9.94129]},
			"faces": {
				"north": {"uv": [0.5, 8, 0.625, 8.125], "texture": "#0"},
				"east": {"uv": [0.625, 8, 0.75, 8.125], "texture": "#0"},
				"south": {"uv": [0.75, 8, 0.875, 8.125], "texture": "#0"},
				"west": {"uv": [0.875, 8, 1, 8.125], "texture": "#0"},
				"up": {"uv": [1.125, 8.125, 1, 8], "texture": "#0"},
				"down": {"uv": [1.25, 8, 1.125, 8.125], "texture": "#0"}
			}
		},
		{
			"from": [4.89136, 8.89519, 5.94129],
			"to": [10.89136, 11.39519, 6.94129],
			"rotation": {"angle": 0, "axis": "y", "origin": [13.89136, -10.72604, 9.94129]},
			"faces": {
				"north": {"uv": [4.875, 5, 5.5625, 5.375], "texture": "#0"},
				"east": {"uv": [4.25, 7.125, 4.375, 7.5], "texture": "#0"},
				"south": {"uv": [0.375, 5.125, 1.125, 5.5], "texture": "#0"},
				"west": {"uv": [4.375, 7.125, 4.5, 7.5], "texture": "#0"},
				"up": {"uv": [5.5, 6.625, 4.75, 6.5], "texture": "#0"},
				"down": {"uv": [7.25, 3.25, 6.5, 3.375], "texture": "#0"}
			}
		},
		{
			"from": [10.38104, 8.59519, 5.94129],
			"to": [10.88104, 8.89519, 6.94129],
			"rotation": {"angle": 0, "axis": "y", "origin": [2.08104, -12.90481, 9.94129]},
			"faces": {
				"north": {"uv": [1.25, 8, 1.375, 8.125], "texture": "#0"},
				"east": {"uv": [1.375, 8, 1.5, 8.125], "texture": "#0"},
				"south": {"uv": [1.5, 8, 1.625, 8.125], "texture": "#0"},
				"west": {"uv": [1.625, 8, 1.75, 8.125], "texture": "#0"},
				"up": {"uv": [1.875, 8.125, 1.75, 8], "texture": "#0"},
				"down": {"uv": [2, 8, 1.875, 8.125], "texture": "#0"}
			}
		},
		{
			"from": [10.41104, 6.59519, 5.94129],
			"to": [10.91104, 6.89519, 6.94129],
			"rotation": {"angle": 0, "axis": "y", "origin": [2.08104, -14.90481, 9.94129]},
			"faces": {
				"north": {"uv": [2, 8, 2.125, 8.125], "texture": "#0"},
				"east": {"uv": [2.125, 8, 2.25, 8.125], "texture": "#0"},
				"south": {"uv": [2.25, 8, 2.375, 8.125], "texture": "#0"},
				"west": {"uv": [2.375, 8, 2.5, 8.125], "texture": "#0"},
				"up": {"uv": [2.625, 8.125, 2.5, 8], "texture": "#0"},
				"down": {"uv": [2.75, 8, 2.625, 8.125], "texture": "#0"}
			}
		},
		{
			"from": [4.88104, 6.59519, 5.94129],
			"to": [5.38104, 6.89519, 6.94129],
			"rotation": {"angle": 0, "axis": "y", "origin": [13.58104, -14.90481, 9.94129]},
			"faces": {
				"north": {"uv": [2.75, 8, 2.875, 8.125], "texture": "#0"},
				"east": {"uv": [2.875, 8, 3, 8.125], "texture": "#0"},
				"south": {"uv": [3, 8, 3.125, 8.125], "texture": "#0"},
				"west": {"uv": [3.125, 8, 3.25, 8.125], "texture": "#0"},
				"up": {"uv": [3.375, 8.125, 3.25, 8], "texture": "#0"},
				"down": {"uv": [3.5, 8, 3.375, 8.125], "texture": "#0"}
			}
		},
		{
			"from": [4.73366, 9.69689, 5.31831],
			"to": [4.93366, 10.29689, 5.81831],
			"rotation": {"angle": 0, "axis": "y", "origin": [12.63366, 16.99689, 12.91831]},
			"faces": {
				"north": {"uv": [3.5, 8, 3.625, 8.125], "texture": "#0"},
				"east": {"uv": [3.625, 8, 3.75, 8.125], "texture": "#0"},
				"south": {"uv": [3.75, 8, 3.875, 8.125], "texture": "#0"},
				"west": {"uv": [3.875, 8, 4, 8.125], "texture": "#0"},
				"up": {"uv": [4.125, 8.125, 4, 8], "texture": "#0"},
				"down": {"uv": [4.25, 8, 4.125, 8.125], "texture": "#0"}
			}
		},
		{
			"from": [5.93366, 9.59689, 5.41831],
			"to": [7.23366, 10.59689, 6.21831],
			"shade": false,
			"rotation": {"angle": 0, "axis": "y", "origin": [13.93366, 16.99689, 12.91831]},
			"faces": {
				"north": {"uv": [4.25, 8, 4.375, 8.125], "texture": "#0"},
				"east": {"uv": [4.375, 8, 4.5, 8.125], "texture": "#0"},
				"south": {"uv": [4.5, 8, 4.625, 8.125], "texture": "#0"},
				"west": {"uv": [4.625, 8, 4.75, 8.125], "texture": "#0"},
				"up": {"uv": [4.875, 8.125, 4.75, 8], "texture": "#0"},
				"down": {"uv": [5, 8, 4.875, 8.125], "texture": "#0"}
			}
		},
		{
			"from": [4.93366, 9.49689, 5.31831],
			"to": [6.93366, 10.49689, 6.31831],
			"rotation": {"angle": 0, "axis": "y", "origin": [12.93366, 16.99689, 12.91831]},
			"faces": {
				"north": {"uv": [7.5, 6.625, 7.75, 6.75], "texture": "#0"},
				"east": {"uv": [5, 8, 5.125, 8.125], "texture": "#0"},
				"south": {"uv": [7.5, 7.125, 7.75, 7.25], "texture": "#0"},
				"west": {"uv": [5.125, 8, 5.25, 8.125], "texture": "#0"},
				"up": {"uv": [7.75, 7.375, 7.5, 7.25], "texture": "#0"},
				"down": {"uv": [0.25, 7.625, 0, 7.75], "texture": "#0"}
			}
		},
		{
			"from": [8.93366, 9.49689, 5.31831],
			"to": [10.93366, 10.49689, 6.31831],
			"rotation": {"angle": 0, "axis": "y", "origin": [2.93366, 16.99689, 12.91831]},
			"faces": {
				"north": {"uv": [0.25, 7.625, 0.5, 7.75], "texture": "#0"},
				"east": {"uv": [5.25, 8, 5.375, 8.125], "texture": "#0"},
				"south": {"uv": [0.5, 7.625, 0.75, 7.75], "texture": "#0"},
				"west": {"uv": [5.375, 8, 5.5, 8.125], "texture": "#0"},
				"up": {"uv": [1, 7.75, 0.75, 7.625], "texture": "#0"},
				"down": {"uv": [1.25, 7.625, 1, 7.75], "texture": "#0"}
			}
		},
		{
			"from": [8.63366, 9.59689, 5.41831],
			"to": [9.93366, 10.59689, 6.21831],
			"rotation": {"angle": 0, "axis": "y", "origin": [1.93366, 16.99689, 12.91831]},
			"faces": {
				"north": {"uv": [5.5, 8, 5.625, 8.125], "texture": "#0"},
				"east": {"uv": [5.625, 8, 5.75, 8.125], "texture": "#0"},
				"south": {"uv": [5.75, 8, 5.875, 8.125], "texture": "#0"},
				"west": {"uv": [5.875, 8, 6, 8.125], "texture": "#0"},
				"up": {"uv": [6.125, 8.125, 6, 8], "texture": "#0"},
				"down": {"uv": [6.25, 8, 6.125, 8.125], "texture": "#0"}
			}
		},
		{
			"from": [10.93366, 9.69689, 5.31831],
			"to": [11.13366, 10.29689, 5.81831],
			"rotation": {"angle": 0, "axis": "y", "origin": [3.23366, 16.99689, 12.91831]},
			"faces": {
				"north": {"uv": [6.25, 8, 6.375, 8.125], "texture": "#0"},
				"east": {"uv": [6.375, 8, 6.5, 8.125], "texture": "#0"},
				"south": {"uv": [6.5, 8, 6.625, 8.125], "texture": "#0"},
				"west": {"uv": [6.625, 8, 6.75, 8.125], "texture": "#0"},
				"up": {"uv": [6.875, 8.125, 6.75, 8], "texture": "#0"},
				"down": {"uv": [7, 8, 6.875, 8.125], "texture": "#0"}
			}
		}
	],
	"display": {
		"thirdperson_righthand": {
			"rotation": [60, 0, 0],
			"translation": [0, 0.5, 1],
			"scale": [0.4, 0.4, 0.4]
		},
		"thirdperson_lefthand": {
			"rotation": [60, 0, 0],
			"translation": [0, 0.5, 1],
			"scale": [0.4, 0.4, 0.4]
		},
		"firstperson_righthand": {
			"rotation": [0, 100, 0],
			"translation": [0, 3, 0],
			"scale": [0.4, 0.4, 0.4]
		},
		"firstperson_lefthand": {
			"rotation": [0, 100, 0],
			"translation": [0, 3, 0],
			"scale": [0.4, 0.4, 0.4]
		},
		"ground": {
			"scale": [0.5, 0.5, 0.5]
		},
		"gui": {
			"rotation": [20, -30, 0],
			"translation": [-0.5, -0.25, 0],
			"scale": [-0.7, 0.7, -0.7]
		},
		"head": {
			"translation": [0, 4.5, -3],
			"scale": [1.7, 1.7, 1.7]
		},
		"fixed": {
			"translation": [0, -0.25, -1.25],
			"scale": [0.9, 0.9, 0.9]
		}
	}
}