{
	"textures": {
		"0": "mnaf:animatronics/heads/glitchtrap"
	},
	"elements": [
		{
			"from": [3, -3, 8],
			"to": [13, -1, 15],
			"rotation": {"angle": 0, "axis": "y", "origin": [10, 5, 18]},
			"faces": {
				"north": {"uv": [6.375, 3.875, 7.625, 4.125], "texture": "#0"},
				"east": {"uv": [5.5, 3.875, 6.375, 4.125], "texture": "#0"},
				"south": {"uv": [8.5, 3.875, 9.75, 4.125], "texture": "#0"},
				"west": {"uv": [7.625, 3.875, 8.5, 4.125], "texture": "#0"},
				"up": {"uv": [7.625, 3.875, 6.375, 3], "texture": "#0"},
				"down": {"uv": [8.875, 3, 7.625, 3.875], "texture": "#0"}
			}
		},
		{
			"from": [3, -3, 5],
			"to": [13, -0.8, 8],
			"rotation": {"angle": 0, "axis": "y", "origin": [10, 5, 12]},
			"faces": {
				"north": {"uv": [5.5, 8.25, 6.75, 8.5], "texture": "#0"},
				"east": {"uv": [5.125, 8.25, 5.5, 8.5], "texture": "#0"},
				"south": {"uv": [7.125, 8.25, 8.375, 8.5], "texture": "#0"},
				"west": {"uv": [6.75, 8.25, 7.125, 8.5], "texture": "#0"},
				"up": {"uv": [6.75, 8.25, 5.5, 7.875], "texture": "#0"},
				"down": {"uv": [8, 7.875, 6.75, 8.25], "texture": "#0"}
			}
		},
		{
			"from": [0, -1, 5.1],
			"to": [16, 4.2, 5.1],
			"rotation": {"angle": 0, "axis": "y", "origin": [10, 7, 12.1]},
			"faces": {
				"north": {"uv": [5.25, 5.75, 7.25, 6.375], "texture": "#0"},
				"east": {"uv": [5.25, 5.75, 5.25, 6.375], "texture": "#0"},
				"south": {"uv": [7.25, 5.75, 9.25, 6.375], "texture": "#0"},
				"west": {"uv": [7.25, 5.75, 7.25, 6.375], "texture": "#0"},
				"up": {"uv": [7.25, 5.75, 5.25, 5.75], "texture": "#0"},
				"down": {"uv": [9.25, 5.75, 7.25, 5.75], "texture": "#0"}
			}
		},
		{
			"from": [8.0484, -0.51883, 4],
			"to": [9.5484, 1.18117, 5],
			"rotation": {"angle": 0, "axis": "y", "origin": [9.7484, 6.98117, 11]},
			"faces": {
				"north": {"uv": [0.625, 0.875, 0.75, 1], "texture": "#0"},
				"east": {"uv": [0.5, 0.875, 0.625, 1], "texture": "#0"},
				"south": {"uv": [0.875, 0.875, 1, 1], "texture": "#0"},
				"west": {"uv": [0.75, 0.875, 0.875, 1], "texture": "#0"},
				"up": {"uv": [0.75, 0.875, 0.625, 0.75], "texture": "#0"},
				"down": {"uv": [0.875, 0.75, 0.75, 0.875], "texture": "#0"}
			}
		},
		{
			"from": [6.4516, -0.51883, 4],
			"to": [7.9516, 1.18117, 5],
			"rotation": {"angle": 0, "axis": "y", "origin": [6.2516, 6.98117, 11]},
			"faces": {
				"north": {"uv": [0.125, 0.875, 0.25, 1], "texture": "#0"},
				"east": {"uv": [0, 0.875, 0.125, 1], "texture": "#0"},
				"south": {"uv": [0.375, 0.875, 0.5, 1], "texture": "#0"},
				"west": {"uv": [0.25, 0.875, 0.375, 1], "texture": "#0"},
				"up": {"uv": [0.25, 0.875, 0.125, 0.75], "texture": "#0"},
				"down": {"uv": [0.375, 0.75, 0.25, 0.875], "texture": "#0"}
			}
		},
		{
			"from": [6.1484, 1.18117, 4],
			"to": [9.8484, 3.38117, 8],
			"rotation": {"angle": 0, "axis": "y", "origin": [10.1484, 9.18117, 11]},
			"faces": {
				"north": {"uv": [1.5, 9.375, 1.875, 9.625], "texture": "#0"},
				"east": {"uv": [1, 9.375, 1.5, 9.625], "texture": "#0"},
				"south": {"uv": [2.375, 9.375, 2.75, 9.625], "texture": "#0"},
				"west": {"uv": [1.875, 9.375, 2.375, 9.625], "texture": "#0"},
				"up": {"uv": [1.875, 9.375, 1.5, 8.875], "texture": "#0"},
				"down": {"uv": [2.25, 8.875, 1.875, 9.375], "texture": "#0"}
			}
		},
		{
			"from": [6, 1.18117, 2],
			"to": [10, 6.18117, 10],
			"rotation": {"angle": -22.5, "axis": "x", "origin": [7.8516, 1.18117, 2]},
			"faces": {
				"north": {"uv": [4.25, 6.75, 4.75, 7.375], "texture": "#0"},
				"east": {"uv": [3.25, 6.75, 4.25, 7.375], "rotation": 180, "texture": "#0"},
				"south": {"uv": [5.75, 6.75, 6.25, 7.375], "texture": "#0"},
				"west": {"uv": [4.75, 6.75, 5.75, 7.375], "rotation": 180, "texture": "#0"},
				"up": {"uv": [4.75, 6.75, 4.25, 5.75], "rotation": 180, "texture": "#0"},
				"down": {"uv": [5.25, 5.75, 4.75, 6.75], "texture": "#0"}
			}
		},
		{
			"from": [7.25, 4.58117, 1],
			"to": [8.75, 6.08117, 2.5],
			"rotation": {"angle": -22.5, "axis": "x", "origin": [7.5516, 1.58117, 1]},
			"faces": {
				"north": {"uv": [0.125, 3.25, 0.25, 3.375], "rotation": 180, "texture": "#0"},
				"east": {"uv": [0, 3.25, 0.125, 3.375], "rotation": 270, "texture": "#0"},
				"south": {"uv": [0.375, 3.25, 0.5, 3.375], "texture": "#0"},
				"west": {"uv": [0.25, 3.25, 0.375, 3.375], "rotation": 90, "texture": "#0"},
				"up": {"uv": [0.25, 3.25, 0.125, 3.125], "rotation": 180, "texture": "#0"},
				"down": {"uv": [0.375, 3.125, 0.25, 3.25], "texture": "#0"}
			}
		},
		{
			"from": [6, 4.18117, 3],
			"to": [10, 9.18117, 10],
			"rotation": {"angle": 0, "axis": "x", "origin": [7.8516, 0.18117, 2]},
			"faces": {
				"north": {"uv": [0.875, 11.375, 1.375, 12], "rotation": 180, "texture": "#0"},
				"east": {"uv": [0, 11.375, 0.875, 12], "rotation": 270, "texture": "#0"},
				"south": {"uv": [2.25, 11.375, 2.75, 12], "texture": "#0"},
				"west": {"uv": [1.375, 11.375, 2.25, 12], "rotation": 180, "texture": "#0"},
				"up": {"uv": [1.375, 11.375, 0.875, 10.5], "rotation": 180, "texture": "#0"},
				"down": {"uv": [1.875, 10.5, 1.375, 11.375], "texture": "#0"}
			}
		},
		{
			"from": [-3, -3, 5],
			"to": [3, -1, 8],
			"rotation": {"angle": -45, "axis": "z", "origin": [3, -3, 6.5]},
			"faces": {
				"north": {"uv": [4.875, 8.875, 5.625, 9.125], "texture": "#0"},
				"east": {"uv": [4.5, 8.875, 4.875, 9.125], "texture": "#0"},
				"south": {"uv": [6, 8.875, 6.75, 9.125], "texture": "#0"},
				"west": {"uv": [5.625, 8.875, 6, 9.125], "texture": "#0"},
				"up": {"uv": [5.625, 8.875, 4.875, 8.5], "texture": "#0"},
				"down": {"uv": [6.375, 8.5, 5.625, 8.875], "texture": "#0"}
			}
		},
		{
			"from": [-1.24264, 1.24264, 5],
			"to": [0.75736, 4.24264, 8],
			"rotation": {"angle": 0, "axis": "z", "origin": [-1.24264, 1.24264, 6.5]},
			"faces": {
				"north": {"uv": [4.875, 9.625, 5.125, 10], "rotation": 180, "texture": "#0"},
				"east": {"uv": [4.5, 9.625, 4.875, 10], "rotation": 90, "texture": "#0"},
				"south": {"uv": [5.5, 9.625, 5.75, 10], "texture": "#0"},
				"west": {"uv": [5.125, 9.625, 5.5, 10], "rotation": 90, "texture": "#0"},
				"up": {"uv": [5.125, 9.625, 4.875, 9.25], "rotation": 90, "texture": "#0"},
				"down": {"uv": [5.375, 9.25, 5.125, 9.625], "rotation": 90, "texture": "#0"}
			}
		},
		{
			"from": [15.24264, 1.24264, 5],
			"to": [17.24264, 4.24264, 8],
			"rotation": {"angle": 0, "axis": "z", "origin": [17.24264, 1.24264, 6.5]},
			"faces": {
				"north": {"uv": [9.25, 3, 9.5, 3.375], "rotation": 180, "texture": "#0"},
				"east": {"uv": [8.875, 3, 9.25, 3.375], "rotation": 90, "texture": "#0"},
				"south": {"uv": [9.875, 3, 10.125, 3.375], "texture": "#0"},
				"west": {"uv": [9.5, 3, 9.875, 3.375], "rotation": 90, "texture": "#0"},
				"up": {"uv": [9.5, 3, 9.25, 2.625], "rotation": 90, "texture": "#0"},
				"down": {"uv": [9.75, 2.625, 9.5, 3], "rotation": 90, "texture": "#0"}
			}
		},
		{
			"from": [9.24264, 4.24264, 4],
			"to": [17.24264, 7.24264, 8],
			"rotation": {"angle": 22.5, "axis": "z", "origin": [17.24264, 4.24264, 6.5]},
			"faces": {
				"north": {"uv": [3, 7.875, 4, 8.25], "texture": "#0"},
				"east": {"uv": [2.5, 7.875, 3, 8.25], "texture": "#0"},
				"south": {"uv": [4.5, 7.875, 5.5, 8.25], "texture": "#0"},
				"west": {"uv": [4, 7.875, 4.5, 8.25], "rotation": 90, "texture": "#0"},
				"up": {"uv": [4, 7.875, 3, 7.375], "texture": "#0"},
				"down": {"uv": [5, 7.375, 4, 7.875], "texture": "#0"}
			}
		},
		{
			"from": [-1.24264, 4.24264, 4],
			"to": [6.75736, 7.24264, 8],
			"rotation": {"angle": -22.5, "axis": "z", "origin": [-1.24264, 4.24264, 6.5]},
			"faces": {
				"north": {"uv": [0.5, 7.25, 1.5, 7.625], "texture": "#0"},
				"east": {"uv": [0, 7.25, 0.5, 7.625], "rotation": 90, "texture": "#0"},
				"south": {"uv": [2, 7.25, 3, 7.625], "texture": "#0"},
				"west": {"uv": [1.5, 7.25, 2, 7.625], "texture": "#0"},
				"up": {"uv": [1.5, 7.25, 0.5, 6.75], "rotation": 180, "texture": "#0"},
				"down": {"uv": [2.5, 6.75, 1.5, 7.25], "rotation": 90, "texture": "#0"}
			}
		},
		{
			"from": [-7.24264, -0.75736, 3.9],
			"to": [4.75736, 4.24264, 3.9],
			"rotation": {"angle": -22.5, "axis": "y", "origin": [4.75736, 0.24264, 6.4]},
			"faces": {
				"north": {"uv": [8.25, 2, 9.75, 2.625], "texture": "#0"},
				"east": {"uv": [8.25, 2, 8.25, 2.625], "rotation": 90, "texture": "#0"},
				"south": {"uv": [9.75, 2, 11.25, 2.625], "texture": "#0"},
				"west": {"uv": [9.75, 2, 9.75, 2.625], "rotation": 90, "texture": "#0"},
				"up": {"uv": [9.75, 2, 8.25, 2], "rotation": 90, "texture": "#0"},
				"down": {"uv": [11.25, 2, 9.75, 2], "rotation": 90, "texture": "#0"}
			}
		},
		{
			"from": [11.24264, -0.75736, 3.9],
			"to": [23.24264, 4.24264, 3.9],
			"rotation": {"angle": 22.5, "axis": "y", "origin": [11.24264, 0.24264, 6.4]},
			"faces": {
				"north": {"uv": [7.875, 6.375, 9.375, 7], "texture": "#0"},
				"east": {"uv": [7.875, 6.375, 7.875, 7], "rotation": 90, "texture": "#0"},
				"south": {"uv": [9.375, 6.375, 10.875, 7], "texture": "#0"},
				"west": {"uv": [9.375, 6.375, 9.375, 7], "rotation": 90, "texture": "#0"},
				"up": {"uv": [9.375, 6.375, 7.875, 6.375], "rotation": 90, "texture": "#0"},
				"down": {"uv": [10.875, 6.375, 9.375, 6.375], "rotation": 90, "texture": "#0"}
			}
		},
		{
			"from": [-6.24264, 3.24264, 3.9],
			"to": [5.75736, 8.24264, 3.9],
			"rotation": {"angle": 0, "axis": "y", "origin": [5.75736, 3.24264, 6.4]},
			"faces": {
				"north": {"uv": [8.25, 1.375, 9.75, 2], "texture": "#0"},
				"east": {"uv": [8.25, 1.375, 8.25, 2], "rotation": 90, "texture": "#0"},
				"south": {"uv": [9.75, 1.375, 11.25, 2], "texture": "#0"},
				"west": {"uv": [9.75, 1.375, 9.75, 2], "rotation": 90, "texture": "#0"},
				"up": {"uv": [9.75, 1.375, 8.25, 1.375], "rotation": 90, "texture": "#0"},
				"down": {"uv": [11.25, 1.375, 9.75, 1.375], "rotation": 90, "texture": "#0"}
			}
		},
		{
			"from": [10.24264, 3.24264, 3.9],
			"to": [22.24264, 8.24264, 3.9],
			"rotation": {"angle": 0, "axis": "y", "origin": [10.24264, 3.24264, 6.4]},
			"faces": {
				"north": {"uv": [0, 8.25, 1.5, 8.875], "texture": "#0"},
				"east": {"uv": [0, 8.25, 0, 8.875], "rotation": 90, "texture": "#0"},
				"south": {"uv": [1.5, 8.25, 3, 8.875], "texture": "#0"},
				"west": {"uv": [1.5, 8.25, 1.5, 8.875], "rotation": 90, "texture": "#0"},
				"up": {"uv": [1.5, 8.25, 0, 8.25], "rotation": 90, "texture": "#0"},
				"down": {"uv": [3, 8.25, 1.5, 8.25], "rotation": 90, "texture": "#0"}
			}
		},
		{
			"from": [13, -3, 5],
			"to": [19, -1, 8],
			"rotation": {"angle": 45, "axis": "z", "origin": [13, -3, 6.5]},
			"faces": {
				"north": {"uv": [8.75, 7.875, 9.5, 8.125], "texture": "#0"},
				"east": {"uv": [8.375, 7.875, 8.75, 8.125], "texture": "#0"},
				"south": {"uv": [9.875, 7.875, 10.625, 8.125], "texture": "#0"},
				"west": {"uv": [9.5, 7.875, 9.875, 8.125], "texture": "#0"},
				"up": {"uv": [9.5, 7.875, 8.75, 7.5], "texture": "#0"},
				"down": {"uv": [10.25, 7.5, 9.5, 7.875], "texture": "#0"}
			}
		},
		{
			"from": [3, 12, 6],
			"to": [13, 15, 14],
			"rotation": {"angle": 0, "axis": "y", "origin": [10, 20, 18]},
			"faces": {
				"north": {"uv": [5.75, 2.625, 7, 3], "texture": "#0"},
				"east": {"uv": [4.75, 2.625, 5.75, 3], "texture": "#0"},
				"south": {"uv": [8, 2.625, 9.25, 3], "texture": "#0"},
				"west": {"uv": [7, 2.625, 8, 3], "texture": "#0"},
				"up": {"uv": [7, 2.625, 5.75, 1.625], "texture": "#0"},
				"down": {"uv": [8.25, 1.625, 7, 2.625], "texture": "#0"}
			}
		},
		{
			"from": [2, 12, 5],
			"to": [14, 14, 15],
			"rotation": {"angle": 0, "axis": "y", "origin": [10, 20, 18]},
			"faces": {
				"north": {"uv": [5.5, 5.5, 7, 5.75], "texture": "#0"},
				"east": {"uv": [4.25, 5.5, 5.5, 5.75], "texture": "#0"},
				"south": {"uv": [8.25, 5.5, 9.75, 5.75], "texture": "#0"},
				"west": {"uv": [7, 5.5, 8.25, 5.75], "texture": "#0"},
				"up": {"uv": [7, 5.5, 5.5, 4.25], "texture": "#0"},
				"down": {"uv": [8.5, 4.25, 7, 5.5], "texture": "#0"}
			}
		},
		{
			"from": [1, 4, 5],
			"to": [15, 12, 8],
			"rotation": {"angle": 0, "axis": "y", "origin": [10, 10, 11]},
			"faces": {
				"north": {"uv": [5.875, 0.375, 7.625, 1.375], "texture": "#0"},
				"east": {"uv": [5.5, 0.375, 5.875, 1.375], "texture": "#0"},
				"south": {"uv": [8, 0.375, 9.75, 1.375], "texture": "#0"},
				"west": {"uv": [7.625, 0.375, 8, 1.375], "texture": "#0"},
				"up": {"uv": [7.625, 0.375, 5.875, 0], "texture": "#0"},
				"down": {"uv": [9.375, 0, 7.625, 0.375], "texture": "#0"}
			}
		},
		{
			"from": [1.3, 6, 3.5],
			"to": [5.3, 10, 6.5],
			"rotation": {"angle": 22.5, "axis": "y", "origin": [5.3, 6, 3.5]},
			"faces": {
				"north": {"uv": [8.875, 4.5, 9.375, 5], "texture": "#0"},
				"east": {"uv": [8.5, 4.5, 8.875, 5], "texture": "#0"},
				"south": {"uv": [9.75, 4.5, 10.25, 5], "texture": "#0"},
				"west": {"uv": [9.375, 4.5, 9.75, 5], "texture": "#0"},
				"up": {"uv": [9.375, 4.5, 8.875, 4.125], "texture": "#0"},
				"down": {"uv": [9.875, 4.125, 9.375, 4.5], "texture": "#0"}
			}
		},
		{
			"from": [1.3, 8, 5],
			"to": [5.3, 11, 5],
			"rotation": {"angle": -22.5, "axis": "x", "origin": [1.3, 8, 5]},
			"faces": {
				"north": {"uv": [5.25, 6.375, 5.75, 6.75], "texture": "#0"},
				"east": {"uv": [5.25, 6.375, 5.25, 6.75], "texture": "#0"},
				"south": {"uv": [5.75, 6.375, 6.25, 6.75], "texture": "#0"},
				"west": {"uv": [5.75, 6.375, 5.75, 6.75], "texture": "#0"},
				"up": {"uv": [5.75, 6.375, 5.25, 6.375], "texture": "#0"},
				"down": {"uv": [6.25, 6.375, 5.75, 6.375], "texture": "#0"}
			}
		},
		{
			"from": [10.7, 8, 5],
			"to": [14.7, 11, 5],
			"rotation": {"angle": -22.5, "axis": "x", "origin": [14.7, 8, 5]},
			"faces": {
				"north": {"uv": [4.5, 0.375, 5, 0.75], "texture": "#0"},
				"east": {"uv": [4.5, 0.375, 4.5, 0.75], "texture": "#0"},
				"south": {"uv": [5, 0.375, 5.5, 0.75], "texture": "#0"},
				"west": {"uv": [5, 0.375, 5, 0.75], "texture": "#0"},
				"up": {"uv": [5, 0.375, 4.5, 0.375], "texture": "#0"},
				"down": {"uv": [5.5, 0.375, 5, 0.375], "texture": "#0"}
			}
		},
		{
			"from": [10.7, 6, 3.5],
			"to": [14.7, 10, 6.5],
			"rotation": {"angle": -22.5, "axis": "y", "origin": [10.7, 6, 3.5]},
			"faces": {
				"north": {"uv": [3.75, 5, 4.25, 5.5], "texture": "#0"},
				"east": {"uv": [3.375, 5, 3.75, 5.5], "texture": "#0"},
				"south": {"uv": [4.625, 5, 5.125, 5.5], "texture": "#0"},
				"west": {"uv": [4.25, 5, 4.625, 5.5], "texture": "#0"},
				"up": {"uv": [4.25, 5, 3.75, 4.625], "texture": "#0"},
				"down": {"uv": [4.75, 4.625, 4.25, 5], "texture": "#0"}
			}
		},
		{
			"from": [1, -1, 8],
			"to": [15, 12, 16],
			"rotation": {"angle": 0, "axis": "y", "origin": [10, 10, 18]},
			"faces": {
				"north": {"uv": [1, 1, 2.75, 2.625], "texture": "#0"},
				"east": {"uv": [0, 1, 1, 2.625], "texture": "#0"},
				"south": {"uv": [3.75, 1, 5.5, 2.625], "texture": "#0"},
				"west": {"uv": [2.75, 1, 3.75, 2.625], "texture": "#0"},
				"up": {"uv": [2.75, 1, 1, 0], "texture": "#0"},
				"down": {"uv": [4.5, 0, 2.75, 1], "texture": "#0"}
			}
		},
		{
			"from": [3, 1, 10],
			"to": [13, 11, 17],
			"rotation": {"angle": 0, "axis": "y", "origin": [10, 10, 20]},
			"faces": {
				"north": {"uv": [0.875, 5.5, 2.125, 6.75], "texture": "#0"},
				"east": {"uv": [0, 5.5, 0.875, 6.75], "texture": "#0"},
				"south": {"uv": [3, 5.5, 4.25, 6.75], "texture": "#0"},
				"west": {"uv": [2.125, 5.5, 3, 6.75], "texture": "#0"},
				"up": {"uv": [2.125, 5.5, 0.875, 4.625], "texture": "#0"},
				"down": {"uv": [3.375, 4.625, 2.125, 5.5], "texture": "#0"}
			}
		},
		{
			"from": [0, 1, 8],
			"to": [16, 11, 14],
			"rotation": {"angle": 0, "axis": "y", "origin": [11, 10, 18]},
			"faces": {
				"north": {"uv": [0.75, 3.375, 2.75, 4.625], "texture": "#0"},
				"east": {"uv": [0, 3.375, 0.75, 4.625], "texture": "#0"},
				"south": {"uv": [3.5, 3.375, 5.5, 4.625], "texture": "#0"},
				"west": {"uv": [2.75, 3.375, 3.5, 4.625], "texture": "#0"},
				"up": {"uv": [2.75, 3.375, 0.75, 2.625], "texture": "#0"},
				"down": {"uv": [4.75, 2.625, 2.75, 3.375], "texture": "#0"}
			}
		},
		{
			"from": [3.5, 15, 10],
			"to": [6, 16, 12],
			"rotation": {"angle": 22.5, "axis": "z", "origin": [5.7, 15, 10]},
			"faces": {
				"north": {"uv": [0.25, 0.625, 0.5, 0.75], "texture": "#0"},
				"east": {"uv": [0, 0.625, 0.25, 0.75], "texture": "#0"},
				"south": {"uv": [0.75, 0.625, 1, 0.75], "texture": "#0"},
				"west": {"uv": [0.5, 0.625, 0.75, 0.75], "texture": "#0"},
				"up": {"uv": [0.5, 0.625, 0.25, 0.375], "texture": "#0"},
				"down": {"uv": [0.75, 0.375, 0.5, 0.625], "texture": "#0"}
			}
		},
		{
			"from": [3, 16, 10],
			"to": [6.5, 20, 12],
			"rotation": {"angle": 22.5, "axis": "z", "origin": [5.7, 15, 10]},
			"faces": {
				"north": {"uv": [1.25, 9.875, 1.625, 10.375], "texture": "#0"},
				"east": {"uv": [1, 9.875, 1.25, 10.375], "texture": "#0"},
				"south": {"uv": [1.875, 9.875, 2.25, 10.375], "texture": "#0"},
				"west": {"uv": [1.625, 9.875, 1.875, 10.375], "texture": "#0"},
				"up": {"uv": [1.625, 9.875, 1.25, 9.625], "texture": "#0"},
				"down": {"uv": [2, 9.625, 1.625, 9.875], "texture": "#0"}
			}
		},
		{
			"from": [3.5, 16, 12],
			"to": [6, 20, 12.5],
			"rotation": {"angle": 22.5, "axis": "z", "origin": [5.7, 15, 10]},
			"faces": {
				"north": {"uv": [0, 4.625, 0.25, 5.125], "texture": "#0"},
				"east": {"uv": [0, 4.625, 0.0625, 5.125], "texture": "#0"},
				"south": {"uv": [0.25, 4.625, 0.5625, 5.125], "texture": "#0"},
				"west": {"uv": [0.25, 4.625, 0.3125, 5.125], "texture": "#0"},
				"up": {"uv": [0.25, 4.625, 0, 4.625], "texture": "#0"},
				"down": {"uv": [0.5, 4.625, 0.25, 4.625], "texture": "#0"}
			}
		},
		{
			"from": [4, 15, 12],
			"to": [5.5, 16, 12.5],
			"rotation": {"angle": 22.5, "axis": "z", "origin": [5.7, 15, 10]},
			"faces": {
				"north": {"uv": [0, 0.125, 0.125, 0.25], "texture": "#0"},
				"east": {"uv": [0, 0.125, 0.0625, 0.25], "texture": "#0"},
				"south": {"uv": [0.125, 0.125, 0.3125, 0.25], "texture": "#0"},
				"west": {"uv": [0.125, 0.125, 0.125, 0.25], "texture": "#0"},
				"up": {"uv": [0.125, 0.125, 0, 0.125], "texture": "#0"},
				"down": {"uv": [0.25, 0.125, 0.125, 0.125], "texture": "#0"}
			}
		},
		{
			"from": [0.51046, 19.99792, 9.9],
			"to": [5.01046, 30.99792, 11.9],
			"rotation": {"angle": 45, "axis": "z", "origin": [4.7, 20, 9.9]},
			"faces": {
				"north": {"uv": [8.375, 8.5, 8.875, 9.875], "texture": "#0"},
				"east": {"uv": [8.125, 8.5, 8.375, 9.875], "texture": "#0"},
				"south": {"uv": [9.125, 8.5, 9.625, 9.875], "texture": "#0"},
				"west": {"uv": [8.875, 8.5, 9.125, 9.875], "texture": "#0"},
				"up": {"uv": [8.875, 8.5, 8.375, 8.25], "texture": "#0"},
				"down": {"uv": [9.375, 8.25, 8.875, 8.5], "texture": "#0"}
			}
		},
		{
			"from": [1.01046, 19.99792, 11.9],
			"to": [4.51046, 30.99792, 12.9],
			"rotation": {"angle": 45, "axis": "z", "origin": [4.7, 20, 9.9]},
			"faces": {
				"north": {"uv": [0.125, 9, 0.5, 10.375], "texture": "#0"},
				"east": {"uv": [0, 9, 0.125, 10.375], "texture": "#0"},
				"south": {"uv": [0.625, 9, 1, 10.375], "texture": "#0"},
				"west": {"uv": [0.5, 9, 0.625, 10.375], "texture": "#0"},
				"up": {"uv": [0.5, 9, 0.125, 8.875], "texture": "#0"},
				"down": {"uv": [0.875, 8.875, 0.5, 9], "texture": "#0"}
			}
		},
		{
			"from": [1.5, 31, 11.9],
			"to": [4, 32, 12.4],
			"rotation": {"angle": 45, "axis": "z", "origin": [4.7, 20, 9.9]},
			"faces": {
				"north": {"uv": [4.5, 0.875, 4.75, 1], "texture": "#0"},
				"east": {"uv": [4.5, 0.875, 4.5625, 1], "texture": "#0"},
				"south": {"uv": [4.75, 0.875, 5, 1], "texture": "#0"},
				"west": {"uv": [4.75, 0.875, 4.8125, 1], "texture": "#0"},
				"up": {"uv": [4.75, 0.875, 4.5, 0.875], "texture": "#0"},
				"down": {"uv": [5, 0.875, 4.75, 0.875], "texture": "#0"}
			}
		},
		{
			"from": [1, 31, 9.9],
			"to": [4.5, 32, 11.9],
			"rotation": {"angle": 45, "axis": "z", "origin": [4.7, 20, 9.9]},
			"faces": {
				"north": {"uv": [5, 3.25, 5.375, 3.375], "texture": "#0"},
				"east": {"uv": [4.75, 3.25, 5, 3.375], "texture": "#0"},
				"south": {"uv": [5.625, 3.25, 6, 3.375], "texture": "#0"},
				"west": {"uv": [5.375, 3.25, 5.625, 3.375], "texture": "#0"},
				"up": {"uv": [5.375, 3.25, 5, 3], "texture": "#0"},
				"down": {"uv": [5.75, 3, 5.375, 3.25], "texture": "#0"}
			}
		},
		{
			"from": [10, 15, 10],
			"to": [12.5, 16, 12],
			"rotation": {"angle": -22.5, "axis": "z", "origin": [10.3, 15, 10]},
			"faces": {
				"north": {"uv": [0.25, 0.25, 0.5, 0.375], "texture": "#0"},
				"east": {"uv": [0, 0.25, 0.25, 0.375], "texture": "#0"},
				"south": {"uv": [0.75, 0.25, 1, 0.375], "texture": "#0"},
				"west": {"uv": [0.5, 0.25, 0.75, 0.375], "texture": "#0"},
				"up": {"uv": [0.5, 0.25, 0.25, 0], "texture": "#0"},
				"down": {"uv": [0.75, 0, 0.5, 0.25], "texture": "#0"}
			}
		},
		{
			"from": [9.5, 16, 10],
			"to": [13, 20, 12],
			"rotation": {"angle": -22.5, "axis": "z", "origin": [10.3, 15, 10]},
			"faces": {
				"north": {"uv": [9.75, 5.75, 10.125, 6.25], "texture": "#0"},
				"east": {"uv": [9.5, 5.75, 9.75, 6.25], "texture": "#0"},
				"south": {"uv": [10.375, 5.75, 10.75, 6.25], "texture": "#0"},
				"west": {"uv": [10.125, 5.75, 10.375, 6.25], "texture": "#0"},
				"up": {"uv": [10.125, 5.75, 9.75, 5.5], "texture": "#0"},
				"down": {"uv": [10.5, 5.5, 10.125, 5.75], "texture": "#0"}
			}
		},
		{
			"from": [10, 16, 12],
			"to": [12.5, 20, 12.5],
			"rotation": {"angle": -22.5, "axis": "z", "origin": [10.3, 15, 10]},
			"faces": {
				"north": {"uv": [0, 2.625, 0.25, 3.125], "texture": "#0"},
				"east": {"uv": [0, 2.625, 0.0625, 3.125], "texture": "#0"},
				"south": {"uv": [0.25, 2.625, 0.5625, 3.125], "texture": "#0"},
				"west": {"uv": [0.1875, 2.625, 0.25, 3.125], "texture": "#0"},
				"up": {"uv": [0.25, 2.625, 0, 2.625], "texture": "#0"},
				"down": {"uv": [0.5, 2.625, 0.25, 2.625], "texture": "#0"}
			}
		},
		{
			"from": [10.5, 15, 12],
			"to": [12, 16, 12.5],
			"rotation": {"angle": -22.5, "axis": "z", "origin": [10.3, 15, 10]},
			"faces": {
				"north": {"uv": [0, 0, 0.125, 0.125], "texture": "#0"},
				"east": {"uv": [0, 0, 0, 0.125], "texture": "#0"},
				"south": {"uv": [0.125, 0, 0.3125, 0.125], "texture": "#0"},
				"west": {"uv": [0.125, 0, 0.1875, 0.125], "texture": "#0"},
				"up": {"uv": [0.125, 0, 0, 0], "texture": "#0"},
				"down": {"uv": [0.25, 0, 0.125, 0], "texture": "#0"}
			}
		},
		{
			"from": [9.5, 20, 11.9],
			"to": [13, 31, 12.9],
			"rotation": {"angle": -22.5, "axis": "z", "origin": [10.3, 15, 9.9]},
			"faces": {
				"north": {"uv": [6.875, 8.625, 7.25, 10], "texture": "#0"},
				"east": {"uv": [6.75, 8.625, 6.875, 10], "texture": "#0"},
				"south": {"uv": [7.375, 8.625, 7.8125, 10], "texture": "#0"},
				"west": {"uv": [7.25, 8.625, 7.375, 10], "texture": "#0"},
				"up": {"uv": [7.25, 8.625, 6.875, 8.5], "texture": "#0"},
				"down": {"uv": [7.6875, 8.5, 7.25, 8.625], "texture": "#0"}
			}
		},
		{
			"from": [9, 20, 9.9],
			"to": [13.5, 31, 11.9],
			"rotation": {"angle": -22.5, "axis": "z", "origin": [10.3, 15, 9.9]},
			"faces": {
				"north": {"uv": [3.25, 8.5, 3.75, 9.875], "texture": "#0"},
				"east": {"uv": [3, 8.5, 3.25, 9.875], "texture": "#0"},
				"south": {"uv": [4, 8.5, 4.5, 9.875], "texture": "#0"},
				"west": {"uv": [3.75, 8.5, 4, 9.875], "texture": "#0"},
				"up": {"uv": [3.75, 8.5, 3.25, 8.25], "texture": "#0"},
				"down": {"uv": [4.25, 8.25, 3.75, 8.5], "texture": "#0"}
			}
		},
		{
			"from": [10, 31, 11.9],
			"to": [12.5, 32, 12.4],
			"rotation": {"angle": -22.5, "axis": "z", "origin": [10.3, 15, 9.9]},
			"faces": {
				"north": {"uv": [9.375, 0, 9.625, 0.125], "texture": "#0"},
				"east": {"uv": [9.375, 0, 9.375, 0.125], "texture": "#0"},
				"south": {"uv": [9.625, 0, 9.9375, 0.125], "texture": "#0"},
				"west": {"uv": [9.625, 0, 9.625, 0.125], "texture": "#0"},
				"up": {"uv": [9.625, 0, 9.375, 0.0625], "texture": "#0"},
				"down": {"uv": [9.875, 0, 9.625, 0], "texture": "#0"}
			}
		},
		{
			"from": [9.5, 31, 9.9],
			"to": [13, 32, 11.9],
			"rotation": {"angle": -22.5, "axis": "z", "origin": [10.3, 15, 9.9]},
			"faces": {
				"north": {"uv": [4.75, 0.25, 5.125, 0.375], "texture": "#0"},
				"east": {"uv": [4.5, 0.25, 4.75, 0.375], "texture": "#0"},
				"south": {"uv": [5.375, 0.25, 5.75, 0.375], "texture": "#0"},
				"west": {"uv": [5.125, 0.25, 5.375, 0.375], "texture": "#0"},
				"up": {"uv": [5.125, 0.25, 4.75, 0], "texture": "#0"},
				"down": {"uv": [5.5, 0, 5.125, 0.25], "texture": "#0"}
			}
		}
	],
	"display": {
		"thirdperson_righthand": {
			"rotation": [60, 0, 0],
			"translation": [0, 0.5, 1],
			"scale": [0.2, 0.2, 0.2]
		},
		"thirdperson_lefthand": {
			"rotation": [60, 0, 0],
			"translation": [0, 0.5, 1],
			"scale": [0.2, 0.2, 0.2]
		},
		"firstperson_righthand": {
			"rotation": [0, 100, 0],
			"translation": [0, 3, 0],
			"scale": [0.3, 0.3, 0.3]
		},
		"firstperson_lefthand": {
			"rotation": [0, 100, 0],
			"translation": [0, 3, 0],
			"scale": [0.3, 0.3, 0.3]
		},
		"ground": {
			"translation": [0, -0.5, 0],
			"scale": [0.3, 0.3, 0.3]
		},
		"gui": {
			"rotation": [20, -30, 0],
			"translation": [-0.25, -2.5, 0],
			"scale": [-0.4, 0.4, -0.4]
		},
		"head": {
			"translation": [0, 3, -2.5]
		},
		"fixed": {
			"translation": [0, -3.25, -2],
			"scale": [0.55, 0.55, 0.55]
		}
	}
}