{
	"textures": {
		"0": "mnaf:animatronics/heads/salvage_freddy"
	},
	"elements": [
		{
			"from": [4.89136, 3.44519, 12.94129],
			"to": [10.89136, 11.14519, 13.94129],
			"rotation": {"angle": 0, "axis": "y", "origin": [7.89136, -12.05481, 9.94129]},
			"faces": {
				"north": {"uv": [5.25, 3.25, 6.75, 5.25], "texture": "#0"},
				"east": {"uv": [8.5, 10, 8.75, 12], "texture": "#0"},
				"south": {"uv": [0, 5.75, 1.5, 7.75], "texture": "#0"},
				"west": {"uv": [0.75, 10.75, 1, 12.75], "texture": "#0"},
				"up": {"uv": [13, 2.75, 11.5, 2.5], "texture": "#0"},
				"down": {"uv": [13, 4.5, 11.5, 4.75], "texture": "#0"}
			}
		},
		{
			"from": [3.89136, 3.44519, 5.94129],
			"to": [4.89136, 11.14519, 13.94129],
			"rotation": {"angle": 0, "axis": "y", "origin": [7.89136, -12.05481, 9.94129]},
			"faces": {
				"north": {"uv": [3.25, 10.75, 3.5, 12.75], "texture": "#0"},
				"east": {"uv": [0, 0, 2, 2], "texture": "#0"},
				"south": {"uv": [10.75, 5, 11, 7], "texture": "#0"},
				"west": {"uv": [0, 2, 2, 4], "texture": "#0"},
				"up": {"uv": [3.75, 13, 3.5, 11], "texture": "#0"},
				"down": {"uv": [4, 11, 3.75, 13], "texture": "#0"}
			}
		},
		{
			"from": [10.89136, 3.44519, 5.94129],
			"to": [11.89136, 11.14519, 13.94129],
			"rotation": {"angle": 0, "axis": "y", "origin": [14.89136, -12.05481, 9.94129]},
			"faces": {
				"north": {"uv": [5.25, 11, 5.5, 13], "texture": "#0"},
				"east": {"uv": [2, 2, 4, 4], "texture": "#0"},
				"south": {"uv": [5.5, 11, 5.75, 13], "texture": "#0"},
				"west": {"uv": [2, 0, 4, 2], "texture": "#0"},
				"up": {"uv": [6, 13, 5.75, 11], "texture": "#0"},
				"down": {"uv": [6.25, 11, 6, 13], "texture": "#0"}
			}
		},
		{
			"from": [4.89136, 10.64519, 5.94129],
			"to": [10.89136, 11.14519, 6.94129],
			"rotation": {"angle": 0, "axis": "y", "origin": [13.89136, -10.97604, 9.94129]},
			"faces": {
				"north": {"uv": [11.5, 4.75, 13, 5], "texture": "#0"},
				"east": {"uv": [14.25, 13.75, 14.5, 14], "texture": "#0"},
				"south": {"uv": [11.5, 5, 13, 5.25], "texture": "#0"},
				"west": {"uv": [14.25, 14, 14.5, 14.25], "texture": "#0"},
				"up": {"uv": [13, 5.5, 11.5, 5.25], "texture": "#0"},
				"down": {"uv": [13, 5.5, 11.5, 5.75], "texture": "#0"}
			}
		},
		{
			"from": [7.89136, 10.14519, 5.94129],
			"to": [8.89136, 10.64519, 6.94129],
			"rotation": {"angle": 0, "axis": "y", "origin": [15.89136, -11.47604, 9.94129]},
			"faces": {
				"north": {"uv": [0, 14.5, 0.25, 14.75], "texture": "#0"},
				"east": {"uv": [0.25, 14.5, 0.5, 14.75], "texture": "#0"},
				"south": {"uv": [0.5, 14.5, 0.75, 14.75], "texture": "#0"},
				"west": {"uv": [0.75, 14.5, 1, 14.75], "texture": "#0"},
				"up": {"uv": [1.25, 14.75, 1, 14.5], "texture": "#0"},
				"down": {"uv": [1.5, 14.5, 1.25, 14.75], "texture": "#0"}
			}
		},
		{
			"from": [4.89136, 9.14519, 5.94129],
			"to": [5.89136, 10.64519, 6.94129],
			"rotation": {"angle": 0, "axis": "y", "origin": [12.89136, -11.47604, 9.94129]},
			"faces": {
				"north": {"uv": [13.5, 5.5, 13.75, 6], "texture": "#0"},
				"east": {"uv": [13.5, 6, 13.75, 6.5], "texture": "#0"},
				"south": {"uv": [13.5, 6.5, 13.75, 7], "texture": "#0"},
				"west": {"uv": [13.5, 9, 13.75, 9.5], "texture": "#0"},
				"up": {"uv": [1.75, 14.75, 1.5, 14.5], "texture": "#0"},
				"down": {"uv": [2, 14.5, 1.75, 14.75], "texture": "#0"}
			}
		},
		{
			"from": [9.8952, 9.14519, 5.94129],
			"to": [10.8952, 10.64519, 6.94129],
			"rotation": {"angle": 0, "axis": "y", "origin": [2.8952, -11.47604, 9.94129]},
			"faces": {
				"north": {"uv": [13.5, 9.5, 13.75, 10], "texture": "#0"},
				"east": {"uv": [13.5, 10, 13.75, 10.5], "texture": "#0"},
				"south": {"uv": [13.5, 10.5, 13.75, 11], "texture": "#0"},
				"west": {"uv": [13.5, 11, 13.75, 11.5], "texture": "#0"},
				"up": {"uv": [2.25, 14.75, 2, 14.5], "texture": "#0"},
				"down": {"uv": [2.5, 14.5, 2.25, 14.75], "texture": "#0"}
			}
		},
		{
			"from": [8.39328, 9.64522, 5.995],
			"to": [9.19328, 10.64522, 6.795],
			"rotation": {"angle": 0, "axis": "y", "origin": [15.89136, -11.97604, 9.94129]},
			"faces": {
				"north": {"uv": [2.5, 14.5, 2.75, 14.75], "texture": "#0"},
				"east": {"uv": [2.75, 14.5, 3, 14.75], "texture": "#0"},
				"south": {"uv": [3, 14.5, 3.25, 14.75], "texture": "#0"},
				"west": {"uv": [3.25, 14.5, 3.5, 14.75], "texture": "#0"},
				"up": {"uv": [3.75, 14.75, 3.5, 14.5], "texture": "#0"},
				"down": {"uv": [4, 14.5, 3.75, 14.75], "texture": "#0"}
			}
		},
		{
			"from": [5.39328, 9.64522, 5.995],
			"to": [6.19328, 10.64522, 6.795],
			"rotation": {"angle": 0, "axis": "y", "origin": [12.89136, -11.97604, 9.94129]},
			"faces": {
				"north": {"uv": [4, 14.5, 4.25, 14.75], "texture": "#0"},
				"east": {"uv": [4.25, 14.5, 4.5, 14.75], "texture": "#0"},
				"south": {"uv": [4.5, 14.5, 4.75, 14.75], "texture": "#0"},
				"west": {"uv": [4.75, 14.5, 5, 14.75], "texture": "#0"},
				"up": {"uv": [5.25, 14.75, 5, 14.5], "texture": "#0"},
				"down": {"uv": [5.5, 14.5, 5.25, 14.75], "texture": "#0"}
			}
		},
		{
			"from": [4.89328, 8.64522, 5.995],
			"to": [5.69328, 9.64522, 6.795],
			"rotation": {"angle": 0, "axis": "y", "origin": [11.89136, -12.97604, 9.94129]},
			"faces": {
				"north": {"uv": [5.5, 14.5, 5.75, 14.75], "texture": "#0"},
				"east": {"uv": [5.75, 14.5, 6, 14.75], "texture": "#0"},
				"south": {"uv": [6, 14.5, 6.25, 14.75], "texture": "#0"},
				"west": {"uv": [6.25, 14.5, 6.5, 14.75], "texture": "#0"},
				"up": {"uv": [6.75, 14.75, 6.5, 14.5], "texture": "#0"},
				"down": {"uv": [7, 14.5, 6.75, 14.75], "texture": "#0"}
			}
		},
		{
			"from": [9.69328, 8.64522, 5.995],
			"to": [10.49328, 9.64522, 6.795],
			"rotation": {"angle": 0, "axis": "y", "origin": [3.8952, -12.97604, 9.94129]},
			"faces": {
				"north": {"uv": [7, 14.5, 7.25, 14.75], "texture": "#0"},
				"east": {"uv": [7.25, 14.5, 7.5, 14.75], "texture": "#0"},
				"south": {"uv": [7.5, 14.5, 7.75, 14.75], "texture": "#0"},
				"west": {"uv": [7.75, 14.5, 8, 14.75], "texture": "#0"},
				"up": {"uv": [8.25, 14.75, 8, 14.5], "texture": "#0"},
				"down": {"uv": [8.5, 14.5, 8.25, 14.75], "texture": "#0"}
			}
		},
		{
			"from": [10.69328, 6.64522, 5.995],
			"to": [11.49328, 7.64522, 6.795],
			"rotation": {"angle": 0, "axis": "y", "origin": [4.8952, -14.97604, 9.94129]},
			"faces": {
				"north": {"uv": [8.5, 14.5, 8.75, 14.75], "texture": "#0"},
				"east": {"uv": [8.75, 14.5, 9, 14.75], "texture": "#0"},
				"south": {"uv": [9, 14.5, 9.25, 14.75], "texture": "#0"},
				"west": {"uv": [9.25, 14.5, 9.5, 14.75], "texture": "#0"},
				"up": {"uv": [9.75, 14.75, 9.5, 14.5], "texture": "#0"},
				"down": {"uv": [10, 14.5, 9.75, 14.75], "texture": "#0"}
			}
		},
		{
			"from": [4.88104, 6.34519, 5.94129],
			"to": [5.38104, 6.64519, 6.94129],
			"rotation": {"angle": 0, "axis": "y", "origin": [13.58104, -15.15481, 9.94129]},
			"faces": {
				"north": {"uv": [10, 14.5, 10.25, 14.75], "texture": "#0"},
				"east": {"uv": [10.25, 14.5, 10.5, 14.75], "texture": "#0"},
				"south": {"uv": [10.5, 14.5, 10.75, 14.75], "texture": "#0"},
				"west": {"uv": [10.75, 14.5, 11, 14.75], "texture": "#0"},
				"up": {"uv": [11.25, 14.75, 11, 14.5], "texture": "#0"},
				"down": {"uv": [11.5, 14.5, 11.25, 14.75], "texture": "#0"}
			}
		},
		{
			"from": [9.41104, 6.34519, 5.94129],
			"to": [10.91104, 6.64519, 6.94129],
			"rotation": {"angle": 0, "axis": "y", "origin": [2.08104, -15.15481, 9.94129]},
			"faces": {
				"north": {"uv": [13.5, 11.5, 14, 11.75], "texture": "#0"},
				"east": {"uv": [11.5, 14.5, 11.75, 14.75], "texture": "#0"},
				"south": {"uv": [13.5, 11.75, 14, 12], "texture": "#0"},
				"west": {"uv": [11.75, 14.5, 12, 14.75], "texture": "#0"},
				"up": {"uv": [14, 12.25, 13.5, 12], "texture": "#0"},
				"down": {"uv": [14, 12.25, 13.5, 12.5], "texture": "#0"}
			}
		},
		{
			"from": [4.39136, 3.74519, 13.44129],
			"to": [11.39136, 10.34519, 14.94129],
			"rotation": {"angle": 0, "axis": "y", "origin": [7.39136, -12.05481, 18.94129]},
			"faces": {
				"north": {"uv": [0, 4, 1.75, 5.75], "texture": "#0"},
				"east": {"uv": [3, 9, 3.5, 10.75], "texture": "#0"},
				"south": {"uv": [1.75, 4, 3.5, 5.75], "texture": "#0"},
				"west": {"uv": [3.5, 9.25, 4, 11], "texture": "#0"},
				"up": {"uv": [5.75, 9.75, 4, 9.25], "texture": "#0"},
				"down": {"uv": [11, 0, 9.25, 0.5], "texture": "#0"}
			}
		},
		{
			"from": [4.49136, 2.74519, 11.94129],
			"to": [11.29136, 3.74519, 14.44129],
			"rotation": {"angle": 0, "axis": "y", "origin": [8.49136, -19.05481, 18.94129]},
			"faces": {
				"north": {"uv": [9.75, 9.5, 11.5, 9.75], "texture": "#0"},
				"east": {"uv": [12.75, 2.25, 13.5, 2.5], "texture": "#0"},
				"south": {"uv": [10.75, 1.5, 12.5, 1.75], "texture": "#0"},
				"west": {"uv": [12.75, 4.25, 13.5, 4.5], "texture": "#0"},
				"up": {"uv": [9, 6.5, 7.25, 5.75], "texture": "#0"},
				"down": {"uv": [9.25, 7.5, 7.5, 8.25], "texture": "#0"}
			}
		},
		{
			"from": [5.49136, 2.24519, 12.74129],
			"to": [10.29136, 2.74519, 14.24129],
			"rotation": {"angle": 0, "axis": "y", "origin": [9.49136, -20.05481, 18.94129]},
			"faces": {
				"north": {"uv": [10, 11.75, 11.25, 12], "texture": "#0"},
				"east": {"uv": [13.5, 12.5, 14, 12.75], "texture": "#0"},
				"south": {"uv": [11.25, 11.75, 12.5, 12], "texture": "#0"},
				"west": {"uv": [13.5, 12.75, 14, 13], "texture": "#0"},
				"up": {"uv": [7.75, 11, 6.5, 10.5], "texture": "#0"},
				"down": {"uv": [11.75, 3.25, 10.5, 3.75], "texture": "#0"}
			}
		},
		{
			"from": [5.89136, 2.94519, 10.44129],
			"to": [9.89136, 3.44519, 11.94129],
			"rotation": {"angle": 0, "axis": "y", "origin": [7.89136, -18.55481, 16.44129]},
			"faces": {
				"north": {"uv": [12.5, 0.25, 13.5, 0.5], "texture": "#0"},
				"east": {"uv": [0.5, 13.75, 1, 14], "texture": "#0"},
				"south": {"uv": [12.5, 9, 13.5, 9.25], "texture": "#0"},
				"west": {"uv": [1, 13.75, 1.5, 14], "texture": "#0"},
				"up": {"uv": [11.75, 7.5, 10.75, 7], "texture": "#0"},
				"down": {"uv": [11.75, 7.5, 10.75, 8], "texture": "#0"}
			}
		},
		{
			"from": [5.39136, 4.24519, 14.94129],
			"to": [10.39136, 9.24519, 15.44129],
			"rotation": {"angle": 0, "axis": "y", "origin": [7.39136, -12.05481, 19.44129]},
			"faces": {
				"north": {"uv": [6.25, 6.75, 7.5, 8], "texture": "#0"},
				"east": {"uv": [3, 11.5, 3.25, 12.75], "texture": "#0"},
				"south": {"uv": [6.75, 2.25, 8, 3.5], "texture": "#0"},
				"west": {"uv": [4.75, 11.75, 5, 13], "texture": "#0"},
				"up": {"uv": [13, 0.75, 11.75, 0.5], "texture": "#0"},
				"down": {"uv": [13, 0.75, 11.75, 1], "texture": "#0"}
			}
		},
		{
			"from": [4.49136, 10.94519, 6.54129],
			"to": [11.29136, 11.74519, 13.34129],
			"rotation": {"angle": 0, "axis": "y", "origin": [7.49136, -4.05481, 10.04129]},
			"faces": {
				"north": {"uv": [10.75, 8, 12.5, 8.25], "texture": "#0"},
				"east": {"uv": [10.75, 8.25, 12.5, 8.5], "texture": "#0"},
				"south": {"uv": [10.75, 8.5, 12.5, 8.75], "texture": "#0"},
				"west": {"uv": [11, 0, 12.75, 0.25], "texture": "#0"},
				"up": {"uv": [5.25, 5.75, 3.5, 4], "texture": "#0"},
				"down": {"uv": [5.75, 0, 4, 1.75], "texture": "#0"}
			}
		},
		{
			"from": [5.98432, 11.42, 6.97],
			"to": [9.98432, 12.02, 7.47],
			"rotation": {"angle": 0, "axis": "y", "origin": [5.98432, -2.28, 5.47]},
			"faces": {
				"north": {"uv": [7.25, 9.25, 8, 9.75], "texture": "#0"},
				"east": {"uv": [7.625, 9.5, 7.875, 9.75], "texture": "#0"},
				"south": {"uv": [7.625, 9.25, 8.25, 9.775], "texture": "#0"},
				"west": {"uv": [8, 9.375, 8.25, 9.625], "texture": "#0"},
				"up": {"uv": [8.375, 9.75, 7.375, 9.5], "texture": "#0"},
				"down": {"uv": [8.125, 9.875, 7.125, 10.125], "texture": "#0"}
			}
		},
		{
			"from": [10.48432, 11.42, 7.97],
			"to": [10.98432, 12.02, 11.97],
			"rotation": {"angle": 0, "axis": "y", "origin": [12.48432, -2.28, 8.47]},
			"faces": {
				"north": {"uv": [7.25, 9.25, 8, 9.75], "texture": "#0"},
				"east": {"uv": [7.625, 9.5, 7.875, 9.75], "texture": "#0"},
				"south": {"uv": [7.625, 9.25, 8.25, 9.775], "texture": "#0"},
				"west": {"uv": [8, 9.375, 8.25, 9.625], "texture": "#0"},
				"up": {"uv": [8.375, 9.75, 7.375, 9.5], "texture": "#0"},
				"down": {"uv": [8.5, 9.625, 7.5, 9.875], "texture": "#0"}
			}
		},
		{
			"from": [5.48432, 11.52, 7.47],
			"to": [10.48432, 12.12, 12.47],
			"rotation": {"angle": 0, "axis": "y", "origin": [6.48432, -2.28, 9.97]},
			"faces": {
				"north": {"uv": [7.25, 9.25, 8, 9.75], "texture": "#0"},
				"east": {"uv": [7.625, 9.5, 7.875, 9.75], "texture": "#0"},
				"south": {"uv": [7.625, 9.25, 8.25, 9.775], "texture": "#0"},
				"west": {"uv": [8, 9.375, 8.25, 9.625], "texture": "#0"},
				"up": {"uv": [8.375, 9.75, 7.375, 9.5], "texture": "#0"},
				"down": {"uv": [8.5, 9.625, 7.5, 9.875], "texture": "#0"}
			}
		},
		{
			"from": [5.98432, 11.42, 12.47],
			"to": [9.98432, 12.02, 12.97],
			"rotation": {"angle": 0, "axis": "y", "origin": [5.98432, -2.28, 14.47]},
			"faces": {
				"north": {"uv": [7.25, 9.25, 8, 9.75], "texture": "#0"},
				"east": {"uv": [7.625, 9.5, 7.875, 9.75], "texture": "#0"},
				"south": {"uv": [7.625, 9.25, 8.25, 9.775], "texture": "#0"},
				"west": {"uv": [8, 9.375, 8.25, 9.625], "texture": "#0"},
				"up": {"uv": [8.375, 9.75, 7.375, 9.5], "texture": "#0"},
				"down": {"uv": [8.5, 9.625, 7.5, 9.875], "texture": "#0"}
			}
		},
		{
			"from": [4.98432, 11.42, 7.97],
			"to": [5.48432, 12.02, 11.97],
			"rotation": {"angle": 0, "axis": "y", "origin": [3.48432, -2.28, 8.47]},
			"faces": {
				"north": {"uv": [7.25, 9.25, 8, 9.75], "texture": "#0"},
				"east": {"uv": [7.625, 9.5, 7.875, 9.75], "texture": "#0"},
				"south": {"uv": [7.625, 9.25, 8.25, 9.775], "texture": "#0"},
				"west": {"uv": [8, 9.375, 8.25, 9.625], "texture": "#0"},
				"up": {"uv": [8.375, 9.75, 7.375, 9.5], "texture": "#0"},
				"down": {"uv": [8.5, 9.625, 7.5, 9.875], "texture": "#0"}
			}
		},
		{
			"from": [6.39638, 12.12, 11.07],
			"to": [9.59638, 15.42, 12.27],
			"rotation": {"angle": 0, "axis": "y", "origin": [5.39638, -1.68, 14.17]},
			"faces": {
				"north": {"uv": [7.25, 9.25, 8, 9.75], "texture": "#0"},
				"east": {"uv": [7.625, 9.5, 7.875, 9.75], "texture": "#0"},
				"south": {"uv": [7.625, 9.25, 8.25, 9.775], "texture": "#0"},
				"west": {"uv": [8, 9.375, 8.25, 9.625], "texture": "#0"},
				"up": {"uv": [8.375, 9.75, 7.375, 9.5], "texture": "#0"},
				"down": {"uv": [8.5, 9.625, 7.5, 9.875], "texture": "#0"}
			}
		},
		{
			"from": [5.74463, 12.12, 8.47],
			"to": [6.94463, 15.42, 11.67],
			"rotation": {"angle": 0, "axis": "y", "origin": [3.24463, -1.68, 7.17]},
			"faces": {
				"north": {"uv": [7.25, 9.25, 8, 9.75], "texture": "#0"},
				"east": {"uv": [7.625, 9.5, 7.875, 9.75], "texture": "#0"},
				"south": {"uv": [7.625, 9.25, 8.25, 9.775], "texture": "#0"},
				"west": {"uv": [8, 9.375, 8.25, 9.625], "texture": "#0"},
				"up": {"uv": [8.375, 9.75, 7.375, 9.5], "texture": "#0"},
				"down": {"uv": [8.5, 9.625, 7.5, 9.875], "texture": "#0"}
			}
		},
		{
			"from": [5.89638, 11.72, 7.97],
			"to": [10.09638, 15.72, 12.17],
			"rotation": {"angle": 0, "axis": "y", "origin": [6.89638, -1.08, 10.07]},
			"faces": {
				"north": {"uv": [7.25, 9.25, 8, 9.75], "texture": "#0"},
				"east": {"uv": [7.625, 9.5, 7.875, 9.75], "texture": "#0"},
				"south": {"uv": [7.625, 9.25, 8.25, 9.775], "texture": "#0"},
				"west": {"uv": [8, 9.375, 8.25, 9.625], "texture": "#0"},
				"up": {"uv": [8.375, 9.75, 7.375, 9.5], "texture": "#0"},
				"down": {"uv": [8.5, 9.625, 7.5, 9.875], "texture": "#0"}
			}
		},
		{
			"from": [6.39638, 12.12, 7.67],
			"to": [9.59638, 15.42, 8.87],
			"rotation": {"angle": 0, "axis": "y", "origin": [5.39638, -1.68, 5.77]},
			"faces": {
				"north": {"uv": [6.75, 9, 7.75, 10], "texture": "#0"},
				"east": {"uv": [7.625, 9.5, 7.875, 9.75], "texture": "#0"},
				"south": {"uv": [7.625, 9.25, 8.25, 9.775], "texture": "#0"},
				"west": {"uv": [8, 9.375, 8.25, 9.625], "texture": "#0"},
				"up": {"uv": [8.375, 9.75, 7.375, 9.5], "texture": "#0"},
				"down": {"uv": [8.5, 9.625, 7.5, 9.875], "texture": "#0"}
			}
		},
		{
			"from": [9.14463, 12.12, 8.47],
			"to": [10.34463, 15.42, 11.67],
			"rotation": {"angle": 0, "axis": "y", "origin": [12.84463, -1.68, 7.17]},
			"faces": {
				"north": {"uv": [7.25, 9.25, 8, 9.75], "texture": "#0"},
				"east": {"uv": [7.625, 9.5, 7.875, 9.75], "texture": "#0"},
				"south": {"uv": [7.625, 9.25, 8.25, 9.775], "texture": "#0"},
				"west": {"uv": [8, 9.375, 8.25, 9.625], "texture": "#0"},
				"up": {"uv": [8.375, 9.75, 7.375, 9.5], "texture": "#0"},
				"down": {"uv": [8.5, 9.625, 7.5, 9.875], "texture": "#0"}
			}
		},
		{
			"from": [6.14136, 5.24519, 3.74129],
			"to": [6.64136, 7.04519, 5.04129],
			"rotation": {"angle": 0, "axis": "y", "origin": [2.14136, -10.05481, 0.94129]},
			"faces": {
				"north": {"uv": [12.75, 13.5, 13, 14], "texture": "#0"},
				"east": {"uv": [13, 13.5, 13.25, 14], "texture": "#0"},
				"south": {"uv": [13.25, 13.5, 13.5, 14], "texture": "#0"},
				"west": {"uv": [13.5, 13.5, 13.75, 14], "texture": "#0"},
				"up": {"uv": [14.5, 12.5, 14.25, 12.25], "texture": "#0"},
				"down": {"uv": [14.5, 12.5, 14.25, 12.75], "texture": "#0"}
			}
		},
		{
			"from": [6.64136, 5.44519, 3.44129],
			"to": [9.14136, 7.24519, 5.24129],
			"rotation": {"angle": 0, "axis": "y", "origin": [4.64136, -10.05481, 0.94129]},
			"faces": {
				"north": {"uv": [2.25, 12.75, 2.75, 13.25], "texture": "#0"},
				"east": {"uv": [2.75, 12.75, 3.25, 13.25], "texture": "#0"},
				"south": {"uv": [6.25, 12.75, 6.75, 13.25], "texture": "#0"},
				"west": {"uv": [6.75, 12.75, 7.25, 13.25], "texture": "#0"},
				"up": {"uv": [7.75, 13.25, 7.25, 12.75], "texture": "#0"},
				"down": {"uv": [8.25, 12.75, 7.75, 13.25], "texture": "#0"}
			}
		},
		{
			"from": [6.89136, 6.24519, 3.24129],
			"to": [8.89136, 7.04519, 3.64129],
			"rotation": {"angle": 0, "axis": "y", "origin": [4.89136, -10.05481, -0.55871]},
			"faces": {
				"north": {"uv": [13.5, 0, 14, 0.25], "texture": "#0"},
				"east": {"uv": [14.25, 12.75, 14.5, 13], "texture": "#0"},
				"south": {"uv": [13.5, 0.25, 14, 0.5], "texture": "#0"},
				"west": {"uv": [14.25, 13, 14.5, 13.25], "texture": "#0"},
				"up": {"uv": [14, 1.25, 13.5, 1], "texture": "#0"},
				"down": {"uv": [14, 1.25, 13.5, 1.5], "texture": "#0"}
			}
		},
		{
			"from": [9.14136, 5.24519, 3.74129],
			"to": [9.64136, 7.04519, 5.04129],
			"rotation": {"angle": 0, "axis": "y", "origin": [13.64136, -10.05481, 0.94129]},
			"faces": {
				"north": {"uv": [13.5, 2, 13.75, 2.5], "texture": "#0"},
				"east": {"uv": [13.5, 2.5, 13.75, 3], "texture": "#0"},
				"south": {"uv": [13.5, 3, 13.75, 3.5], "texture": "#0"},
				"west": {"uv": [13.5, 3.5, 13.75, 4], "texture": "#0"},
				"up": {"uv": [14.5, 13.5, 14.25, 13.25], "texture": "#0"},
				"down": {"uv": [14.5, 13.5, 14.25, 13.75], "texture": "#0"}
			}
		},
		{
			"from": [6.89136, 5.44519, 4.94129],
			"to": [8.89136, 6.94519, 5.44129],
			"rotation": {"angle": 0, "axis": "y", "origin": [4.89136, -10.05481, 2.74129]},
			"faces": {
				"north": {"uv": [8.25, 12.75, 8.75, 13.25], "texture": "#0"},
				"east": {"uv": [13.5, 4, 13.75, 4.5], "texture": "#0"},
				"south": {"uv": [8.75, 12.75, 9.25, 13.25], "texture": "#0"},
				"west": {"uv": [13.5, 4.5, 13.75, 5], "texture": "#0"},
				"up": {"uv": [14, 5.25, 13.5, 5], "texture": "#0"},
				"down": {"uv": [14, 5.25, 13.5, 5.5], "texture": "#0"}
			}
		},
		{
			"from": [11.63104, 4.44522, 6.44129],
			"to": [12.63104, 7.44522, 10.44129],
			"rotation": {"angle": 0, "axis": "y", "origin": [15.89136, -11.05481, 9.94129]},
			"faces": {
				"north": {"uv": [5.25, 13, 5.5, 13.75], "texture": "#0"},
				"east": {"uv": [5.5, 9.75, 6.5, 10.5], "texture": "#0"},
				"south": {"uv": [5.5, 13, 5.75, 13.75], "texture": "#0"},
				"west": {"uv": [9.75, 8, 10.75, 8.75], "texture": "#0"},
				"up": {"uv": [12.75, 3.75, 12.5, 2.75], "texture": "#0"},
				"down": {"uv": [12.75, 8, 12.5, 9], "texture": "#0"}
			}
		},
		{
			"from": [3.15167, 4.44522, 6.44129],
			"to": [4.15167, 7.44522, 10.44129],
			"rotation": {"angle": 0, "axis": "y", "origin": [-0.10864, -11.05481, 9.94129]},
			"faces": {
				"north": {"uv": [5.75, 13, 6, 13.75], "texture": "#0"},
				"east": {"uv": [0, 10, 1, 10.75], "texture": "#0"},
				"south": {"uv": [6, 13, 6.25, 13.75], "texture": "#0"},
				"west": {"uv": [2, 10, 3, 10.75], "texture": "#0"},
				"up": {"uv": [1, 13.75, 0.75, 12.75], "texture": "#0"},
				"down": {"uv": [1.25, 12.75, 1, 13.75], "texture": "#0"}
			}
		},
		{
			"from": [11.89136, 7.44519, 7.94129],
			"to": [12.39136, 8.94519, 9.94129],
			"rotation": {"angle": 0, "axis": "y", "origin": [15.89136, -8.05481, 8.94129]},
			"faces": {
				"north": {"uv": [9.75, 13.5, 10, 14], "texture": "#0"},
				"east": {"uv": [12.5, 1.5, 13, 2], "texture": "#0"},
				"south": {"uv": [10, 13.5, 10.25, 14], "texture": "#0"},
				"west": {"uv": [12.5, 9.75, 13, 10.25], "texture": "#0"},
				"up": {"uv": [10.5, 14, 10.25, 13.5], "texture": "#0"},
				"down": {"uv": [10.75, 13.5, 10.5, 14], "texture": "#0"}
			}
		},
		{
			"from": [3.39136, 7.44519, 7.94129],
			"to": [3.89136, 8.94519, 9.94129],
			"rotation": {"angle": 0, "axis": "y", "origin": [-0.10864, -8.05481, 8.94129]},
			"faces": {
				"north": {"uv": [10.75, 13.5, 11, 14], "texture": "#0"},
				"east": {"uv": [1.25, 12.75, 1.75, 13.25], "texture": "#0"},
				"south": {"uv": [11, 13.5, 11.25, 14], "texture": "#0"},
				"west": {"uv": [1.75, 12.75, 2.25, 13.25], "texture": "#0"},
				"up": {"uv": [12, 14, 11.75, 13.5], "texture": "#0"},
				"down": {"uv": [12.25, 13.5, 12, 14], "texture": "#0"}
			}
		},
		{
			"from": [12.63104, 4.94519, 6.94129],
			"to": [12.93104, 6.94519, 9.94129],
			"rotation": {"angle": 0, "axis": "y", "origin": [15.89136, -11.05481, 9.94129]},
			"faces": {
				"north": {"uv": [12.25, 13.5, 12.5, 14], "texture": "#0"},
				"east": {"uv": [7.75, 11.5, 8.5, 12], "texture": "#0"},
				"south": {"uv": [12.5, 13.5, 12.75, 14], "texture": "#0"},
				"west": {"uv": [11.5, 2, 12.25, 2.5], "texture": "#0"},
				"up": {"uv": [11.5, 13.75, 11.25, 13], "texture": "#0"},
				"down": {"uv": [11.75, 13, 11.5, 13.75], "texture": "#0"}
			}
		},
		{
			"from": [2.85167, 4.94519, 6.94129],
			"to": [3.15167, 6.94519, 9.94129],
			"rotation": {"angle": 0, "axis": "y", "origin": [-0.10864, -11.05481, 9.94129]},
			"faces": {
				"north": {"uv": [9.25, 13.5, 9.5, 14], "texture": "#0"},
				"east": {"uv": [2.25, 11.5, 3, 12], "texture": "#0"},
				"south": {"uv": [9.5, 13.5, 9.75, 14], "texture": "#0"},
				"west": {"uv": [4, 11.5, 4.75, 12], "texture": "#0"},
				"up": {"uv": [4.75, 13.75, 4.5, 13], "texture": "#0"},
				"down": {"uv": [5, 13, 4.75, 13.75], "texture": "#0"}
			}
		},
		{
			"from": [4.88842, 4.11872, 10.49264],
			"to": [6.88842, 4.81872, 11.99264],
			"rotation": {"angle": 0, "axis": "y", "origin": [4.39136, -16.75481, 7.94129]},
			"faces": {
				"north": {"uv": [13.25, 8.75, 13.75, 9], "texture": "#0"},
				"east": {"uv": [13.25, 13, 13.75, 13.25], "texture": "#0"},
				"south": {"uv": [1.25, 13.5, 1.75, 13.75], "texture": "#0"},
				"west": {"uv": [2.25, 13.5, 2.75, 13.75], "texture": "#0"},
				"up": {"uv": [12.75, 1.5, 12.25, 1], "texture": "#0"},
				"down": {"uv": [12.75, 2, 12.25, 2.5], "texture": "#0"}
			}
		},
		{
			"from": [3.88842, 1.74519, 10.34264],
			"to": [4.88842, 5.44519, 12.14264],
			"rotation": {"angle": 0, "axis": "y", "origin": [2.39136, -19.75481, 7.94129]},
			"faces": {
				"north": {"uv": [5, 11.75, 5.25, 12.75], "texture": "#0"},
				"east": {"uv": [4.5, 7, 5, 8], "texture": "#0"},
				"south": {"uv": [0.5, 12, 0.75, 13], "texture": "#0"},
				"west": {"uv": [4.75, 10.75, 5.25, 11.75], "texture": "#0"},
				"up": {"uv": [3, 14, 2.75, 13.5], "texture": "#0"},
				"down": {"uv": [3.25, 13.5, 3, 14], "texture": "#0"}
			}
		},
		{
			"from": [4.88842, 1.74519, 10.23701],
			"to": [10.88842, 4.44519, 12.23701],
			"rotation": {"angle": 0, "axis": "y", "origin": [9.88842, -19.75481, 7.94129]},
			"faces": {
				"north": {"uv": [8, 2, 9.5, 2.75], "texture": "#0"},
				"east": {"uv": [7.25, 11.25, 7.75, 12], "texture": "#0"},
				"south": {"uv": [8, 2.75, 9.5, 3.5], "texture": "#0"},
				"west": {"uv": [11.25, 3.75, 11.75, 4.5], "texture": "#0"},
				"up": {"uv": [10.75, 8, 9.25, 7.5], "texture": "#0"},
				"down": {"uv": [11, 1.75, 9.5, 2.25], "texture": "#0"}
			}
		},
		{
			"from": [10.88842, 1.74519, 10.34264],
			"to": [11.88842, 5.44519, 12.14264],
			"rotation": {"angle": 0, "axis": "y", "origin": [13.38548, -19.75481, 7.94129]},
			"faces": {
				"north": {"uv": [4.5, 12, 4.75, 13], "texture": "#0"},
				"east": {"uv": [9.75, 10.75, 10.25, 11.75], "texture": "#0"},
				"south": {"uv": [12.25, 2.75, 12.5, 3.75], "texture": "#0"},
				"west": {"uv": [10.25, 10.75, 10.75, 11.75], "texture": "#0"},
				"up": {"uv": [3.5, 14, 3.25, 13.5], "texture": "#0"},
				"down": {"uv": [4.25, 13.5, 4, 14], "texture": "#0"}
			}
		},
		{
			"from": [8.88842, 4.11872, 10.49264],
			"to": [10.88842, 4.81872, 11.99264],
			"rotation": {"angle": 0, "axis": "y", "origin": [11.38548, -16.75481, 7.94129]},
			"faces": {
				"north": {"uv": [6.75, 13.5, 7.25, 13.75], "texture": "#0"},
				"east": {"uv": [7.25, 13.5, 7.75, 13.75], "texture": "#0"},
				"south": {"uv": [8.25, 13.5, 8.75, 13.75], "texture": "#0"},
				"west": {"uv": [8.75, 13.5, 9.25, 13.75], "texture": "#0"},
				"up": {"uv": [12.75, 4.25, 12.25, 3.75], "texture": "#0"},
				"down": {"uv": [12.75, 6.5, 12.25, 7], "texture": "#0"}
			}
		},
		{
			"from": [4.03104, 3.81872, 5.82445],
			"to": [11.63104, 5.31872, 7.82445],
			"rotation": {"angle": -22.5, "axis": "x", "origin": [18.03104, 11.43233, 13.82445]},
			"faces": {
				"north": {"uv": [8.5, 4.5, 10.5, 5], "texture": "#0"},
				"east": {"uv": [12.25, 7, 12.75, 7.5], "texture": "#0"},
				"south": {"uv": [3.75, 8.75, 5.75, 9.25], "texture": "#0"},
				"west": {"uv": [12.25, 7.5, 12.75, 8], "texture": "#0"},
				"up": {"uv": [10.75, 1.25, 8.75, 0.75], "texture": "#0"},
				"down": {"uv": [10.75, 1.25, 8.75, 1.75], "texture": "#0"}
			}
		},
		{
			"from": [4.88842, 3.31872, 5.195],
			"to": [10.88842, 5.31872, 8.495],
			"rotation": {"angle": -22.5, "axis": "x", "origin": [18.88842, 10.6101, 14.25357]},
			"faces": {
				"north": {"uv": [9.5, 2.25, 11, 2.75], "texture": "#0"},
				"east": {"uv": [11.25, 8.75, 12, 9.25], "texture": "#0"},
				"south": {"uv": [9.5, 2.75, 11, 3.25], "texture": "#0"},
				"west": {"uv": [11.25, 9.75, 12, 10.25], "texture": "#0"},
				"up": {"uv": [8.25, 9, 6.75, 8.25], "texture": "#0"},
				"down": {"uv": [9.75, 8.25, 8.25, 9], "texture": "#0"}
			}
		},
		{
			"from": [5.88842, 4.11872, 5.56072],
			"to": [9.88842, 6.11872, 8.86072],
			"rotation": {"angle": -22.5, "axis": "x", "origin": [19.88842, 11.75815, 17.02521]},
			"faces": {
				"north": {"uv": [10.5, 4.5, 11.5, 5], "texture": "#0"},
				"east": {"uv": [0, 11.5, 0.75, 12], "texture": "#0"},
				"south": {"uv": [10.75, 10.75, 11.75, 11.25], "texture": "#0"},
				"west": {"uv": [1.5, 11.5, 2.25, 12], "texture": "#0"},
				"up": {"uv": [5, 4, 4, 3.25], "texture": "#0"},
				"down": {"uv": [2, 9.75, 1, 10.5], "texture": "#0"}
			}
		},
		{
			"from": [4.93104, 0.61872, 3.54264],
			"to": [10.73104, 2.11872, 4.04264],
			"rotation": {"angle": 0, "axis": "y", "origin": [16.93104, 9.3368, 11.84701]},
			"faces": {
				"north": {"uv": [4, 9.75, 5.5, 10.25], "texture": "#0"},
				"east": {"uv": [4.25, 13.5, 4.5, 14], "texture": "#0"},
				"south": {"uv": [9.75, 9.75, 11.25, 10.25], "texture": "#0"},
				"west": {"uv": [5, 13.5, 5.25, 14], "texture": "#0"},
				"up": {"uv": [12.75, 9.5, 11.25, 9.25], "texture": "#0"},
				"down": {"uv": [13, 11.5, 11.5, 11.75], "texture": "#0"}
			}
		},
		{
			"from": [4.43104, 0.3368, 4.04264],
			"to": [11.23104, 2.3368, 5.84264],
			"rotation": {"angle": 0, "axis": "y", "origin": [17.43104, 9.3368, 12.34701]},
			"faces": {
				"north": {"uv": [8.75, 9, 10.5, 9.5], "texture": "#0"},
				"east": {"uv": [12.25, 10.25, 12.75, 10.75], "texture": "#0"},
				"south": {"uv": [9, 5, 10.75, 5.5], "texture": "#0"},
				"west": {"uv": [12.25, 10.75, 12.75, 11.25], "texture": "#0"},
				"up": {"uv": [10.75, 6, 9, 5.5], "texture": "#0"},
				"down": {"uv": [10.75, 6, 9, 6.5], "texture": "#0"}
			}
		},
		{
			"from": [3.95973, 0.31872, 5.34701],
			"to": [11.75973, 2.31872, 9.34701],
			"rotation": {"angle": 0, "axis": "y", "origin": [17.95973, 9.3368, 16.34701]},
			"faces": {
				"north": {"uv": [8.75, 6.5, 10.75, 7], "texture": "#0"},
				"east": {"uv": [10.75, 0.5, 11.75, 1], "texture": "#0"},
				"south": {"uv": [8.75, 7, 10.75, 7.5], "texture": "#0"},
				"west": {"uv": [10.75, 1, 11.75, 1.5], "texture": "#0"},
				"up": {"uv": [3.5, 6.75, 1.5, 5.75], "texture": "#0"},
				"down": {"uv": [7.75, 0, 5.75, 1], "texture": "#0"}
			}
		},
		{
			"from": [4.69968, 2.16642, 6.695],
			"to": [5.19968, 2.96642, 7.695],
			"rotation": {"angle": 0, "axis": "y", "origin": [-2.14796, 10.6368, 14.04264]},
			"faces": {
				"north": {"uv": [11.25, 14.25, 11.5, 14.5], "texture": "#0"},
				"east": {"uv": [11.5, 14.25, 11.75, 14.5], "texture": "#0"},
				"south": {"uv": [11.75, 14.25, 12, 14.5], "texture": "#0"},
				"west": {"uv": [12, 14.25, 12.25, 14.5], "texture": "#0"},
				"up": {"uv": [12.5, 14.5, 12.25, 14.25], "texture": "#0"},
				"down": {"uv": [12.75, 14.25, 12.5, 14.5], "texture": "#0"}
			}
		},
		{
			"from": [4.69968, 2.16642, 5.495],
			"to": [5.19968, 2.96642, 6.495],
			"rotation": {"angle": 0, "axis": "y", "origin": [-2.14796, 10.6368, 13.04264]},
			"faces": {
				"north": {"uv": [12.75, 14.25, 13, 14.5], "texture": "#0"},
				"east": {"uv": [13, 14.25, 13.25, 14.5], "texture": "#0"},
				"south": {"uv": [13.25, 14.25, 13.5, 14.5], "texture": "#0"},
				"west": {"uv": [13.5, 14.25, 13.75, 14.5], "texture": "#0"},
				"up": {"uv": [14, 14.5, 13.75, 14.25], "texture": "#0"},
				"down": {"uv": [14.25, 14.25, 14, 14.5], "texture": "#0"}
			}
		},
		{
			"from": [5.23785, 1.86642, 4.795],
			"to": [6.23785, 2.66642, 5.295],
			"rotation": {"angle": 0, "axis": "y", "origin": [12.85204, 10.6368, 12.04264]},
			"faces": {
				"north": {"uv": [14.25, 14.25, 14.5, 14.5], "texture": "#0"},
				"east": {"uv": [14.25, 0, 14.5, 0.25], "texture": "#0"},
				"south": {"uv": [14.25, 0.25, 14.5, 0.5], "texture": "#0"},
				"west": {"uv": [14.25, 0.5, 14.5, 0.75], "texture": "#0"},
				"up": {"uv": [14.5, 1, 14.25, 0.75], "texture": "#0"},
				"down": {"uv": [14.5, 1, 14.25, 1.25], "texture": "#0"}
			}
		},
		{
			"from": [6.43104, 2.06642, 4.595],
			"to": [7.43104, 2.66642, 5.095],
			"rotation": {"angle": 0, "axis": "y", "origin": [13.85204, 10.6368, 12.04264]},
			"faces": {
				"north": {"uv": [14.25, 1.25, 14.5, 1.5], "texture": "#0"},
				"east": {"uv": [14.25, 1.5, 14.5, 1.75], "texture": "#0"},
				"south": {"uv": [14.25, 1.75, 14.5, 2], "texture": "#0"},
				"west": {"uv": [14.25, 2, 14.5, 2.25], "texture": "#0"},
				"up": {"uv": [14.5, 2.5, 14.25, 2.25], "texture": "#0"},
				"down": {"uv": [14.5, 2.5, 14.25, 2.75], "texture": "#0"}
			}
		},
		{
			"from": [8.13104, 2.06642, 4.595],
			"to": [9.13104, 2.66642, 5.095],
			"rotation": {"angle": 0, "axis": "y", "origin": [1.81004, 10.6368, 12.04264]},
			"faces": {
				"north": {"uv": [14.25, 2.75, 14.5, 3], "texture": "#0"},
				"east": {"uv": [14.25, 3, 14.5, 3.25], "texture": "#0"},
				"south": {"uv": [14.25, 3.25, 14.5, 3.5], "texture": "#0"},
				"west": {"uv": [14.25, 3.5, 14.5, 3.75], "texture": "#0"},
				"up": {"uv": [14.5, 4, 14.25, 3.75], "texture": "#0"},
				"down": {"uv": [14.5, 4, 14.25, 4.25], "texture": "#0"}
			}
		},
		{
			"from": [9.42423, 1.86642, 4.795],
			"to": [10.42423, 2.66642, 5.295],
			"rotation": {"angle": 0, "axis": "y", "origin": [2.81004, 10.6368, 12.04264]},
			"faces": {
				"north": {"uv": [14.25, 4.25, 14.5, 4.5], "texture": "#0"},
				"east": {"uv": [14.25, 4.5, 14.5, 4.75], "texture": "#0"},
				"south": {"uv": [14.25, 4.75, 14.5, 5], "texture": "#0"},
				"west": {"uv": [14.25, 5, 14.5, 5.25], "texture": "#0"},
				"up": {"uv": [14.5, 5.5, 14.25, 5.25], "texture": "#0"},
				"down": {"uv": [14.5, 5.5, 14.25, 5.75], "texture": "#0"}
			}
		},
		{
			"from": [10.4624, 2.16642, 5.495],
			"to": [10.9624, 2.96642, 6.495],
			"rotation": {"angle": 0, "axis": "y", "origin": [17.81004, 10.6368, 13.04264]},
			"faces": {
				"north": {"uv": [14.25, 5.75, 14.5, 6], "texture": "#0"},
				"east": {"uv": [14.25, 6, 14.5, 6.25], "texture": "#0"},
				"south": {"uv": [14.25, 6.25, 14.5, 6.5], "texture": "#0"},
				"west": {"uv": [14.25, 6.5, 14.5, 6.75], "texture": "#0"},
				"up": {"uv": [14.5, 7, 14.25, 6.75], "texture": "#0"},
				"down": {"uv": [14.5, 7, 14.25, 7.25], "texture": "#0"}
			}
		},
		{
			"from": [10.4624, 2.16642, 6.695],
			"to": [10.9624, 2.96642, 7.695],
			"rotation": {"angle": 0, "axis": "y", "origin": [17.81004, 10.6368, 14.04264]},
			"faces": {
				"north": {"uv": [14.25, 7.25, 14.5, 7.5], "texture": "#0"},
				"east": {"uv": [14.25, 7.5, 14.5, 7.75], "texture": "#0"},
				"south": {"uv": [14.25, 7.75, 14.5, 8], "texture": "#0"},
				"west": {"uv": [14.25, 8, 14.5, 8.25], "texture": "#0"},
				"up": {"uv": [14.5, 8.5, 14.25, 8.25], "texture": "#0"},
				"down": {"uv": [14.5, 8.5, 14.25, 8.75], "texture": "#0"}
			}
		},
		{
			"from": [4.89328, 6.56642, 6.195],
			"to": [10.89328, 11.06642, 6.195],
			"rotation": {"angle": 0, "axis": "y", "origin": [13.89328, 18.56642, 14.195]},
			"faces": {
				"north": {"uv": [3.5, 5.75, 5, 7], "texture": "#0"},
				"east": {"uv": [0, 0, 0, 1.25], "texture": "#0"},
				"south": {"uv": [6, 1, 7.5, 2.25], "texture": "#0"},
				"west": {"uv": [0, 0, 0, 1.25], "texture": "#0"},
				"up": {"uv": [1.5, 0, 0, 0], "texture": "#0"},
				"down": {"uv": [1.5, 0, 0, 0], "texture": "#0"}
			}
		},
		{
			"from": [10.89328, 13.86642, 7.445],
			"to": [15.39328, 15.36642, 8.945],
			"rotation": {"angle": 22.5, "axis": "z", "origin": [21.89328, 7.56642, 16.195]},
			"faces": {
				"north": {"uv": [6.5, 10, 7.75, 10.5], "texture": "#0"},
				"east": {"uv": [6.75, 12, 7.25, 12.5], "texture": "#0"},
				"south": {"uv": [4, 10.25, 5.25, 10.75], "texture": "#0"},
				"west": {"uv": [7.25, 12, 7.75, 12.5], "texture": "#0"},
				"up": {"uv": [11, 10.75, 9.75, 10.25], "texture": "#0"},
				"down": {"uv": [6.5, 10.5, 5.25, 11], "texture": "#0"}
			}
		},
		{
			"from": [10.49328, 13.71642, 7.695],
			"to": [10.99328, 14.71642, 8.695],
			"rotation": {"angle": 22.5, "axis": "z", "origin": [20.9694, 7.18374, 16.195]},
			"faces": {
				"north": {"uv": [14.25, 8.75, 14.5, 9], "texture": "#0"},
				"east": {"uv": [14.25, 9, 14.5, 9.25], "texture": "#0"},
				"south": {"uv": [14.25, 9.25, 14.5, 9.5], "texture": "#0"},
				"west": {"uv": [14.25, 9.5, 14.5, 9.75], "texture": "#0"},
				"up": {"uv": [14.5, 10, 14.25, 9.75], "texture": "#0"},
				"down": {"uv": [14.5, 10, 14.25, 10.25], "texture": "#0"}
			}
		},
		{
			"from": [14.89328, 15.31642, 7.345],
			"to": [16.49328, 17.11642, 9.145],
			"rotation": {"angle": 22.5, "axis": "z", "origin": [25.5888, 9.09715, 16.195]},
			"faces": {
				"north": {"uv": [7.75, 12, 8.25, 12.5], "texture": "#0"},
				"east": {"uv": [8.25, 12, 8.75, 12.5], "texture": "#0"},
				"south": {"uv": [8.75, 12, 9.25, 12.5], "texture": "#0"},
				"west": {"uv": [9.25, 12, 9.75, 12.5], "texture": "#0"},
				"up": {"uv": [10.25, 12.5, 9.75, 12], "texture": "#0"},
				"down": {"uv": [10.75, 12, 10.25, 12.5], "texture": "#0"}
			}
		},
		{
			"from": [15.39328, 15.21642, 7.245],
			"to": [15.89328, 17.21642, 9.245],
			"rotation": {"angle": 22.5, "axis": "z", "origin": [25.5888, 9.09715, 16.195]},
			"faces": {
				"north": {"uv": [13.25, 9.25, 13.5, 9.75], "texture": "#0"},
				"east": {"uv": [10.75, 12, 11.25, 12.5], "texture": "#0"},
				"south": {"uv": [13.75, 10.5, 14, 11], "texture": "#0"},
				"west": {"uv": [11.25, 12, 11.75, 12.5], "texture": "#0"},
				"up": {"uv": [13.5, 12.25, 13.25, 11.75], "texture": "#0"},
				"down": {"uv": [13.5, 12.25, 13.25, 12.75], "texture": "#0"}
			}
		},
		{
			"name": "wire",
			"from": [9.69328, 6.56642, 3.195],
			"to": [10.69328, 6.56642, 6.195],
			"rotation": {"angle": 0, "axis": "y", "origin": [17.89328, 13.56642, 13.195]},
			"faces": {
				"north": {"uv": [0, 0, 0.25, 0], "texture": "#0"},
				"east": {"uv": [0, 0, 0.75, 0], "texture": "#0"},
				"south": {"uv": [0, 0, 0.25, 0], "texture": "#0"},
				"west": {"uv": [0, 0, 0.75, 0], "texture": "#0"},
				"up": {"uv": [11.125, 16, 9.875, 14.875], "texture": "#0"},
				"down": {"uv": [11.125, 14.75, 9.5, 15.875], "texture": "#0"}
			}
		},
		{
			"name": "wire",
			"from": [9.69328, 4.56742, 3.194],
			"to": [10.69328, 6.56742, 3.194],
			"rotation": {"angle": 0, "axis": "y", "origin": [17.89328, 13.56742, -3.806]},
			"faces": {
				"north": {"uv": [9.875, 14.875, 11.125, 16], "texture": "#0"},
				"east": {"uv": [0, 0, 0, 0.5], "texture": "#0"},
				"south": {"uv": [9.75, 14.875, 11.5, 16], "texture": "#0"},
				"west": {"uv": [0, 0, 0, 0.5], "texture": "#0"},
				"up": {"uv": [0.25, 0, 0, 0], "texture": "#0"},
				"down": {"uv": [0.25, 0, 0, 0], "texture": "#0"}
			}
		},
		{
			"name": "wire",
			"from": [9.19328, 2.56742, 3.194],
			"to": [11.19328, 4.56742, 3.194],
			"rotation": {"angle": 0, "axis": "y", "origin": [17.89328, 11.56742, -3.806]},
			"faces": {
				"north": {"uv": [11.875, 14.875, 13.125, 16], "texture": "#0"},
				"east": {"uv": [0, 0, 0, 0.5], "texture": "#0"},
				"south": {"uv": [11.875, 14.875, 13.125, 16], "texture": "#0"},
				"west": {"uv": [0, 0, 0, 0.5], "texture": "#0"},
				"up": {"uv": [0.5, 0, 0, 0], "texture": "#0"},
				"down": {"uv": [0.5, 0, 0, 0], "texture": "#0"}
			}
		},
		{
			"from": [3.89136, 1.75, 6.2],
			"to": [8.89136, 7.75, 6.2],
			"rotation": {"angle": 22.5, "axis": "x", "origin": [11.89136, 9.93187, 14.09677]},
			"faces": {
				"north": {"uv": [0, 7.75, 1, 9], "texture": "#0"},
				"east": {"uv": [0, 0, 0, 1.75], "texture": "#0"},
				"south": {"uv": [0, 0, 1.25, 1.75], "texture": "#0"},
				"west": {"uv": [0, 0, 0, 1.75], "texture": "#0"},
				"up": {"uv": [0, 0, 1.25, 0], "texture": "#0"},
				"down": {"uv": [0, 0, 1.25, 0], "texture": "#0"}
			}
		},
		{
			"from": [5, -0.25, 7.1],
			"to": [7, 1.75, 7.1],
			"rotation": {"angle": 45, "axis": "x", "origin": [13, 7.75, 15]},
			"faces": {
				"north": {"uv": [12, 9.75, 12.5, 10.25], "texture": "#0"},
				"east": {"uv": [0, 0, 0, 0.5], "texture": "#0"},
				"south": {"uv": [0, 0, 0.5, 0.5], "texture": "#0"},
				"west": {"uv": [0, 0, 0, 0.5], "texture": "#0"},
				"up": {"uv": [0, 0, 0.5, 0], "texture": "#0"},
				"down": {"uv": [0, 0, 0.5, 0], "texture": "#0"}
			}
		},
		{
			"from": [5.49776, 1.56642, 8.495],
			"to": [10.49776, 5.56642, 9.495],
			"rotation": {"angle": 0, "axis": "y", "origin": [14.99776, 9.56642, 16.195]},
			"faces": {
				"north": {"uv": [7.5, 1, 8.75, 2], "texture": "#0"},
				"east": {"uv": [5, 5.75, 5.25, 6.75], "texture": "#0"},
				"south": {"uv": [7.5, 6.5, 8.75, 7.5], "texture": "#0"},
				"west": {"uv": [2.5, 8, 2.75, 9], "texture": "#0"},
				"up": {"uv": [12.75, 6, 11.5, 5.75], "texture": "#0"},
				"down": {"uv": [12.75, 6, 11.5, 6.25], "texture": "#0"}
			}
		},
		{
			"from": [-1.00224, 3.99104, 8.545],
			"to": [-0.00224, 6.99104, 9.345],
			"rotation": {"angle": 45, "axis": "z", "origin": [4.35131, 11.99104, 15.545]},
			"faces": {
				"north": {"uv": [9.25, 12.75, 9.5, 13.5], "texture": "#0"},
				"east": {"uv": [9.5, 12.75, 9.75, 13.5], "texture": "#0"},
				"south": {"uv": [9.75, 12.75, 10, 13.5], "texture": "#0"},
				"west": {"uv": [10, 12.75, 10.25, 13.5], "texture": "#0"},
				"up": {"uv": [2, 10.75, 1.75, 10.5], "texture": "#0"},
				"down": {"uv": [1.75, 11.25, 1.5, 11.5], "texture": "#0"}
			}
		},
		{
			"from": [15.66432, 3.99104, 8.545],
			"to": [16.66432, 6.99104, 9.345],
			"rotation": {"angle": -45, "axis": "z", "origin": [11.31077, 11.99104, 15.545]},
			"faces": {
				"north": {"uv": [10.25, 12.75, 10.5, 13.5], "texture": "#0"},
				"east": {"uv": [10.5, 12.75, 10.75, 13.5], "texture": "#0"},
				"south": {"uv": [10.75, 12.75, 11, 13.5], "texture": "#0"},
				"west": {"uv": [11, 12.75, 11.25, 13.5], "texture": "#0"},
				"up": {"uv": [13, 9, 12.75, 8.75], "texture": "#0"},
				"down": {"uv": [1.75, 13.75, 1.5, 14], "texture": "#0"}
			}
		},
		{
			"from": [3.99776, 4.56642, 8.195],
			"to": [11.79776, 10.56642, 9.695],
			"rotation": {"angle": 0, "axis": "y", "origin": [13.99776, 13.56642, 16.195]},
			"faces": {
				"north": {"uv": [4, 1.75, 6, 3.25], "texture": "#0"},
				"east": {"uv": [8.75, 9.5, 9.25, 11], "texture": "#0"},
				"south": {"uv": [5.25, 5.25, 7.25, 6.75], "texture": "#0"},
				"west": {"uv": [9.25, 9.5, 9.75, 11], "texture": "#0"},
				"up": {"uv": [10.5, 4, 8.5, 3.5], "texture": "#0"},
				"down": {"uv": [10.5, 4, 8.5, 4.5], "texture": "#0"}
			}
		},
		{
			"from": [4.29776, 10.56642, 8.495],
			"to": [6.29776, 10.86642, 9.295],
			"rotation": {"angle": 0, "axis": "y", "origin": [13.99776, 19.56642, 16.195]},
			"faces": {
				"north": {"uv": [9.25, 8, 9.75, 8.25], "texture": "#0"},
				"east": {"uv": [1.75, 13.75, 2, 14], "texture": "#0"},
				"south": {"uv": [13, 4, 13.5, 4.25], "texture": "#0"},
				"west": {"uv": [2, 13.75, 2.25, 14], "texture": "#0"},
				"up": {"uv": [13.5, 10, 13, 9.75], "texture": "#0"},
				"down": {"uv": [13.5, 10, 13, 10.25], "texture": "#0"}
			}
		},
		{
			"from": [6.49776, 10.56642, 8.695],
			"to": [6.99776, 10.86642, 9.195],
			"rotation": {"angle": 0, "axis": "y", "origin": [15.99776, 19.56642, 16.195]},
			"faces": {
				"north": {"uv": [2.25, 13.75, 2.5, 14], "texture": "#0"},
				"east": {"uv": [2.5, 13.75, 2.75, 14], "texture": "#0"},
				"south": {"uv": [3.5, 13.75, 3.75, 14], "texture": "#0"},
				"west": {"uv": [3.75, 13.75, 4, 14], "texture": "#0"},
				"up": {"uv": [4.75, 14, 4.5, 13.75], "texture": "#0"},
				"down": {"uv": [5, 13.75, 4.75, 14], "texture": "#0"}
			}
		},
		{
			"from": [7.29776, 10.56642, 8.695],
			"to": [7.79776, 10.86642, 9.195],
			"rotation": {"angle": 0, "axis": "y", "origin": [15.99776, 19.56642, 16.195]},
			"faces": {
				"north": {"uv": [5.25, 13.75, 5.5, 14], "texture": "#0"},
				"east": {"uv": [5.5, 13.75, 5.75, 14], "texture": "#0"},
				"south": {"uv": [5.75, 13.75, 6, 14], "texture": "#0"},
				"west": {"uv": [6, 13.75, 6.25, 14], "texture": "#0"},
				"up": {"uv": [6.5, 14, 6.25, 13.75], "texture": "#0"},
				"down": {"uv": [6.75, 13.75, 6.5, 14], "texture": "#0"}
			}
		},
		{
			"from": [9.69776, 10.56642, 8.495],
			"to": [11.69776, 10.86642, 9.295],
			"rotation": {"angle": 0, "axis": "y", "origin": [1.99776, 19.56642, 16.195]},
			"faces": {
				"north": {"uv": [13, 10.25, 13.5, 10.5], "texture": "#0"},
				"east": {"uv": [6.75, 13.75, 7, 14], "texture": "#0"},
				"south": {"uv": [13, 10.5, 13.5, 10.75], "texture": "#0"},
				"west": {"uv": [7, 13.75, 7.25, 14], "texture": "#0"},
				"up": {"uv": [13.5, 11, 13, 10.75], "texture": "#0"},
				"down": {"uv": [13.5, 11, 13, 11.25], "texture": "#0"}
			}
		},
		{
			"from": [4.99776, 6.56642, 7.695],
			"to": [6.99776, 8.56642, 8.495],
			"rotation": {"angle": 0, "axis": "y", "origin": [13.99776, 13.56642, 15.195]},
			"faces": {
				"north": {"uv": [11.75, 10.75, 12.25, 11.25], "texture": "#0"},
				"east": {"uv": [13, 11.25, 13.25, 11.75], "texture": "#0"},
				"south": {"uv": [0, 12, 0.5, 12.5], "texture": "#0"},
				"west": {"uv": [13, 12.25, 13.25, 12.75], "texture": "#0"},
				"up": {"uv": [13.5, 13, 13, 12.75], "texture": "#0"},
				"down": {"uv": [1.75, 13.25, 1.25, 13.5], "texture": "#0"}
			}
		},
		{
			"from": [5.99776, 8.69108, 7.75334],
			"to": [6.49776, 9.19108, 8.25334],
			"rotation": {"angle": 0, "axis": "y", "origin": [14.99776, 15.69108, 15.25334]},
			"faces": {
				"north": {"uv": [7.25, 13.75, 7.5, 14], "texture": "#0"},
				"east": {"uv": [7.5, 13.75, 7.75, 14], "texture": "#0"},
				"south": {"uv": [7.75, 13.75, 8, 14], "texture": "#0"},
				"west": {"uv": [8, 13.75, 8.25, 14], "texture": "#0"},
				"up": {"uv": [8.5, 14, 8.25, 13.75], "texture": "#0"},
				"down": {"uv": [8.75, 13.75, 8.5, 14], "texture": "#0"}
			}
		},
		{
			"from": [5.99776, 5.94176, 7.75334],
			"to": [6.49776, 6.44176, 8.25334],
			"rotation": {"angle": 0, "axis": "y", "origin": [14.99776, -0.55824, 15.25334]},
			"faces": {
				"north": {"uv": [8.75, 13.75, 9, 14], "texture": "#0"},
				"east": {"uv": [9, 13.75, 9.25, 14], "texture": "#0"},
				"south": {"uv": [11.25, 13.75, 11.5, 14], "texture": "#0"},
				"west": {"uv": [11.5, 13.75, 11.75, 14], "texture": "#0"},
				"up": {"uv": [14, 14, 13.75, 13.75], "texture": "#0"},
				"down": {"uv": [14, 0.5, 13.75, 0.75], "texture": "#0"}
			}
		},
		{
			"from": [9.49776, 8.69108, 7.75334],
			"to": [9.99776, 9.19108, 8.25334],
			"rotation": {"angle": 0, "axis": "y", "origin": [0.99776, 15.69108, 15.25334]},
			"faces": {
				"north": {"uv": [13.75, 0.75, 14, 1], "texture": "#0"},
				"east": {"uv": [13.75, 1.5, 14, 1.75], "texture": "#0"},
				"south": {"uv": [13.75, 1.75, 14, 2], "texture": "#0"},
				"west": {"uv": [13.75, 2, 14, 2.25], "texture": "#0"},
				"up": {"uv": [14, 2.5, 13.75, 2.25], "texture": "#0"},
				"down": {"uv": [14, 2.5, 13.75, 2.75], "texture": "#0"}
			}
		},
		{
			"from": [9.49776, 5.94176, 7.75334],
			"to": [9.99776, 6.44176, 8.25334],
			"rotation": {"angle": 0, "axis": "y", "origin": [0.99776, -0.55824, 15.25334]},
			"faces": {
				"north": {"uv": [13.75, 2.75, 14, 3], "texture": "#0"},
				"east": {"uv": [13.75, 3, 14, 3.25], "texture": "#0"},
				"south": {"uv": [13.75, 3.25, 14, 3.5], "texture": "#0"},
				"west": {"uv": [13.75, 3.5, 14, 3.75], "texture": "#0"},
				"up": {"uv": [14, 4, 13.75, 3.75], "texture": "#0"},
				"down": {"uv": [14, 4, 13.75, 4.25], "texture": "#0"}
			}
		},
		{
			"from": [5.99776, 5.78811, 9.86122],
			"to": [6.49776, 6.28811, 10.36122],
			"rotation": {"angle": 22.5, "axis": "x", "origin": [14.99776, 12.78811, 17.36122]},
			"faces": {
				"north": {"uv": [13.75, 4.25, 14, 4.5], "texture": "#0"},
				"east": {"uv": [13.75, 4.5, 14, 4.75], "texture": "#0"},
				"south": {"uv": [13.75, 4.75, 14, 5], "texture": "#0"},
				"west": {"uv": [13.75, 5.5, 14, 5.75], "texture": "#0"},
				"up": {"uv": [14, 6, 13.75, 5.75], "texture": "#0"},
				"down": {"uv": [14, 6, 13.75, 6.25], "texture": "#0"}
			}
		},
		{
			"from": [5.99776, 12.79532, 10.50639],
			"to": [6.49776, 13.29532, 11.00639],
			"rotation": {"angle": -45, "axis": "x", "origin": [14.99776, 6.29532, 18.00639]},
			"faces": {
				"north": {"uv": [13.75, 6.25, 14, 6.5], "texture": "#0"},
				"east": {"uv": [13.75, 6.5, 14, 6.75], "texture": "#0"},
				"south": {"uv": [13.75, 6.75, 14, 7], "texture": "#0"},
				"west": {"uv": [13.75, 7, 14, 7.25], "texture": "#0"},
				"up": {"uv": [14, 7.5, 13.75, 7.25], "texture": "#0"},
				"down": {"uv": [14, 7.5, 13.75, 7.75], "texture": "#0"}
			}
		},
		{
			"from": [9.49776, 5.78811, 9.86122],
			"to": [9.99776, 6.28811, 10.36122],
			"rotation": {"angle": 22.5, "axis": "x", "origin": [0.99776, 12.78811, 17.36122]},
			"faces": {
				"north": {"uv": [13.75, 7.75, 14, 8], "texture": "#0"},
				"east": {"uv": [13.75, 8, 14, 8.25], "texture": "#0"},
				"south": {"uv": [13.75, 8.25, 14, 8.5], "texture": "#0"},
				"west": {"uv": [13.75, 8.5, 14, 8.75], "texture": "#0"},
				"up": {"uv": [14, 9, 13.75, 8.75], "texture": "#0"},
				"down": {"uv": [14, 9, 13.75, 9.25], "texture": "#0"}
			}
		},
		{
			"from": [9.49776, 12.79532, 10.50639],
			"to": [9.99776, 13.29532, 11.00639],
			"rotation": {"angle": -45, "axis": "x", "origin": [0.99776, 6.29532, 18.00639]},
			"faces": {
				"north": {"uv": [13.75, 9.25, 14, 9.5], "texture": "#0"},
				"east": {"uv": [13.75, 9.5, 14, 9.75], "texture": "#0"},
				"south": {"uv": [13.75, 9.75, 14, 10], "texture": "#0"},
				"west": {"uv": [13.75, 10, 14, 10.25], "texture": "#0"},
				"up": {"uv": [14, 10.5, 13.75, 10.25], "texture": "#0"},
				"down": {"uv": [14, 10.5, 13.75, 10.75], "texture": "#0"}
			}
		},
		{
			"from": [5.99776, 2.29946, 10.69773],
			"to": [6.49776, 2.79946, 11.19773],
			"rotation": {"angle": 45, "axis": "x", "origin": [14.99776, 9.29946, 18.19773]},
			"faces": {
				"north": {"uv": [13.75, 10.75, 14, 11], "texture": "#0"},
				"east": {"uv": [13.75, 11, 14, 11.25], "texture": "#0"},
				"south": {"uv": [13.75, 11.25, 14, 11.5], "texture": "#0"},
				"west": {"uv": [13.75, 13, 14, 13.25], "texture": "#0"},
				"up": {"uv": [14, 13.5, 13.75, 13.25], "texture": "#0"},
				"down": {"uv": [14, 13.5, 13.75, 13.75], "texture": "#0"}
			}
		},
		{
			"from": [9.49776, 2.29946, 10.69773],
			"to": [9.99776, 2.79946, 11.19773],
			"rotation": {"angle": 45, "axis": "x", "origin": [0.99776, 9.29946, 18.19773]},
			"faces": {
				"north": {"uv": [0, 14, 0.25, 14.25], "texture": "#0"},
				"east": {"uv": [0.25, 14, 0.5, 14.25], "texture": "#0"},
				"south": {"uv": [0.5, 14, 0.75, 14.25], "texture": "#0"},
				"west": {"uv": [0.75, 14, 1, 14.25], "texture": "#0"},
				"up": {"uv": [1.25, 14.25, 1, 14], "texture": "#0"},
				"down": {"uv": [1.5, 14, 1.25, 14.25], "texture": "#0"}
			}
		},
		{
			"from": [5.99776, 10.56642, 4.695],
			"to": [6.49776, 11.06642, 5.195],
			"rotation": {"angle": -22.5, "axis": "x", "origin": [14.99776, 17.56642, 12.195]},
			"faces": {
				"north": {"uv": [1.5, 14, 1.75, 14.25], "texture": "#0"},
				"east": {"uv": [1.75, 14, 2, 14.25], "texture": "#0"},
				"south": {"uv": [2, 14, 2.25, 14.25], "texture": "#0"},
				"west": {"uv": [2.25, 14, 2.5, 14.25], "texture": "#0"},
				"up": {"uv": [2.75, 14.25, 2.5, 14], "texture": "#0"},
				"down": {"uv": [3, 14, 2.75, 14.25], "texture": "#0"}
			}
		},
		{
			"from": [5.99776, 4.06642, 4.695],
			"to": [6.49776, 4.56642, 5.195],
			"rotation": {"angle": 22.5, "axis": "x", "origin": [14.99776, -2.43358, 12.195]},
			"faces": {
				"north": {"uv": [3, 14, 3.25, 14.25], "texture": "#0"},
				"east": {"uv": [3.25, 14, 3.5, 14.25], "texture": "#0"},
				"south": {"uv": [3.5, 14, 3.75, 14.25], "texture": "#0"},
				"west": {"uv": [3.75, 14, 4, 14.25], "texture": "#0"},
				"up": {"uv": [4.25, 14.25, 4, 14], "texture": "#0"},
				"down": {"uv": [4.5, 14, 4.25, 14.25], "texture": "#0"}
			}
		},
		{
			"from": [9.49776, 10.56642, 4.695],
			"to": [9.99776, 11.06642, 5.195],
			"rotation": {"angle": -22.5, "axis": "x", "origin": [0.99776, 17.56642, 12.195]},
			"faces": {
				"north": {"uv": [4.5, 14, 4.75, 14.25], "texture": "#0"},
				"east": {"uv": [4.75, 14, 5, 14.25], "texture": "#0"},
				"south": {"uv": [5, 14, 5.25, 14.25], "texture": "#0"},
				"west": {"uv": [5.25, 14, 5.5, 14.25], "texture": "#0"},
				"up": {"uv": [5.75, 14.25, 5.5, 14], "texture": "#0"},
				"down": {"uv": [6, 14, 5.75, 14.25], "texture": "#0"}
			}
		},
		{
			"from": [9.49776, 4.06642, 4.695],
			"to": [9.99776, 4.56642, 5.195],
			"rotation": {"angle": 22.5, "axis": "x", "origin": [0.99776, -2.43358, 12.195]},
			"faces": {
				"north": {"uv": [6, 14, 6.25, 14.25], "texture": "#0"},
				"east": {"uv": [6.25, 14, 6.5, 14.25], "texture": "#0"},
				"south": {"uv": [6.5, 14, 6.75, 14.25], "texture": "#0"},
				"west": {"uv": [6.75, 14, 7, 14.25], "texture": "#0"},
				"up": {"uv": [7.25, 14.25, 7, 14], "texture": "#0"},
				"down": {"uv": [7.5, 14, 7.25, 14.25], "texture": "#0"}
			}
		},
		{
			"from": [8.83104, 6.56642, 7.695],
			"to": [10.83104, 8.56642, 8.495],
			"rotation": {"angle": 0, "axis": "y", "origin": [1.99776, 13.56642, 15.195]},
			"faces": {
				"north": {"uv": [1, 12, 1.5, 12.5], "texture": "#0"},
				"east": {"uv": [1.75, 13.25, 2, 13.75], "texture": "#0"},
				"south": {"uv": [1.5, 12, 2, 12.5], "texture": "#0"},
				"west": {"uv": [2, 13.25, 2.25, 13.75], "texture": "#0"},
				"up": {"uv": [2.75, 13.5, 2.25, 13.25], "texture": "#0"},
				"down": {"uv": [3.25, 13.25, 2.75, 13.5], "texture": "#0"}
			}
		},
		{
			"from": [5.24776, 6.86642, 7.495],
			"to": [6.74776, 8.36642, 7.995],
			"rotation": {"angle": 0, "axis": "y", "origin": [13.99776, 13.56642, 14.395]},
			"faces": {
				"north": {"uv": [2, 12, 2.5, 12.5], "texture": "#0"},
				"east": {"uv": [6.25, 13.25, 6.5, 13.75], "texture": "#0"},
				"south": {"uv": [2.5, 12, 3, 12.5], "texture": "#0"},
				"west": {"uv": [6.5, 13.25, 6.75, 13.75], "texture": "#0"},
				"up": {"uv": [7.25, 13.5, 6.75, 13.25], "texture": "#0"},
				"down": {"uv": [7.75, 13.25, 7.25, 13.5], "texture": "#0"}
			}
		},
		{
			"from": [9.08104, 6.86642, 7.495],
			"to": [10.58104, 8.36642, 7.995],
			"rotation": {"angle": 0, "axis": "y", "origin": [1.99776, 13.56642, 14.395]},
			"faces": {
				"north": {"uv": [4, 12, 4.5, 12.5], "texture": "#0"},
				"east": {"uv": [7.75, 13.25, 8, 13.75], "texture": "#0"},
				"south": {"uv": [6.25, 12, 6.75, 12.5], "texture": "#0"},
				"west": {"uv": [8, 13.25, 8.25, 13.75], "texture": "#0"},
				"up": {"uv": [8.75, 13.5, 8.25, 13.25], "texture": "#0"},
				"down": {"uv": [9.25, 13.25, 8.75, 13.5], "texture": "#0"}
			}
		},
		{
			"from": [5.49776, 7.06642, 6.995],
			"to": [6.49776, 8.06642, 7.495],
			"rotation": {"angle": 0, "axis": "y", "origin": [13.99776, 13.56642, 13.895]},
			"faces": {
				"north": {"uv": [7.5, 14, 7.75, 14.25], "texture": "#0"},
				"east": {"uv": [7.75, 14, 8, 14.25], "texture": "#0"},
				"south": {"uv": [8, 14, 8.25, 14.25], "texture": "#0"},
				"west": {"uv": [8.25, 14, 8.5, 14.25], "texture": "#0"},
				"up": {"uv": [8.75, 14.25, 8.5, 14], "texture": "#0"},
				"down": {"uv": [9, 14, 8.75, 14.25], "texture": "#0"}
			}
		},
		{
			"from": [5.74776, 7.36642, 6.795],
			"to": [6.24776, 7.86642, 7.295],
			"rotation": {"angle": 0, "axis": "y", "origin": [13.99776, 13.56642, 13.395]},
			"faces": {
				"north": {"uv": [9, 14, 9.25, 14.25], "texture": "#0"},
				"east": {"uv": [9.25, 14, 9.5, 14.25], "texture": "#0"},
				"south": {"uv": [9.5, 14, 9.75, 14.25], "texture": "#0"},
				"west": {"uv": [9.75, 14, 10, 14.25], "texture": "#0"},
				"up": {"uv": [10.25, 14.25, 10, 14], "texture": "#0"},
				"down": {"uv": [10.5, 14, 10.25, 14.25], "texture": "#0"}
			}
		},
		{
			"from": [9.53104, 7.36642, 6.795],
			"to": [10.03104, 7.86642, 7.295],
			"rotation": {"angle": 0, "axis": "y", "origin": [1.99776, 13.56642, 13.395]},
			"faces": {
				"north": {"uv": [10.5, 14, 10.75, 14.25], "texture": "#0"},
				"east": {"uv": [10.75, 14, 11, 14.25], "texture": "#0"},
				"south": {"uv": [11, 14, 11.25, 14.25], "texture": "#0"},
				"west": {"uv": [11.25, 14, 11.5, 14.25], "texture": "#0"},
				"up": {"uv": [11.75, 14.25, 11.5, 14], "texture": "#0"},
				"down": {"uv": [12, 14, 11.75, 14.25], "texture": "#0"}
			}
		},
		{
			"from": [9.33104, 7.06642, 6.995],
			"to": [10.33104, 8.06642, 7.495],
			"rotation": {"angle": 0, "axis": "y", "origin": [1.99776, 13.56642, 13.895]},
			"faces": {
				"north": {"uv": [12, 14, 12.25, 14.25], "texture": "#0"},
				"east": {"uv": [12.25, 14, 12.5, 14.25], "texture": "#0"},
				"south": {"uv": [12.5, 14, 12.75, 14.25], "texture": "#0"},
				"west": {"uv": [12.75, 14, 13, 14.25], "texture": "#0"},
				"up": {"uv": [13.25, 14.25, 13, 14], "texture": "#0"},
				"down": {"uv": [13.5, 14, 13.25, 14.25], "texture": "#0"}
			}
		},
		{
			"from": [6.49776, 1.86642, 7.195],
			"to": [9.49776, 2.36642, 8.695],
			"rotation": {"angle": 0, "axis": "y", "origin": [14.99776, 9.56642, 15.495]},
			"faces": {
				"north": {"uv": [8.75, 1.75, 9.5, 2], "texture": "#0"},
				"east": {"uv": [13.25, 13.25, 13.75, 13.5], "texture": "#0"},
				"south": {"uv": [9.75, 8.75, 10.5, 9], "texture": "#0"},
				"west": {"uv": [13.25, 0.5, 13.75, 0.75], "texture": "#0"},
				"up": {"uv": [11.75, 3.25, 11, 2.75], "texture": "#0"},
				"down": {"uv": [11.75, 6.5, 11, 7], "texture": "#0"}
			}
		},
		{
			"from": [6.49776, 3.86642, 7.195],
			"to": [9.49776, 4.36642, 8.695],
			"rotation": {"angle": 0, "axis": "y", "origin": [14.99776, 11.56642, 15.495]},
			"faces": {
				"north": {"uv": [12.5, 11.75, 13.25, 12], "texture": "#0"},
				"east": {"uv": [13.25, 0.75, 13.75, 1], "texture": "#0"},
				"south": {"uv": [11.25, 12.75, 12, 13], "texture": "#0"},
				"west": {"uv": [13.25, 1.5, 13.75, 1.75], "texture": "#0"},
				"up": {"uv": [11.75, 10.75, 11, 10.25], "texture": "#0"},
				"down": {"uv": [11.5, 11.25, 10.75, 11.75], "texture": "#0"}
			}
		},
		{
			"from": [6.49776, 3.36642, 7.195],
			"to": [6.99776, 3.86642, 7.695],
			"rotation": {"angle": 0, "axis": "y", "origin": [12.99776, 11.06642, 15.495]},
			"faces": {
				"north": {"uv": [13.5, 14, 13.75, 14.25], "texture": "#0"},
				"east": {"uv": [13.75, 14, 14, 14.25], "texture": "#0"},
				"south": {"uv": [14, 14, 14.25, 14.25], "texture": "#0"},
				"west": {"uv": [14, 0, 14.25, 0.25], "texture": "#0"},
				"up": {"uv": [14.25, 0.5, 14, 0.25], "texture": "#0"},
				"down": {"uv": [14.25, 0.5, 14, 0.75], "texture": "#0"}
			}
		},
		{
			"from": [6.49776, 2.36642, 7.195],
			"to": [6.99776, 2.86642, 7.695],
			"rotation": {"angle": 0, "axis": "y", "origin": [12.99776, 10.06642, 15.495]},
			"faces": {
				"north": {"uv": [14, 0.75, 14.25, 1], "texture": "#0"},
				"east": {"uv": [14, 1, 14.25, 1.25], "texture": "#0"},
				"south": {"uv": [14, 1.25, 14.25, 1.5], "texture": "#0"},
				"west": {"uv": [14, 1.5, 14.25, 1.75], "texture": "#0"},
				"up": {"uv": [14.25, 2, 14, 1.75], "texture": "#0"},
				"down": {"uv": [14.25, 2, 14, 2.25], "texture": "#0"}
			}
		},
		{
			"from": [8.99776, 3.36642, 7.195],
			"to": [9.49776, 3.86642, 7.695],
			"rotation": {"angle": 0, "axis": "y", "origin": [2.89776, 11.06642, 15.495]},
			"faces": {
				"north": {"uv": [14, 2.25, 14.25, 2.5], "texture": "#0"},
				"east": {"uv": [14, 2.5, 14.25, 2.75], "texture": "#0"},
				"south": {"uv": [14, 2.75, 14.25, 3], "texture": "#0"},
				"west": {"uv": [14, 3, 14.25, 3.25], "texture": "#0"},
				"up": {"uv": [14.25, 3.5, 14, 3.25], "texture": "#0"},
				"down": {"uv": [14.25, 3.5, 14, 3.75], "texture": "#0"}
			}
		},
		{
			"from": [8.99776, 2.36642, 7.195],
			"to": [9.49776, 2.86642, 7.695],
			"rotation": {"angle": 0, "axis": "y", "origin": [2.89776, 10.06642, 15.495]},
			"faces": {
				"north": {"uv": [14, 3.75, 14.25, 4], "texture": "#0"},
				"east": {"uv": [14, 4, 14.25, 4.25], "texture": "#0"},
				"south": {"uv": [14, 4.25, 14.25, 4.5], "texture": "#0"},
				"west": {"uv": [14, 4.5, 14.25, 4.75], "texture": "#0"},
				"up": {"uv": [14.25, 5, 14, 4.75], "texture": "#0"},
				"down": {"uv": [14.25, 5, 14, 5.25], "texture": "#0"}
			}
		},
		{
			"from": [8.99776, 3.36642, 7.995],
			"to": [9.49776, 3.86642, 8.795],
			"rotation": {"angle": 0, "axis": "y", "origin": [2.89776, 11.06642, 16.495]},
			"faces": {
				"north": {"uv": [14, 5.25, 14.25, 5.5], "texture": "#0"},
				"east": {"uv": [14, 5.5, 14.25, 5.75], "texture": "#0"},
				"south": {"uv": [14, 5.75, 14.25, 6], "texture": "#0"},
				"west": {"uv": [14, 6, 14.25, 6.25], "texture": "#0"},
				"up": {"uv": [14.25, 6.5, 14, 6.25], "texture": "#0"},
				"down": {"uv": [14.25, 6.5, 14, 6.75], "texture": "#0"}
			}
		},
		{
			"from": [8.99776, 2.36642, 7.995],
			"to": [9.49776, 2.86642, 8.795],
			"rotation": {"angle": 0, "axis": "y", "origin": [2.89776, 10.06642, 16.495]},
			"faces": {
				"north": {"uv": [14, 6.75, 14.25, 7], "texture": "#0"},
				"east": {"uv": [14, 7, 14.25, 7.25], "texture": "#0"},
				"south": {"uv": [14, 7.25, 14.25, 7.5], "texture": "#0"},
				"west": {"uv": [14, 7.5, 14.25, 7.75], "texture": "#0"},
				"up": {"uv": [14.25, 8, 14, 7.75], "texture": "#0"},
				"down": {"uv": [14.25, 8, 14, 8.25], "texture": "#0"}
			}
		},
		{
			"from": [6.49776, 3.36642, 7.995],
			"to": [6.99776, 3.86642, 8.795],
			"rotation": {"angle": 0, "axis": "y", "origin": [13.09776, 11.06642, 16.495]},
			"faces": {
				"north": {"uv": [14, 8.25, 14.25, 8.5], "texture": "#0"},
				"east": {"uv": [14, 8.5, 14.25, 8.75], "texture": "#0"},
				"south": {"uv": [14, 8.75, 14.25, 9], "texture": "#0"},
				"west": {"uv": [14, 9, 14.25, 9.25], "texture": "#0"},
				"up": {"uv": [14.25, 9.5, 14, 9.25], "texture": "#0"},
				"down": {"uv": [14.25, 9.5, 14, 9.75], "texture": "#0"}
			}
		},
		{
			"from": [6.49776, 2.36642, 7.995],
			"to": [6.99776, 2.86642, 8.795],
			"rotation": {"angle": 0, "axis": "y", "origin": [13.09776, 10.06642, 16.495]},
			"faces": {
				"north": {"uv": [14, 9.75, 14.25, 10], "texture": "#0"},
				"east": {"uv": [14, 10, 14.25, 10.25], "texture": "#0"},
				"south": {"uv": [14, 10.25, 14.25, 10.5], "texture": "#0"},
				"west": {"uv": [14, 10.5, 14.25, 10.75], "texture": "#0"},
				"up": {"uv": [14.25, 11, 14, 10.75], "texture": "#0"},
				"down": {"uv": [14.25, 11, 14, 11.25], "texture": "#0"}
			}
		},
		{
			"from": [7.09776, 3.36642, 7.195],
			"to": [7.89776, 3.86642, 7.695],
			"rotation": {"angle": 0, "axis": "y", "origin": [12.99776, 11.06642, 15.495]},
			"faces": {
				"north": {"uv": [14, 11.25, 14.25, 11.5], "texture": "#0"},
				"east": {"uv": [14, 11.5, 14.25, 11.75], "texture": "#0"},
				"south": {"uv": [14, 11.75, 14.25, 12], "texture": "#0"},
				"west": {"uv": [14, 12, 14.25, 12.25], "texture": "#0"},
				"up": {"uv": [14.25, 12.5, 14, 12.25], "texture": "#0"},
				"down": {"uv": [14.25, 12.5, 14, 12.75], "texture": "#0"}
			}
		},
		{
			"from": [7.09776, 2.36642, 7.195],
			"to": [7.89776, 2.86642, 7.695],
			"rotation": {"angle": 0, "axis": "y", "origin": [12.99776, 10.06642, 15.495]},
			"faces": {
				"north": {"uv": [14, 12.75, 14.25, 13], "texture": "#0"},
				"east": {"uv": [14, 13, 14.25, 13.25], "texture": "#0"},
				"south": {"uv": [14, 13.25, 14.25, 13.5], "texture": "#0"},
				"west": {"uv": [14, 13.5, 14.25, 13.75], "texture": "#0"},
				"up": {"uv": [14.25, 14, 14, 13.75], "texture": "#0"},
				"down": {"uv": [0.25, 14.25, 0, 14.5], "texture": "#0"}
			}
		},
		{
			"from": [8.09776, 3.36642, 7.195],
			"to": [8.89776, 3.86642, 7.695],
			"rotation": {"angle": 0, "axis": "y", "origin": [2.99776, 11.06642, 15.495]},
			"faces": {
				"north": {"uv": [0.25, 14.25, 0.5, 14.5], "texture": "#0"},
				"east": {"uv": [0.5, 14.25, 0.75, 14.5], "texture": "#0"},
				"south": {"uv": [0.75, 14.25, 1, 14.5], "texture": "#0"},
				"west": {"uv": [1, 14.25, 1.25, 14.5], "texture": "#0"},
				"up": {"uv": [1.5, 14.5, 1.25, 14.25], "texture": "#0"},
				"down": {"uv": [1.75, 14.25, 1.5, 14.5], "texture": "#0"}
			}
		},
		{
			"from": [8.09776, 2.36642, 7.195],
			"to": [8.89776, 2.86642, 7.695],
			"rotation": {"angle": 0, "axis": "y", "origin": [2.99776, 10.06642, 15.495]},
			"faces": {
				"north": {"uv": [1.75, 14.25, 2, 14.5], "texture": "#0"},
				"east": {"uv": [2, 14.25, 2.25, 14.5], "texture": "#0"},
				"south": {"uv": [2.25, 14.25, 2.5, 14.5], "texture": "#0"},
				"west": {"uv": [2.5, 14.25, 2.75, 14.5], "texture": "#0"},
				"up": {"uv": [3, 14.5, 2.75, 14.25], "texture": "#0"},
				"down": {"uv": [3.25, 14.25, 3, 14.5], "texture": "#0"}
			}
		},
		{
			"from": [4.44776, 3.06642, 8.745],
			"to": [4.94776, 4.56642, 9.245],
			"rotation": {"angle": 0, "axis": "y", "origin": [12.29776, 10.56642, 16.495]},
			"faces": {
				"north": {"uv": [13.25, 2.5, 13.5, 3], "texture": "#0"},
				"east": {"uv": [13.25, 3, 13.5, 3.5], "texture": "#0"},
				"south": {"uv": [13.25, 3.5, 13.5, 4], "texture": "#0"},
				"west": {"uv": [13.25, 4.5, 13.5, 5], "texture": "#0"},
				"up": {"uv": [3.5, 14.5, 3.25, 14.25], "texture": "#0"},
				"down": {"uv": [3.75, 14.25, 3.5, 14.5], "texture": "#0"}
			}
		},
		{
			"from": [11.04776, 3.06642, 8.745],
			"to": [11.54776, 4.56642, 9.245],
			"rotation": {"angle": 0, "axis": "y", "origin": [3.69776, 10.56642, 16.495]},
			"faces": {
				"north": {"uv": [13.25, 5, 13.5, 5.5], "texture": "#0"},
				"east": {"uv": [13.25, 5.5, 13.5, 6], "texture": "#0"},
				"south": {"uv": [13.25, 6, 13.5, 6.5], "texture": "#0"},
				"west": {"uv": [13.25, 6.5, 13.5, 7], "texture": "#0"},
				"up": {"uv": [4, 14.5, 3.75, 14.25], "texture": "#0"},
				"down": {"uv": [4.25, 14.25, 4, 14.5], "texture": "#0"}
			}
		},
		{
			"from": [1.17143, 5.03764, 8.745],
			"to": [1.67143, 5.53764, 9.245],
			"rotation": {"angle": 22.5, "axis": "z", "origin": [9.02143, 12.53764, 16.495]},
			"faces": {
				"north": {"uv": [4.25, 14.25, 4.5, 14.5], "texture": "#0"},
				"east": {"uv": [4.5, 14.25, 4.75, 14.5], "texture": "#0"},
				"south": {"uv": [4.75, 14.25, 5, 14.5], "texture": "#0"},
				"west": {"uv": [5, 14.25, 5.25, 14.5], "texture": "#0"},
				"up": {"uv": [5.5, 14.5, 5.25, 14.25], "texture": "#0"},
				"down": {"uv": [5.75, 14.25, 5.5, 14.5], "texture": "#0"}
			}
		},
		{
			"from": [14.32409, 5.03764, 8.745],
			"to": [14.82409, 5.53764, 9.245],
			"rotation": {"angle": -22.5, "axis": "z", "origin": [6.97409, 12.53764, 16.495]},
			"faces": {
				"north": {"uv": [5.75, 14.25, 6, 14.5], "texture": "#0"},
				"east": {"uv": [6, 14.25, 6.25, 14.5], "texture": "#0"},
				"south": {"uv": [6.25, 14.25, 6.5, 14.5], "texture": "#0"},
				"west": {"uv": [6.5, 14.25, 6.75, 14.5], "texture": "#0"},
				"up": {"uv": [7, 14.5, 6.75, 14.25], "texture": "#0"},
				"down": {"uv": [7.25, 14.25, 7, 14.5], "texture": "#0"}
			}
		},
		{
			"from": [-2.60986, 5.60502, 8.745],
			"to": [-2.10986, 6.10502, 9.245],
			"rotation": {"angle": 45, "axis": "z", "origin": [5.24014, 13.10502, 16.495]},
			"faces": {
				"north": {"uv": [7.25, 14.25, 7.5, 14.5], "texture": "#0"},
				"east": {"uv": [7.5, 14.25, 7.75, 14.5], "texture": "#0"},
				"south": {"uv": [7.75, 14.25, 8, 14.5], "texture": "#0"},
				"west": {"uv": [8, 14.25, 8.25, 14.5], "texture": "#0"},
				"up": {"uv": [8.5, 14.5, 8.25, 14.25], "texture": "#0"},
				"down": {"uv": [8.75, 14.25, 8.5, 14.5], "texture": "#0"}
			}
		},
		{
			"from": [18.10538, 5.60502, 8.745],
			"to": [18.60538, 6.10502, 9.245],
			"rotation": {"angle": -45, "axis": "z", "origin": [10.75538, 13.10502, 16.495]},
			"faces": {
				"north": {"uv": [8.75, 14.25, 9, 14.5], "texture": "#0"},
				"east": {"uv": [9, 14.25, 9.25, 14.5], "texture": "#0"},
				"south": {"uv": [9.25, 14.25, 9.5, 14.5], "texture": "#0"},
				"west": {"uv": [9.5, 14.25, 9.75, 14.5], "texture": "#0"},
				"up": {"uv": [10, 14.5, 9.75, 14.25], "texture": "#0"},
				"down": {"uv": [10.25, 14.25, 10, 14.5], "texture": "#0"}
			}
		},
		{
			"from": [8.52956, 4.33217, 8.745],
			"to": [10.02956, 4.83217, 9.245],
			"rotation": {"angle": -22.5, "axis": "z", "origin": [1.52956, 12.18217, 16.495]},
			"faces": {
				"north": {"uv": [13.25, 1.75, 13.75, 2], "texture": "#0"},
				"east": {"uv": [10.25, 14.25, 10.5, 14.5], "texture": "#0"},
				"south": {"uv": [13.25, 7, 13.75, 7.25], "texture": "#0"},
				"west": {"uv": [10.5, 14.25, 10.75, 14.5], "texture": "#0"},
				"up": {"uv": [13.75, 7.5, 13.25, 7.25], "texture": "#0"},
				"down": {"uv": [13.75, 7.5, 13.25, 7.75], "texture": "#0"}
			}
		},
		{
			"from": [5.96596, 4.33217, 8.745],
			"to": [7.46596, 4.83217, 9.245],
			"rotation": {"angle": 22.5, "axis": "z", "origin": [14.46596, 12.18217, 16.495]},
			"faces": {
				"north": {"uv": [13.25, 7.75, 13.75, 8], "texture": "#0"},
				"east": {"uv": [10.75, 14.25, 11, 14.5], "texture": "#0"},
				"south": {"uv": [13.25, 8, 13.75, 8.25], "texture": "#0"},
				"west": {"uv": [11, 14.25, 11.25, 14.5], "texture": "#0"},
				"up": {"uv": [13.75, 8.5, 13.25, 8.25], "texture": "#0"},
				"down": {"uv": [13.75, 8.5, 13.25, 8.75], "texture": "#0"}
			}
		},
		{
			"from": [2.83104, 6.46642, 9.345],
			"to": [3.33104, 7.96642, 10.345],
			"rotation": {"angle": -22.5, "axis": "z", "origin": [14.29298, 14.37508, 16.945]},
			"faces": {
				"north": {"uv": [13, 5.5, 13.25, 6], "texture": "#0"},
				"east": {"uv": [13, 6, 13.25, 6.5], "texture": "#0"},
				"south": {"uv": [13, 6.5, 13.25, 7], "texture": "#0"},
				"west": {"uv": [13, 7, 13.25, 7.5], "texture": "#0"},
				"up": {"uv": [7.5, 6.75, 7.25, 6.5], "texture": "#0"},
				"down": {"uv": [3.75, 9, 3.5, 9.25], "texture": "#0"}
			}
		},
		{
			"from": [3.13104, 6.06642, 9.095],
			"to": [4.13104, 8.56642, 10.595],
			"rotation": {"angle": -22.5, "axis": "z", "origin": [13.83104, 14.56642, 17.195]},
			"faces": {
				"north": {"uv": [5, 3.25, 5.25, 4], "texture": "#0"},
				"east": {"uv": [8.75, 11, 9.25, 11.75], "texture": "#0"},
				"south": {"uv": [5.75, 1, 6, 1.75], "texture": "#0"},
				"west": {"uv": [9.25, 11, 9.75, 11.75], "texture": "#0"},
				"up": {"uv": [13.25, 8, 13, 7.5], "texture": "#0"},
				"down": {"uv": [13.25, 8, 13, 8.5], "texture": "#0"}
			}
		},
		{
			"from": [3.63104, 5.86642, 8.995],
			"to": [5.13104, 8.66642, 10.695],
			"rotation": {"angle": -22.5, "axis": "z", "origin": [13.83104, 14.56642, 17.195]},
			"faces": {
				"north": {"uv": [11, 2, 11.5, 2.75], "texture": "#0"},
				"east": {"uv": [11, 5, 11.5, 5.75], "texture": "#0"},
				"south": {"uv": [11, 5.75, 11.5, 6.5], "texture": "#0"},
				"west": {"uv": [1, 11.25, 1.5, 12], "texture": "#0"},
				"up": {"uv": [12.25, 8, 11.75, 7.5], "texture": "#0"},
				"down": {"uv": [12.25, 10.25, 11.75, 10.75], "texture": "#0"}
			}
		},
		{
			"from": [4.63104, 6.06642, 9.095],
			"to": [5.63104, 8.56642, 10.595],
			"rotation": {"angle": -22.5, "axis": "z", "origin": [13.83104, 14.56642, 17.195]},
			"faces": {
				"north": {"uv": [3.25, 12.75, 3.5, 13.5], "texture": "#0"},
				"east": {"uv": [6.25, 11.25, 6.75, 12], "texture": "#0"},
				"south": {"uv": [5, 12.75, 5.25, 13.5], "texture": "#0"},
				"west": {"uv": [6.75, 11.25, 7.25, 12], "texture": "#0"},
				"up": {"uv": [13.25, 9, 13, 8.5], "texture": "#0"},
				"down": {"uv": [13.25, 9.25, 13, 9.75], "texture": "#0"}
			}
		},
		{
			"from": [4.83104, 6.56642, 9.195],
			"to": [6.83104, 7.86642, 10.495],
			"rotation": {"angle": -22.5, "axis": "z", "origin": [13.83104, 14.56642, 17.195]},
			"faces": {
				"north": {"uv": [6.75, 5, 7.25, 5.25], "texture": "#0"},
				"east": {"uv": [6.5, 9.75, 6.75, 10], "texture": "#0"},
				"south": {"uv": [7.5, 2, 8, 2.25], "texture": "#0"},
				"west": {"uv": [5.25, 10.25, 5.5, 10.5], "texture": "#0"},
				"up": {"uv": [1.5, 8, 1, 7.75], "texture": "#0"},
				"down": {"uv": [2.5, 8.75, 2, 9], "texture": "#0"}
			}
		},
		{
			"from": [8.83104, 6.56642, 7.195],
			"to": [9.83104, 8.56642, 9.195],
			"rotation": {"angle": 22.5, "axis": "z", "origin": [1.83104, 14.56642, 15.195]},
			"faces": {
				"north": {"uv": [13, 3, 13.25, 3.5], "texture": "#0"},
				"east": {"uv": [11.75, 6.5, 12.25, 7], "texture": "#0"},
				"south": {"uv": [13, 3.5, 13.25, 4], "texture": "#0"},
				"west": {"uv": [11.75, 7, 12.25, 7.5], "texture": "#0"},
				"up": {"uv": [13.25, 5, 13, 4.5], "texture": "#0"},
				"down": {"uv": [13.25, 5, 13, 5.5], "texture": "#0"}
			}
		},
		{
			"from": [11.51818, 11.08461, 7.195],
			"to": [14.51818, 12.08461, 7.195],
			"rotation": {"angle": 0, "axis": "y", "origin": [19.51818, 19.08461, 15.195]},
			"faces": {
				"north": {"uv": [5.5, 15.25, 6.75, 15.5], "texture": "#0"},
				"east": {"uv": [0, 0, 0, 0.25], "texture": "#0"},
				"south": {"uv": [0, 0, 0.75, 0.25], "texture": "#0"},
				"west": {"uv": [0, 0, 0, 0.25], "texture": "#0"},
				"up": {"uv": [0, 0, 0.75, 0], "texture": "#0"},
				"down": {"uv": [0, 0, 0.75, 0], "texture": "#0"}
			}
		},
		{
			"from": [7.5, 12.75, 10],
			"to": [11.5, 14.75, 10],
			"rotation": {"angle": 22.5, "axis": "z", "origin": [16.51818, 22.08461, 18.194]},
			"faces": {
				"north": {"uv": [3.5, 15.5, 4.625, 16], "texture": "#0"},
				"east": {"uv": [0, 0, 0, 0.5], "texture": "#0"},
				"south": {"uv": [1.375, 15, 2.5, 15.5], "texture": "#0"},
				"west": {"uv": [0, 0, 0, 0.5], "texture": "#0"},
				"up": {"uv": [0, 0, 1, 0], "texture": "#0"},
				"down": {"uv": [0, 0, 1, 0], "texture": "#0"}
			}
		},
		{
			"from": [11.39136, 3.94519, 4.24129],
			"to": [11.79136, 5.44519, 6.24129],
			"rotation": {"angle": 0, "axis": "y", "origin": [15.39136, -12.05481, 0.94129]},
			"faces": {
				"north": {"uv": [12.75, 9.25, 13, 9.75], "texture": "#0"},
				"east": {"uv": [11.75, 1, 12.25, 1.5], "texture": "#0"},
				"south": {"uv": [12.75, 11, 13, 11.5], "texture": "#0"},
				"west": {"uv": [11.75, 2.75, 12.25, 3.25], "texture": "#0"},
				"up": {"uv": [13, 12.75, 12.75, 12.25], "texture": "#0"},
				"down": {"uv": [12, 13, 11.75, 13.5], "texture": "#0"}
			}
		},
		{
			"from": [4.39136, 3.44519, 3.24129],
			"to": [11.39136, 5.94519, 6.54129],
			"rotation": {"angle": 0, "axis": "y", "origin": [7.39136, -12.05481, -0.05871]},
			"faces": {
				"north": {"uv": [6.75, 3.5, 8.5, 4.25], "texture": "#0"},
				"east": {"uv": [6, 2.25, 6.75, 3], "texture": "#0"},
				"south": {"uv": [6.75, 4.25, 8.5, 5], "texture": "#0"},
				"west": {"uv": [7.75, 10, 8.5, 10.75], "texture": "#0"},
				"up": {"uv": [4.5, 7.75, 2.75, 7], "texture": "#0"},
				"down": {"uv": [9, 5, 7.25, 5.75], "texture": "#0"}
			}
		},
		{
			"from": [3.98842, 3.94519, 4.24129],
			"to": [4.38842, 5.44519, 6.24129],
			"rotation": {"angle": 0, "axis": "y", "origin": [0.39136, -12.05481, 0.94129]},
			"faces": {
				"north": {"uv": [13, 13, 13.25, 13.5], "texture": "#0"},
				"east": {"uv": [11.75, 3.25, 12.25, 3.75], "texture": "#0"},
				"south": {"uv": [13, 0.5, 13.25, 1], "texture": "#0"},
				"west": {"uv": [11.75, 3.75, 12.25, 4.25], "texture": "#0"},
				"up": {"uv": [13.25, 2, 13, 1.5], "texture": "#0"},
				"down": {"uv": [13.25, 2.5, 13, 3], "texture": "#0"}
			}
		},
		{
			"from": [4.64136, 5.44519, 3.54129],
			"to": [11.14136, 6.44519, 6.84129],
			"rotation": {"angle": 0, "axis": "y", "origin": [7.64136, -11.05481, -0.05871]},
			"faces": {
				"north": {"uv": [9.25, 0.5, 10.75, 0.75], "texture": "#0"},
				"east": {"uv": [6, 3, 6.75, 3.25], "texture": "#0"},
				"south": {"uv": [6.25, 11, 7.75, 11.25], "texture": "#0"},
				"west": {"uv": [2.75, 6.75, 3.5, 7], "texture": "#0"},
				"up": {"uv": [9.25, 0.75, 7.75, 0], "texture": "#0"},
				"down": {"uv": [2.5, 8, 1, 8.75], "texture": "#0"}
			}
		},
		{
			"from": [4.64136, 2.94519, 3.54129],
			"to": [11.14136, 3.94519, 6.84129],
			"rotation": {"angle": 0, "axis": "y", "origin": [7.64136, -14.05481, -0.05871]},
			"faces": {
				"north": {"uv": [11, 0.25, 12.5, 0.5], "texture": "#0"},
				"east": {"uv": [3.75, 7.75, 4.5, 8], "texture": "#0"},
				"south": {"uv": [11, 1.75, 12.5, 2], "texture": "#0"},
				"west": {"uv": [6.75, 8, 7.5, 8.25], "texture": "#0"},
				"up": {"uv": [5.25, 8.75, 3.75, 8], "texture": "#0"},
				"down": {"uv": [6.75, 8, 5.25, 8.75], "texture": "#0"}
			}
		}
	],
	"display": {
		"thirdperson_righthand": {
			"rotation": [60, 0, 0],
			"translation": [0, 1, 1],
			"scale": [0.4, 0.4, 0.4]
		},
		"thirdperson_lefthand": {
			"rotation": [60, 0, 0],
			"translation": [0, 1, 1],
			"scale": [0.4, 0.4, 0.4]
		},
		"firstperson_righthand": {
			"rotation": [0, 100, 0],
			"translation": [0, 3, 0],
			"scale": [0.4, 0.4, 0.4]
		},
		"firstperson_lefthand": {
			"rotation": [0, 100, 0],
			"translation": [0, 3, 0],
			"scale": [0.4, 0.4, 0.4]
		},
		"ground": {
			"scale": [0.5, 0.5, 0.5]
		},
		"gui": {
			"rotation": [20, -30, 0],
			"translation": [-0.25, -0.25, 0],
			"scale": [-0.7, 0.7, -0.7]
		},
		"head": {
			"translation": [0, 5, -3],
			"scale": [1.7, 1.7, 1.7]
		},
		"fixed": {
			"translation": [0, 0, -1.25],
			"scale": [0.9, 0.9, 0.9]
		}
	}
}