{
	"textures": {
		"0": "mnaf:animatronics/heads/salvage_chica"
	},
	"elements": [
		{
			"from": [3.85, 8.5, 4],
			"to": [12.15, 10, 13],
			"rotation": {"angle": 0, "axis": "y", "origin": [7.85, -14.5, 8]},
			"faces": {
				"north": {"uv": [8.5, 6.25, 10.5, 6.75], "texture": "#0"},
				"east": {"uv": [4, 3.5, 6.25, 4], "texture": "#0"},
				"south": {"uv": [8.5, 6.75, 10.5, 7.25], "texture": "#0"},
				"west": {"uv": [8.5, 5.75, 10.75, 6.25], "texture": "#0"},
				"up": {"uv": [2, 2.25, 0, 0], "texture": "#0"},
				"down": {"uv": [4, 2, 2, 4.25], "texture": "#0"}
			}
		},
		{
			"from": [3.85, 1.7, 4],
			"to": [4.85, 8.5, 13],
			"rotation": {"angle": 0, "axis": "y", "origin": [7.85, -15.3, 8]},
			"faces": {
				"north": {"uv": [1.75, 2.25, 2, 4], "texture": "#0"},
				"east": {"uv": [2, 0, 4.25, 1.75], "texture": "#0"},
				"south": {"uv": [2.5, 10.25, 2.75, 12], "texture": "#0"},
				"west": {"uv": [4, 4, 6.25, 5.75], "texture": "#0"},
				"up": {"uv": [7.25, 12.25, 7, 10], "texture": "#0"},
				"down": {"uv": [9, 10, 8.75, 12.25], "texture": "#0"}
			}
		},
		{
			"from": [3.3, 2.1, 5],
			"to": [4.3, 9.4, 12],
			"rotation": {"angle": 0, "axis": "y", "origin": [6.85, -14.8, 8]},
			"faces": {
				"north": {"uv": [2.75, 10.25, 3, 12], "texture": "#0"},
				"east": {"uv": [0, 2.25, 1.75, 4], "texture": "#0"},
				"south": {"uv": [3, 10.25, 3.25, 12], "texture": "#0"},
				"west": {"uv": [2.25, 4.25, 4, 6], "texture": "#0"},
				"up": {"uv": [3.5, 12, 3.25, 10.25], "texture": "#0"},
				"down": {"uv": [3.75, 10.25, 3.5, 12], "texture": "#0"}
			}
		},
		{
			"from": [11.7, 2.1, 5],
			"to": [12.7, 9.4, 12],
			"rotation": {"angle": 0, "axis": "y", "origin": [9.15, -14.8, 8]},
			"faces": {
				"north": {"uv": [3.75, 10.25, 4, 12], "texture": "#0"},
				"east": {"uv": [4.25, 0, 6, 1.75], "texture": "#0"},
				"south": {"uv": [4, 10.25, 4.25, 12], "texture": "#0"},
				"west": {"uv": [4, 5.75, 5.75, 7.5], "texture": "#0"},
				"up": {"uv": [4.5, 12, 4.25, 10.25], "texture": "#0"},
				"down": {"uv": [4.75, 10.25, 4.5, 12], "texture": "#0"}
			}
		},
		{
			"from": [4.85, 4, 4],
			"to": [11.15, 5, 5],
			"rotation": {"angle": 0, "axis": "y", "origin": [8.85, -15, 8]},
			"faces": {
				"north": {"uv": [10.25, 8.5, 11.75, 8.75], "texture": "#0"},
				"east": {"uv": [6, 1.5, 6.25, 1.75], "texture": "#0"},
				"south": {"uv": [10.25, 8.75, 11.75, 9], "texture": "#0"},
				"west": {"uv": [0.5, 13, 0.75, 13.25], "texture": "#0"},
				"up": {"uv": [11.75, 9.25, 10.25, 9], "texture": "#0"},
				"down": {"uv": [11.75, 9.25, 10.25, 9.5], "texture": "#0"}
			}
		},
		{
			"from": [9.85, 1.7, 4],
			"to": [11.15, 4, 5],
			"rotation": {"angle": 0, "axis": "y", "origin": [8.85, -16.3, 8]},
			"faces": {
				"north": {"uv": [12, 5.5, 12.25, 6], "texture": "#0"},
				"east": {"uv": [1.25, 12.25, 1.5, 12.75], "texture": "#0"},
				"south": {"uv": [1.75, 12.25, 2, 12.75], "texture": "#0"},
				"west": {"uv": [2, 12.25, 2.25, 12.75], "texture": "#0"},
				"up": {"uv": [1, 13.25, 0.75, 13], "texture": "#0"},
				"down": {"uv": [1.25, 13, 1, 13.25], "texture": "#0"}
			}
		},
		{
			"from": [4.85, 1.7, 4],
			"to": [6.15, 4, 5],
			"rotation": {"angle": 0, "axis": "y", "origin": [7.15, -16.3, 8]},
			"faces": {
				"north": {"uv": [6.75, 12.25, 7, 12.75], "texture": "#0"},
				"east": {"uv": [7, 12.25, 7.25, 12.75], "texture": "#0"},
				"south": {"uv": [7.75, 12.25, 8, 12.75], "texture": "#0"},
				"west": {"uv": [8, 12.25, 8.25, 12.75], "texture": "#0"},
				"up": {"uv": [1.5, 13.25, 1.25, 13], "texture": "#0"},
				"down": {"uv": [1.75, 13, 1.5, 13.25], "texture": "#0"}
			}
		},
		{
			"from": [11.15, 1.7, 4],
			"to": [12.15, 8.5, 13],
			"rotation": {"angle": 0, "axis": "y", "origin": [8.45, -15.3, 8]},
			"faces": {
				"north": {"uv": [4.75, 10.25, 5, 12], "texture": "#0"},
				"east": {"uv": [4, 1.75, 6.25, 3.5], "texture": "#0"},
				"south": {"uv": [5, 10.25, 5.25, 12], "texture": "#0"},
				"west": {"uv": [0, 4.25, 2.25, 6], "texture": "#0"},
				"up": {"uv": [9.25, 12.25, 9, 10], "texture": "#0"},
				"down": {"uv": [9.5, 10, 9.25, 12.25], "texture": "#0"}
			}
		},
		{
			"from": [4.85, 7.7, 4],
			"to": [11.15, 8.5, 5],
			"rotation": {"angle": 0, "axis": "y", "origin": [6.15, -15.3, 8]},
			"faces": {
				"north": {"uv": [10.5, 10.5, 12, 10.75], "texture": "#0"},
				"east": {"uv": [1.75, 13, 2, 13.25], "texture": "#0"},
				"south": {"uv": [10.5, 1, 12, 1.25], "texture": "#0"},
				"west": {"uv": [2, 13, 2.25, 13.25], "texture": "#0"},
				"up": {"uv": [12, 1.5, 10.5, 1.25], "texture": "#0"},
				"down": {"uv": [12, 6.25, 10.5, 6.5], "texture": "#0"}
			}
		},
		{
			"from": [7.1, 7.2, 4],
			"to": [8.9, 7.7, 5],
			"rotation": {"angle": 0, "axis": "y", "origin": [8.4, -16.4, 8]},
			"faces": {
				"north": {"uv": [8.75, 1.5, 9.25, 1.75], "texture": "#0"},
				"east": {"uv": [2.25, 13, 2.5, 13.25], "texture": "#0"},
				"south": {"uv": [12, 5, 12.5, 5.25], "texture": "#0"},
				"west": {"uv": [3, 13, 3.25, 13.25], "texture": "#0"},
				"up": {"uv": [12.5, 8, 12, 7.75], "texture": "#0"},
				"down": {"uv": [12.5, 8.25, 12, 8.5], "texture": "#0"}
			}
		},
		{
			"from": [7.1, 5, 4],
			"to": [8.9, 5.5, 5],
			"rotation": {"angle": 0, "axis": "y", "origin": [8.4, -18.4, 8]},
			"faces": {
				"north": {"uv": [12, 10.5, 12.5, 10.75], "texture": "#0"},
				"east": {"uv": [3.25, 13, 3.5, 13.25], "texture": "#0"},
				"south": {"uv": [12, 11.75, 12.5, 12], "texture": "#0"},
				"west": {"uv": [3.5, 13, 3.75, 13.25], "texture": "#0"},
				"up": {"uv": [8.75, 12.5, 8.25, 12.25], "texture": "#0"},
				"down": {"uv": [9.25, 12.25, 8.75, 12.5], "texture": "#0"}
			}
		},
		{
			"from": [10.65, 7.4, 4],
			"to": [11.15, 7.7, 5],
			"rotation": {"angle": 0, "axis": "y", "origin": [11.15, -16, 8]},
			"faces": {
				"north": {"uv": [3.75, 13, 4, 13.25], "texture": "#0"},
				"east": {"uv": [5.75, 13, 6, 13.25], "texture": "#0"},
				"south": {"uv": [6, 13, 6.25, 13.25], "texture": "#0"},
				"west": {"uv": [6.25, 13, 6.5, 13.25], "texture": "#0"},
				"up": {"uv": [6.75, 13.25, 6.5, 13], "texture": "#0"},
				"down": {"uv": [7.75, 13, 7.5, 13.25], "texture": "#0"}
			}
		},
		{
			"from": [10.65, 5, 4],
			"to": [11.15, 5.3, 5],
			"rotation": {"angle": 0, "axis": "y", "origin": [11.15, -18.4, 8]},
			"faces": {
				"north": {"uv": [7.75, 13, 8, 13.25], "texture": "#0"},
				"east": {"uv": [8.25, 13, 8.5, 13.25], "texture": "#0"},
				"south": {"uv": [8.5, 13, 8.75, 13.25], "texture": "#0"},
				"west": {"uv": [8.75, 13, 9, 13.25], "texture": "#0"},
				"up": {"uv": [9.25, 13.25, 9, 13], "texture": "#0"},
				"down": {"uv": [9.5, 13, 9.25, 13.25], "texture": "#0"}
			}
		},
		{
			"from": [4.8, 7.4, 4],
			"to": [5.3, 7.7, 5],
			"rotation": {"angle": 0, "axis": "y", "origin": [5.1, -16, 8]},
			"faces": {
				"north": {"uv": [9.5, 13, 9.75, 13.25], "texture": "#0"},
				"east": {"uv": [9.75, 13, 10, 13.25], "texture": "#0"},
				"south": {"uv": [10, 13, 10.25, 13.25], "texture": "#0"},
				"west": {"uv": [10.25, 13, 10.5, 13.25], "texture": "#0"},
				"up": {"uv": [10.75, 13.25, 10.5, 13], "texture": "#0"},
				"down": {"uv": [11, 13, 10.75, 13.25], "texture": "#0"}
			}
		},
		{
			"from": [4.85, 5, 4],
			"to": [5.35, 5.3, 5],
			"rotation": {"angle": 0, "axis": "y", "origin": [4.85, -18.4, 8]},
			"faces": {
				"north": {"uv": [11, 13, 11.25, 13.25], "texture": "#0"},
				"east": {"uv": [11.25, 13, 11.5, 13.25], "texture": "#0"},
				"south": {"uv": [12.5, 13, 12.75, 13.25], "texture": "#0"},
				"west": {"uv": [13, 13, 13.25, 13.25], "texture": "#0"},
				"up": {"uv": [13.25, 0.25, 13, 0], "texture": "#0"},
				"down": {"uv": [13.25, 0.25, 13, 0.5], "texture": "#0"}
			}
		},
		{
			"from": [7.35, 5.5, 4],
			"to": [8.65, 7.2, 5],
			"rotation": {"angle": 0, "axis": "y", "origin": [8.65, -16.9, 8]},
			"faces": {
				"north": {"uv": [9.25, 12.25, 9.5, 12.75], "texture": "#0"},
				"east": {"uv": [9.5, 12.25, 9.75, 12.75], "texture": "#0"},
				"south": {"uv": [9.75, 12.25, 10, 12.75], "texture": "#0"},
				"west": {"uv": [10, 12.25, 10.25, 12.75], "texture": "#0"},
				"up": {"uv": [13.25, 0.75, 13, 0.5], "texture": "#0"},
				"down": {"uv": [13.25, 0.75, 13, 1], "texture": "#0"}
			}
		},
		{
			"from": [4.85, 2.2, 12],
			"to": [11.15, 8.5, 13],
			"rotation": {"angle": 0, "axis": "y", "origin": [7.15, -14.8, 9]},
			"faces": {
				"north": {"uv": [1.75, 7.5, 3.25, 9], "texture": "#0"},
				"east": {"uv": [3.75, 6, 4, 7.5], "texture": "#0"},
				"south": {"uv": [3.25, 7.5, 4.75, 9], "texture": "#0"},
				"west": {"uv": [5.25, 10.25, 5.5, 11.75], "texture": "#0"},
				"up": {"uv": [12, 6.75, 10.5, 6.5], "texture": "#0"},
				"down": {"uv": [12, 6.75, 10.5, 7], "texture": "#0"}
			}
		},
		{
			"from": [4.25, 1, 11.5],
			"to": [11.75, 2.5, 12.8],
			"rotation": {"angle": 0, "axis": "y", "origin": [8.25, -22, 8.35]},
			"faces": {
				"north": {"uv": [8.5, 7.25, 10.5, 7.75], "texture": "#0"},
				"east": {"uv": [10.25, 12.25, 10.5, 12.75], "texture": "#0"},
				"south": {"uv": [8.5, 7.75, 10.5, 8.25], "texture": "#0"},
				"west": {"uv": [10.5, 12.25, 10.75, 12.75], "texture": "#0"},
				"up": {"uv": [4, 2, 2, 1.75], "texture": "#0"},
				"down": {"uv": [2, 4, 0, 4.25], "texture": "#0"}
			}
		},
		{
			"from": [9.95, 1, 4.5],
			"to": [11.75, 2.5, 11.5],
			"rotation": {"angle": 0, "axis": "y", "origin": [8.2, -22, 7.15]},
			"faces": {
				"north": {"uv": [7.75, 11.25, 8.25, 11.75], "texture": "#0"},
				"east": {"uv": [8.75, 1, 10.5, 1.5], "texture": "#0"},
				"south": {"uv": [8.25, 11.25, 8.75, 11.75], "texture": "#0"},
				"west": {"uv": [5.5, 9, 7.25, 9.5], "texture": "#0"},
				"up": {"uv": [7.75, 10.75, 7.25, 9], "texture": "#0"},
				"down": {"uv": [9.75, 1.5, 9.25, 3.25], "texture": "#0"}
			}
		},
		{
			"from": [4.25, 1, 4.5],
			"to": [6.05, 2.5, 11.5],
			"rotation": {"angle": 0, "axis": "y", "origin": [7.8, -22, 7.15]},
			"faces": {
				"north": {"uv": [11.25, 9.5, 11.75, 10], "texture": "#0"},
				"east": {"uv": [9.25, 3.25, 11, 3.75], "texture": "#0"},
				"south": {"uv": [11.25, 10, 11.75, 10.5], "texture": "#0"},
				"west": {"uv": [5.5, 9.5, 7.25, 10], "texture": "#0"},
				"up": {"uv": [0.5, 11.25, 0, 9.5], "texture": "#0"},
				"down": {"uv": [1, 9.5, 0.5, 11.25], "texture": "#0"}
			}
		},
		{
			"from": [5, 0.3, 5],
			"to": [11, 1.3, 11.5],
			"rotation": {"angle": 0, "axis": "y", "origin": [9, -24.25, 9]},
			"faces": {
				"north": {"uv": [10.5, 7, 12, 7.25], "texture": "#0"},
				"east": {"uv": [10.5, 7.25, 12, 7.5], "texture": "#0"},
				"south": {"uv": [10.5, 7.5, 12, 7.75], "texture": "#0"},
				"west": {"uv": [10.5, 7.75, 12, 8], "texture": "#0"},
				"up": {"uv": [6.25, 9, 4.75, 7.5], "texture": "#0"},
				"down": {"uv": [7.75, 7.5, 6.25, 9], "texture": "#0"}
			}
		},
		{
			"from": [2.5, 3.2, 6.5],
			"to": [3.5, 6.7, 11.5],
			"rotation": {"angle": 0, "axis": "y", "origin": [-1.9675, -12.75, 9.5]},
			"faces": {
				"north": {"uv": [6.75, 11.25, 7, 12.25], "texture": "#0"},
				"east": {"uv": [6.25, 4.5, 7.5, 5.5], "texture": "#0"},
				"south": {"uv": [5.5, 11.5, 5.75, 12.5], "texture": "#0"},
				"west": {"uv": [8, 1.75, 9.25, 2.75], "texture": "#0"},
				"up": {"uv": [1.75, 9, 1.5, 7.75], "texture": "#0"},
				"down": {"uv": [10.25, 11, 10, 12.25], "texture": "#0"}
			}
		},
		{
			"from": [12.5, 3.2, 6.5],
			"to": [13.5, 6.7, 11.5],
			"rotation": {"angle": 0, "axis": "y", "origin": [17.9675, -12.75, 9.5]},
			"faces": {
				"north": {"uv": [5.75, 11.5, 6, 12.5], "texture": "#0"},
				"east": {"uv": [8, 2.75, 9.25, 3.75], "texture": "#0"},
				"south": {"uv": [6, 11.5, 6.25, 12.5], "texture": "#0"},
				"west": {"uv": [8.5, 8.5, 9.75, 9.5], "texture": "#0"},
				"up": {"uv": [10.5, 12.25, 10.25, 11], "texture": "#0"},
				"down": {"uv": [0.25, 11.25, 0, 12.5], "texture": "#0"}
			}
		},
		{
			"from": [2.7, 2.5, 7.5],
			"to": [3.7, 7.5, 10.5],
			"rotation": {"angle": 0, "axis": "y", "origin": [-1.9675, -11.25, 10.5]},
			"faces": {
				"north": {"uv": [0.25, 11.25, 0.5, 12.5], "texture": "#0"},
				"east": {"uv": [2.5, 9, 3.25, 10.25], "texture": "#0"},
				"south": {"uv": [0.5, 11.25, 0.75, 12.5], "texture": "#0"},
				"west": {"uv": [3.25, 9, 4, 10.25], "texture": "#0"},
				"up": {"uv": [2.5, 12.5, 2.25, 11.75], "texture": "#0"},
				"down": {"uv": [5.5, 11.75, 5.25, 12.5], "texture": "#0"}
			}
		},
		{
			"from": [12.3, 2.5, 7.5],
			"to": [13.3, 7.5, 10.5],
			"rotation": {"angle": 0, "axis": "y", "origin": [17.9675, -11.25, 10.5]},
			"faces": {
				"north": {"uv": [0.75, 11.25, 1, 12.5], "texture": "#0"},
				"east": {"uv": [4, 9, 4.75, 10.25], "texture": "#0"},
				"south": {"uv": [6.5, 11.25, 6.75, 12.5], "texture": "#0"},
				"west": {"uv": [4.75, 9, 5.5, 10.25], "texture": "#0"},
				"up": {"uv": [2.75, 12.75, 2.5, 12], "texture": "#0"},
				"down": {"uv": [3, 12, 2.75, 12.75], "texture": "#0"}
			}
		},
		{
			"from": [4.4925, 8.8, 4.3],
			"to": [11.4925, 9.3, 11.6],
			"rotation": {"angle": 0, "axis": "y", "origin": [8.4925, -6.5, 8]},
			"faces": {
				"north": {"uv": [9.75, 5.5, 11.5, 5.75], "texture": "#0"},
				"east": {"uv": [10.25, 1.5, 12, 1.75], "texture": "#0"},
				"south": {"uv": [10.25, 1.75, 12, 2], "texture": "#0"},
				"west": {"uv": [10.25, 2, 12, 2.25], "texture": "#0"},
				"up": {"uv": [7.5, 7.5, 5.75, 5.75], "texture": "#0"},
				"down": {"uv": [1.75, 6, 0, 7.75], "texture": "#0"}
			}
		},
		{
			"from": [8.8, 9.7, 4.85],
			"to": [11.8, 11, 12.15],
			"rotation": {"angle": 0, "axis": "y", "origin": [8.5, -4.9, 9.55]},
			"faces": {
				"north": {"uv": [7.75, 7.5, 8.5, 7.75], "texture": "#0"},
				"east": {"uv": [10.25, 2.25, 12, 2.5], "texture": "#0"},
				"south": {"uv": [11.5, 6, 12.25, 6.25], "texture": "#0"},
				"west": {"uv": [10.25, 2.5, 12, 2.75], "texture": "#0"},
				"up": {"uv": [0.75, 9.5, 0, 7.75], "texture": "#0"},
				"down": {"uv": [1.5, 7.75, 0.75, 9.5], "texture": "#0"}
			}
		},
		{
			"from": [4.2, 9.7, 4.85],
			"to": [7.2, 11, 12.15],
			"rotation": {"angle": 0, "axis": "y", "origin": [7.5, -4.9, 9.55]},
			"faces": {
				"north": {"uv": [11.75, 3, 12.5, 3.25], "texture": "#0"},
				"east": {"uv": [10.25, 2.75, 12, 3], "texture": "#0"},
				"south": {"uv": [11.75, 5.25, 12.5, 5.5], "texture": "#0"},
				"west": {"uv": [10.25, 8.25, 12, 8.5], "texture": "#0"},
				"up": {"uv": [8.5, 9.5, 7.75, 7.75], "texture": "#0"},
				"down": {"uv": [8.75, 0, 8, 1.75], "texture": "#0"}
			}
		},
		{
			"from": [4.7925, 11, 6],
			"to": [6.7925, 11.3, 11],
			"rotation": {"angle": 0, "axis": "y", "origin": [7.4925, -3.6, 10.7]},
			"faces": {
				"north": {"uv": [10.75, 12.25, 11.25, 12.5], "texture": "#0"},
				"east": {"uv": [6.25, 5.5, 7.5, 5.75], "texture": "#0"},
				"south": {"uv": [11.25, 12.25, 11.75, 12.5], "texture": "#0"},
				"west": {"uv": [8.5, 8.25, 9.75, 8.5], "texture": "#0"},
				"up": {"uv": [10.25, 9.5, 9.75, 8.25], "texture": "#0"},
				"down": {"uv": [7, 10, 6.5, 11.25], "texture": "#0"}
			}
		},
		{
			"from": [9.1925, 11, 6],
			"to": [11.1925, 11.3, 11],
			"rotation": {"angle": 0, "axis": "y", "origin": [8.4925, -3.6, 10.7]},
			"faces": {
				"north": {"uv": [11.75, 12.25, 12.25, 12.5], "texture": "#0"},
				"east": {"uv": [10.5, 8, 11.75, 8.25], "texture": "#0"},
				"south": {"uv": [12.25, 12.25, 12.75, 12.5], "texture": "#0"},
				"west": {"uv": [11, 3.25, 12.25, 3.5], "texture": "#0"},
				"up": {"uv": [8.25, 11.25, 7.75, 10], "texture": "#0"},
				"down": {"uv": [8.75, 10, 8.25, 11.25], "texture": "#0"}
			}
		},
		{
			"from": [7.1925, 9.9, 4.75],
			"to": [8.7925, 10.7, 12.25],
			"rotation": {"angle": 0, "axis": "y", "origin": [11.0925, -4.5, 10]},
			"faces": {
				"north": {"uv": [12.25, 3.25, 12.75, 3.5], "texture": "#0"},
				"east": {"uv": [9.75, 3, 11.75, 3.25], "texture": "#0"},
				"south": {"uv": [12.25, 3.5, 12.75, 3.75], "texture": "#0"},
				"west": {"uv": [9.75, 5.25, 11.75, 5.5], "texture": "#0"},
				"up": {"uv": [2, 11, 1.5, 9], "texture": "#0"},
				"down": {"uv": [2.5, 9, 2, 11], "texture": "#0"}
			}
		},
		{
			"from": [4.5325, 2, 12],
			"to": [11.5325, 8, 13.5],
			"rotation": {"angle": 0, "axis": "y", "origin": [7.5325, -14.5, 17]},
			"faces": {
				"north": {"uv": [6.25, 1.5, 8, 3], "texture": "#0"},
				"east": {"uv": [1, 9.5, 1.5, 11], "texture": "#0"},
				"south": {"uv": [6.25, 3, 8, 4.5], "texture": "#0"},
				"west": {"uv": [9.75, 1.5, 10.25, 3], "texture": "#0"},
				"up": {"uv": [9.5, 10, 7.75, 9.5], "texture": "#0"},
				"down": {"uv": [11.25, 9.5, 9.5, 10], "texture": "#0"}
			}
		},
		{
			"from": [9.5, 1.8, 2.8],
			"to": [10, 2.1, 3.4],
			"rotation": {"angle": 0, "axis": "y", "origin": [2.70523, 9.85, -4.11748]},
			"faces": {
				"north": {"uv": [13, 3, 13.25, 3.25], "texture": "#0"},
				"east": {"uv": [13, 5.25, 13.25, 5.5], "texture": "#0"},
				"south": {"uv": [13, 5.5, 13.25, 5.75], "texture": "#0"},
				"west": {"uv": [13, 5.75, 13.25, 6], "texture": "#0"},
				"up": {"uv": [13.25, 6.25, 13, 6], "texture": "#0"},
				"down": {"uv": [13.25, 6.25, 13, 6.5], "texture": "#0"}
			}
		},
		{
			"from": [7.2, 1.8, 5.2],
			"to": [7.7, 2.1, 5.8],
			"rotation": {"angle": 22.5, "axis": "y", "origin": [0.40667, 9.85, -1.55772]},
			"faces": {
				"north": {"uv": [13, 6.5, 13.25, 6.75], "texture": "#0"},
				"east": {"uv": [13, 6.75, 13.25, 7], "texture": "#0"},
				"south": {"uv": [13, 7, 13.25, 7.25], "texture": "#0"},
				"west": {"uv": [13, 8.75, 13.25, 9], "texture": "#0"},
				"up": {"uv": [13.25, 9.25, 13, 9], "texture": "#0"},
				"down": {"uv": [13.25, 9.25, 13, 9.5], "texture": "#0"}
			}
		},
		{
			"from": [9.5, 1.8, 3.8],
			"to": [10, 2.1, 4.4],
			"rotation": {"angle": 0, "axis": "y", "origin": [2.70523, 9.85, -3.11748]},
			"faces": {
				"north": {"uv": [13, 9.5, 13.25, 9.75], "texture": "#0"},
				"east": {"uv": [13, 9.75, 13.25, 10], "texture": "#0"},
				"south": {"uv": [13, 10.5, 13.25, 10.75], "texture": "#0"},
				"west": {"uv": [13, 11.25, 13.25, 11.5], "texture": "#0"},
				"up": {"uv": [13.25, 11.75, 13, 11.5], "texture": "#0"},
				"down": {"uv": [13.25, 11.75, 13, 12], "texture": "#0"}
			}
		},
		{
			"from": [5.8, 1.8, -5.71109],
			"to": [6.4, 2.1, -5.21109],
			"rotation": {"angle": -45, "axis": "y", "origin": [-0.80201, 9.85, 1.88891]},
			"faces": {
				"north": {"uv": [13, 12.75, 13.25, 13], "texture": "#0"},
				"east": {"uv": [0, 13.25, 0.25, 13.5], "texture": "#0"},
				"south": {"uv": [0.25, 13.25, 0.5, 13.5], "texture": "#0"},
				"west": {"uv": [0.5, 13.25, 0.75, 13.5], "texture": "#0"},
				"up": {"uv": [1, 13.5, 0.75, 13.25], "texture": "#0"},
				"down": {"uv": [1.25, 13.25, 1, 13.5], "texture": "#0"}
			}
		},
		{
			"from": [8.35, 1.85, 1],
			"to": [8.85, 2.15, 1.5],
			"rotation": {"angle": 0, "axis": "y", "origin": [1.15, 9.85, 8.6]},
			"faces": {
				"north": {"uv": [1.25, 13.25, 1.5, 13.5], "texture": "#0"},
				"east": {"uv": [1.5, 13.25, 1.75, 13.5], "texture": "#0"},
				"south": {"uv": [1.75, 13.25, 2, 13.5], "texture": "#0"},
				"west": {"uv": [2, 13.25, 2.25, 13.5], "texture": "#0"},
				"up": {"uv": [2.5, 13.5, 2.25, 13.25], "texture": "#0"},
				"down": {"uv": [2.75, 13.25, 2.5, 13.5], "texture": "#0"}
			}
		},
		{
			"from": [7.15, 1.85, 1],
			"to": [7.65, 2.15, 1.5],
			"rotation": {"angle": 0, "axis": "y", "origin": [14.85, 9.85, 8.6]},
			"faces": {
				"north": {"uv": [2.75, 13.25, 3, 13.5], "texture": "#0"},
				"east": {"uv": [3, 13.25, 3.25, 13.5], "texture": "#0"},
				"south": {"uv": [3.25, 13.25, 3.5, 13.5], "texture": "#0"},
				"west": {"uv": [3.5, 13.25, 3.75, 13.5], "texture": "#0"},
				"up": {"uv": [4, 13.5, 3.75, 13.25], "texture": "#0"},
				"down": {"uv": [4.25, 13.25, 4, 13.5], "texture": "#0"}
			}
		},
		{
			"from": [9.6, 1.85, -5.71109],
			"to": [10.2, 2.15, -5.21109],
			"rotation": {"angle": 45, "axis": "y", "origin": [16.80201, 9.85, 1.88891]},
			"faces": {
				"north": {"uv": [4.25, 13.25, 4.5, 13.5], "texture": "#0"},
				"east": {"uv": [4.5, 13.25, 4.75, 13.5], "texture": "#0"},
				"south": {"uv": [4.75, 13.25, 5, 13.5], "texture": "#0"},
				"west": {"uv": [5, 13.25, 5.25, 13.5], "texture": "#0"},
				"up": {"uv": [5.5, 13.5, 5.25, 13.25], "texture": "#0"},
				"down": {"uv": [5.75, 13.25, 5.5, 13.5], "texture": "#0"}
			}
		},
		{
			"from": [8.3, 1.8, 5.2],
			"to": [8.8, 2.1, 5.8],
			"rotation": {"angle": -22.5, "axis": "y", "origin": [15.59333, 9.85, -1.55772]},
			"faces": {
				"north": {"uv": [5.75, 13.25, 6, 13.5], "texture": "#0"},
				"east": {"uv": [6, 13.25, 6.25, 13.5], "texture": "#0"},
				"south": {"uv": [6.25, 13.25, 6.5, 13.5], "texture": "#0"},
				"west": {"uv": [6.5, 13.25, 6.75, 13.5], "texture": "#0"},
				"up": {"uv": [7, 13.5, 6.75, 13.25], "texture": "#0"},
				"down": {"uv": [7.25, 13.25, 7, 13.5], "texture": "#0"}
			}
		},
		{
			"from": [6, 1.8, 2.8],
			"to": [6.5, 2.1, 3.4],
			"rotation": {"angle": 0, "axis": "y", "origin": [13.29477, 9.85, -4.11748]},
			"faces": {
				"north": {"uv": [7.25, 13.25, 7.5, 13.5], "texture": "#0"},
				"east": {"uv": [7.5, 13.25, 7.75, 13.5], "texture": "#0"},
				"south": {"uv": [7.75, 13.25, 8, 13.5], "texture": "#0"},
				"west": {"uv": [8, 13.25, 8.25, 13.5], "texture": "#0"},
				"up": {"uv": [8.5, 13.5, 8.25, 13.25], "texture": "#0"},
				"down": {"uv": [8.75, 13.25, 8.5, 13.5], "texture": "#0"}
			}
		},
		{
			"from": [6, 1.8, 3.8],
			"to": [6.5, 2.1, 4.4],
			"rotation": {"angle": 0, "axis": "y", "origin": [13.29477, 9.85, -3.11748]},
			"faces": {
				"north": {"uv": [8.75, 13.25, 9, 13.5], "texture": "#0"},
				"east": {"uv": [9, 13.25, 9.25, 13.5], "texture": "#0"},
				"south": {"uv": [9.25, 13.25, 9.5, 13.5], "texture": "#0"},
				"west": {"uv": [9.5, 13.25, 9.75, 13.5], "texture": "#0"},
				"up": {"uv": [10, 13.5, 9.75, 13.25], "texture": "#0"},
				"down": {"uv": [10.25, 13.25, 10, 13.5], "texture": "#0"}
			}
		},
		{
			"from": [6.5, 0.3, 3],
			"to": [9.5, 0.6, 5],
			"rotation": {"angle": 0, "axis": "y", "origin": [13.5, 8.2, 12]},
			"faces": {
				"north": {"uv": [11.75, 8, 12.5, 8.25], "texture": "#0"},
				"east": {"uv": [12.25, 5.5, 12.75, 5.75], "texture": "#0"},
				"south": {"uv": [11.75, 10, 12.5, 10.25], "texture": "#0"},
				"west": {"uv": [12.25, 5.75, 12.75, 6], "texture": "#0"},
				"up": {"uv": [11.25, 10.5, 10.5, 10], "texture": "#0"},
				"down": {"uv": [11.25, 10.75, 10.5, 11.25], "texture": "#0"}
			}
		},
		{
			"from": [6, 0.5, 2],
			"to": [10, 1.8, 5],
			"rotation": {"angle": 0, "axis": "y", "origin": [14, 8.5, 12]},
			"faces": {
				"north": {"uv": [11.25, 10.75, 12.25, 11], "texture": "#0"},
				"east": {"uv": [11.75, 10.25, 12.5, 10.5], "texture": "#0"},
				"south": {"uv": [11.25, 11, 12.25, 11.25], "texture": "#0"},
				"west": {"uv": [11.75, 11.25, 12.5, 11.5], "texture": "#0"},
				"up": {"uv": [10.75, 4.5, 9.75, 3.75], "texture": "#0"},
				"down": {"uv": [10.75, 4.5, 9.75, 5.25], "texture": "#0"}
			}
		},
		{
			"from": [6.25, 0.8, 1.2],
			"to": [9.75, 1.8, 2],
			"rotation": {"angle": 0, "axis": "y", "origin": [14.25, 8.7, 9.2]},
			"faces": {
				"north": {"uv": [10.5, 11.5, 11.5, 11.75], "texture": "#0"},
				"east": {"uv": [10.25, 13.25, 10.5, 13.5], "texture": "#0"},
				"south": {"uv": [11.5, 11.5, 12.5, 11.75], "texture": "#0"},
				"west": {"uv": [10.5, 13.25, 10.75, 13.5], "texture": "#0"},
				"up": {"uv": [12.5, 0.25, 11.5, 0], "texture": "#0"},
				"down": {"uv": [12.5, 0.25, 11.5, 0.5], "texture": "#0"}
			}
		},
		{
			"from": [6.85, 1.05, 0.6],
			"to": [9.15, 1.85, 4.2],
			"rotation": {"angle": 0, "axis": "y", "origin": [13.85, 8.8, 8.6]},
			"faces": {
				"north": {"uv": [12.25, 6, 12.75, 6.25], "texture": "#0"},
				"east": {"uv": [11.5, 0.5, 12.5, 0.75], "texture": "#0"},
				"south": {"uv": [12.25, 6.25, 12.75, 6.5], "texture": "#0"},
				"west": {"uv": [11.5, 0.75, 12.5, 1], "texture": "#0"},
				"up": {"uv": [10, 11, 9.5, 10], "texture": "#0"},
				"down": {"uv": [10.5, 10, 10, 11], "texture": "#0"}
			}
		},
		{
			"from": [7.2925, 10.7, 6.75],
			"to": [8.7925, 11.7, 7.75],
			"rotation": {"angle": 0, "axis": "y", "origin": [15.2925, 18.7, 14.75]},
			"faces": {
				"north": {"uv": [12.25, 6.5, 12.75, 6.75], "texture": "#0"},
				"east": {"uv": [10.75, 13.25, 11, 13.5], "texture": "#0"},
				"south": {"uv": [12.25, 6.75, 12.75, 7], "texture": "#0"},
				"west": {"uv": [11, 13.25, 11.25, 13.5], "texture": "#0"},
				"up": {"uv": [12.75, 7.25, 12.25, 7], "texture": "#0"},
				"down": {"uv": [12.75, 7.25, 12.25, 7.5], "texture": "#0"}
			}
		},
		{
			"from": [7, 13.8, 3],
			"to": [9, 15.3, 4],
			"rotation": {"angle": -22.5, "axis": "x", "origin": [15, 22.1525, 11.07957]},
			"faces": {
				"north": {"uv": [7.25, 11.5, 7.75, 12], "texture": "#0"},
				"east": {"uv": [12.25, 8.5, 12.5, 9], "texture": "#0"},
				"south": {"uv": [11.5, 3.75, 12, 4.25], "texture": "#0"},
				"west": {"uv": [12.25, 9, 12.5, 9.5], "texture": "#0"},
				"up": {"uv": [12.75, 7.75, 12.25, 7.5], "texture": "#0"},
				"down": {"uv": [12.75, 9.5, 12.25, 9.75], "texture": "#0"}
			}
		},
		{
			"from": [7.1, 15.672, -1.81843],
			"to": [8.9, 16.672, -0.81843],
			"rotation": {"angle": -45, "axis": "x", "origin": [15.1, 24.02451, 6.26114]},
			"faces": {
				"north": {"uv": [12.25, 9.75, 12.75, 10], "texture": "#0"},
				"east": {"uv": [11.25, 13.25, 11.5, 13.5], "texture": "#0"},
				"south": {"uv": [12.25, 10.75, 12.75, 11], "texture": "#0"},
				"west": {"uv": [11.5, 13.25, 11.75, 13.5], "texture": "#0"},
				"up": {"uv": [12.75, 11.25, 12.25, 11], "texture": "#0"},
				"down": {"uv": [0.5, 12.5, 0, 12.75], "texture": "#0"}
			}
		},
		{
			"from": [7.35, 16.37911, -2.52554],
			"to": [8.65, 16.87911, -1.52554],
			"rotation": {"angle": -45, "axis": "x", "origin": [15.35, 24.73161, 5.55403]},
			"faces": {
				"north": {"uv": [11.75, 13.25, 12, 13.5], "texture": "#0"},
				"east": {"uv": [12, 13.25, 12.25, 13.5], "texture": "#0"},
				"south": {"uv": [12.25, 13.25, 12.5, 13.5], "texture": "#0"},
				"west": {"uv": [12.5, 13.25, 12.75, 13.5], "texture": "#0"},
				"up": {"uv": [13, 13.5, 12.75, 13.25], "texture": "#0"},
				"down": {"uv": [13.25, 13.25, 13, 13.5], "texture": "#0"}
			}
		},
		{
			"from": [8.2925, 10.7, 7.75],
			"to": [9.2925, 11.7, 9.25],
			"rotation": {"angle": 0, "axis": "y", "origin": [1.2925, 18.7, 15.75]},
			"faces": {
				"north": {"uv": [13.25, 13.25, 13.5, 13.5], "texture": "#0"},
				"east": {"uv": [0.5, 12.5, 1, 12.75], "texture": "#0"},
				"south": {"uv": [13.25, 0, 13.5, 0.25], "texture": "#0"},
				"west": {"uv": [5.25, 12.5, 5.75, 12.75], "texture": "#0"},
				"up": {"uv": [2.5, 13, 2.25, 12.5], "texture": "#0"},
				"down": {"uv": [6, 12.5, 5.75, 13], "texture": "#0"}
			}
		},
		{
			"from": [12.0425, 13.8, 7.4575],
			"to": [13.0425, 15.3, 9.4575],
			"rotation": {"angle": -22.5, "axis": "z", "origin": [4.96293, 22.1525, 15.4575]},
			"faces": {
				"north": {"uv": [6, 12.5, 6.25, 13], "texture": "#0"},
				"east": {"uv": [11.5, 4.25, 12, 4.75], "texture": "#0"},
				"south": {"uv": [6.25, 12.5, 6.5, 13], "texture": "#0"},
				"west": {"uv": [11.5, 4.75, 12, 5.25], "texture": "#0"},
				"up": {"uv": [6.75, 13, 6.5, 12.5], "texture": "#0"},
				"down": {"uv": [8.5, 12.5, 8.25, 13], "texture": "#0"}
			}
		},
		{
			"from": [16.86093, 15.672, 7.5575],
			"to": [17.86093, 16.672, 9.3575],
			"rotation": {"angle": -45, "axis": "z", "origin": [9.78136, 24.02451, 15.5575]},
			"faces": {
				"north": {"uv": [13.25, 0.25, 13.5, 0.5], "texture": "#0"},
				"east": {"uv": [8.5, 12.5, 9, 12.75], "texture": "#0"},
				"south": {"uv": [13.25, 0.5, 13.5, 0.75], "texture": "#0"},
				"west": {"uv": [10.75, 12.5, 11.25, 12.75], "texture": "#0"},
				"up": {"uv": [9.25, 13, 9, 12.5], "texture": "#0"},
				"down": {"uv": [11.5, 12.5, 11.25, 13], "texture": "#0"}
			}
		},
		{
			"from": [17.56804, 16.37911, 7.8075],
			"to": [18.56804, 16.87911, 9.1075],
			"rotation": {"angle": -45, "axis": "z", "origin": [10.48847, 24.73161, 15.8075]},
			"faces": {
				"north": {"uv": [13.25, 0.75, 13.5, 1], "texture": "#0"},
				"east": {"uv": [13.25, 1, 13.5, 1.25], "texture": "#0"},
				"south": {"uv": [13.25, 1.25, 13.5, 1.5], "texture": "#0"},
				"west": {"uv": [13.25, 1.5, 13.5, 1.75], "texture": "#0"},
				"up": {"uv": [13.5, 2, 13.25, 1.75], "texture": "#0"},
				"down": {"uv": [13.5, 2, 13.25, 2.25], "texture": "#0"}
			}
		},
		{
			"from": [6.7075, 10.7, 7.75],
			"to": [7.7075, 11.7, 9.25],
			"rotation": {"angle": 0, "axis": "y", "origin": [14.7075, 18.7, 15.75]},
			"faces": {
				"north": {"uv": [13.25, 2.25, 13.5, 2.5], "texture": "#0"},
				"east": {"uv": [11.5, 12.5, 12, 12.75], "texture": "#0"},
				"south": {"uv": [13.25, 2.5, 13.5, 2.75], "texture": "#0"},
				"west": {"uv": [12, 12.5, 12.5, 12.75], "texture": "#0"},
				"up": {"uv": [12.75, 13, 12.5, 12.5], "texture": "#0"},
				"down": {"uv": [12.75, 0, 12.5, 0.5], "texture": "#0"}
			}
		},
		{
			"from": [2.9575, 13.8, 7.4575],
			"to": [3.9575, 15.3, 9.4575],
			"rotation": {"angle": 22.5, "axis": "z", "origin": [11.03707, 22.1525, 15.4575]},
			"faces": {
				"north": {"uv": [12.5, 0.5, 12.75, 1], "texture": "#0"},
				"east": {"uv": [11.5, 5.5, 12, 6], "texture": "#0"},
				"south": {"uv": [12.5, 5, 12.75, 5.5], "texture": "#0"},
				"west": {"uv": [1, 11.75, 1.5, 12.25], "texture": "#0"},
				"up": {"uv": [12.75, 8.25, 12.5, 7.75], "texture": "#0"},
				"down": {"uv": [12.75, 8.25, 12.5, 8.75], "texture": "#0"}
			}
		},
		{
			"from": [-1.86093, 15.672, 7.5575],
			"to": [-0.86093, 16.672, 9.3575],
			"rotation": {"angle": 45, "axis": "z", "origin": [6.21864, 24.02451, 15.5575]},
			"faces": {
				"north": {"uv": [13.25, 2.75, 13.5, 3], "texture": "#0"},
				"east": {"uv": [12.5, 3, 13, 3.25], "texture": "#0"},
				"south": {"uv": [13.25, 3, 13.5, 3.25], "texture": "#0"},
				"west": {"uv": [12.5, 8.75, 13, 9], "texture": "#0"},
				"up": {"uv": [12.75, 9.5, 12.5, 9], "texture": "#0"},
				"down": {"uv": [12.75, 10, 12.5, 10.5], "texture": "#0"}
			}
		},
		{
			"from": [-2.56804, 16.37911, 7.8075],
			"to": [-1.56804, 16.87911, 9.1075],
			"rotation": {"angle": 45, "axis": "z", "origin": [5.51153, 24.73161, 15.8075]},
			"faces": {
				"north": {"uv": [13.25, 3.25, 13.5, 3.5], "texture": "#0"},
				"east": {"uv": [13.25, 3.5, 13.5, 3.75], "texture": "#0"},
				"south": {"uv": [13.25, 3.75, 13.5, 4], "texture": "#0"},
				"west": {"uv": [13.25, 4, 13.5, 4.25], "texture": "#0"},
				"up": {"uv": [13.5, 4.5, 13.25, 4.25], "texture": "#0"},
				"down": {"uv": [13.5, 4.5, 13.25, 4.75], "texture": "#0"}
			}
		},
		{
			"from": [5.55481, 0.31642, 7.495],
			"to": [10.55481, 4.31642, 8.495],
			"rotation": {"angle": 0, "axis": "y", "origin": [15.05481, 8.31642, 15.195]},
			"faces": {
				"north": {"uv": [8.5, 3.75, 9.75, 4.75], "texture": "#0"},
				"east": {"uv": [6.25, 11.5, 6.5, 12.5], "texture": "#0"},
				"south": {"uv": [8.5, 4.75, 9.75, 5.75], "texture": "#0"},
				"west": {"uv": [1.5, 11.75, 1.75, 12.75], "texture": "#0"},
				"up": {"uv": [12.25, 3.75, 11, 3.5], "texture": "#0"},
				"down": {"uv": [11.75, 11.25, 10.5, 11.5], "texture": "#0"}
			}
		},
		{
			"from": [-0.94519, 2.74104, 7.545],
			"to": [0.05481, 5.74104, 8.345],
			"rotation": {"angle": 45, "axis": "z", "origin": [4.40837, 10.74104, 14.545]},
			"faces": {
				"north": {"uv": [3, 12, 3.25, 12.75], "texture": "#0"},
				"east": {"uv": [3.25, 12, 3.5, 12.75], "texture": "#0"},
				"south": {"uv": [3.5, 12, 3.75, 12.75], "texture": "#0"},
				"west": {"uv": [3.75, 12, 4, 12.75], "texture": "#0"},
				"up": {"uv": [13.5, 5, 13.25, 4.75], "texture": "#0"},
				"down": {"uv": [13.5, 5, 13.25, 5.25], "texture": "#0"}
			}
		},
		{
			"from": [15.72138, 2.74104, 7.545],
			"to": [16.72138, 5.74104, 8.345],
			"rotation": {"angle": -45, "axis": "z", "origin": [11.36783, 10.74104, 14.545]},
			"faces": {
				"north": {"uv": [4, 12, 4.25, 12.75], "texture": "#0"},
				"east": {"uv": [4.25, 12, 4.5, 12.75], "texture": "#0"},
				"south": {"uv": [4.5, 12, 4.75, 12.75], "texture": "#0"},
				"west": {"uv": [4.75, 12, 5, 12.75], "texture": "#0"},
				"up": {"uv": [13.5, 5.5, 13.25, 5.25], "texture": "#0"},
				"down": {"uv": [13.5, 5.5, 13.25, 5.75], "texture": "#0"}
			}
		},
		{
			"from": [4.05481, 3.31642, 7.195],
			"to": [11.85481, 9.31642, 8.695],
			"rotation": {"angle": 0, "axis": "y", "origin": [14.05481, 12.31642, 15.195]},
			"faces": {
				"north": {"uv": [1.75, 6, 3.75, 7.5], "texture": "#0"},
				"east": {"uv": [5.5, 10, 6, 11.5], "texture": "#0"},
				"south": {"uv": [6, 0, 8, 1.5], "texture": "#0"},
				"west": {"uv": [6, 10, 6.5, 11.5], "texture": "#0"},
				"up": {"uv": [10.75, 0.5, 8.75, 0], "texture": "#0"},
				"down": {"uv": [10.75, 0.5, 8.75, 1], "texture": "#0"}
			}
		},
		{
			"from": [4.35481, 9.31642, 7.495],
			"to": [6.35481, 9.61642, 8.295],
			"rotation": {"angle": 0, "axis": "y", "origin": [14.05481, 18.31642, 15.195]},
			"faces": {
				"north": {"uv": [12.5, 10.5, 13, 10.75], "texture": "#0"},
				"east": {"uv": [13.25, 5.75, 13.5, 6], "texture": "#0"},
				"south": {"uv": [12.5, 11.25, 13, 11.5], "texture": "#0"},
				"west": {"uv": [13.25, 6, 13.5, 6.25], "texture": "#0"},
				"up": {"uv": [13, 11.75, 12.5, 11.5], "texture": "#0"},
				"down": {"uv": [13, 11.75, 12.5, 12], "texture": "#0"}
			}
		},
		{
			"from": [6.55481, 9.31642, 7.695],
			"to": [7.05481, 9.61642, 8.195],
			"rotation": {"angle": 0, "axis": "y", "origin": [16.05481, 18.31642, 15.195]},
			"faces": {
				"north": {"uv": [13.25, 6.25, 13.5, 6.5], "texture": "#0"},
				"east": {"uv": [13.25, 6.5, 13.5, 6.75], "texture": "#0"},
				"south": {"uv": [13.25, 6.75, 13.5, 7], "texture": "#0"},
				"west": {"uv": [13.25, 7, 13.5, 7.25], "texture": "#0"},
				"up": {"uv": [13.5, 7.5, 13.25, 7.25], "texture": "#0"},
				"down": {"uv": [13.5, 7.5, 13.25, 7.75], "texture": "#0"}
			}
		},
		{
			"from": [7.35481, 9.31642, 7.695],
			"to": [7.85481, 9.61642, 8.195],
			"rotation": {"angle": 0, "axis": "y", "origin": [16.05481, 18.31642, 15.195]},
			"faces": {
				"north": {"uv": [13.25, 7.75, 13.5, 8], "texture": "#0"},
				"east": {"uv": [13.25, 8, 13.5, 8.25], "texture": "#0"},
				"south": {"uv": [13.25, 8.25, 13.5, 8.5], "texture": "#0"},
				"west": {"uv": [13.25, 8.5, 13.5, 8.75], "texture": "#0"},
				"up": {"uv": [13.5, 9, 13.25, 8.75], "texture": "#0"},
				"down": {"uv": [13.5, 9, 13.25, 9.25], "texture": "#0"}
			}
		},
		{
			"from": [9.75481, 9.31642, 7.495],
			"to": [11.75481, 9.61642, 8.295],
			"rotation": {"angle": 0, "axis": "y", "origin": [2.05481, 18.31642, 15.195]},
			"faces": {
				"north": {"uv": [0, 12.75, 0.5, 13], "texture": "#0"},
				"east": {"uv": [13.25, 9.25, 13.5, 9.5], "texture": "#0"},
				"south": {"uv": [0.5, 12.75, 1, 13], "texture": "#0"},
				"west": {"uv": [13.25, 9.5, 13.5, 9.75], "texture": "#0"},
				"up": {"uv": [1.75, 13, 1.25, 12.75], "texture": "#0"},
				"down": {"uv": [2.25, 12.75, 1.75, 13], "texture": "#0"}
			}
		},
		{
			"from": [5.05481, 5.31642, 6.695],
			"to": [7.05481, 7.31642, 7.495],
			"rotation": {"angle": 0, "axis": "y", "origin": [14.05481, 12.31642, 14.195]},
			"faces": {
				"north": {"uv": [1.75, 11.75, 2.25, 12.25], "texture": "#0"},
				"east": {"uv": [2.5, 12.75, 2.75, 13.25], "texture": "#0"},
				"south": {"uv": [7.75, 11.75, 8.25, 12.25], "texture": "#0"},
				"west": {"uv": [2.75, 12.75, 3, 13.25], "texture": "#0"},
				"up": {"uv": [3.5, 13, 3, 12.75], "texture": "#0"},
				"down": {"uv": [4, 12.75, 3.5, 13], "texture": "#0"}
			}
		},
		{
			"from": [6.05481, 7.44108, 6.75334],
			"to": [6.55481, 7.94108, 7.25334],
			"rotation": {"angle": 0, "axis": "y", "origin": [15.05481, 14.44108, 14.25334]},
			"faces": {
				"north": {"uv": [13.25, 9.75, 13.5, 10], "texture": "#0"},
				"east": {"uv": [13.25, 10, 13.5, 10.25], "texture": "#0"},
				"south": {"uv": [13.25, 10.25, 13.5, 10.5], "texture": "#0"},
				"west": {"uv": [13.25, 10.5, 13.5, 10.75], "texture": "#0"},
				"up": {"uv": [13.5, 11, 13.25, 10.75], "texture": "#0"},
				"down": {"uv": [13.5, 11, 13.25, 11.25], "texture": "#0"}
			}
		},
		{
			"from": [6.05481, 4.69176, 6.75334],
			"to": [6.55481, 5.19176, 7.25334],
			"rotation": {"angle": 0, "axis": "y", "origin": [15.05481, -1.80824, 14.25334]},
			"faces": {
				"north": {"uv": [13.25, 11.25, 13.5, 11.5], "texture": "#0"},
				"east": {"uv": [13.25, 11.5, 13.5, 11.75], "texture": "#0"},
				"south": {"uv": [13.25, 11.75, 13.5, 12], "texture": "#0"},
				"west": {"uv": [13.25, 12, 13.5, 12.25], "texture": "#0"},
				"up": {"uv": [13.5, 12.5, 13.25, 12.25], "texture": "#0"},
				"down": {"uv": [13.5, 12.5, 13.25, 12.75], "texture": "#0"}
			}
		},
		{
			"from": [9.55481, 7.44108, 6.75334],
			"to": [10.05481, 7.94108, 7.25334],
			"rotation": {"angle": 0, "axis": "y", "origin": [1.05481, 14.44108, 14.25334]},
			"faces": {
				"north": {"uv": [13.25, 12.75, 13.5, 13], "texture": "#0"},
				"east": {"uv": [13.25, 13, 13.5, 13.25], "texture": "#0"},
				"south": {"uv": [0, 13.5, 0.25, 13.75], "texture": "#0"},
				"west": {"uv": [0.25, 13.5, 0.5, 13.75], "texture": "#0"},
				"up": {"uv": [0.75, 13.75, 0.5, 13.5], "texture": "#0"},
				"down": {"uv": [1, 13.5, 0.75, 13.75], "texture": "#0"}
			}
		},
		{
			"from": [9.55481, 4.69176, 6.75334],
			"to": [10.05481, 5.19176, 7.25334],
			"rotation": {"angle": 0, "axis": "y", "origin": [1.05481, -1.80824, 14.25334]},
			"faces": {
				"north": {"uv": [1, 13.5, 1.25, 13.75], "texture": "#0"},
				"east": {"uv": [1.25, 13.5, 1.5, 13.75], "texture": "#0"},
				"south": {"uv": [1.5, 13.5, 1.75, 13.75], "texture": "#0"},
				"west": {"uv": [1.75, 13.5, 2, 13.75], "texture": "#0"},
				"up": {"uv": [2.25, 13.75, 2, 13.5], "texture": "#0"},
				"down": {"uv": [2.5, 13.5, 2.25, 13.75], "texture": "#0"}
			}
		},
		{
			"from": [6.05481, 4.53811, 8.86122],
			"to": [6.55481, 5.03811, 9.36122],
			"rotation": {"angle": 22.5, "axis": "x", "origin": [15.05481, 11.53811, 16.36122]},
			"faces": {
				"north": {"uv": [2.5, 13.5, 2.75, 13.75], "texture": "#0"},
				"east": {"uv": [2.75, 13.5, 3, 13.75], "texture": "#0"},
				"south": {"uv": [3, 13.5, 3.25, 13.75], "texture": "#0"},
				"west": {"uv": [3.25, 13.5, 3.5, 13.75], "texture": "#0"},
				"up": {"uv": [3.75, 13.75, 3.5, 13.5], "texture": "#0"},
				"down": {"uv": [4, 13.5, 3.75, 13.75], "texture": "#0"}
			}
		},
		{
			"from": [6.05481, 10.54532, 9.50639],
			"to": [6.55481, 12.04532, 10.00639],
			"rotation": {"angle": -45, "axis": "x", "origin": [15.05481, 5.04532, 17.00639]},
			"faces": {
				"north": {"uv": [4, 12.75, 4.25, 13.25], "texture": "#0"},
				"east": {"uv": [4.25, 12.75, 4.5, 13.25], "texture": "#0"},
				"south": {"uv": [4.5, 12.75, 4.75, 13.25], "texture": "#0"},
				"west": {"uv": [4.75, 12.75, 5, 13.25], "texture": "#0"},
				"up": {"uv": [4.25, 13.75, 4, 13.5], "texture": "#0"},
				"down": {"uv": [4.5, 13.5, 4.25, 13.75], "texture": "#0"}
			}
		},
		{
			"from": [9.55481, 4.53811, 8.86122],
			"to": [10.05481, 5.03811, 9.36122],
			"rotation": {"angle": 22.5, "axis": "x", "origin": [1.05481, 11.53811, 16.36122]},
			"faces": {
				"north": {"uv": [4.5, 13.5, 4.75, 13.75], "texture": "#0"},
				"east": {"uv": [4.75, 13.5, 5, 13.75], "texture": "#0"},
				"south": {"uv": [5, 13.5, 5.25, 13.75], "texture": "#0"},
				"west": {"uv": [5.25, 13.5, 5.5, 13.75], "texture": "#0"},
				"up": {"uv": [5.75, 13.75, 5.5, 13.5], "texture": "#0"},
				"down": {"uv": [6, 13.5, 5.75, 13.75], "texture": "#0"}
			}
		},
		{
			"from": [9.55481, 10.54532, 9.50639],
			"to": [10.05481, 12.04532, 10.00639],
			"rotation": {"angle": -45, "axis": "x", "origin": [1.05481, 5.04532, 17.00639]},
			"faces": {
				"north": {"uv": [5, 12.75, 5.25, 13.25], "texture": "#0"},
				"east": {"uv": [5.25, 12.75, 5.5, 13.25], "texture": "#0"},
				"south": {"uv": [5.5, 12.75, 5.75, 13.25], "texture": "#0"},
				"west": {"uv": [6.75, 12.75, 7, 13.25], "texture": "#0"},
				"up": {"uv": [6.25, 13.75, 6, 13.5], "texture": "#0"},
				"down": {"uv": [6.5, 13.5, 6.25, 13.75], "texture": "#0"}
			}
		},
		{
			"from": [6.05481, 1.04946, 9.69773],
			"to": [6.55481, 1.54946, 10.19773],
			"rotation": {"angle": 45, "axis": "x", "origin": [15.05481, 8.04946, 17.19773]},
			"faces": {
				"north": {"uv": [6.5, 13.5, 6.75, 13.75], "texture": "#0"},
				"east": {"uv": [6.75, 13.5, 7, 13.75], "texture": "#0"},
				"south": {"uv": [7, 13.5, 7.25, 13.75], "texture": "#0"},
				"west": {"uv": [7.25, 13.5, 7.5, 13.75], "texture": "#0"},
				"up": {"uv": [7.75, 13.75, 7.5, 13.5], "texture": "#0"},
				"down": {"uv": [8, 13.5, 7.75, 13.75], "texture": "#0"}
			}
		},
		{
			"from": [9.55481, 1.04946, 9.69773],
			"to": [10.05481, 1.54946, 10.19773],
			"rotation": {"angle": 45, "axis": "x", "origin": [1.05481, 8.04946, 17.19773]},
			"faces": {
				"north": {"uv": [8, 13.5, 8.25, 13.75], "texture": "#0"},
				"east": {"uv": [8.25, 13.5, 8.5, 13.75], "texture": "#0"},
				"south": {"uv": [8.5, 13.5, 8.75, 13.75], "texture": "#0"},
				"west": {"uv": [8.75, 13.5, 9, 13.75], "texture": "#0"},
				"up": {"uv": [9.25, 13.75, 9, 13.5], "texture": "#0"},
				"down": {"uv": [9.5, 13.5, 9.25, 13.75], "texture": "#0"}
			}
		},
		{
			"from": [6.05481, 9.31642, 3.695],
			"to": [6.55481, 9.81642, 4.195],
			"rotation": {"angle": -22.5, "axis": "x", "origin": [15.05481, 16.31642, 11.195]},
			"faces": {
				"north": {"uv": [9.5, 13.5, 9.75, 13.75], "texture": "#0"},
				"east": {"uv": [9.75, 13.5, 10, 13.75], "texture": "#0"},
				"south": {"uv": [10, 13.5, 10.25, 13.75], "texture": "#0"},
				"west": {"uv": [10.25, 13.5, 10.5, 13.75], "texture": "#0"},
				"up": {"uv": [10.75, 13.75, 10.5, 13.5], "texture": "#0"},
				"down": {"uv": [11, 13.5, 10.75, 13.75], "texture": "#0"}
			}
		},
		{
			"from": [6.05481, 2.81642, 3.695],
			"to": [6.55481, 3.31642, 4.195],
			"rotation": {"angle": 22.5, "axis": "x", "origin": [15.05481, -3.68358, 11.195]},
			"faces": {
				"north": {"uv": [11, 13.5, 11.25, 13.75], "texture": "#0"},
				"east": {"uv": [11.25, 13.5, 11.5, 13.75], "texture": "#0"},
				"south": {"uv": [11.5, 13.5, 11.75, 13.75], "texture": "#0"},
				"west": {"uv": [11.75, 13.5, 12, 13.75], "texture": "#0"},
				"up": {"uv": [12.25, 13.75, 12, 13.5], "texture": "#0"},
				"down": {"uv": [12.5, 13.5, 12.25, 13.75], "texture": "#0"}
			}
		},
		{
			"from": [9.55481, 9.31642, 3.695],
			"to": [10.05481, 9.81642, 4.195],
			"rotation": {"angle": -22.5, "axis": "x", "origin": [1.05481, 16.31642, 11.195]},
			"faces": {
				"north": {"uv": [12.5, 13.5, 12.75, 13.75], "texture": "#0"},
				"east": {"uv": [12.75, 13.5, 13, 13.75], "texture": "#0"},
				"south": {"uv": [13, 13.5, 13.25, 13.75], "texture": "#0"},
				"west": {"uv": [13.25, 13.5, 13.5, 13.75], "texture": "#0"},
				"up": {"uv": [13.75, 13.75, 13.5, 13.5], "texture": "#0"},
				"down": {"uv": [13.75, 0, 13.5, 0.25], "texture": "#0"}
			}
		},
		{
			"from": [9.55481, 2.81642, 3.695],
			"to": [10.05481, 3.31642, 4.195],
			"rotation": {"angle": 22.5, "axis": "x", "origin": [1.05481, -3.68358, 11.195]},
			"faces": {
				"north": {"uv": [13.5, 0.25, 13.75, 0.5], "texture": "#0"},
				"east": {"uv": [13.5, 0.5, 13.75, 0.75], "texture": "#0"},
				"south": {"uv": [13.5, 0.75, 13.75, 1], "texture": "#0"},
				"west": {"uv": [13.5, 1, 13.75, 1.25], "texture": "#0"},
				"up": {"uv": [13.75, 1.5, 13.5, 1.25], "texture": "#0"},
				"down": {"uv": [13.75, 1.5, 13.5, 1.75], "texture": "#0"}
			}
		},
		{
			"from": [8.8881, 5.31642, 6.695],
			"to": [10.8881, 7.31642, 7.495],
			"rotation": {"angle": 0, "axis": "y", "origin": [2.05481, 12.31642, 14.195]},
			"faces": {
				"north": {"uv": [8.25, 11.75, 8.75, 12.25], "texture": "#0"},
				"east": {"uv": [7, 12.75, 7.25, 13.25], "texture": "#0"},
				"south": {"uv": [9.5, 11.75, 10, 12.25], "texture": "#0"},
				"west": {"uv": [7.25, 12.75, 7.5, 13.25], "texture": "#0"},
				"up": {"uv": [8, 13, 7.5, 12.75], "texture": "#0"},
				"down": {"uv": [9, 12.75, 8.5, 13], "texture": "#0"}
			}
		},
		{
			"from": [6.55481, 0.61642, 6.195],
			"to": [9.55481, 1.11642, 7.695],
			"rotation": {"angle": 0, "axis": "y", "origin": [15.05481, 8.31642, 14.495]},
			"faces": {
				"north": {"uv": [12, 12, 12.75, 12.25], "texture": "#0"},
				"east": {"uv": [9.25, 12.75, 9.75, 13], "texture": "#0"},
				"south": {"uv": [12, 1, 12.75, 1.25], "texture": "#0"},
				"west": {"uv": [9.75, 12.75, 10.25, 13], "texture": "#0"},
				"up": {"uv": [11.5, 0.5, 10.75, 0], "texture": "#0"},
				"down": {"uv": [11.5, 0.5, 10.75, 1], "texture": "#0"}
			}
		},
		{
			"from": [6.55481, 2.61642, 6.195],
			"to": [9.55481, 3.11642, 7.695],
			"rotation": {"angle": 0, "axis": "y", "origin": [15.05481, 10.31642, 14.495]},
			"faces": {
				"north": {"uv": [12, 1.25, 12.75, 1.5], "texture": "#0"},
				"east": {"uv": [10.25, 12.75, 10.75, 13], "texture": "#0"},
				"south": {"uv": [12, 1.5, 12.75, 1.75], "texture": "#0"},
				"west": {"uv": [10.75, 12.75, 11.25, 13], "texture": "#0"},
				"up": {"uv": [11.5, 4.25, 10.75, 3.75], "texture": "#0"},
				"down": {"uv": [11.5, 4.25, 10.75, 4.75], "texture": "#0"}
			}
		},
		{
			"from": [6.55481, 2.11642, 6.195],
			"to": [7.05481, 2.61642, 6.695],
			"rotation": {"angle": 0, "axis": "y", "origin": [13.05481, 9.81642, 14.495]},
			"faces": {
				"north": {"uv": [13.5, 1.75, 13.75, 2], "texture": "#0"},
				"east": {"uv": [13.5, 2, 13.75, 2.25], "texture": "#0"},
				"south": {"uv": [13.5, 2.25, 13.75, 2.5], "texture": "#0"},
				"west": {"uv": [13.5, 2.5, 13.75, 2.75], "texture": "#0"},
				"up": {"uv": [13.75, 3, 13.5, 2.75], "texture": "#0"},
				"down": {"uv": [13.75, 3, 13.5, 3.25], "texture": "#0"}
			}
		},
		{
			"from": [6.55481, 1.11642, 6.195],
			"to": [7.05481, 1.61642, 6.695],
			"rotation": {"angle": 0, "axis": "y", "origin": [13.05481, 8.81642, 14.495]},
			"faces": {
				"north": {"uv": [13.5, 3.25, 13.75, 3.5], "texture": "#0"},
				"east": {"uv": [13.5, 3.5, 13.75, 3.75], "texture": "#0"},
				"south": {"uv": [13.5, 3.75, 13.75, 4], "texture": "#0"},
				"west": {"uv": [13.5, 4, 13.75, 4.25], "texture": "#0"},
				"up": {"uv": [13.75, 4.5, 13.5, 4.25], "texture": "#0"},
				"down": {"uv": [13.75, 4.5, 13.5, 4.75], "texture": "#0"}
			}
		},
		{
			"from": [9.05481, 2.11642, 6.195],
			"to": [9.55481, 2.61642, 6.695],
			"rotation": {"angle": 0, "axis": "y", "origin": [2.95481, 9.81642, 14.495]},
			"faces": {
				"north": {"uv": [13.5, 4.75, 13.75, 5], "texture": "#0"},
				"east": {"uv": [13.5, 5, 13.75, 5.25], "texture": "#0"},
				"south": {"uv": [13.5, 5.25, 13.75, 5.5], "texture": "#0"},
				"west": {"uv": [13.5, 5.5, 13.75, 5.75], "texture": "#0"},
				"up": {"uv": [13.75, 6, 13.5, 5.75], "texture": "#0"},
				"down": {"uv": [13.75, 6, 13.5, 6.25], "texture": "#0"}
			}
		},
		{
			"from": [9.05481, 1.11642, 6.195],
			"to": [9.55481, 1.61642, 6.695],
			"rotation": {"angle": 0, "axis": "y", "origin": [2.95481, 8.81642, 14.495]},
			"faces": {
				"north": {"uv": [13.5, 6.25, 13.75, 6.5], "texture": "#0"},
				"east": {"uv": [13.5, 6.5, 13.75, 6.75], "texture": "#0"},
				"south": {"uv": [13.5, 6.75, 13.75, 7], "texture": "#0"},
				"west": {"uv": [13.5, 7, 13.75, 7.25], "texture": "#0"},
				"up": {"uv": [13.75, 7.5, 13.5, 7.25], "texture": "#0"},
				"down": {"uv": [13.75, 7.5, 13.5, 7.75], "texture": "#0"}
			}
		},
		{
			"from": [9.05481, 2.11642, 6.995],
			"to": [9.55481, 2.61642, 7.795],
			"rotation": {"angle": 0, "axis": "y", "origin": [2.95481, 9.81642, 15.495]},
			"faces": {
				"north": {"uv": [13.5, 7.75, 13.75, 8], "texture": "#0"},
				"east": {"uv": [13.5, 8, 13.75, 8.25], "texture": "#0"},
				"south": {"uv": [13.5, 8.25, 13.75, 8.5], "texture": "#0"},
				"west": {"uv": [13.5, 8.5, 13.75, 8.75], "texture": "#0"},
				"up": {"uv": [13.75, 9, 13.5, 8.75], "texture": "#0"},
				"down": {"uv": [13.75, 9, 13.5, 9.25], "texture": "#0"}
			}
		},
		{
			"from": [9.05481, 1.11642, 6.995],
			"to": [9.55481, 1.61642, 7.795],
			"rotation": {"angle": 0, "axis": "y", "origin": [2.95481, 8.81642, 15.495]},
			"faces": {
				"north": {"uv": [13.5, 9.25, 13.75, 9.5], "texture": "#0"},
				"east": {"uv": [13.5, 9.5, 13.75, 9.75], "texture": "#0"},
				"south": {"uv": [13.5, 9.75, 13.75, 10], "texture": "#0"},
				"west": {"uv": [13.5, 10, 13.75, 10.25], "texture": "#0"},
				"up": {"uv": [13.75, 10.5, 13.5, 10.25], "texture": "#0"},
				"down": {"uv": [13.75, 10.5, 13.5, 10.75], "texture": "#0"}
			}
		},
		{
			"from": [6.55481, 2.11642, 6.995],
			"to": [7.05481, 2.61642, 7.795],
			"rotation": {"angle": 0, "axis": "y", "origin": [13.15481, 9.81642, 15.495]},
			"faces": {
				"north": {"uv": [13.5, 10.75, 13.75, 11], "texture": "#0"},
				"east": {"uv": [13.5, 11, 13.75, 11.25], "texture": "#0"},
				"south": {"uv": [13.5, 11.25, 13.75, 11.5], "texture": "#0"},
				"west": {"uv": [13.5, 11.5, 13.75, 11.75], "texture": "#0"},
				"up": {"uv": [13.75, 12, 13.5, 11.75], "texture": "#0"},
				"down": {"uv": [13.75, 12, 13.5, 12.25], "texture": "#0"}
			}
		},
		{
			"from": [6.55481, 1.11642, 6.995],
			"to": [7.05481, 1.61642, 7.795],
			"rotation": {"angle": 0, "axis": "y", "origin": [13.15481, 8.81642, 15.495]},
			"faces": {
				"north": {"uv": [13.5, 12.25, 13.75, 12.5], "texture": "#0"},
				"east": {"uv": [13.5, 12.5, 13.75, 12.75], "texture": "#0"},
				"south": {"uv": [13.5, 12.75, 13.75, 13], "texture": "#0"},
				"west": {"uv": [13.5, 13, 13.75, 13.25], "texture": "#0"},
				"up": {"uv": [13.75, 13.5, 13.5, 13.25], "texture": "#0"},
				"down": {"uv": [0.25, 13.75, 0, 14], "texture": "#0"}
			}
		},
		{
			"from": [7.15481, 2.11642, 6.195],
			"to": [7.95481, 2.61642, 6.695],
			"rotation": {"angle": 0, "axis": "y", "origin": [13.05481, 9.81642, 14.495]},
			"faces": {
				"north": {"uv": [0.25, 13.75, 0.5, 14], "texture": "#0"},
				"east": {"uv": [0.5, 13.75, 0.75, 14], "texture": "#0"},
				"south": {"uv": [0.75, 13.75, 1, 14], "texture": "#0"},
				"west": {"uv": [1, 13.75, 1.25, 14], "texture": "#0"},
				"up": {"uv": [1.5, 14, 1.25, 13.75], "texture": "#0"},
				"down": {"uv": [1.75, 13.75, 1.5, 14], "texture": "#0"}
			}
		},
		{
			"from": [7.15481, 1.11642, 6.195],
			"to": [7.95481, 1.61642, 6.695],
			"rotation": {"angle": 0, "axis": "y", "origin": [13.05481, 8.81642, 14.495]},
			"faces": {
				"north": {"uv": [1.75, 13.75, 2, 14], "texture": "#0"},
				"east": {"uv": [2, 13.75, 2.25, 14], "texture": "#0"},
				"south": {"uv": [2.25, 13.75, 2.5, 14], "texture": "#0"},
				"west": {"uv": [2.5, 13.75, 2.75, 14], "texture": "#0"},
				"up": {"uv": [3, 14, 2.75, 13.75], "texture": "#0"},
				"down": {"uv": [3.25, 13.75, 3, 14], "texture": "#0"}
			}
		},
		{
			"from": [8.15481, 2.11642, 6.195],
			"to": [8.95481, 2.61642, 6.695],
			"rotation": {"angle": 0, "axis": "y", "origin": [3.05481, 9.81642, 14.495]},
			"faces": {
				"north": {"uv": [3.25, 13.75, 3.5, 14], "texture": "#0"},
				"east": {"uv": [3.5, 13.75, 3.75, 14], "texture": "#0"},
				"south": {"uv": [3.75, 13.75, 4, 14], "texture": "#0"},
				"west": {"uv": [4, 13.75, 4.25, 14], "texture": "#0"},
				"up": {"uv": [4.5, 14, 4.25, 13.75], "texture": "#0"},
				"down": {"uv": [4.75, 13.75, 4.5, 14], "texture": "#0"}
			}
		},
		{
			"from": [8.15481, 1.11642, 6.195],
			"to": [8.95481, 1.61642, 6.695],
			"rotation": {"angle": 0, "axis": "y", "origin": [3.05481, 8.81642, 14.495]},
			"faces": {
				"north": {"uv": [4.75, 13.75, 5, 14], "texture": "#0"},
				"east": {"uv": [5, 13.75, 5.25, 14], "texture": "#0"},
				"south": {"uv": [5.25, 13.75, 5.5, 14], "texture": "#0"},
				"west": {"uv": [5.5, 13.75, 5.75, 14], "texture": "#0"},
				"up": {"uv": [6, 14, 5.75, 13.75], "texture": "#0"},
				"down": {"uv": [6.25, 13.75, 6, 14], "texture": "#0"}
			}
		},
		{
			"from": [4.50481, 1.81642, 7.745],
			"to": [5.00481, 3.31642, 8.245],
			"rotation": {"angle": 0, "axis": "y", "origin": [12.35481, 9.31642, 15.495]},
			"faces": {
				"north": {"uv": [8, 12.75, 8.25, 13.25], "texture": "#0"},
				"east": {"uv": [11.5, 12.75, 11.75, 13.25], "texture": "#0"},
				"south": {"uv": [11.75, 12.75, 12, 13.25], "texture": "#0"},
				"west": {"uv": [12, 12.75, 12.25, 13.25], "texture": "#0"},
				"up": {"uv": [6.5, 14, 6.25, 13.75], "texture": "#0"},
				"down": {"uv": [6.75, 13.75, 6.5, 14], "texture": "#0"}
			}
		},
		{
			"from": [11.10481, 1.81642, 7.745],
			"to": [11.60481, 3.31642, 8.245],
			"rotation": {"angle": 0, "axis": "y", "origin": [3.75481, 9.31642, 15.495]},
			"faces": {
				"north": {"uv": [12.25, 12.75, 12.5, 13.25], "texture": "#0"},
				"east": {"uv": [12.75, 12.75, 13, 13.25], "texture": "#0"},
				"south": {"uv": [12.75, 0, 13, 0.5], "texture": "#0"},
				"west": {"uv": [12.75, 0.5, 13, 1], "texture": "#0"},
				"up": {"uv": [7, 14, 6.75, 13.75], "texture": "#0"},
				"down": {"uv": [7.25, 13.75, 7, 14], "texture": "#0"}
			}
		},
		{
			"from": [1.22848, 3.78764, 7.745],
			"to": [1.72848, 4.28764, 8.245],
			"rotation": {"angle": 22.5, "axis": "z", "origin": [9.07848, 11.28764, 15.495]},
			"faces": {
				"north": {"uv": [7.25, 13.75, 7.5, 14], "texture": "#0"},
				"east": {"uv": [7.5, 13.75, 7.75, 14], "texture": "#0"},
				"south": {"uv": [7.75, 13.75, 8, 14], "texture": "#0"},
				"west": {"uv": [8, 13.75, 8.25, 14], "texture": "#0"},
				"up": {"uv": [8.5, 14, 8.25, 13.75], "texture": "#0"},
				"down": {"uv": [8.75, 13.75, 8.5, 14], "texture": "#0"}
			}
		},
		{
			"from": [14.38114, 3.78764, 7.745],
			"to": [14.88114, 4.28764, 8.245],
			"rotation": {"angle": -22.5, "axis": "z", "origin": [7.03114, 11.28764, 15.495]},
			"faces": {
				"north": {"uv": [8.75, 13.75, 9, 14], "texture": "#0"},
				"east": {"uv": [9, 13.75, 9.25, 14], "texture": "#0"},
				"south": {"uv": [9.25, 13.75, 9.5, 14], "texture": "#0"},
				"west": {"uv": [9.5, 13.75, 9.75, 14], "texture": "#0"},
				"up": {"uv": [10, 14, 9.75, 13.75], "texture": "#0"},
				"down": {"uv": [10.25, 13.75, 10, 14], "texture": "#0"}
			}
		},
		{
			"from": [-2.5528, 4.35502, 7.745],
			"to": [-2.0528, 4.85502, 8.245],
			"rotation": {"angle": 45, "axis": "z", "origin": [5.2972, 11.85502, 15.495]},
			"faces": {
				"north": {"uv": [10.25, 13.75, 10.5, 14], "texture": "#0"},
				"east": {"uv": [10.5, 13.75, 10.75, 14], "texture": "#0"},
				"south": {"uv": [10.75, 13.75, 11, 14], "texture": "#0"},
				"west": {"uv": [11, 13.75, 11.25, 14], "texture": "#0"},
				"up": {"uv": [11.5, 14, 11.25, 13.75], "texture": "#0"},
				"down": {"uv": [11.75, 13.75, 11.5, 14], "texture": "#0"}
			}
		},
		{
			"from": [18.16243, 4.35502, 7.745],
			"to": [18.66243, 4.85502, 8.245],
			"rotation": {"angle": -45, "axis": "z", "origin": [10.81243, 11.85502, 15.495]},
			"faces": {
				"north": {"uv": [11.75, 13.75, 12, 14], "texture": "#0"},
				"east": {"uv": [12, 13.75, 12.25, 14], "texture": "#0"},
				"south": {"uv": [12.25, 13.75, 12.5, 14], "texture": "#0"},
				"west": {"uv": [12.5, 13.75, 12.75, 14], "texture": "#0"},
				"up": {"uv": [13, 14, 12.75, 13.75], "texture": "#0"},
				"down": {"uv": [13.25, 13.75, 13, 14], "texture": "#0"}
			}
		},
		{
			"from": [8.58662, 3.08217, 7.745],
			"to": [10.08662, 3.58217, 8.245],
			"rotation": {"angle": -22.5, "axis": "z", "origin": [1.58662, 10.93217, 15.495]},
			"faces": {
				"north": {"uv": [12.75, 1, 13.25, 1.25], "texture": "#0"},
				"east": {"uv": [13.25, 13.75, 13.5, 14], "texture": "#0"},
				"south": {"uv": [12.75, 1.25, 13.25, 1.5], "texture": "#0"},
				"west": {"uv": [13.5, 13.75, 13.75, 14], "texture": "#0"},
				"up": {"uv": [13.25, 1.75, 12.75, 1.5], "texture": "#0"},
				"down": {"uv": [13.25, 1.75, 12.75, 2], "texture": "#0"}
			}
		},
		{
			"from": [6.02301, 3.08217, 7.745],
			"to": [7.52301, 3.58217, 8.245],
			"rotation": {"angle": 22.5, "axis": "z", "origin": [14.52301, 10.93217, 15.495]},
			"faces": {
				"north": {"uv": [12.75, 2, 13.25, 2.25], "texture": "#0"},
				"east": {"uv": [13.75, 13.75, 14, 14], "texture": "#0"},
				"south": {"uv": [12.75, 2.25, 13.25, 2.5], "texture": "#0"},
				"west": {"uv": [13.75, 0, 14, 0.25], "texture": "#0"},
				"up": {"uv": [13.25, 2.75, 12.75, 2.5], "texture": "#0"},
				"down": {"uv": [13.25, 2.75, 12.75, 3], "texture": "#0"}
			}
		},
		{
			"from": [4.8, 5.5, 4],
			"to": [6.8, 5.5, 7],
			"rotation": {"angle": 0, "axis": "y", "origin": [13, 12.5, 10]},
			"faces": {
				"north": {"uv": [0, 0, 0.5, 0], "texture": "#0"},
				"east": {"uv": [0, 0, 0.75, 0], "texture": "#0"},
				"south": {"uv": [0, 0, 0.5, 0], "texture": "#0"},
				"west": {"uv": [0, 0, 0.75, 0], "texture": "#0"},
				"up": {"uv": [8.5, 4.5, 8, 3.75], "texture": "#0"},
				"down": {"uv": [7.75, 10.75, 7.25, 11.5], "texture": "#0"}
			}
		},
		{
			"from": [4.8, 6.11528, -1.90676],
			"to": [6.8, 6.11528, 1.09324],
			"rotation": {"angle": -22.5, "axis": "x", "origin": [12.8, 13.11528, 4.09324]},
			"faces": {
				"north": {"uv": [0, 0, 0.5, 0], "texture": "#0"},
				"east": {"uv": [0, 0, 0.75, 0], "texture": "#0"},
				"south": {"uv": [0, 0, 0.5, 0], "texture": "#0"},
				"west": {"uv": [0, 0, 0.75, 0], "texture": "#0"},
				"up": {"uv": [1.5, 11.75, 1, 11], "texture": "#0"},
				"down": {"uv": [2, 11, 1.5, 11.75], "texture": "#0"}
			}
		},
		{
			"from": [9, 10.8, 7],
			"to": [12.3, 11.8, 8.3],
			"rotation": {"angle": 0, "axis": "y", "origin": [17, 18.5, 15]},
			"faces": {
				"north": {"uv": [12, 1.75, 12.75, 2], "texture": "#0"},
				"east": {"uv": [13.75, 0.25, 14, 0.5], "texture": "#0"},
				"south": {"uv": [12, 2, 12.75, 2.25], "texture": "#0"},
				"west": {"uv": [13.75, 0.5, 14, 0.75], "texture": "#0"},
				"up": {"uv": [12.75, 2.5, 12, 2.25], "texture": "#0"},
				"down": {"uv": [12.75, 2.5, 12, 2.75], "texture": "#0"}
			}
		},
		{
			"from": [9.15, 10.8, 5],
			"to": [12.15, 11.6, 7],
			"rotation": {"angle": 0, "axis": "y", "origin": [17, 18.5, 14]},
			"faces": {
				"north": {"uv": [12, 2.75, 12.75, 3], "texture": "#0"},
				"east": {"uv": [12.75, 3.25, 13.25, 3.5], "texture": "#0"},
				"south": {"uv": [12, 3.75, 12.75, 4], "texture": "#0"},
				"west": {"uv": [12.75, 3.5, 13.25, 3.75], "texture": "#0"},
				"up": {"uv": [11.5, 5.25, 10.75, 4.75], "texture": "#0"},
				"down": {"uv": [11.5, 5.75, 10.75, 6.25], "texture": "#0"}
			}
		},
		{
			"from": [-4.75635, 13.37732, 5.85],
			"to": [-2.75635, 14.17732, 8.85],
			"rotation": {"angle": 45, "axis": "z", "origin": [4.24365, 21.07732, 0.85]},
			"faces": {
				"north": {"uv": [12.75, 3.75, 13.25, 4], "texture": "#0"},
				"east": {"uv": [12, 4, 12.75, 4.25], "texture": "#0"},
				"south": {"uv": [12.75, 4, 13.25, 4.25], "texture": "#0"},
				"west": {"uv": [12, 4.25, 12.75, 4.5], "texture": "#0"},
				"up": {"uv": [2.5, 11.75, 2, 11], "texture": "#0"},
				"down": {"uv": [10, 11, 9.5, 11.75], "texture": "#0"}
			}
		},
		{
			"from": [9.5, 13.1534, -0.07139],
			"to": [11.8, 13.8534, 1.52861],
			"rotation": {"angle": -22.5, "axis": "x", "origin": [17.35, 21.45262, 8.92861]},
			"faces": {
				"north": {"uv": [12.75, 4.25, 13.25, 4.5], "texture": "#0"},
				"east": {"uv": [12.75, 4.5, 13.25, 4.75], "texture": "#0"},
				"south": {"uv": [12.75, 4.75, 13.25, 5], "texture": "#0"},
				"west": {"uv": [12.75, 5, 13.25, 5.25], "texture": "#0"},
				"up": {"uv": [15.95, 10.775, 15.375, 10.375], "texture": "#0"},
				"down": {"uv": [11.5, 11.75, 11, 12.25], "texture": "#0"}
			}
		},
		{
			"from": [6.16904, 10.57913, 6.2],
			"to": [6.86904, 12.17913, 8.5],
			"rotation": {"angle": -22.5, "axis": "z", "origin": [-1.43018, 19.57913, 0.3]},
			"faces": {
				"north": {"uv": [12.75, 5.25, 13, 5.75], "texture": "#0"},
				"east": {"uv": [11.5, 11.75, 12, 12.25], "texture": "#0"},
				"south": {"uv": [12.75, 5.75, 13, 6.25], "texture": "#0"},
				"west": {"uv": [11.75, 8.5, 12.25, 9], "texture": "#0"},
				"up": {"uv": [13, 6.75, 12.75, 6.25], "texture": "#0"},
				"down": {"uv": [13, 6.75, 12.75, 7.25], "texture": "#0"}
			}
		},
		{
			"from": [9.95, 13.73573, -5.33679],
			"to": [11.45, 14.23573, -4.03679],
			"rotation": {"angle": -45, "axis": "x", "origin": [17.8, 21.73573, 3.66321]},
			"faces": {
				"north": {"uv": [12.75, 7.25, 13.25, 7.5], "texture": "#0"},
				"east": {"uv": [13.75, 0.75, 14, 1], "texture": "#0"},
				"south": {"uv": [12.75, 7.5, 13.25, 7.75], "texture": "#0"},
				"west": {"uv": [13.75, 1, 14, 1.25], "texture": "#0"},
				"up": {"uv": [15.875, 8.075, 15.5, 7.75], "texture": "#0"},
				"down": {"uv": [13.25, 8, 12.75, 8.25], "texture": "#0"}
			}
		},
		{
			"from": [2.14644, 7.05612, 6.6],
			"to": [2.64644, 8.35612, 8.1],
			"rotation": {"angle": 0, "axis": "y", "origin": [-5.35356, 16.05612, -0.15]},
			"faces": {
				"north": {"uv": [13.75, 1.25, 14, 1.5], "texture": "#0"},
				"east": {"uv": [14.5, 9, 15, 9.25], "texture": "#0"},
				"south": {"uv": [13.75, 1.5, 14, 1.75], "texture": "#0"},
				"west": {"uv": [15.625, 11.5, 16, 11.825], "texture": "#0"},
				"up": {"uv": [13, 9.5, 12.75, 9], "texture": "#0"},
				"down": {"uv": [13, 9.5, 12.75, 10], "texture": "#0"}
			}
		},
		{
			"from": [1, 12.8, 5.7],
			"to": [2.3, 13.8, 9],
			"rotation": {"angle": 22.5, "axis": "z", "origin": [9, 20.5, 1]},
			"faces": {
				"north": {"uv": [13.75, 1.75, 14, 2], "texture": "#0"},
				"east": {"uv": [12, 4.5, 12.75, 4.75], "texture": "#0"},
				"south": {"uv": [13.75, 2, 14, 2.25], "texture": "#0"},
				"west": {"uv": [12, 4.75, 12.75, 5], "texture": "#0"},
				"up": {"uv": [15.325, 13.325, 15, 12.5], "texture": "#0"},
				"down": {"uv": [7.5, 12, 7.25, 12.75], "texture": "#0"}
			}
		},
		{
			"from": [8.63776, 8.6, 3.5],
			"to": [9.93776, 9.6, 4.3],
			"rotation": {"angle": 0, "axis": "y", "origin": [1.93776, 14.5, 11]},
			"faces": {
				"north": {"uv": [13.75, 2.25, 14, 2.5], "texture": "#0"},
				"east": {"uv": [13.75, 2.5, 14, 2.75], "texture": "#0"},
				"south": {"uv": [13.75, 2.75, 14, 3], "texture": "#0"},
				"west": {"uv": [13.75, 3, 14, 3.25], "texture": "#0"},
				"up": {"uv": [14, 3.5, 13.75, 3.25], "texture": "#0"},
				"down": {"uv": [14, 3.5, 13.75, 3.75], "texture": "#0"}
			}
		},
		{
			"from": [6.06224, 8.4, 3.5],
			"to": [7.36224, 9.4, 4.3],
			"rotation": {"angle": 0, "axis": "y", "origin": [14.06224, 14.5, 11]},
			"faces": {
				"north": {"uv": [13.75, 3.75, 14, 4], "texture": "#0"},
				"east": {"uv": [13.75, 4, 14, 4.25], "texture": "#0"},
				"south": {"uv": [13.75, 4.25, 14, 4.5], "texture": "#0"},
				"west": {"uv": [13.75, 4.5, 14, 4.75], "texture": "#0"},
				"up": {"uv": [14, 5, 13.75, 4.75], "texture": "#0"},
				"down": {"uv": [14, 5, 13.75, 5.25], "texture": "#0"}
			}
		},
		{
			"from": [8.93776, 8.5, 3.4],
			"to": [10.93776, 9.5, 4.4],
			"rotation": {"angle": 0, "axis": "y", "origin": [2.93776, 15.5, 11]},
			"faces": {
				"north": {"uv": [12.75, 10, 13.25, 10.25], "texture": "#0"},
				"east": {"uv": [13.75, 5.25, 14, 5.5], "texture": "#0"},
				"south": {"uv": [12.75, 10.25, 13.25, 10.5], "texture": "#0"},
				"west": {"uv": [13.75, 5.5, 14, 5.75], "texture": "#0"},
				"up": {"uv": [13.25, 11, 12.75, 10.75], "texture": "#0"},
				"down": {"uv": [13.25, 11, 12.75, 11.25], "texture": "#0"}
			}
		},
		{
			"from": [5.06224, 8.3, 3.4],
			"to": [7.06224, 9.3, 4.4],
			"rotation": {"angle": 0, "axis": "y", "origin": [13.06224, 15.5, 11]},
			"faces": {
				"north": {"uv": [12.75, 12, 13.25, 12.25], "texture": "#0"},
				"east": {"uv": [13.75, 5.75, 14, 6], "texture": "#0"},
				"south": {"uv": [12.75, 12.25, 13.25, 12.5], "texture": "#0"},
				"west": {"uv": [13.75, 6, 14, 6.25], "texture": "#0"},
				"up": {"uv": [13.25, 12.75, 12.75, 12.5], "texture": "#0"},
				"down": {"uv": [0.5, 13, 0, 13.25], "texture": "#0"}
			}
		},
		{
			"from": [10.93776, 8.7, 3.4],
			"to": [11.13776, 9.3, 3.9],
			"rotation": {"angle": 0, "axis": "y", "origin": [3.23776, 15.5, 11]},
			"faces": {
				"north": {"uv": [13.75, 6.25, 14, 6.5], "texture": "#0"},
				"east": {"uv": [13.75, 6.5, 14, 6.75], "texture": "#0"},
				"south": {"uv": [13.75, 6.75, 14, 7], "texture": "#0"},
				"west": {"uv": [13.75, 7, 14, 7.25], "texture": "#0"},
				"up": {"uv": [14, 7.5, 13.75, 7.25], "texture": "#0"},
				"down": {"uv": [14, 7.5, 13.75, 7.75], "texture": "#0"}
			}
		},
		{
			"from": [4.86224, 8.5, 3.4],
			"to": [5.06224, 9.1, 3.9],
			"rotation": {"angle": 0, "axis": "y", "origin": [12.76224, 15.5, 11]},
			"faces": {
				"north": {"uv": [13.75, 7.75, 14, 8], "texture": "#0"},
				"east": {"uv": [13.75, 8, 14, 8.25], "texture": "#0"},
				"south": {"uv": [13.75, 8.25, 14, 8.5], "texture": "#0"},
				"west": {"uv": [13.75, 8.5, 14, 8.75], "texture": "#0"},
				"up": {"uv": [14, 9, 13.75, 8.75], "texture": "#0"},
				"down": {"uv": [14, 9, 13.75, 9.25], "texture": "#0"}
			}
		},
		{
			"from": [4.7925, 2.299, 5],
			"to": [8.7925, 2.299, 11],
			"rotation": {"angle": 45, "axis": "x", "origin": [12.7925, 10.299, 18]},
			"faces": {
				"north": {"uv": [0, 0, 1, 0], "texture": "#0"},
				"east": {"uv": [0, 0, 1.5, 0], "texture": "#0"},
				"south": {"uv": [0, 0, 1, 0], "texture": "#0"},
				"west": {"uv": [0, 0, 1.5, 0], "texture": "#0"},
				"up": {"uv": [8.5, 6, 7.5, 4.5], "texture": "#0"},
				"down": {"uv": [8.5, 6, 7.5, 7.5], "texture": "#0"}
			}
		},
		{
			"from": [12.19818, 7.35918, 6],
			"to": [12.79818, 10.35918, 6.6],
			"rotation": {"angle": -22.5, "axis": "z", "origin": [20.19818, 15.35918, 14]},
			"faces": {
				"north": {"uv": [7.5, 12, 7.75, 12.75], "texture": "#0"},
				"east": {"uv": [12, 6.25, 12.25, 7], "texture": "#0"},
				"south": {"uv": [12, 7, 12.25, 7.75], "texture": "#0"},
				"west": {"uv": [1, 12.25, 1.25, 13], "texture": "#0"},
				"up": {"uv": [14, 9.5, 13.75, 9.25], "texture": "#0"},
				"down": {"uv": [14, 9.5, 13.75, 9.75], "texture": "#0"}
			}
		},
		{
			"from": [12.85, 10.13082, 6.3],
			"to": [14.45, 12.13082, 6.3],
			"rotation": {"angle": -22.5, "axis": "z", "origin": [21.34623, 18.13082, 14]},
			"faces": {
				"north": {"uv": [11.75, 9, 12.25, 9.5], "texture": "#0"},
				"east": {"uv": [0, 0, 0, 0.5], "texture": "#0"},
				"south": {"uv": [11.75, 9.5, 12.25, 10], "texture": "#0"},
				"west": {"uv": [0, 0, 0, 0.5], "texture": "#0"},
				"up": {"uv": [0.5, 0, 0, 0], "texture": "#0"},
				"down": {"uv": [0.5, 0, 0, 0], "texture": "#0"}
			}
		},
		{
			"from": [6, 4.5, 5],
			"to": [11, 9.5, 5],
			"rotation": {"angle": 0, "axis": "y", "origin": [14, 12.5, -2]},
			"faces": {
				"north": {"uv": [13.125, 14.625, 14.375, 15.875], "texture": "#0"},
				"east": {"uv": [15.75, 3.25, 15.75, 4.5], "texture": "#0"},
				"south": {"uv": [6.875, 14.625, 8.125, 15.875], "texture": "#0"},
				"west": {"uv": [15, 0.5, 15, 1.75], "texture": "#0"},
				"up": {"uv": [14.75, 3.875, 16, 3.875], "texture": "#0"},
				"down": {"uv": [14, 11.25, 15.25, 11.25], "texture": "#0"}
			}
		}
	],
	"display": {
		"thirdperson_righthand": {
			"rotation": [60, 0, 0],
			"translation": [0, 0.5, 1],
			"scale": [0.4, 0.4, 0.4]
		},
		"thirdperson_lefthand": {
			"rotation": [60, 0, 0],
			"translation": [0, 0.5, 1],
			"scale": [0.4, 0.4, 0.4]
		},
		"firstperson_righthand": {
			"rotation": [0, 100, 0],
			"translation": [0, 3, 0],
			"scale": [0.4, 0.4, 0.4]
		},
		"firstperson_lefthand": {
			"rotation": [0, 100, 0],
			"translation": [0, 3, 0],
			"scale": [0.4, 0.4, 0.4]
		},
		"ground": {
			"scale": [0.5, 0.5, 0.5]
		},
		"gui": {
			"rotation": [20, -30, 0],
			"translation": [-0.25, 0.5, 0],
			"scale": [-0.7, 0.7, -0.7]
		},
		"head": {
			"translation": [0, 4.25, -0.25],
			"scale": [1.6, 1.6, 1.6]
		},
		"fixed": {
			"translation": [0, 1, -1.25],
			"scale": [0.9, 0.9, 0.9]
		}
	}
}