{
	"textures": {
		"0": "mnaf:animatronics/heads/salvage_foxy"
	},
	"elements": [
		{
			"from": [5, 4.7, 4],
			"to": [12, 5.5, 9],
			"rotation": {"angle": 0, "axis": "y", "origin": [8, -18, 8]},
			"faces": {
				"north": {"uv": [4.75, 4.5, 6.5, 4.75], "texture": "#0"},
				"east": {"uv": [5.25, 2.75, 6.5, 3], "texture": "#0"},
				"south": {"uv": [10.25, 1, 12, 1.25], "texture": "#0"},
				"west": {"uv": [5.5, 1.25, 6.75, 1.5], "texture": "#0"},
				"up": {"uv": [7, 2.75, 5.25, 1.5], "texture": "#0"},
				"down": {"uv": [7.25, 0, 5.5, 1.25], "texture": "#0"}
			}
		},
		{
			"from": [4.6, 5, 8],
			"to": [11.4, 5.5, 11.3],
			"rotation": {"angle": 0, "axis": "y", "origin": [8.6, -18, 12]},
			"faces": {
				"north": {"uv": [10.25, 9.75, 12, 10], "texture": "#0"},
				"east": {"uv": [6.25, 8.5, 7, 8.75], "texture": "#0"},
				"south": {"uv": [10.5, 6.25, 12.25, 6.5], "texture": "#0"},
				"west": {"uv": [12, 1, 12.75, 1.25], "texture": "#0"},
				"up": {"uv": [8.75, 2, 7, 1.25], "texture": "#0"},
				"down": {"uv": [8.75, 2, 7, 2.75], "texture": "#0"}
			}
		},
		{
			"from": [12, 6.5, 5.3],
			"to": [13, 7.5, 7.8],
			"rotation": {"angle": 0, "axis": "y", "origin": [16, -10, 8]},
			"faces": {
				"north": {"uv": [6.75, 1.25, 7, 1.5], "texture": "#0"},
				"east": {"uv": [12, 7.5, 12.75, 7.75], "texture": "#0"},
				"south": {"uv": [9, 0.5, 9.25, 0.75], "texture": "#0"},
				"west": {"uv": [12, 7.75, 12.75, 8], "texture": "#0"},
				"up": {"uv": [0.75, 12.5, 0.5, 11.75], "texture": "#0"},
				"down": {"uv": [12.25, 8, 12, 8.75], "texture": "#0"}
			}
		},
		{
			"from": [11.9, 7.5, 5.55],
			"to": [12.4, 9.5, 7.55],
			"rotation": {"angle": 0, "axis": "y", "origin": [16, -9, 8]},
			"faces": {
				"north": {"uv": [5.75, 12.5, 6, 13], "texture": "#0"},
				"east": {"uv": [6.5, 5.75, 7, 6.25], "texture": "#0"},
				"south": {"uv": [7.75, 12.5, 8, 13], "texture": "#0"},
				"west": {"uv": [2.25, 8.5, 2.75, 9], "texture": "#0"},
				"up": {"uv": [8.25, 13, 8, 12.5], "texture": "#0"},
				"down": {"uv": [9.75, 12.5, 9.5, 13], "texture": "#0"}
			}
		},
		{
			"from": [12, 4.5, 5.3],
			"to": [15, 6.5, 7.8],
			"rotation": {"angle": 0, "axis": "y", "origin": [16, -11, 8]},
			"faces": {
				"north": {"uv": [10.75, 7.5, 11.5, 8], "texture": "#0"},
				"east": {"uv": [10.75, 8, 11.5, 8.5], "texture": "#0"},
				"south": {"uv": [10.75, 10, 11.5, 10.5], "texture": "#0"},
				"west": {"uv": [3, 11, 3.75, 11.5], "texture": "#0"},
				"up": {"uv": [3.5, 7.5, 2.75, 6.75], "texture": "#0"},
				"down": {"uv": [8.5, 9.75, 7.75, 10.5], "texture": "#0"}
			}
		},
		{
			"from": [14.5, 5.5, 5.8],
			"to": [16.5, 7, 7.3],
			"rotation": {"angle": 0, "axis": "y", "origin": [19, -10, 8]},
			"faces": {
				"north": {"uv": [3, 11.5, 3.5, 12], "texture": "#0"},
				"east": {"uv": [11.5, 7.5, 12, 8], "texture": "#0"},
				"south": {"uv": [11.5, 8, 12, 8.5], "texture": "#0"},
				"west": {"uv": [11.5, 8.5, 12, 9], "texture": "#0"},
				"up": {"uv": [12, 10.5, 11.5, 10], "texture": "#0"},
				"down": {"uv": [12, 11, 11.5, 11.5], "texture": "#0"}
			}
		},
		{
			"from": [18.7, 9.2, 5.8],
			"to": [20, 10.5, 7.3],
			"rotation": {"angle": 22.5, "axis": "z", "origin": [23, -7, 8]},
			"faces": {
				"north": {"uv": [10.75, 10.5, 11, 10.75], "texture": "#0"},
				"east": {"uv": [7.25, 10.25, 7.75, 10.5], "texture": "#0"},
				"south": {"uv": [8.5, 11.5, 8.75, 11.75], "texture": "#0"},
				"west": {"uv": [11, 12.5, 11.5, 12.75], "texture": "#0"},
				"up": {"uv": [10, 13, 9.75, 12.5], "texture": "#0"},
				"down": {"uv": [11.75, 12.5, 11.5, 13], "texture": "#0"}
			}
		},
		{
			"from": [19.8, 10.1, 6.1],
			"to": [20.8, 11.1, 7.1],
			"rotation": {"angle": 22.5, "axis": "z", "origin": [23.92388, -6.61732, 8]},
			"faces": {
				"north": {"uv": [2, 13, 2.25, 13.25], "texture": "#0"},
				"east": {"uv": [5.75, 13, 6, 13.25], "texture": "#0"},
				"south": {"uv": [6, 13, 6.25, 13.25], "texture": "#0"},
				"west": {"uv": [6.25, 13, 6.5, 13.25], "texture": "#0"},
				"up": {"uv": [6.75, 13.25, 6.5, 13], "texture": "#0"},
				"down": {"uv": [7, 13, 6.75, 13.25], "texture": "#0"}
			}
		},
		{
			"from": [4.75, 12, 4.7],
			"to": [11.25, 12.5, 11],
			"rotation": {"angle": 0, "axis": "y", "origin": [7.75, -3, 8]},
			"faces": {
				"north": {"uv": [10.5, 9, 12.25, 9.25], "texture": "#0"},
				"east": {"uv": [1.75, 1.5, 3.25, 1.75], "texture": "#0"},
				"south": {"uv": [9.25, 10.75, 11, 11], "texture": "#0"},
				"west": {"uv": [3.25, 3, 4.75, 3.25], "texture": "#0"},
				"up": {"uv": [1.75, 5, 0, 3.5], "texture": "#0"},
				"down": {"uv": [5.5, 0, 3.75, 1.5], "texture": "#0"}
			}
		},
		{
			"from": [5.5, 11.5, 5.8],
			"to": [7, 13, 9.6],
			"rotation": {"angle": 0, "axis": "y", "origin": [7.25, -2.5, 9]},
			"faces": {
				"north": {"uv": [0, 11.75, 0.5, 12.25], "texture": "#0"},
				"east": {"uv": [7, 6.5, 8, 7], "texture": "#0"},
				"south": {"uv": [4.25, 11.75, 4.75, 12.25], "texture": "#0"},
				"west": {"uv": [10, 5.25, 11, 5.75], "texture": "#0"},
				"up": {"uv": [4.75, 11.25, 4.25, 10.25], "texture": "#0"},
				"down": {"uv": [5.25, 10.25, 4.75, 11.25], "texture": "#0"}
			}
		},
		{
			"from": [4, 12.5, 5.8],
			"to": [5.5, 13, 9.6],
			"rotation": {"angle": 0, "axis": "y", "origin": [5.75, -2.5, 9]},
			"faces": {
				"north": {"uv": [11.75, 12.5, 12.25, 12.75], "texture": "#0"},
				"east": {"uv": [3.25, 9, 4.25, 9.25], "texture": "#0"},
				"south": {"uv": [12.25, 12.5, 12.75, 12.75], "texture": "#0"},
				"west": {"uv": [9.5, 8.5, 10.5, 8.75], "texture": "#0"},
				"up": {"uv": [5.75, 11.25, 5.25, 10.25], "texture": "#0"},
				"down": {"uv": [6.25, 10.25, 5.75, 11.25], "texture": "#0"}
			}
		},
		{
			"from": [9, 11.5, 5.8],
			"to": [11.5, 13, 9.6],
			"rotation": {"angle": 0, "axis": "y", "origin": [8.75, -2.5, 9]},
			"faces": {
				"north": {"uv": [7.25, 11, 8, 11.5], "texture": "#0"},
				"east": {"uv": [6.25, 10.25, 7.25, 10.75], "texture": "#0"},
				"south": {"uv": [8, 11, 8.75, 11.5], "texture": "#0"},
				"west": {"uv": [10.25, 0.5, 11.25, 1], "texture": "#0"},
				"up": {"uv": [7, 8.5, 6.25, 7.5], "texture": "#0"},
				"down": {"uv": [2.25, 8.5, 1.5, 9.5], "texture": "#0"}
			}
		},
		{
			"from": [4.5, 5.3, 10.5],
			"to": [11.5, 9.3, 13],
			"rotation": {"angle": 0, "axis": "y", "origin": [8.5, -18, 8]},
			"faces": {
				"north": {"uv": [0, 6.5, 1.75, 7.5], "texture": "#0"},
				"east": {"uv": [7.75, 8.75, 8.5, 9.75], "texture": "#0"},
				"south": {"uv": [6.5, 2.75, 8.25, 3.75], "texture": "#0"},
				"west": {"uv": [8.5, 8.75, 9.25, 9.75], "texture": "#0"},
				"up": {"uv": [8.75, 6.5, 7, 5.75], "texture": "#0"},
				"down": {"uv": [9, 0, 7.25, 0.75], "texture": "#0"}
			}
		},
		{
			"from": [5.5, 4.3, 11.3],
			"to": [10.5, 5.3, 12.8],
			"rotation": {"angle": 0, "axis": "y", "origin": [9.5, -22, 8]},
			"faces": {
				"north": {"uv": [11.25, 9.25, 12.5, 9.5], "texture": "#0"},
				"east": {"uv": [12.5, 0.5, 13, 0.75], "texture": "#0"},
				"south": {"uv": [11.25, 9.5, 12.5, 9.75], "texture": "#0"},
				"west": {"uv": [12.5, 0.75, 13, 1], "texture": "#0"},
				"up": {"uv": [10.5, 9.25, 9.25, 8.75], "texture": "#0"},
				"down": {"uv": [10.75, 1.25, 9.5, 1.75], "texture": "#0"}
			}
		},
		{
			"from": [4.85, 8.5, 9.5],
			"to": [11.15, 11.1, 12.3],
			"rotation": {"angle": 0, "axis": "y", "origin": [8.85, -12, 9]},
			"faces": {
				"north": {"uv": [0, 7.5, 1.5, 8.25], "texture": "#0"},
				"east": {"uv": [8.5, 9.75, 9.25, 10.5], "texture": "#0"},
				"south": {"uv": [2.75, 7.5, 4.25, 8.25], "texture": "#0"},
				"west": {"uv": [9.75, 5.75, 10.5, 6.5], "texture": "#0"},
				"up": {"uv": [5.75, 8.25, 4.25, 7.5], "texture": "#0"},
				"down": {"uv": [9.5, 8, 8, 8.75], "texture": "#0"}
			}
		},
		{
			"from": [5, 11, 4],
			"to": [12, 12, 11],
			"rotation": {"angle": 0, "axis": "y", "origin": [14, 19, 12]},
			"faces": {
				"north": {"uv": [10.75, 1.25, 12.5, 1.5], "texture": "#0"},
				"east": {"uv": [10.75, 1.5, 12.5, 1.75], "texture": "#0"},
				"south": {"uv": [10.75, 1.75, 12.5, 2], "texture": "#0"},
				"west": {"uv": [10.75, 2, 12.5, 2.25], "texture": "#0"},
				"up": {"uv": [1.75, 1.75, 0, 0], "texture": "#0"},
				"down": {"uv": [1.75, 1.75, 0, 3.5], "texture": "#0"}
			}
		},
		{
			"from": [7.5, 6, 4],
			"to": [8.5, 10.5, 5],
			"rotation": {"angle": 0, "axis": "y", "origin": [0.5, 18, 12]},
			"faces": {
				"north": {"uv": [0.75, 11.25, 1, 12.5], "texture": "#0"},
				"east": {"uv": [2.25, 11.25, 2.5, 12.5], "texture": "#0"},
				"south": {"uv": [2.5, 11.25, 2.75, 12.5], "texture": "#0"},
				"west": {"uv": [5.75, 11.25, 6, 12.5], "texture": "#0"},
				"up": {"uv": [7.25, 13.25, 7, 13], "texture": "#0"},
				"down": {"uv": [7.5, 13, 7.25, 13.25], "texture": "#0"}
			}
		},
		{
			"from": [4.5, 10.5, 4],
			"to": [11.5, 11, 5],
			"rotation": {"angle": 0, "axis": "y", "origin": [13.5, 18.5, 12]},
			"faces": {
				"north": {"uv": [10.75, 3.75, 12.5, 4], "texture": "#0"},
				"east": {"uv": [7.5, 13, 7.75, 13.25], "texture": "#0"},
				"south": {"uv": [10.75, 4, 12.5, 4.25], "texture": "#0"},
				"west": {"uv": [7.75, 13, 8, 13.25], "texture": "#0"},
				"up": {"uv": [12.5, 4.5, 10.75, 4.25], "texture": "#0"},
				"down": {"uv": [12.5, 4.5, 10.75, 4.75], "texture": "#0"}
			}
		},
		{
			"from": [8.5, 7.5, 4],
			"to": [11.5, 10.5, 4],
			"rotation": {"angle": 22.5, "axis": "x", "origin": [10, 10.5, 4]},
			"faces": {
				"north": {"uv": [0, 10, 0.75, 10.75], "texture": "#0"},
				"east": {"uv": [0, 0, 0, 0.75], "texture": "#0"},
				"south": {"uv": [0.75, 10, 1.5, 10.75], "texture": "#0"},
				"west": {"uv": [0, 0, 0, 0.75], "texture": "#0"},
				"up": {"uv": [0.75, 0, 0, 0], "texture": "#0"},
				"down": {"uv": [0.75, 0, 0, 0], "texture": "#0"}
			}
		},
		{
			"from": [4.5, 7.5, 4],
			"to": [5.3, 8, 5],
			"rotation": {"angle": 0, "axis": "y", "origin": [13.5, 0, 12]},
			"faces": {
				"north": {"uv": [8, 13, 8.25, 13.25], "texture": "#0"},
				"east": {"uv": [8.25, 13, 8.5, 13.25], "texture": "#0"},
				"south": {"uv": [8.5, 13, 8.75, 13.25], "texture": "#0"},
				"west": {"uv": [8.75, 13, 9, 13.25], "texture": "#0"},
				"up": {"uv": [9.25, 13.25, 9, 13], "texture": "#0"},
				"down": {"uv": [9.75, 13, 9.5, 13.25], "texture": "#0"}
			}
		},
		{
			"from": [10.7, 10, 4],
			"to": [11.5, 10.5, 5],
			"rotation": {"angle": 0, "axis": "y", "origin": [19.7, 18, 12]},
			"faces": {
				"north": {"uv": [9.75, 13, 10, 13.25], "texture": "#0"},
				"east": {"uv": [10, 13, 10.25, 13.25], "texture": "#0"},
				"south": {"uv": [10.25, 13, 10.5, 13.25], "texture": "#0"},
				"west": {"uv": [10.5, 13, 10.75, 13.25], "texture": "#0"},
				"up": {"uv": [11.25, 13.25, 11, 13], "texture": "#0"},
				"down": {"uv": [11.5, 13, 11.25, 13.25], "texture": "#0"}
			}
		},
		{
			"from": [10.7, 7.5, 4],
			"to": [11.5, 8, 5],
			"rotation": {"angle": 0, "axis": "y", "origin": [19.7, 0, 12]},
			"faces": {
				"north": {"uv": [11.5, 13, 11.75, 13.25], "texture": "#0"},
				"east": {"uv": [11.75, 13, 12, 13.25], "texture": "#0"},
				"south": {"uv": [12, 13, 12.25, 13.25], "texture": "#0"},
				"west": {"uv": [12.75, 13, 13, 13.25], "texture": "#0"},
				"up": {"uv": [13.25, 13.25, 13, 13], "texture": "#0"},
				"down": {"uv": [13.25, 0.5, 13, 0.75], "texture": "#0"}
			}
		},
		{
			"from": [8.5, 7.5, 4],
			"to": [9.3, 8, 5],
			"rotation": {"angle": 0, "axis": "y", "origin": [17.5, 16, 12]},
			"faces": {
				"north": {"uv": [13, 0.75, 13.25, 1], "texture": "#0"},
				"east": {"uv": [13, 1, 13.25, 1.25], "texture": "#0"},
				"south": {"uv": [13, 1.25, 13.25, 1.5], "texture": "#0"},
				"west": {"uv": [13, 1.5, 13.25, 1.75], "texture": "#0"},
				"up": {"uv": [13.25, 2, 13, 1.75], "texture": "#0"},
				"down": {"uv": [13.25, 2.25, 13, 2.5], "texture": "#0"}
			}
		},
		{
			"from": [6.7, 7.5, 4],
			"to": [7.5, 8, 5],
			"rotation": {"angle": 0, "axis": "y", "origin": [-1.5, 16, 12]},
			"faces": {
				"north": {"uv": [13, 2.5, 13.25, 2.75], "texture": "#0"},
				"east": {"uv": [13, 2.75, 13.25, 3], "texture": "#0"},
				"south": {"uv": [13, 3, 13.25, 3.25], "texture": "#0"},
				"west": {"uv": [13, 3.25, 13.25, 3.5], "texture": "#0"},
				"up": {"uv": [13.25, 3.75, 13, 3.5], "texture": "#0"},
				"down": {"uv": [13.25, 3.75, 13, 4], "texture": "#0"}
			}
		},
		{
			"from": [4.5, 5.5, 4],
			"to": [11.5, 7.5, 5],
			"rotation": {"angle": 0, "axis": "y", "origin": [13.5, 13.5, 12]},
			"faces": {
				"north": {"uv": [8.25, 3.75, 10, 4.25], "texture": "#0"},
				"east": {"uv": [12.5, 1.25, 12.75, 1.75], "texture": "#0"},
				"south": {"uv": [8.25, 4.25, 10, 4.75], "texture": "#0"},
				"west": {"uv": [12.5, 1.75, 12.75, 2.25], "texture": "#0"},
				"up": {"uv": [12.5, 5, 10.75, 4.75], "texture": "#0"},
				"down": {"uv": [12.5, 5, 10.75, 5.25], "texture": "#0"}
			}
		},
		{
			"from": [11.5, 5.5, 4],
			"to": [12, 11, 11],
			"rotation": {"angle": 0, "axis": "y", "origin": [13.5, 18.5, 12]},
			"faces": {
				"north": {"uv": [3.75, 11, 4, 12.5], "texture": "#0"},
				"east": {"uv": [4.75, 4.75, 6.5, 6.25], "texture": "#0"},
				"south": {"uv": [4, 11, 4.25, 12.5], "texture": "#0"},
				"west": {"uv": [4.75, 3, 6.5, 4.5], "texture": "#0"},
				"up": {"uv": [1.75, 12.25, 1.5, 10.5], "texture": "#0"},
				"down": {"uv": [2, 10.5, 1.75, 12.25], "texture": "#0"}
			}
		},
		{
			"from": [4.5, 5.5, 10],
			"to": [11.5, 11, 11],
			"rotation": {"angle": 0, "axis": "y", "origin": [6.5, 18.5, 12]},
			"faces": {
				"north": {"uv": [0, 5, 1.75, 6.5], "texture": "#0"},
				"east": {"uv": [8.75, 11, 9, 12.5], "texture": "#0"},
				"south": {"uv": [1.75, 5.25, 3.5, 6.75], "texture": "#0"},
				"west": {"uv": [9, 11, 9.25, 12.5], "texture": "#0"},
				"up": {"uv": [12.5, 6.75, 10.75, 6.5], "texture": "#0"},
				"down": {"uv": [12.5, 6.75, 10.75, 7], "texture": "#0"}
			}
		},
		{
			"from": [7.5, 8.6, 9],
			"to": [8.5, 11.6, 9],
			"rotation": {"angle": 22.5, "axis": "x", "origin": [15.5, 17, 17]},
			"faces": {
				"north": {"uv": [0, 12.25, 0.25, 13], "texture": "#0"},
				"east": {"uv": [0, 0, 0, 0.75], "texture": "#0"},
				"south": {"uv": [0.25, 12.25, 0.5, 13], "texture": "#0"},
				"west": {"uv": [0, 0, 0, 0.75], "texture": "#0"},
				"up": {"uv": [0.25, 0, 0, 0], "texture": "#0"},
				"down": {"uv": [0.25, 0, 0, 0], "texture": "#0"}
			}
		},
		{
			"from": [3.5, 14, 6.8],
			"to": [4.5, 17, 6.8],
			"rotation": {"angle": 22.5, "axis": "z", "origin": [11, 22, 15]},
			"faces": {
				"north": {"uv": [1.5, 12.25, 1.75, 13], "texture": "#0"},
				"east": {"uv": [0, 0, 0, 0.75], "texture": "#0"},
				"south": {"uv": [1.75, 12.25, 2, 13], "texture": "#0"},
				"west": {"uv": [0, 0, 0, 0.75], "texture": "#0"},
				"up": {"uv": [0.25, 0, 0, 0], "texture": "#0"},
				"down": {"uv": [0.25, 0, 0, 0], "texture": "#0"}
			}
		},
		{
			"from": [11.5, 14, 6.8],
			"to": [12.5, 17, 6.8],
			"rotation": {"angle": -22.5, "axis": "z", "origin": [5, 22, 15]},
			"faces": {
				"north": {"uv": [12, 9.75, 12.25, 10.5], "texture": "#0"},
				"east": {"uv": [0, 0, 0, 0.75], "texture": "#0"},
				"south": {"uv": [12, 11, 12.25, 11.75], "texture": "#0"},
				"west": {"uv": [0, 0, 0, 0.75], "texture": "#0"},
				"up": {"uv": [0.25, 0, 0, 0], "texture": "#0"},
				"down": {"uv": [0.25, 0, 0, 0], "texture": "#0"}
			}
		},
		{
			"from": [14.8, 16.3, 7],
			"to": [15.8, 17.8, 8],
			"rotation": {"angle": 45, "axis": "z", "origin": [17.3033, 16.8033, 7.5]},
			"faces": {
				"north": {"uv": [0.75, 3.875, 1, 4.375], "texture": "#0"},
				"east": {"uv": [0.75, 4, 1, 4.5], "texture": "#0"},
				"south": {"uv": [0.75, 3.875, 1, 4.375], "texture": "#0"},
				"west": {"uv": [0.75, 4, 1, 4.5], "texture": "#0"},
				"up": {"uv": [1, 4.625, 0.75, 4.375], "texture": "#0"},
				"down": {"uv": [1, 4.125, 0.75, 4.375], "texture": "#0"}
			}
		},
		{
			"from": [12.3, 12, 7.3],
			"to": [15.3, 15.5, 8.3],
			"rotation": {"angle": 45, "axis": "z", "origin": [13.76777, 13.97487, 7.5]},
			"faces": {
				"north": {"uv": [8.75, 1.25, 9.5, 2.25], "texture": "#0"},
				"east": {"uv": [3, 3.75, 3.25, 4.75], "texture": "#0"},
				"south": {"uv": [0, 9, 0.75, 10], "texture": "#0"},
				"west": {"uv": [1.5, 7.5, 1.75, 8.5], "texture": "#0"},
				"up": {"uv": [12.75, 9, 12, 8.75], "texture": "#0"},
				"down": {"uv": [10, 12.25, 9.25, 12.5], "texture": "#0"}
			}
		},
		{
			"from": [12.12132, 12.4, 6.85],
			"to": [16.12132, 15.4, 8.15],
			"rotation": {"angle": 45, "axis": "z", "origin": [14.12132, 13.62132, 7.5]},
			"faces": {
				"north": {"uv": [8.75, 5.75, 9.75, 6.5], "texture": "#0"},
				"east": {"uv": [2, 12.25, 2.25, 13], "texture": "#0"},
				"south": {"uv": [2.25, 9, 3.25, 9.75], "texture": "#0"},
				"west": {"uv": [4.25, 12.25, 4.5, 13], "texture": "#0"},
				"up": {"uv": [5.75, 12, 4.75, 11.75], "texture": "#0"},
				"down": {"uv": [8.25, 11.75, 7.25, 12], "texture": "#0"}
			}
		},
		{
			"from": [14.94975, 15.45, 6.85],
			"to": [15.44975, 17.95, 8.15],
			"rotation": {"angle": 45, "axis": "z", "origin": [16.94975, 16.44975, 7.5]},
			"faces": {
				"north": {"uv": [4.5, 12.25, 4.75, 13], "texture": "#0"},
				"east": {"uv": [6, 12.25, 6.25, 13], "texture": "#0"},
				"south": {"uv": [8.25, 12.25, 8.5, 13], "texture": "#0"},
				"west": {"uv": [8.5, 12.25, 8.75, 13], "texture": "#0"},
				"up": {"uv": [13.25, 4.25, 13, 4], "texture": "#0"},
				"down": {"uv": [13.25, 4.25, 13, 4.5], "texture": "#0"}
			}
		},
		{
			"from": [11, 10.8, 6.6],
			"to": [14, 12.8, 8.6],
			"rotation": {"angle": 45, "axis": "z", "origin": [12, 11.5, 7.5]},
			"faces": {
				"north": {"uv": [12.25, 12.25, 13, 12.5], "texture": "#0"},
				"east": {"uv": [13, 4.5, 13.25, 4.75], "texture": "#0"},
				"south": {"uv": [12.25, 6.25, 13, 6.5], "texture": "#0"},
				"west": {"uv": [13, 4.75, 13.25, 5], "texture": "#0"},
				"up": {"uv": [13, 8.25, 12.25, 8], "texture": "#0"},
				"down": {"uv": [13, 8.25, 12.25, 8.5], "texture": "#0"}
			}
		},
		{
			"from": [5, 3, 9],
			"to": [11, 5.8, 11],
			"rotation": {"angle": 0, "axis": "y", "origin": [8, 5, 10.5]},
			"faces": {
				"north": {"uv": [8, 6.5, 9.5, 7.25], "texture": "#0"},
				"east": {"uv": [5.75, 7.5, 6.25, 8.25], "texture": "#0"},
				"south": {"uv": [8, 7.25, 9.5, 8], "texture": "#0"},
				"west": {"uv": [9.25, 11, 9.75, 11.75], "texture": "#0"},
				"up": {"uv": [3.25, 5.25, 1.75, 4.75], "texture": "#0"},
				"down": {"uv": [10.25, 2.25, 8.75, 2.75], "texture": "#0"}
			}
		},
		{
			"from": [4.75, 1.8, 6.5],
			"to": [11.25, 3.6, 10.5],
			"rotation": {"angle": 0, "axis": "y", "origin": [8.75, 2.5, 9.5]},
			"faces": {
				"north": {"uv": [8.25, 4.75, 10, 5.25], "texture": "#0"},
				"east": {"uv": [10.25, 2.25, 11.25, 2.75], "texture": "#0"},
				"south": {"uv": [8.25, 5.25, 10, 5.75], "texture": "#0"},
				"west": {"uv": [10.25, 2.75, 11.25, 3.25], "texture": "#0"},
				"up": {"uv": [8.25, 4.75, 6.5, 3.75], "texture": "#0"},
				"down": {"uv": [8.25, 4.75, 6.5, 5.75], "texture": "#0"}
			}
		},
		{
			"from": [4.5, 1.6, 3.5],
			"to": [11.5, 2.9, 8.5],
			"rotation": {"angle": 0, "axis": "y", "origin": [8.5, 1.5, 6.5]},
			"faces": {
				"north": {"uv": [10.75, 7, 12.5, 7.25], "texture": "#0"},
				"east": {"uv": [7.25, 11.5, 8.5, 11.75], "texture": "#0"},
				"south": {"uv": [10.75, 7.25, 12.5, 7.5], "texture": "#0"},
				"west": {"uv": [10.75, 11.5, 12, 11.75], "texture": "#0"},
				"up": {"uv": [5.25, 7.5, 3.5, 6.25], "texture": "#0"},
				"down": {"uv": [7, 6.25, 5.25, 7.5], "texture": "#0"}
			}
		},
		{
			"from": [6, 0.5, 3],
			"to": [10, 2, 9.5],
			"rotation": {"angle": 0, "axis": "y", "origin": [9, -0.1, 0.5]},
			"faces": {
				"north": {"uv": [10.25, 3.25, 11.25, 3.75], "texture": "#0"},
				"east": {"uv": [4.25, 8.75, 6, 9.25], "texture": "#0"},
				"south": {"uv": [10.25, 9.25, 11.25, 9.75], "texture": "#0"},
				"west": {"uv": [6, 8.75, 7.75, 9.25], "texture": "#0"},
				"up": {"uv": [2.75, 8.5, 1.75, 6.75], "texture": "#0"},
				"down": {"uv": [8, 7, 7, 8.75], "texture": "#0"}
			}
		},
		{
			"from": [5, 1, 1],
			"to": [11, 2.6, 9],
			"rotation": {"angle": 0, "axis": "y", "origin": [8, 1.5, 0.5]},
			"faces": {
				"north": {"uv": [9, 0, 10.5, 0.5], "texture": "#0"},
				"east": {"uv": [7.25, 0.75, 9.25, 1.25], "texture": "#0"},
				"south": {"uv": [3.25, 9.25, 4.75, 9.75], "texture": "#0"},
				"west": {"uv": [4.25, 8.25, 6.25, 8.75], "texture": "#0"},
				"up": {"uv": [3.25, 3.75, 1.75, 1.75], "texture": "#0"},
				"down": {"uv": [4.75, 3.25, 3.25, 5.25], "texture": "#0"}
			}
		},
		{
			"from": [5.5, 1.5, -0.2],
			"to": [10.5, 2.8, 1.8],
			"rotation": {"angle": 0, "axis": "y", "origin": [8.5, 1.5, -4.5]},
			"faces": {
				"north": {"uv": [11.5, 0, 12.75, 0.25], "texture": "#0"},
				"east": {"uv": [12.5, 2.25, 13, 2.5], "texture": "#0"},
				"south": {"uv": [11.5, 0.25, 12.75, 0.5], "texture": "#0"},
				"west": {"uv": [12.5, 2.5, 13, 2.75], "texture": "#0"},
				"up": {"uv": [10.75, 2.25, 9.5, 1.75], "texture": "#0"},
				"down": {"uv": [10.75, 8, 9.5, 8.5], "texture": "#0"}
			}
		},
		{
			"from": [6.25, 1.6, -0.8],
			"to": [9.75, 3, 0.7],
			"rotation": {"angle": 0, "axis": "y", "origin": [7.25, 1.5, -6.5]},
			"faces": {
				"north": {"uv": [9.25, 11.75, 10.25, 12], "texture": "#0"},
				"east": {"uv": [12.5, 2.75, 13, 3], "texture": "#0"},
				"south": {"uv": [10.25, 11.75, 11.25, 12], "texture": "#0"},
				"west": {"uv": [12.5, 3, 13, 3.25], "texture": "#0"},
				"up": {"uv": [8.25, 11, 7.25, 10.5], "texture": "#0"},
				"down": {"uv": [9.25, 10.5, 8.25, 11], "texture": "#0"}
			}
		},
		{
			"from": [8.4, 2.6, -0.5],
			"to": [9.2, 3.4, 0.3],
			"rotation": {"angle": 0, "axis": "y", "origin": [1, 11, 8]},
			"faces": {
				"north": {"uv": [13, 8.5, 13.25, 8.75], "texture": "#0"},
				"east": {"uv": [13, 9, 13.25, 9.25], "texture": "#0"},
				"south": {"uv": [13, 9.75, 13.25, 10], "texture": "#0"},
				"west": {"uv": [13, 10, 13.25, 10.25], "texture": "#0"},
				"up": {"uv": [13.25, 10.5, 13, 10.25], "texture": "#0"},
				"down": {"uv": [13.25, 11, 13, 11.25], "texture": "#0"}
			}
		},
		{
			"from": [8.5, 3.2, -0.4],
			"to": [9.1, 3.8, 0.2],
			"rotation": {"angle": 0, "axis": "y", "origin": [1, 11.8, 8]},
			"faces": {
				"north": {"uv": [13, 11.25, 13.25, 11.5], "texture": "#0"},
				"east": {"uv": [13, 11.5, 13.25, 11.75], "texture": "#0"},
				"south": {"uv": [13, 11.75, 13.25, 12], "texture": "#0"},
				"west": {"uv": [13, 12, 13.25, 12.25], "texture": "#0"},
				"up": {"uv": [13.25, 12.5, 13, 12.25], "texture": "#0"},
				"down": {"uv": [0.25, 13.25, 0, 13.5], "texture": "#0"}
			}
		},
		{
			"from": [9.6, 2.6, 0.3],
			"to": [10.4, 3.4, 1.1],
			"rotation": {"angle": 0, "axis": "y", "origin": [2, 11, 9]},
			"faces": {
				"north": {"uv": [0.25, 13.25, 0.5, 13.5], "texture": "#0"},
				"east": {"uv": [0.5, 13.25, 0.75, 13.5], "texture": "#0"},
				"south": {"uv": [0.75, 13.25, 1, 13.5], "texture": "#0"},
				"west": {"uv": [1, 13.25, 1.25, 13.5], "texture": "#0"},
				"up": {"uv": [1.5, 13.5, 1.25, 13.25], "texture": "#0"},
				"down": {"uv": [1.75, 13.25, 1.5, 13.5], "texture": "#0"}
			}
		},
		{
			"from": [9.7, 3.2, 0.4],
			"to": [10.3, 3.8, 1],
			"rotation": {"angle": 0, "axis": "y", "origin": [2, 11.8, 9]},
			"faces": {
				"north": {"uv": [1.75, 13.25, 2, 13.5], "texture": "#0"},
				"east": {"uv": [2, 13.25, 2.25, 13.5], "texture": "#0"},
				"south": {"uv": [2.25, 13.25, 2.5, 13.5], "texture": "#0"},
				"west": {"uv": [2.5, 13.25, 2.75, 13.5], "texture": "#0"},
				"up": {"uv": [3, 13.5, 2.75, 13.25], "texture": "#0"},
				"down": {"uv": [3.25, 13.25, 3, 13.5], "texture": "#0"}
			}
		},
		{
			"from": [8.3, 3, 0.6],
			"to": [8.9, 3.6, 1.2],
			"rotation": {"angle": 0, "axis": "y", "origin": [1, 11.8, 9]},
			"faces": {
				"north": {"uv": [3.25, 13.25, 3.5, 13.5], "texture": "#0"},
				"east": {"uv": [3.5, 13.25, 3.75, 13.5], "texture": "#0"},
				"south": {"uv": [3.75, 13.25, 4, 13.5], "texture": "#0"},
				"west": {"uv": [4, 13.25, 4.25, 13.5], "texture": "#0"},
				"up": {"uv": [4.5, 13.5, 4.25, 13.25], "texture": "#0"},
				"down": {"uv": [4.75, 13.25, 4.5, 13.5], "texture": "#0"}
			}
		},
		{
			"from": [8.2, 2.5, 0.5],
			"to": [9, 3.3, 1.3],
			"rotation": {"angle": 0, "axis": "y", "origin": [1, 11, 9]},
			"faces": {
				"north": {"uv": [4.75, 13.25, 5, 13.5], "texture": "#0"},
				"east": {"uv": [5, 13.25, 5.25, 13.5], "texture": "#0"},
				"south": {"uv": [5.25, 13.25, 5.5, 13.5], "texture": "#0"},
				"west": {"uv": [5.5, 13.25, 5.75, 13.5], "texture": "#0"},
				"up": {"uv": [6, 13.5, 5.75, 13.25], "texture": "#0"},
				"down": {"uv": [6.25, 13.25, 6, 13.5], "texture": "#0"}
			}
		},
		{
			"from": [9.6, 2.3, 2.8],
			"to": [10.4, 3.1, 3.6],
			"rotation": {"angle": 0, "axis": "y", "origin": [2, 11, 11]},
			"faces": {
				"north": {"uv": [9.25, 13.25, 9.5, 13.5], "texture": "#0"},
				"east": {"uv": [9.5, 13.25, 9.75, 13.5], "texture": "#0"},
				"south": {"uv": [9.75, 13.25, 10, 13.5], "texture": "#0"},
				"west": {"uv": [10, 13.25, 10.25, 13.5], "texture": "#0"},
				"up": {"uv": [10.5, 13.5, 10.25, 13.25], "texture": "#0"},
				"down": {"uv": [10.75, 13.25, 10.5, 13.5], "texture": "#0"}
			}
		},
		{
			"from": [9.6, 2.5, 4],
			"to": [10.4, 3.3, 4.8],
			"rotation": {"angle": 0, "axis": "y", "origin": [2, 11, 12]},
			"faces": {
				"north": {"uv": [10.75, 13.25, 11, 13.5], "texture": "#0"},
				"east": {"uv": [11, 13.25, 11.25, 13.5], "texture": "#0"},
				"south": {"uv": [11.25, 13.25, 11.5, 13.5], "texture": "#0"},
				"west": {"uv": [11.5, 13.25, 11.75, 13.5], "texture": "#0"},
				"up": {"uv": [12, 13.5, 11.75, 13.25], "texture": "#0"},
				"down": {"uv": [12.25, 13.25, 12, 13.5], "texture": "#0"}
			}
		},
		{
			"from": [9.6, 2.6, 5.3],
			"to": [10.4, 3.4, 6.1],
			"rotation": {"angle": 0, "axis": "y", "origin": [2, 11, 13]},
			"faces": {
				"north": {"uv": [12.25, 13.25, 12.5, 13.5], "texture": "#0"},
				"east": {"uv": [12.5, 13.25, 12.75, 13.5], "texture": "#0"},
				"south": {"uv": [12.75, 13.25, 13, 13.5], "texture": "#0"},
				"west": {"uv": [13, 13.25, 13.25, 13.5], "texture": "#0"},
				"up": {"uv": [13.5, 13.5, 13.25, 13.25], "texture": "#0"},
				"down": {"uv": [13.5, 0, 13.25, 0.25], "texture": "#0"}
			}
		},
		{
			"from": [5.6, 2.3, 2.8],
			"to": [6.4, 3.1, 3.6],
			"rotation": {"angle": 0, "axis": "y", "origin": [14, 11, 11]},
			"faces": {
				"north": {"uv": [13.25, 0.25, 13.5, 0.5], "texture": "#0"},
				"east": {"uv": [13.25, 0.5, 13.5, 0.75], "texture": "#0"},
				"south": {"uv": [13.25, 0.75, 13.5, 1], "texture": "#0"},
				"west": {"uv": [13.25, 1, 13.5, 1.25], "texture": "#0"},
				"up": {"uv": [13.5, 1.5, 13.25, 1.25], "texture": "#0"},
				"down": {"uv": [13.5, 1.5, 13.25, 1.75], "texture": "#0"}
			}
		},
		{
			"from": [5.6, 2.5, 4],
			"to": [6.4, 3.3, 4.8],
			"rotation": {"angle": 0, "axis": "y", "origin": [14, 11, 12]},
			"faces": {
				"north": {"uv": [13.25, 1.75, 13.5, 2], "texture": "#0"},
				"east": {"uv": [13.25, 2, 13.5, 2.25], "texture": "#0"},
				"south": {"uv": [13.25, 2.25, 13.5, 2.5], "texture": "#0"},
				"west": {"uv": [13.25, 2.5, 13.5, 2.75], "texture": "#0"},
				"up": {"uv": [13.5, 3, 13.25, 2.75], "texture": "#0"},
				"down": {"uv": [13.5, 3, 13.25, 3.25], "texture": "#0"}
			}
		},
		{
			"from": [5.6, 2.6, 5.3],
			"to": [6.4, 3.4, 6.1],
			"rotation": {"angle": 0, "axis": "y", "origin": [14, 11, 13]},
			"faces": {
				"north": {"uv": [13.25, 3.25, 13.5, 3.5], "texture": "#0"},
				"east": {"uv": [13.25, 3.5, 13.5, 3.75], "texture": "#0"},
				"south": {"uv": [13.25, 3.75, 13.5, 4], "texture": "#0"},
				"west": {"uv": [13.25, 4, 13.5, 4.25], "texture": "#0"},
				"up": {"uv": [13.5, 4.5, 13.25, 4.25], "texture": "#0"},
				"down": {"uv": [13.5, 4.5, 13.25, 4.75], "texture": "#0"}
			}
		},
		{
			"from": [5.7, 2.8, 2.9],
			"to": [6.3, 3.4, 3.5],
			"rotation": {"angle": 0, "axis": "y", "origin": [14, 11.8, 11]},
			"faces": {
				"north": {"uv": [13.25, 4.75, 13.5, 5], "texture": "#0"},
				"east": {"uv": [13.25, 5, 13.5, 5.25], "texture": "#0"},
				"south": {"uv": [13.25, 5.25, 13.5, 5.5], "texture": "#0"},
				"west": {"uv": [13.25, 5.5, 13.5, 5.75], "texture": "#0"},
				"up": {"uv": [13.5, 6, 13.25, 5.75], "texture": "#0"},
				"down": {"uv": [13.5, 6, 13.25, 6.25], "texture": "#0"}
			}
		},
		{
			"from": [5.7, 3, 4.1],
			"to": [6.3, 3.6, 4.7],
			"rotation": {"angle": 0, "axis": "y", "origin": [14, 11.8, 12]},
			"faces": {
				"north": {"uv": [13.25, 6.25, 13.5, 6.5], "texture": "#0"},
				"east": {"uv": [13.25, 6.5, 13.5, 6.75], "texture": "#0"},
				"south": {"uv": [13.25, 6.75, 13.5, 7], "texture": "#0"},
				"west": {"uv": [13.25, 7, 13.5, 7.25], "texture": "#0"},
				"up": {"uv": [13.5, 7.5, 13.25, 7.25], "texture": "#0"},
				"down": {"uv": [13.5, 7.5, 13.25, 7.75], "texture": "#0"}
			}
		},
		{
			"from": [5.7, 3.2, 5.4],
			"to": [6.3, 3.8, 6],
			"rotation": {"angle": 0, "axis": "y", "origin": [14, 11.8, 13]},
			"faces": {
				"north": {"uv": [13.25, 7.75, 13.5, 8], "texture": "#0"},
				"east": {"uv": [13.25, 8, 13.5, 8.25], "texture": "#0"},
				"south": {"uv": [13.25, 8.25, 13.5, 8.5], "texture": "#0"},
				"west": {"uv": [13.25, 8.5, 13.5, 8.75], "texture": "#0"},
				"up": {"uv": [13.5, 9, 13.25, 8.75], "texture": "#0"},
				"down": {"uv": [13.5, 9, 13.25, 9.25], "texture": "#0"}
			}
		},
		{
			"from": [5.6, 2.6, 0.3],
			"to": [6.4, 3.4, 1.1],
			"rotation": {"angle": 0, "axis": "y", "origin": [14, 11, 9]},
			"faces": {
				"north": {"uv": [13.25, 9.25, 13.5, 9.5], "texture": "#0"},
				"east": {"uv": [13.25, 9.5, 13.5, 9.75], "texture": "#0"},
				"south": {"uv": [13.25, 9.75, 13.5, 10], "texture": "#0"},
				"west": {"uv": [13.25, 10, 13.5, 10.25], "texture": "#0"},
				"up": {"uv": [13.5, 10.5, 13.25, 10.25], "texture": "#0"},
				"down": {"uv": [13.5, 10.5, 13.25, 10.75], "texture": "#0"}
			}
		},
		{
			"from": [5.7, 3.2, 0.4],
			"to": [6.3, 3.8, 1],
			"rotation": {"angle": 0, "axis": "y", "origin": [14, 11.8, 9]},
			"faces": {
				"north": {"uv": [13.25, 10.75, 13.5, 11], "texture": "#0"},
				"east": {"uv": [13.25, 11, 13.5, 11.25], "texture": "#0"},
				"south": {"uv": [13.25, 11.25, 13.5, 11.5], "texture": "#0"},
				"west": {"uv": [13.25, 11.5, 13.5, 11.75], "texture": "#0"},
				"up": {"uv": [13.5, 12, 13.25, 11.75], "texture": "#0"},
				"down": {"uv": [13.5, 12, 13.25, 12.25], "texture": "#0"}
			}
		},
		{
			"from": [5.6, 2.3, 1.5],
			"to": [6.4, 3.1, 2.3],
			"rotation": {"angle": 0, "axis": "y", "origin": [14, 11, 10]},
			"faces": {
				"north": {"uv": [13.25, 12.25, 13.5, 12.5], "texture": "#0"},
				"east": {"uv": [13.25, 12.5, 13.5, 12.75], "texture": "#0"},
				"south": {"uv": [13.25, 12.75, 13.5, 13], "texture": "#0"},
				"west": {"uv": [13.25, 13, 13.5, 13.25], "texture": "#0"},
				"up": {"uv": [0.25, 13.75, 0, 13.5], "texture": "#0"},
				"down": {"uv": [0.5, 13.5, 0.25, 13.75], "texture": "#0"}
			}
		},
		{
			"from": [5.7, 2.8, 1.6],
			"to": [6.3, 3.4, 2.2],
			"rotation": {"angle": 0, "axis": "y", "origin": [14, 11.8, 10]},
			"faces": {
				"north": {"uv": [0.5, 13.5, 0.75, 13.75], "texture": "#0"},
				"east": {"uv": [0.75, 13.5, 1, 13.75], "texture": "#0"},
				"south": {"uv": [1, 13.5, 1.25, 13.75], "texture": "#0"},
				"west": {"uv": [1.25, 13.5, 1.5, 13.75], "texture": "#0"},
				"up": {"uv": [1.75, 13.75, 1.5, 13.5], "texture": "#0"},
				"down": {"uv": [2, 13.5, 1.75, 13.75], "texture": "#0"}
			}
		},
		{
			"from": [9.7, 2.8, 2.9],
			"to": [10.3, 3.4, 3.5],
			"rotation": {"angle": 0, "axis": "y", "origin": [2, 11.8, 11]},
			"faces": {
				"north": {"uv": [2, 13.5, 2.25, 13.75], "texture": "#0"},
				"east": {"uv": [2.25, 13.5, 2.5, 13.75], "texture": "#0"},
				"south": {"uv": [2.5, 13.5, 2.75, 13.75], "texture": "#0"},
				"west": {"uv": [2.75, 13.5, 3, 13.75], "texture": "#0"},
				"up": {"uv": [3.25, 13.75, 3, 13.5], "texture": "#0"},
				"down": {"uv": [3.5, 13.5, 3.25, 13.75], "texture": "#0"}
			}
		},
		{
			"from": [9.7, 3, 4.1],
			"to": [10.3, 3.6, 4.7],
			"rotation": {"angle": 0, "axis": "y", "origin": [2, 11.8, 12]},
			"faces": {
				"north": {"uv": [3.5, 13.5, 3.75, 13.75], "texture": "#0"},
				"east": {"uv": [3.75, 13.5, 4, 13.75], "texture": "#0"},
				"south": {"uv": [4, 13.5, 4.25, 13.75], "texture": "#0"},
				"west": {"uv": [4.25, 13.5, 4.5, 13.75], "texture": "#0"},
				"up": {"uv": [4.75, 13.75, 4.5, 13.5], "texture": "#0"},
				"down": {"uv": [5, 13.5, 4.75, 13.75], "texture": "#0"}
			}
		},
		{
			"from": [9.7, 3.2, 5.4],
			"to": [10.3, 3.8, 6],
			"rotation": {"angle": 0, "axis": "y", "origin": [2, 11.8, 13]},
			"faces": {
				"north": {"uv": [5, 13.5, 5.25, 13.75], "texture": "#0"},
				"east": {"uv": [5.25, 13.5, 5.5, 13.75], "texture": "#0"},
				"south": {"uv": [5.5, 13.5, 5.75, 13.75], "texture": "#0"},
				"west": {"uv": [5.75, 13.5, 6, 13.75], "texture": "#0"},
				"up": {"uv": [6.25, 13.75, 6, 13.5], "texture": "#0"},
				"down": {"uv": [6.5, 13.5, 6.25, 13.75], "texture": "#0"}
			}
		},
		{
			"from": [7, 2.5, 0.5],
			"to": [7.8, 3.3, 1.3],
			"rotation": {"angle": 0, "axis": "y", "origin": [15, 11, 9]},
			"faces": {
				"north": {"uv": [6.5, 13.5, 6.75, 13.75], "texture": "#0"},
				"east": {"uv": [6.75, 13.5, 7, 13.75], "texture": "#0"},
				"south": {"uv": [7, 13.5, 7.25, 13.75], "texture": "#0"},
				"west": {"uv": [7.25, 13.5, 7.5, 13.75], "texture": "#0"},
				"up": {"uv": [7.75, 13.75, 7.5, 13.5], "texture": "#0"},
				"down": {"uv": [8, 13.5, 7.75, 13.75], "texture": "#0"}
			}
		},
		{
			"from": [7.1, 3, 0.6],
			"to": [7.7, 3.6, 1.2],
			"rotation": {"angle": 0, "axis": "y", "origin": [15, 11.8, 9]},
			"faces": {
				"north": {"uv": [8, 13.5, 8.25, 13.75], "texture": "#0"},
				"east": {"uv": [8.25, 13.5, 8.5, 13.75], "texture": "#0"},
				"south": {"uv": [8.5, 13.5, 8.75, 13.75], "texture": "#0"},
				"west": {"uv": [8.75, 13.5, 9, 13.75], "texture": "#0"},
				"up": {"uv": [9.25, 13.75, 9, 13.5], "texture": "#0"},
				"down": {"uv": [9.5, 13.5, 9.25, 13.75], "texture": "#0"}
			}
		},
		{
			"from": [8.5, -1, 9.3],
			"to": [9.3, 6, 10.1],
			"rotation": {"angle": 0, "axis": "y", "origin": [16, 11, 17]},
			"faces": {
				"north": {"uv": [2, 10.5, 2.25, 12.25], "texture": "#0"},
				"east": {"uv": [1, 10.75, 1.25, 12.5], "texture": "#0"},
				"south": {"uv": [1.25, 10.75, 1.5, 12.5], "texture": "#0"},
				"west": {"uv": [6.25, 10.75, 6.5, 12.5], "texture": "#0"},
				"up": {"uv": [9.75, 13.75, 9.5, 13.5], "texture": "#0"},
				"down": {"uv": [10, 13.5, 9.75, 13.75], "texture": "#0"}
			}
		},
		{
			"from": [6.7, -1, 9.3],
			"to": [7.5, 6, 10.1],
			"rotation": {"angle": 0, "axis": "y", "origin": [0, 11, 17]},
			"faces": {
				"north": {"uv": [6.5, 10.75, 6.75, 12.5], "texture": "#0"},
				"east": {"uv": [6.75, 10.75, 7, 12.5], "texture": "#0"},
				"south": {"uv": [7, 10.75, 7.25, 12.5], "texture": "#0"},
				"west": {"uv": [2.75, 11, 3, 12.75], "texture": "#0"},
				"up": {"uv": [10.25, 13.75, 10, 13.5], "texture": "#0"},
				"down": {"uv": [10.5, 13.5, 10.25, 13.75], "texture": "#0"}
			}
		},
		{
			"from": [5.25, 4.38, 2.4],
			"to": [10.75, 6.91, 4.6],
			"rotation": {"angle": 0, "axis": "y", "origin": [7.45, -13, 0.2]},
			"faces": {
				"north": {"uv": [0, 8.25, 1.5, 9], "texture": "#0"},
				"east": {"uv": [9.75, 11, 10.25, 11.75], "texture": "#0"},
				"south": {"uv": [2.75, 8.25, 4.25, 9], "texture": "#0"},
				"west": {"uv": [10.25, 11, 10.75, 11.75], "texture": "#0"},
				"up": {"uv": [6.25, 9.75, 4.75, 9.25], "texture": "#0"},
				"down": {"uv": [7.75, 9.25, 6.25, 9.75], "texture": "#0"}
			}
		},
		{
			"from": [5.8, 6.03, 3.5],
			"to": [10.2, 7.46, 4.6],
			"rotation": {"angle": 0, "axis": "y", "origin": [6.9, -11.9, 0.2]},
			"faces": {
				"north": {"uv": [11.25, 11.75, 12.25, 12], "texture": "#0"},
				"east": {"uv": [10.5, 13.5, 10.75, 13.75], "texture": "#0"},
				"south": {"uv": [11.75, 5.25, 12.75, 5.5], "texture": "#0"},
				"west": {"uv": [10.75, 13.5, 11, 13.75], "texture": "#0"},
				"up": {"uv": [12.75, 5.75, 11.75, 5.5], "texture": "#0"},
				"down": {"uv": [12.75, 10.5, 11.75, 10.75], "texture": "#0"}
			}
		},
		{
			"from": [5.91, 5.15, 1.85],
			"to": [10.09, 7.45, 4.6],
			"rotation": {"angle": 0, "axis": "y", "origin": [7.01, -9.7, 0.2]},
			"faces": {
				"north": {"uv": [10.5, 0, 11.5, 0.5], "texture": "#0"},
				"east": {"uv": [10.75, 11, 11.5, 11.5], "texture": "#0"},
				"south": {"uv": [10.5, 5.75, 11.5, 6.25], "texture": "#0"},
				"west": {"uv": [11, 5.25, 11.75, 5.75], "texture": "#0"},
				"up": {"uv": [10.25, 10, 9.25, 9.25], "texture": "#0"},
				"down": {"uv": [10.25, 0.5, 9.25, 1.25], "texture": "#0"}
			}
		},
		{
			"from": [6.46, 6.8, 2.95],
			"to": [9.54, 7.68, 4.6],
			"rotation": {"angle": 0, "axis": "y", "origin": [5.36, -8.6, 0.2]},
			"faces": {
				"north": {"uv": [12.25, 8.5, 13, 8.75], "texture": "#0"},
				"east": {"uv": [12.5, 3.25, 13, 3.5], "texture": "#0"},
				"south": {"uv": [12.25, 9, 13, 9.25], "texture": "#0"},
				"west": {"uv": [12.5, 3.5, 13, 3.75], "texture": "#0"},
				"up": {"uv": [11.75, 11, 11, 10.5], "texture": "#0"},
				"down": {"uv": [0.75, 11.25, 0, 11.75], "texture": "#0"}
			}
		},
		{
			"from": [7, 6.58, -1.4],
			"to": [9, 8.01, 0.25],
			"rotation": {"angle": 0, "axis": "y", "origin": [8, -11.35, -3.1]},
			"faces": {
				"north": {"uv": [12.5, 3.75, 13, 4], "texture": "#0"},
				"east": {"uv": [12.5, 4, 13, 4.25], "texture": "#0"},
				"south": {"uv": [12.5, 4.25, 13, 4.5], "texture": "#0"},
				"west": {"uv": [12.5, 4.5, 13, 4.75], "texture": "#0"},
				"up": {"uv": [8.75, 12.25, 8.25, 11.75], "texture": "#0"},
				"down": {"uv": [3.5, 12, 3, 12.5], "texture": "#0"}
			}
		},
		{
			"from": [6.46, 6.8, 0],
			"to": [9.54, 7.35, 2.75],
			"rotation": {"angle": 0, "axis": "y", "origin": [6.46, -9.15, 0]},
			"faces": {
				"north": {"uv": [12.25, 9.75, 13, 10], "texture": "#0"},
				"east": {"uv": [12.25, 10, 13, 10.25], "texture": "#0"},
				"south": {"uv": [12.25, 10.25, 13, 10.5], "texture": "#0"},
				"west": {"uv": [12.25, 11, 13, 11.25], "texture": "#0"},
				"up": {"uv": [10, 10.75, 9.25, 10], "texture": "#0"},
				"down": {"uv": [10.75, 10, 10, 10.75], "texture": "#0"}
			}
		},
		{
			"from": [6.35, 4.8, -1],
			"to": [9.65, 6.8, 3],
			"rotation": {"angle": 0, "axis": "y", "origin": [7.45, -13, -4.2]},
			"faces": {
				"north": {"uv": [4.25, 11.25, 5, 11.75], "texture": "#0"},
				"east": {"uv": [10.5, 8.5, 11.5, 9], "texture": "#0"},
				"south": {"uv": [5, 11.25, 5.75, 11.75], "texture": "#0"},
				"west": {"uv": [0, 10.75, 1, 11.25], "texture": "#0"},
				"up": {"uv": [1.5, 10, 0.75, 9], "texture": "#0"},
				"down": {"uv": [2.25, 9.5, 1.5, 10.5], "texture": "#0"}
			}
		},
		{
			"from": [6.6, 5.8, -1.3],
			"to": [9.4, 6.8, -1],
			"rotation": {"angle": 0, "axis": "y", "origin": [8.8, -13, -8.5]},
			"faces": {
				"north": {"uv": [12.25, 11.25, 13, 11.5], "texture": "#0"},
				"east": {"uv": [11, 13.5, 11.25, 13.75], "texture": "#0"},
				"south": {"uv": [12.25, 11.5, 13, 11.75], "texture": "#0"},
				"west": {"uv": [11.25, 13.5, 11.5, 13.75], "texture": "#0"},
				"up": {"uv": [13, 12, 12.25, 11.75], "texture": "#0"},
				"down": {"uv": [13, 12, 12.25, 12.25], "texture": "#0"}
			}
		},
		{
			"from": [5.525, 4.38, 0.2],
			"to": [10.475, 6.36, 2.4],
			"rotation": {"angle": 0, "axis": "y", "origin": [8.275, -13, -2]},
			"faces": {
				"north": {"uv": [2.75, 9.75, 4, 10.25], "texture": "#0"},
				"east": {"uv": [4.75, 12, 5.25, 12.5], "texture": "#0"},
				"south": {"uv": [4, 9.75, 5.25, 10.25], "texture": "#0"},
				"west": {"uv": [5.25, 12, 5.75, 12.5], "texture": "#0"},
				"up": {"uv": [6.5, 10.25, 5.25, 9.75], "texture": "#0"},
				"down": {"uv": [7.75, 9.75, 6.5, 10.25], "texture": "#0"}
			}
		},
		{
			"from": [9, 4, -0.4],
			"to": [9.6, 4.6, 0.2],
			"rotation": {"angle": 0, "axis": "y", "origin": [1, -3.8, 8]},
			"faces": {
				"north": {"uv": [11.5, 13.5, 11.75, 13.75], "texture": "#0"},
				"east": {"uv": [11.75, 13.5, 12, 13.75], "texture": "#0"},
				"south": {"uv": [12, 13.5, 12.25, 13.75], "texture": "#0"},
				"west": {"uv": [12.25, 13.5, 12.5, 13.75], "texture": "#0"},
				"up": {"uv": [12.75, 13.75, 12.5, 13.5], "texture": "#0"},
				"down": {"uv": [13, 13.5, 12.75, 13.75], "texture": "#0"}
			}
		},
		{
			"from": [6.2, 4, 1],
			"to": [7, 4.8, 1.8],
			"rotation": {"angle": 0, "axis": "y", "origin": [15, -4, 9]},
			"faces": {
				"north": {"uv": [13, 13.5, 13.25, 13.75], "texture": "#0"},
				"east": {"uv": [13.25, 13.5, 13.5, 13.75], "texture": "#0"},
				"south": {"uv": [13.5, 13.5, 13.75, 13.75], "texture": "#0"},
				"west": {"uv": [13.5, 0, 13.75, 0.25], "texture": "#0"},
				"up": {"uv": [13.75, 0.5, 13.5, 0.25], "texture": "#0"},
				"down": {"uv": [13.75, 0.5, 13.5, 0.75], "texture": "#0"}
			}
		},
		{
			"from": [9, 4, 1],
			"to": [9.8, 4.8, 1.8],
			"rotation": {"angle": 0, "axis": "y", "origin": [1, -4, 9]},
			"faces": {
				"north": {"uv": [13.5, 0.75, 13.75, 1], "texture": "#0"},
				"east": {"uv": [13.5, 1, 13.75, 1.25], "texture": "#0"},
				"south": {"uv": [13.5, 1.25, 13.75, 1.5], "texture": "#0"},
				"west": {"uv": [13.5, 1.5, 13.75, 1.75], "texture": "#0"},
				"up": {"uv": [13.75, 2, 13.5, 1.75], "texture": "#0"},
				"down": {"uv": [13.75, 2, 13.5, 2.25], "texture": "#0"}
			}
		},
		{
			"from": [5.5, 4, 2],
			"to": [6.3, 4.8, 2.8],
			"rotation": {"angle": 0, "axis": "y", "origin": [14, -4, 10]},
			"faces": {
				"north": {"uv": [13.5, 2.25, 13.75, 2.5], "texture": "#0"},
				"east": {"uv": [13.5, 2.5, 13.75, 2.75], "texture": "#0"},
				"south": {"uv": [13.5, 2.75, 13.75, 3], "texture": "#0"},
				"west": {"uv": [13.5, 3, 13.75, 3.25], "texture": "#0"},
				"up": {"uv": [13.75, 3.5, 13.5, 3.25], "texture": "#0"},
				"down": {"uv": [13.75, 3.5, 13.5, 3.75], "texture": "#0"}
			}
		},
		{
			"from": [9.7, 4, 2],
			"to": [10.5, 4.8, 2.8],
			"rotation": {"angle": 0, "axis": "y", "origin": [2, -4, 10]},
			"faces": {
				"north": {"uv": [13.5, 3.75, 13.75, 4], "texture": "#0"},
				"east": {"uv": [13.5, 4, 13.75, 4.25], "texture": "#0"},
				"south": {"uv": [13.5, 4.25, 13.75, 4.5], "texture": "#0"},
				"west": {"uv": [13.5, 4.5, 13.75, 4.75], "texture": "#0"},
				"up": {"uv": [13.75, 5, 13.5, 4.75], "texture": "#0"},
				"down": {"uv": [13.75, 5, 13.5, 5.25], "texture": "#0"}
			}
		},
		{
			"from": [5.5, 4.2, 4.5],
			"to": [6.3, 5, 5.3],
			"rotation": {"angle": 0, "axis": "y", "origin": [14, -4, 12]},
			"faces": {
				"north": {"uv": [13.5, 8.25, 13.75, 8.5], "texture": "#0"},
				"east": {"uv": [13.5, 8.5, 13.75, 8.75], "texture": "#0"},
				"south": {"uv": [13.5, 8.75, 13.75, 9], "texture": "#0"},
				"west": {"uv": [13.5, 9, 13.75, 9.25], "texture": "#0"},
				"up": {"uv": [13.75, 9.5, 13.5, 9.25], "texture": "#0"},
				"down": {"uv": [13.75, 9.5, 13.5, 9.75], "texture": "#0"}
			}
		},
		{
			"from": [9.7, 4.2, 4.5],
			"to": [10.5, 5, 5.3],
			"rotation": {"angle": 0, "axis": "y", "origin": [2, -4, 12]},
			"faces": {
				"north": {"uv": [13.5, 9.75, 13.75, 10], "texture": "#0"},
				"east": {"uv": [13.5, 10, 13.75, 10.25], "texture": "#0"},
				"south": {"uv": [13.5, 10.25, 13.75, 10.5], "texture": "#0"},
				"west": {"uv": [13.5, 10.5, 13.75, 10.75], "texture": "#0"},
				"up": {"uv": [13.75, 11, 13.5, 10.75], "texture": "#0"},
				"down": {"uv": [13.75, 11, 13.5, 11.25], "texture": "#0"}
			}
		},
		{
			"from": [6.3, 4.4, -0.5],
			"to": [7.1, 5.2, 0.3],
			"rotation": {"angle": 0, "axis": "y", "origin": [15, -3, 8]},
			"faces": {
				"north": {"uv": [13.5, 11.25, 13.75, 11.5], "texture": "#0"},
				"east": {"uv": [13.5, 11.5, 13.75, 11.75], "texture": "#0"},
				"south": {"uv": [13.5, 11.75, 13.75, 12], "texture": "#0"},
				"west": {"uv": [13.5, 12, 13.75, 12.25], "texture": "#0"},
				"up": {"uv": [13.75, 12.5, 13.5, 12.25], "texture": "#0"},
				"down": {"uv": [13.75, 12.5, 13.5, 12.75], "texture": "#0"}
			}
		},
		{
			"from": [8.9, 4.4, -0.5],
			"to": [9.7, 5.2, 0.3],
			"rotation": {"angle": 0, "axis": "y", "origin": [1, -3, 8]},
			"faces": {
				"north": {"uv": [13.5, 12.75, 13.75, 13], "texture": "#0"},
				"east": {"uv": [13.5, 13, 13.75, 13.25], "texture": "#0"},
				"south": {"uv": [13.5, 13.25, 13.75, 13.5], "texture": "#0"},
				"west": {"uv": [0, 13.75, 0.25, 14], "texture": "#0"},
				"up": {"uv": [0.5, 14, 0.25, 13.75], "texture": "#0"},
				"down": {"uv": [0.75, 13.75, 0.5, 14], "texture": "#0"}
			}
		},
		{
			"from": [6.3, 3.6, 1.1],
			"to": [6.9, 4.2, 1.7],
			"rotation": {"angle": 0, "axis": "y", "origin": [15, -4.8, 9]},
			"faces": {
				"north": {"uv": [0.75, 13.75, 1, 14], "texture": "#0"},
				"east": {"uv": [1, 13.75, 1.25, 14], "texture": "#0"},
				"south": {"uv": [1.25, 13.75, 1.5, 14], "texture": "#0"},
				"west": {"uv": [1.5, 13.75, 1.75, 14], "texture": "#0"},
				"up": {"uv": [2, 14, 1.75, 13.75], "texture": "#0"},
				"down": {"uv": [2.25, 13.75, 2, 14], "texture": "#0"}
			}
		},
		{
			"from": [9.1, 3.6, 1.1],
			"to": [9.7, 4.2, 1.7],
			"rotation": {"angle": 0, "axis": "y", "origin": [1, -4.8, 9]},
			"faces": {
				"north": {"uv": [2.25, 13.75, 2.5, 14], "texture": "#0"},
				"east": {"uv": [2.5, 13.75, 2.75, 14], "texture": "#0"},
				"south": {"uv": [2.75, 13.75, 3, 14], "texture": "#0"},
				"west": {"uv": [3, 13.75, 3.25, 14], "texture": "#0"},
				"up": {"uv": [3.5, 14, 3.25, 13.75], "texture": "#0"},
				"down": {"uv": [3.75, 13.75, 3.5, 14], "texture": "#0"}
			}
		},
		{
			"from": [5.6, 3.6, 2.1],
			"to": [6.2, 4.2, 2.7],
			"rotation": {"angle": 0, "axis": "y", "origin": [14, -4.8, 10]},
			"faces": {
				"north": {"uv": [3.75, 13.75, 4, 14], "texture": "#0"},
				"east": {"uv": [4, 13.75, 4.25, 14], "texture": "#0"},
				"south": {"uv": [4.25, 13.75, 4.5, 14], "texture": "#0"},
				"west": {"uv": [4.5, 13.75, 4.75, 14], "texture": "#0"},
				"up": {"uv": [5, 14, 4.75, 13.75], "texture": "#0"},
				"down": {"uv": [5.25, 13.75, 5, 14], "texture": "#0"}
			}
		},
		{
			"from": [9.8, 3.6, 2.1],
			"to": [10.4, 4.2, 2.7],
			"rotation": {"angle": 0, "axis": "y", "origin": [2, -4.8, 10]},
			"faces": {
				"north": {"uv": [5.25, 13.75, 5.5, 14], "texture": "#0"},
				"east": {"uv": [5.5, 13.75, 5.75, 14], "texture": "#0"},
				"south": {"uv": [5.75, 13.75, 6, 14], "texture": "#0"},
				"west": {"uv": [6, 13.75, 6.25, 14], "texture": "#0"},
				"up": {"uv": [6.5, 14, 6.25, 13.75], "texture": "#0"},
				"down": {"uv": [6.75, 13.75, 6.5, 14], "texture": "#0"}
			}
		},
		{
			"from": [5.6, 3.8, 4.6],
			"to": [6.2, 4.4, 5.2],
			"rotation": {"angle": 0, "axis": "y", "origin": [14, -4.8, 12]},
			"faces": {
				"north": {"uv": [9.75, 13.75, 10, 14], "texture": "#0"},
				"east": {"uv": [10, 13.75, 10.25, 14], "texture": "#0"},
				"south": {"uv": [10.25, 13.75, 10.5, 14], "texture": "#0"},
				"west": {"uv": [10.5, 13.75, 10.75, 14], "texture": "#0"},
				"up": {"uv": [11, 14, 10.75, 13.75], "texture": "#0"},
				"down": {"uv": [11.25, 13.75, 11, 14], "texture": "#0"}
			}
		},
		{
			"from": [9.8, 3.8, 4.6],
			"to": [10.4, 4.4, 5.2],
			"rotation": {"angle": 0, "axis": "y", "origin": [2, -4.8, 12]},
			"faces": {
				"north": {"uv": [11.25, 13.75, 11.5, 14], "texture": "#0"},
				"east": {"uv": [11.5, 13.75, 11.75, 14], "texture": "#0"},
				"south": {"uv": [11.75, 13.75, 12, 14], "texture": "#0"},
				"west": {"uv": [12, 13.75, 12.25, 14], "texture": "#0"},
				"up": {"uv": [12.5, 14, 12.25, 13.75], "texture": "#0"},
				"down": {"uv": [12.75, 13.75, 12.5, 14], "texture": "#0"}
			}
		},
		{
			"from": [6.4, 4, -0.4],
			"to": [7, 4.6, 0.2],
			"rotation": {"angle": 0, "axis": "y", "origin": [15, -3.8, 8]},
			"faces": {
				"north": {"uv": [12.75, 13.75, 13, 14], "texture": "#0"},
				"east": {"uv": [13, 13.75, 13.25, 14], "texture": "#0"},
				"south": {"uv": [13.25, 13.75, 13.5, 14], "texture": "#0"},
				"west": {"uv": [13.5, 13.75, 13.75, 14], "texture": "#0"},
				"up": {"uv": [14, 14, 13.75, 13.75], "texture": "#0"},
				"down": {"uv": [14, 0, 13.75, 0.25], "texture": "#0"}
			}
		},
		{
			"from": [2.37849, 8.93015, 7.4],
			"to": [6.37849, 9.93015, 7.4],
			"rotation": {"angle": -22.5, "axis": "z", "origin": [8.37849, 13.93015, 15]},
			"faces": {
				"north": {"uv": [11.75, 10.75, 12.75, 11], "texture": "#0"},
				"east": {"uv": [0, 0, 0, 0.25], "texture": "#0"},
				"south": {"uv": [9.25, 12, 10.25, 12.25], "texture": "#0"},
				"west": {"uv": [0, 0, 0, 0.25], "texture": "#0"},
				"up": {"uv": [1, 0, 0, 0], "texture": "#0"},
				"down": {"uv": [1, 0, 0, 0], "texture": "#0"}
			}
		},
		{
			"from": [-2.62151, 9.93015, 7.3],
			"to": [0.67849, 10.93015, 7.3],
			"rotation": {"angle": 45, "axis": "z", "origin": [2.37849, 14.93015, 15]},
			"faces": {
				"north": {"uv": [0.5, 12.5, 1.25, 12.75], "texture": "#0"},
				"east": {"uv": [0, 0, 0, 0.25], "texture": "#0"},
				"south": {"uv": [3, 12.5, 3.75, 12.75], "texture": "#0"},
				"west": {"uv": [0, 0, 0, 0.25], "texture": "#0"},
				"up": {"uv": [0.75, 0, 0, 0], "texture": "#0"},
				"down": {"uv": [0.75, 0, 0, 0], "texture": "#0"}
			}
		},
		{
			"from": [-1.62151, 5.93015, 7.3],
			"to": [0.67849, 6.93015, 7.3],
			"rotation": {"angle": 45, "axis": "z", "origin": [2.37849, 10.93015, 15]},
			"faces": {
				"north": {"uv": [12.5, 7, 13, 7.25], "texture": "#0"},
				"east": {"uv": [0, 0, 0, 0.25], "texture": "#0"},
				"south": {"uv": [12.5, 7.25, 13, 7.5], "texture": "#0"},
				"west": {"uv": [0, 0, 0, 0.25], "texture": "#0"},
				"up": {"uv": [0.5, 0, 0, 0], "texture": "#0"},
				"down": {"uv": [0.5, 0, 0, 0], "texture": "#0"}
			}
		},
		{
			"from": [5.37849, 5.93015, 7.5],
			"to": [6.37849, 8.23015, 7.5],
			"rotation": {"angle": -22.5, "axis": "z", "origin": [1.37849, 9.93015, 15]},
			"faces": {
				"north": {"uv": [12.5, 9.25, 12.75, 9.75], "texture": "#0"},
				"east": {"uv": [0, 0, 0, 0.5], "texture": "#0"},
				"south": {"uv": [0.5, 12.75, 0.75, 13.25], "texture": "#0"},
				"west": {"uv": [0, 0, 0, 0.5], "texture": "#0"},
				"up": {"uv": [0.25, 0, 0, 0], "texture": "#0"},
				"down": {"uv": [0.25, 0, 0, 0], "texture": "#0"}
			}
		},
		{
			"from": [4.37849, 11.93015, 7.8],
			"to": [5.37849, 14.93015, 7.8],
			"rotation": {"angle": 22.5, "axis": "z", "origin": [9.37849, 9.93015, 15]},
			"faces": {
				"north": {"uv": [10, 12.25, 10.25, 13], "texture": "#0"},
				"east": {"uv": [0, 0, 0, 0.75], "texture": "#0"},
				"south": {"uv": [1.25, 12.5, 1.5, 13.25], "texture": "#0"},
				"west": {"uv": [0, 0, 0, 0.75], "texture": "#0"},
				"up": {"uv": [0.25, 0, 0, 0], "texture": "#0"},
				"down": {"uv": [0.25, 0, 0, 0], "texture": "#0"}
			}
		},
		{
			"from": [5.5, 3, 7.3],
			"to": [10.5, 7, 8.3],
			"rotation": {"angle": 0, "axis": "y", "origin": [15, 11, 15]},
			"faces": {
				"north": {"uv": [1.75, 3.75, 3, 4.75], "texture": "#0"},
				"east": {"uv": [6, 11.25, 6.25, 12.25], "texture": "#0"},
				"south": {"uv": [3.5, 5.25, 4.75, 6.25], "texture": "#0"},
				"west": {"uv": [3.5, 11.5, 3.75, 12.5], "texture": "#0"},
				"up": {"uv": [12.75, 6, 11.5, 5.75], "texture": "#0"},
				"down": {"uv": [12.75, 6, 11.5, 6.25], "texture": "#0"}
			}
		},
		{
			"from": [-1, 5.42462, 7.35],
			"to": [0, 8.42462, 8.15],
			"rotation": {"angle": 45, "axis": "z", "origin": [4.35355, 13.42462, 14.35]},
			"faces": {
				"north": {"uv": [2.25, 12.5, 2.5, 13.25], "texture": "#0"},
				"east": {"uv": [2.5, 12.5, 2.75, 13.25], "texture": "#0"},
				"south": {"uv": [3.75, 12.5, 4, 13.25], "texture": "#0"},
				"west": {"uv": [4, 12.5, 4.25, 13.25], "texture": "#0"},
				"up": {"uv": [14, 0.5, 13.75, 0.25], "texture": "#0"},
				"down": {"uv": [14, 0.5, 13.75, 0.75], "texture": "#0"}
			}
		},
		{
			"from": [16, 5, 7.35],
			"to": [17, 8, 8.15],
			"rotation": {"angle": -45, "axis": "z", "origin": [11.64645, 13.42462, 14.35]},
			"faces": {
				"north": {"uv": [4.75, 12.5, 5, 13.25], "texture": "#0"},
				"east": {"uv": [5, 12.5, 5.25, 13.25], "texture": "#0"},
				"south": {"uv": [5.25, 12.5, 5.5, 13.25], "texture": "#0"},
				"west": {"uv": [5.5, 12.5, 5.75, 13.25], "texture": "#0"},
				"up": {"uv": [14, 1, 13.75, 0.75], "texture": "#0"},
				"down": {"uv": [14, 1, 13.75, 1.25], "texture": "#0"}
			}
		},
		{
			"from": [4, 6, 7],
			"to": [11.8, 12, 8.5],
			"rotation": {"angle": 0, "axis": "y", "origin": [14, 15, 15]},
			"faces": {
				"north": {"uv": [1.75, 0, 3.75, 1.5], "texture": "#0"},
				"east": {"uv": [9.5, 6.5, 10, 8], "texture": "#0"},
				"south": {"uv": [3.25, 1.5, 5.25, 3], "texture": "#0"},
				"west": {"uv": [2.25, 9.75, 2.75, 11.25], "texture": "#0"},
				"up": {"uv": [10.25, 3.25, 8.25, 2.75], "texture": "#0"},
				"down": {"uv": [10.25, 3.25, 8.25, 3.75], "texture": "#0"}
			}
		},
		{
			"from": [4.3, 12, 7.3],
			"to": [6.3, 12.3, 8.1],
			"rotation": {"angle": 0, "axis": "y", "origin": [14, 21, 15]},
			"faces": {
				"north": {"uv": [0.75, 12.75, 1.25, 13], "texture": "#0"},
				"east": {"uv": [13.75, 1.25, 14, 1.5], "texture": "#0"},
				"south": {"uv": [2.75, 12.75, 3.25, 13], "texture": "#0"},
				"west": {"uv": [13.75, 1.5, 14, 1.75], "texture": "#0"},
				"up": {"uv": [3.75, 13, 3.25, 12.75], "texture": "#0"},
				"down": {"uv": [6.75, 12.75, 6.25, 13], "texture": "#0"}
			}
		},
		{
			"from": [6.5, 12, 7.5],
			"to": [7, 12.3, 8],
			"rotation": {"angle": 0, "axis": "y", "origin": [16, 21, 15]},
			"faces": {
				"north": {"uv": [13.75, 1.75, 14, 2], "texture": "#0"},
				"east": {"uv": [13.75, 2, 14, 2.25], "texture": "#0"},
				"south": {"uv": [13.75, 2.25, 14, 2.5], "texture": "#0"},
				"west": {"uv": [13.75, 2.5, 14, 2.75], "texture": "#0"},
				"up": {"uv": [14, 3, 13.75, 2.75], "texture": "#0"},
				"down": {"uv": [14, 3, 13.75, 3.25], "texture": "#0"}
			}
		},
		{
			"from": [3.8, 11, 7.5],
			"to": [4.1, 11.3, 8],
			"rotation": {"angle": 0, "axis": "y", "origin": [13, 20, 15]},
			"faces": {
				"north": {"uv": [13.75, 3.25, 14, 3.5], "texture": "#0"},
				"east": {"uv": [13.75, 3.5, 14, 3.75], "texture": "#0"},
				"south": {"uv": [13.75, 3.75, 14, 4], "texture": "#0"},
				"west": {"uv": [13.75, 4, 14, 4.25], "texture": "#0"},
				"up": {"uv": [14, 4.5, 13.75, 4.25], "texture": "#0"},
				"down": {"uv": [14, 4.5, 13.75, 4.75], "texture": "#0"}
			}
		},
		{
			"from": [3.8, 9.5, 7.5],
			"to": [4.1, 9.8, 8],
			"rotation": {"angle": 0, "axis": "y", "origin": [13, 19, 15]},
			"faces": {
				"north": {"uv": [13.75, 4.75, 14, 5], "texture": "#0"},
				"east": {"uv": [13.75, 5, 14, 5.25], "texture": "#0"},
				"south": {"uv": [13.75, 5.25, 14, 5.5], "texture": "#0"},
				"west": {"uv": [13.75, 5.5, 14, 5.75], "texture": "#0"},
				"up": {"uv": [14, 6, 13.75, 5.75], "texture": "#0"},
				"down": {"uv": [14, 6, 13.75, 6.25], "texture": "#0"}
			}
		},
		{
			"from": [3.8, 10, 7.5],
			"to": [4.1, 10.8, 8],
			"rotation": {"angle": 0, "axis": "y", "origin": [13, 19, 15]},
			"faces": {
				"north": {"uv": [13.75, 6.25, 14, 6.5], "texture": "#0"},
				"east": {"uv": [13.75, 6.5, 14, 6.75], "texture": "#0"},
				"south": {"uv": [13.75, 6.75, 14, 7], "texture": "#0"},
				"west": {"uv": [13.75, 7, 14, 7.25], "texture": "#0"},
				"up": {"uv": [14, 7.5, 13.75, 7.25], "texture": "#0"},
				"down": {"uv": [14, 7.5, 13.75, 7.75], "texture": "#0"}
			}
		},
		{
			"from": [7.3, 12, 7.5],
			"to": [7.8, 12.3, 8],
			"rotation": {"angle": 0, "axis": "y", "origin": [16, 21, 15]},
			"faces": {
				"north": {"uv": [13.75, 7.75, 14, 8], "texture": "#0"},
				"east": {"uv": [13.75, 8, 14, 8.25], "texture": "#0"},
				"south": {"uv": [13.75, 8.25, 14, 8.5], "texture": "#0"},
				"west": {"uv": [13.75, 8.5, 14, 8.75], "texture": "#0"},
				"up": {"uv": [14, 9, 13.75, 8.75], "texture": "#0"},
				"down": {"uv": [14, 9, 13.75, 9.25], "texture": "#0"}
			}
		},
		{
			"from": [9.7, 12, 7.3],
			"to": [11.7, 12.3, 8.1],
			"rotation": {"angle": 0, "axis": "y", "origin": [2, 21, 15]},
			"faces": {
				"north": {"uv": [6.75, 12.75, 7.25, 13], "texture": "#0"},
				"east": {"uv": [13.75, 9.25, 14, 9.5], "texture": "#0"},
				"south": {"uv": [7.25, 12.75, 7.75, 13], "texture": "#0"},
				"west": {"uv": [13.75, 9.5, 14, 9.75], "texture": "#0"},
				"up": {"uv": [9.25, 13, 8.75, 12.75], "texture": "#0"},
				"down": {"uv": [10.75, 12.75, 10.25, 13], "texture": "#0"}
			}
		},
		{
			"from": [5, 8, 6.5],
			"to": [7, 10, 7.3],
			"rotation": {"angle": 0, "axis": "y", "origin": [14, 15, 14]},
			"faces": {
				"north": {"uv": [10.25, 12, 10.75, 12.5], "texture": "#0"},
				"east": {"uv": [9.25, 12.75, 9.5, 13.25], "texture": "#0"},
				"south": {"uv": [10.75, 12, 11.25, 12.5], "texture": "#0"},
				"west": {"uv": [10.75, 12.75, 11, 13.25], "texture": "#0"},
				"up": {"uv": [11.5, 13, 11, 12.75], "texture": "#0"},
				"down": {"uv": [12.25, 12.75, 11.75, 13], "texture": "#0"}
			}
		},
		{
			"from": [6, 10.12466, 6.55835],
			"to": [6.5, 10.62466, 7.05835],
			"rotation": {"angle": 0, "axis": "y", "origin": [15, 17.12466, 14.05835]},
			"faces": {
				"north": {"uv": [10.625, 14.75, 11.125, 15.25], "texture": "#0"},
				"east": {"uv": [12.375, 15.5, 12.625, 16], "texture": "#0"},
				"south": {"uv": [11, 14.75, 11.5, 15.25], "texture": "#0"},
				"west": {"uv": [11.875, 15.125, 12.125, 15.625], "texture": "#0"},
				"up": {"uv": [10, 15.375, 9.5, 15.125], "texture": "#0"},
				"down": {"uv": [8.625, 14.875, 8.125, 15.125], "texture": "#0"}
			}
		},
		{
			"from": [9.5, 10.12466, 6.55835],
			"to": [10, 10.62466, 7.05835],
			"rotation": {"angle": 0, "axis": "y", "origin": [1, 17.12466, 14.05835]},
			"faces": {
				"north": {"uv": [15.5, 13.5, 15, 14], "texture": "#0"},
				"east": {"uv": [16, 13, 15.75, 13.5], "texture": "#0"},
				"south": {"uv": [15.375, 12.125, 14.875, 12.625], "texture": "#0"},
				"west": {"uv": [15.25, 10.375, 15, 10.875], "texture": "#0"},
				"up": {"uv": [15.5, 8, 16, 7.75], "texture": "#0"},
				"down": {"uv": [14.375, 5.375, 14.875, 5.625], "texture": "#0"}
			}
		},
		{
			"from": [6, 7.22169, 8.66623],
			"to": [6.5, 7.72169, 9.16623],
			"rotation": {"angle": 22.5, "axis": "x", "origin": [15, 14.22169, 16.16623]},
			"faces": {
				"north": {"uv": [10.625, 14.75, 11.125, 15.25], "texture": "#0"},
				"east": {"uv": [12.375, 15.5, 12.625, 16], "texture": "#0"},
				"south": {"uv": [11, 14.75, 11.5, 15.25], "texture": "#0"},
				"west": {"uv": [11.875, 15.125, 12.125, 15.625], "texture": "#0"},
				"up": {"uv": [10, 15.375, 9.5, 15.125], "texture": "#0"},
				"down": {"uv": [8.625, 14.875, 8.125, 15.125], "texture": "#0"}
			}
		},
		{
			"from": [9.5, 7.22169, 8.66623],
			"to": [10, 7.72169, 9.16623],
			"rotation": {"angle": 22.5, "axis": "x", "origin": [1, 14.22169, 16.16623]},
			"faces": {
				"north": {"uv": [15.5, 13.5, 15, 14], "texture": "#0"},
				"east": {"uv": [16, 13, 15.75, 13.5], "texture": "#0"},
				"south": {"uv": [15.375, 12.125, 14.875, 12.625], "texture": "#0"},
				"west": {"uv": [15.25, 10.375, 15, 10.875], "texture": "#0"},
				"up": {"uv": [15.5, 8, 16, 7.75], "texture": "#0"},
				"down": {"uv": [14.375, 5.375, 14.875, 5.625], "texture": "#0"}
			}
		},
		{
			"from": [6, 3.73304, 9.50274],
			"to": [6.5, 4.23304, 10.00274],
			"rotation": {"angle": 45, "axis": "x", "origin": [15, 10.73304, 17.00274]},
			"faces": {
				"north": {"uv": [10.625, 14.75, 11.125, 15.25], "texture": "#0"},
				"east": {"uv": [12.375, 15.5, 12.625, 16], "texture": "#0"},
				"south": {"uv": [11, 14.75, 11.5, 15.25], "texture": "#0"},
				"west": {"uv": [11.875, 15.125, 12.125, 15.625], "texture": "#0"},
				"up": {"uv": [10, 15.375, 9.5, 15.125], "texture": "#0"},
				"down": {"uv": [8.625, 14.875, 8.125, 15.125], "texture": "#0"}
			}
		},
		{
			"from": [9.5, 3.73304, 9.50274],
			"to": [10, 4.23304, 10.00274],
			"rotation": {"angle": 45, "axis": "x", "origin": [1, 10.73304, 17.00274]},
			"faces": {
				"north": {"uv": [15.5, 13.5, 15, 14], "texture": "#0"},
				"east": {"uv": [16, 13, 15.75, 13.5], "texture": "#0"},
				"south": {"uv": [15.375, 12.125, 14.875, 12.625], "texture": "#0"},
				"west": {"uv": [15.25, 10.375, 15, 10.875], "texture": "#0"},
				"up": {"uv": [15.5, 8, 16, 7.75], "texture": "#0"},
				"down": {"uv": [14.375, 5.375, 14.875, 5.625], "texture": "#0"}
			}
		},
		{
			"from": [6, 12, 3.5],
			"to": [6.5, 12.5, 4],
			"rotation": {"angle": -22.5, "axis": "x", "origin": [15, 19, 11]},
			"faces": {
				"north": {"uv": [10.625, 14.75, 11.125, 15.25], "texture": "#0"},
				"east": {"uv": [12.375, 15.5, 12.625, 16], "texture": "#0"},
				"south": {"uv": [11, 14.75, 11.5, 15.25], "texture": "#0"},
				"west": {"uv": [11.875, 15.125, 12.125, 15.625], "texture": "#0"},
				"up": {"uv": [10, 15.375, 9.5, 15.125], "texture": "#0"},
				"down": {"uv": [8.625, 14.875, 8.125, 15.125], "texture": "#0"}
			}
		},
		{
			"from": [9.5, 12, 3.5],
			"to": [10, 12.5, 4],
			"rotation": {"angle": -22.5, "axis": "x", "origin": [1, 19, 11]},
			"faces": {
				"north": {"uv": [15.5, 13.5, 15, 14], "texture": "#0"},
				"east": {"uv": [16, 13, 15.75, 13.5], "texture": "#0"},
				"south": {"uv": [15.375, 12.125, 14.875, 12.625], "texture": "#0"},
				"west": {"uv": [15.25, 10.375, 15, 10.875], "texture": "#0"},
				"up": {"uv": [15.5, 8, 16, 7.75], "texture": "#0"},
				"down": {"uv": [14.375, 5.375, 14.875, 5.625], "texture": "#0"}
			}
		},
		{
			"from": [9, 8, 6.5],
			"to": [11, 10, 7.3],
			"rotation": {"angle": 0, "axis": "y", "origin": [2, 15, 14]},
			"faces": {
				"north": {"uv": [11.25, 12, 11.75, 12.5], "texture": "#0"},
				"east": {"uv": [12.25, 12.75, 12.5, 13.25], "texture": "#0"},
				"south": {"uv": [11.75, 12, 12.25, 12.5], "texture": "#0"},
				"west": {"uv": [12.5, 12.75, 12.75, 13.25], "texture": "#0"},
				"up": {"uv": [13.25, 13, 12.75, 12.75], "texture": "#0"},
				"down": {"uv": [13.25, 0, 12.75, 0.25], "texture": "#0"}
			}
		},
		{
			"from": [5.25, 8.3, 6.3],
			"to": [6.75, 9.8, 6.8],
			"rotation": {"angle": 0, "axis": "y", "origin": [14, 15, 13.2]},
			"faces": {
				"north": {"uv": [12, 0.5, 12.5, 1], "texture": "#0"},
				"east": {"uv": [12.75, 1, 13, 1.5], "texture": "#0"},
				"south": {"uv": [12, 2.25, 12.5, 2.75], "texture": "#0"},
				"west": {"uv": [12.75, 1.5, 13, 2], "texture": "#0"},
				"up": {"uv": [13.25, 0.5, 12.75, 0.25], "texture": "#0"},
				"down": {"uv": [13.25, 2, 12.75, 2.25], "texture": "#0"}
			}
		},
		{
			"from": [9.25, 8.3, 6.3],
			"to": [10.75, 9.8, 6.8],
			"rotation": {"angle": 0, "axis": "y", "origin": [2, 15, 13.2]},
			"faces": {
				"north": {"uv": [12, 2.75, 12.5, 3.25], "texture": "#0"},
				"east": {"uv": [12.75, 5.25, 13, 5.75], "texture": "#0"},
				"south": {"uv": [12, 3.25, 12.5, 3.75], "texture": "#0"},
				"west": {"uv": [12.75, 5.75, 13, 6.25], "texture": "#0"},
				"up": {"uv": [13.25, 7.75, 12.75, 7.5], "texture": "#0"},
				"down": {"uv": [13.25, 7.75, 12.75, 8], "texture": "#0"}
			}
		},
		{
			"from": [5.5, 8.5, 5.8],
			"to": [6.5, 9.5, 6.3],
			"rotation": {"angle": 0, "axis": "y", "origin": [14, 15, 12.7]},
			"faces": {
				"north": {"uv": [13.75, 9.75, 14, 10], "texture": "#0"},
				"east": {"uv": [13.75, 10, 14, 10.25], "texture": "#0"},
				"south": {"uv": [13.75, 10.25, 14, 10.5], "texture": "#0"},
				"west": {"uv": [13.75, 10.5, 14, 10.75], "texture": "#0"},
				"up": {"uv": [14, 11, 13.75, 10.75], "texture": "#0"},
				"down": {"uv": [14, 11, 13.75, 11.25], "texture": "#0"}
			}
		},
		{
			"from": [5.75, 8.8, 5.6],
			"to": [6.25, 9.3, 6.1],
			"rotation": {"angle": 0, "axis": "y", "origin": [14, 15, 12.2]},
			"faces": {
				"north": {"uv": [14.75, 4.125, 15, 4.375], "texture": "#0"},
				"east": {"uv": [15.75, 4.75, 16, 5], "texture": "#0"},
				"south": {"uv": [15.75, 6.375, 16, 6.625], "texture": "#0"},
				"west": {"uv": [14.875, 7.375, 15.125, 7.625], "texture": "#0"},
				"up": {"uv": [14.875, 6.375, 14.625, 6.125], "texture": "#0"},
				"down": {"uv": [15.125, 1.375, 14.875, 1.625], "texture": "#0"}
			}
		},
		{
			"from": [9.75, 8.8, 5.6],
			"to": [10.25, 9.3, 6.1],
			"rotation": {"angle": 0, "axis": "y", "origin": [2, 15, 12.2]},
			"faces": {
				"north": {"uv": [14.75, 4.125, 15, 4.375], "texture": "#0"},
				"east": {"uv": [15.75, 4.75, 16, 5], "texture": "#0"},
				"south": {"uv": [15.75, 6.375, 16, 6.625], "texture": "#0"},
				"west": {"uv": [14.875, 7.375, 15.125, 7.625], "texture": "#0"},
				"up": {"uv": [14.875, 6.375, 14.625, 6.125], "texture": "#0"},
				"down": {"uv": [15.125, 1.375, 14.875, 1.625], "texture": "#0"}
			}
		},
		{
			"from": [9.5, 8.5, 5.8],
			"to": [10.5, 9.5, 6.3],
			"rotation": {"angle": 0, "axis": "y", "origin": [2, 15, 12.7]},
			"faces": {
				"north": {"uv": [13.75, 11.25, 14, 11.5], "texture": "#0"},
				"east": {"uv": [13.75, 11.5, 14, 11.75], "texture": "#0"},
				"south": {"uv": [13.75, 11.75, 14, 12], "texture": "#0"},
				"west": {"uv": [13.75, 12, 14, 12.25], "texture": "#0"},
				"up": {"uv": [14, 12.5, 13.75, 12.25], "texture": "#0"},
				"down": {"uv": [14, 12.5, 13.75, 12.75], "texture": "#0"}
			}
		},
		{
			"from": [6.5, 3.3, 6],
			"to": [9.5, 3.8, 7.5],
			"rotation": {"angle": 0, "axis": "y", "origin": [15, 11, 14.3]},
			"faces": {
				"north": {"uv": [6.25, 12.5, 7, 12.75], "texture": "#0"},
				"east": {"uv": [12.75, 8.75, 13.25, 9], "texture": "#0"},
				"south": {"uv": [7, 12.5, 7.75, 12.75], "texture": "#0"},
				"west": {"uv": [12.75, 9.25, 13.25, 9.5], "texture": "#0"},
				"up": {"uv": [12, 1, 11.25, 0.5], "texture": "#0"},
				"down": {"uv": [12, 2.25, 11.25, 2.75], "texture": "#0"}
			}
		},
		{
			"from": [6.5, 5.3, 6],
			"to": [9.5, 5.8, 7.5],
			"rotation": {"angle": 0, "axis": "y", "origin": [15, 13, 14.3]},
			"faces": {
				"north": {"uv": [8.75, 12.5, 9.5, 12.75], "texture": "#0"},
				"east": {"uv": [12.75, 9.5, 13.25, 9.75], "texture": "#0"},
				"south": {"uv": [10.25, 12.5, 11, 12.75], "texture": "#0"},
				"west": {"uv": [12.75, 10.5, 13.25, 10.75], "texture": "#0"},
				"up": {"uv": [12, 3.25, 11.25, 2.75], "texture": "#0"},
				"down": {"uv": [12, 3.25, 11.25, 3.75], "texture": "#0"}
			}
		},
		{
			"from": [6.5, 4.8, 6],
			"to": [7, 5.3, 6.5],
			"rotation": {"angle": 0, "axis": "y", "origin": [13, 12.5, 14.3]},
			"faces": {
				"north": {"uv": [13.75, 12.75, 14, 13], "texture": "#0"},
				"east": {"uv": [13.75, 13, 14, 13.25], "texture": "#0"},
				"south": {"uv": [13.75, 13.25, 14, 13.5], "texture": "#0"},
				"west": {"uv": [13.75, 13.5, 14, 13.75], "texture": "#0"},
				"up": {"uv": [0.25, 14.25, 0, 14], "texture": "#0"},
				"down": {"uv": [0.5, 14, 0.25, 14.25], "texture": "#0"}
			}
		},
		{
			"from": [6.5, 3.8, 6],
			"to": [7, 4.3, 6.5],
			"rotation": {"angle": 0, "axis": "y", "origin": [13, 11.5, 14.3]},
			"faces": {
				"north": {"uv": [0.5, 14, 0.75, 14.25], "texture": "#0"},
				"east": {"uv": [0.75, 14, 1, 14.25], "texture": "#0"},
				"south": {"uv": [1, 14, 1.25, 14.25], "texture": "#0"},
				"west": {"uv": [1.25, 14, 1.5, 14.25], "texture": "#0"},
				"up": {"uv": [1.75, 14.25, 1.5, 14], "texture": "#0"},
				"down": {"uv": [2, 14, 1.75, 14.25], "texture": "#0"}
			}
		},
		{
			"from": [9, 4.8, 6],
			"to": [9.5, 5.3, 6.5],
			"rotation": {"angle": 0, "axis": "y", "origin": [2.9, 12.5, 14.3]},
			"faces": {
				"north": {"uv": [2, 14, 2.25, 14.25], "texture": "#0"},
				"east": {"uv": [2.25, 14, 2.5, 14.25], "texture": "#0"},
				"south": {"uv": [2.5, 14, 2.75, 14.25], "texture": "#0"},
				"west": {"uv": [2.75, 14, 3, 14.25], "texture": "#0"},
				"up": {"uv": [3.25, 14.25, 3, 14], "texture": "#0"},
				"down": {"uv": [3.5, 14, 3.25, 14.25], "texture": "#0"}
			}
		},
		{
			"from": [9, 3.8, 6],
			"to": [9.5, 4.3, 6.5],
			"rotation": {"angle": 0, "axis": "y", "origin": [2.9, 11.5, 14.3]},
			"faces": {
				"north": {"uv": [3.5, 14, 3.75, 14.25], "texture": "#0"},
				"east": {"uv": [3.75, 14, 4, 14.25], "texture": "#0"},
				"south": {"uv": [4, 14, 4.25, 14.25], "texture": "#0"},
				"west": {"uv": [4.25, 14, 4.5, 14.25], "texture": "#0"},
				"up": {"uv": [4.75, 14.25, 4.5, 14], "texture": "#0"},
				"down": {"uv": [5, 14, 4.75, 14.25], "texture": "#0"}
			}
		},
		{
			"from": [9, 4.8, 6.8],
			"to": [9.5, 5.3, 7.6],
			"rotation": {"angle": 0, "axis": "y", "origin": [2.9, 12.5, 15.3]},
			"faces": {
				"north": {"uv": [5, 14, 5.25, 14.25], "texture": "#0"},
				"east": {"uv": [5.25, 14, 5.5, 14.25], "texture": "#0"},
				"south": {"uv": [5.5, 14, 5.75, 14.25], "texture": "#0"},
				"west": {"uv": [5.75, 14, 6, 14.25], "texture": "#0"},
				"up": {"uv": [6.25, 14.25, 6, 14], "texture": "#0"},
				"down": {"uv": [6.5, 14, 6.25, 14.25], "texture": "#0"}
			}
		},
		{
			"from": [9, 3.8, 6.8],
			"to": [9.5, 4.3, 7.6],
			"rotation": {"angle": 0, "axis": "y", "origin": [2.9, 11.5, 15.3]},
			"faces": {
				"north": {"uv": [6.5, 14, 6.75, 14.25], "texture": "#0"},
				"east": {"uv": [6.75, 14, 7, 14.25], "texture": "#0"},
				"south": {"uv": [7, 14, 7.25, 14.25], "texture": "#0"},
				"west": {"uv": [7.25, 14, 7.5, 14.25], "texture": "#0"},
				"up": {"uv": [7.75, 14.25, 7.5, 14], "texture": "#0"},
				"down": {"uv": [8, 14, 7.75, 14.25], "texture": "#0"}
			}
		},
		{
			"from": [6.5, 4.8, 6.8],
			"to": [7, 5.3, 7.6],
			"rotation": {"angle": 0, "axis": "y", "origin": [13.1, 12.5, 15.3]},
			"faces": {
				"north": {"uv": [8, 14, 8.25, 14.25], "texture": "#0"},
				"east": {"uv": [8.25, 14, 8.5, 14.25], "texture": "#0"},
				"south": {"uv": [8.5, 14, 8.75, 14.25], "texture": "#0"},
				"west": {"uv": [8.75, 14, 9, 14.25], "texture": "#0"},
				"up": {"uv": [9.25, 14.25, 9, 14], "texture": "#0"},
				"down": {"uv": [9.5, 14, 9.25, 14.25], "texture": "#0"}
			}
		},
		{
			"from": [6.5, 3.8, 6.8],
			"to": [7, 4.3, 7.6],
			"rotation": {"angle": 0, "axis": "y", "origin": [13.1, 11.5, 15.3]},
			"faces": {
				"north": {"uv": [9.5, 14, 9.75, 14.25], "texture": "#0"},
				"east": {"uv": [9.75, 14, 10, 14.25], "texture": "#0"},
				"south": {"uv": [10, 14, 10.25, 14.25], "texture": "#0"},
				"west": {"uv": [10.25, 14, 10.5, 14.25], "texture": "#0"},
				"up": {"uv": [10.75, 14.25, 10.5, 14], "texture": "#0"},
				"down": {"uv": [11, 14, 10.75, 14.25], "texture": "#0"}
			}
		},
		{
			"from": [7.1, 4.8, 6],
			"to": [7.9, 5.3, 6.5],
			"rotation": {"angle": 0, "axis": "y", "origin": [13, 12.5, 14.3]},
			"faces": {
				"north": {"uv": [11, 14, 11.25, 14.25], "texture": "#0"},
				"east": {"uv": [11.25, 14, 11.5, 14.25], "texture": "#0"},
				"south": {"uv": [11.5, 14, 11.75, 14.25], "texture": "#0"},
				"west": {"uv": [11.75, 14, 12, 14.25], "texture": "#0"},
				"up": {"uv": [12.25, 14.25, 12, 14], "texture": "#0"},
				"down": {"uv": [12.5, 14, 12.25, 14.25], "texture": "#0"}
			}
		},
		{
			"from": [7.1, 3.8, 6],
			"to": [7.9, 4.3, 6.5],
			"rotation": {"angle": 0, "axis": "y", "origin": [13, 11.5, 14.3]},
			"faces": {
				"north": {"uv": [12.5, 14, 12.75, 14.25], "texture": "#0"},
				"east": {"uv": [12.75, 14, 13, 14.25], "texture": "#0"},
				"south": {"uv": [13, 14, 13.25, 14.25], "texture": "#0"},
				"west": {"uv": [13.25, 14, 13.5, 14.25], "texture": "#0"},
				"up": {"uv": [13.75, 14.25, 13.5, 14], "texture": "#0"},
				"down": {"uv": [14, 14, 13.75, 14.25], "texture": "#0"}
			}
		},
		{
			"from": [8.1, 4.8, 6],
			"to": [8.9, 5.3, 6.5],
			"rotation": {"angle": 0, "axis": "y", "origin": [3, 12.5, 14.3]},
			"faces": {
				"north": {"uv": [14, 14, 14.25, 14.25], "texture": "#0"},
				"east": {"uv": [14, 0, 14.25, 0.25], "texture": "#0"},
				"south": {"uv": [14, 0.25, 14.25, 0.5], "texture": "#0"},
				"west": {"uv": [14, 0.5, 14.25, 0.75], "texture": "#0"},
				"up": {"uv": [14.25, 1, 14, 0.75], "texture": "#0"},
				"down": {"uv": [14.25, 1, 14, 1.25], "texture": "#0"}
			}
		},
		{
			"from": [8.1, 3.8, 6],
			"to": [8.9, 4.3, 6.5],
			"rotation": {"angle": 0, "axis": "y", "origin": [3, 11.5, 14.3]},
			"faces": {
				"north": {"uv": [14, 1.25, 14.25, 1.5], "texture": "#0"},
				"east": {"uv": [14, 1.5, 14.25, 1.75], "texture": "#0"},
				"south": {"uv": [14, 1.75, 14.25, 2], "texture": "#0"},
				"west": {"uv": [14, 2, 14.25, 2.25], "texture": "#0"},
				"up": {"uv": [14.25, 2.5, 14, 2.25], "texture": "#0"},
				"down": {"uv": [14.25, 2.5, 14, 2.75], "texture": "#0"}
			}
		},
		{
			"from": [4.3, 5, 7.3],
			"to": [5.1, 6, 8.3],
			"rotation": {"angle": 0, "axis": "y", "origin": [13, 13, 15]},
			"faces": {
				"north": {"uv": [14, 2.75, 14.25, 3], "texture": "#0"},
				"east": {"uv": [14, 3, 14.25, 3.25], "texture": "#0"},
				"south": {"uv": [14, 3.25, 14.25, 3.5], "texture": "#0"},
				"west": {"uv": [14, 3.5, 14.25, 3.75], "texture": "#0"},
				"up": {"uv": [14.25, 4, 14, 3.75], "texture": "#0"},
				"down": {"uv": [14.25, 4, 14, 4.25], "texture": "#0"}
			}
		},
		{
			"from": [10.9, 5, 7.3],
			"to": [11.7, 6, 8.3],
			"rotation": {"angle": 0, "axis": "y", "origin": [3, 13, 15]},
			"faces": {
				"north": {"uv": [14, 4.25, 14.25, 4.5], "texture": "#0"},
				"east": {"uv": [14, 4.5, 14.25, 4.75], "texture": "#0"},
				"south": {"uv": [14, 4.75, 14.25, 5], "texture": "#0"},
				"west": {"uv": [14, 5, 14.25, 5.25], "texture": "#0"},
				"up": {"uv": [14.25, 5.5, 14, 5.25], "texture": "#0"},
				"down": {"uv": [14.25, 5.5, 14, 5.75], "texture": "#0"}
			}
		},
		{
			"from": [4.45, 4.5, 7.55],
			"to": [4.95, 5, 8.05],
			"rotation": {"angle": 0, "axis": "y", "origin": [12.3, 12, 15.3]},
			"faces": {
				"north": {"uv": [14, 5.75, 14.25, 6], "texture": "#0"},
				"east": {"uv": [14, 6, 14.25, 6.25], "texture": "#0"},
				"south": {"uv": [14, 6.25, 14.25, 6.5], "texture": "#0"},
				"west": {"uv": [14, 6.5, 14.25, 6.75], "texture": "#0"},
				"up": {"uv": [14.25, 7, 14, 6.75], "texture": "#0"},
				"down": {"uv": [14.25, 7, 14, 7.25], "texture": "#0"}
			}
		},
		{
			"from": [11.05, 4.5, 7.55],
			"to": [11.55, 5, 8.05],
			"rotation": {"angle": 0, "axis": "y", "origin": [3.7, 12, 15.3]},
			"faces": {
				"north": {"uv": [14, 7.25, 14.25, 7.5], "texture": "#0"},
				"east": {"uv": [14, 7.5, 14.25, 7.75], "texture": "#0"},
				"south": {"uv": [14, 7.75, 14.25, 8], "texture": "#0"},
				"west": {"uv": [14, 8, 14.25, 8.25], "texture": "#0"},
				"up": {"uv": [14.25, 8.5, 14, 8.25], "texture": "#0"},
				"down": {"uv": [14.25, 8.5, 14, 8.75], "texture": "#0"}
			}
		},
		{
			"from": [1.17367, 6.47122, 7.55],
			"to": [1.67367, 6.97122, 8.05],
			"rotation": {"angle": 22.5, "axis": "z", "origin": [9.02367, 13.97122, 15.3]},
			"faces": {
				"north": {"uv": [14, 8.75, 14.25, 9], "texture": "#0"},
				"east": {"uv": [14, 9, 14.25, 9.25], "texture": "#0"},
				"south": {"uv": [14, 9.25, 14.25, 9.5], "texture": "#0"},
				"west": {"uv": [14, 9.5, 14.25, 9.75], "texture": "#0"},
				"up": {"uv": [14.25, 10, 14, 9.75], "texture": "#0"},
				"down": {"uv": [14.25, 10, 14, 10.25], "texture": "#0"}
			}
		},
		{
			"from": [14.32633, 6.47122, 7.55],
			"to": [14.82633, 6.97122, 8.05],
			"rotation": {"angle": -22.5, "axis": "z", "origin": [6.97633, 13.97122, 15.3]},
			"faces": {
				"north": {"uv": [14, 10.25, 14.25, 10.5], "texture": "#0"},
				"east": {"uv": [14, 10.5, 14.25, 10.75], "texture": "#0"},
				"south": {"uv": [14, 10.75, 14.25, 11], "texture": "#0"},
				"west": {"uv": [14, 11, 14.25, 11.25], "texture": "#0"},
				"up": {"uv": [14.25, 11.5, 14, 11.25], "texture": "#0"},
				"down": {"uv": [14.25, 11.5, 14, 11.75], "texture": "#0"}
			}
		},
		{
			"from": [-2.60762, 7.0386, 7.55],
			"to": [-2.10762, 7.5386, 8.05],
			"rotation": {"angle": 45, "axis": "z", "origin": [5.24238, 14.5386, 15.3]},
			"faces": {
				"north": {"uv": [14, 11.75, 14.25, 12], "texture": "#0"},
				"east": {"uv": [14, 12, 14.25, 12.25], "texture": "#0"},
				"south": {"uv": [14, 12.25, 14.25, 12.5], "texture": "#0"},
				"west": {"uv": [14, 12.5, 14.25, 12.75], "texture": "#0"},
				"up": {"uv": [14.25, 13, 14, 12.75], "texture": "#0"},
				"down": {"uv": [14.25, 13, 14, 13.25], "texture": "#0"}
			}
		},
		{
			"from": [18.10762, 7.0386, 7.55],
			"to": [18.60762, 7.5386, 8.05],
			"rotation": {"angle": -45, "axis": "z", "origin": [10.75762, 14.5386, 15.3]},
			"faces": {
				"north": {"uv": [14, 13.25, 14.25, 13.5], "texture": "#0"},
				"east": {"uv": [14, 13.5, 14.25, 13.75], "texture": "#0"},
				"south": {"uv": [14, 13.75, 14.25, 14], "texture": "#0"},
				"west": {"uv": [0, 14.25, 0.25, 14.5], "texture": "#0"},
				"up": {"uv": [0.5, 14.5, 0.25, 14.25], "texture": "#0"},
				"down": {"uv": [0.75, 14.25, 0.5, 14.5], "texture": "#0"}
			}
		},
		{
			"from": [8.5318, 5.76575, 7.55],
			"to": [10.0318, 6.26575, 8.05],
			"rotation": {"angle": -22.5, "axis": "z", "origin": [1.5318, 13.61575, 15.3]},
			"faces": {
				"north": {"uv": [12.75, 10.75, 13.25, 11], "texture": "#0"},
				"east": {"uv": [0.75, 14.25, 1, 14.5], "texture": "#0"},
				"south": {"uv": [12.75, 12.5, 13.25, 12.75], "texture": "#0"},
				"west": {"uv": [1, 14.25, 1.25, 14.5], "texture": "#0"},
				"up": {"uv": [0.5, 13.25, 0, 13], "texture": "#0"},
				"down": {"uv": [1.25, 13, 0.75, 13.25], "texture": "#0"}
			}
		},
		{
			"from": [5.9682, 5.76575, 7.55],
			"to": [7.4682, 6.26575, 8.05],
			"rotation": {"angle": 22.5, "axis": "z", "origin": [14.4682, 13.61575, 15.3]},
			"faces": {
				"north": {"uv": [1.5, 13, 2, 13.25], "texture": "#0"},
				"east": {"uv": [1.25, 14.25, 1.5, 14.5], "texture": "#0"},
				"south": {"uv": [2.75, 13, 3.25, 13.25], "texture": "#0"},
				"west": {"uv": [1.5, 14.25, 1.75, 14.5], "texture": "#0"},
				"up": {"uv": [3.75, 13.25, 3.25, 13], "texture": "#0"},
				"down": {"uv": [4.75, 13, 4.25, 13.25], "texture": "#0"}
			}
		}
	],
	"display": {
		"thirdperson_righthand": {
			"rotation": [60, 0, 0],
			"translation": [0, 0.5, 1],
			"scale": [0.4, 0.4, 0.4]
		},
		"thirdperson_lefthand": {
			"rotation": [60, 0, 0],
			"translation": [0, 0.5, 1],
			"scale": [0.4, 0.4, 0.4]
		},
		"firstperson_righthand": {
			"rotation": [0, 100, 0],
			"translation": [0, 3, 0],
			"scale": [0.4, 0.4, 0.4]
		},
		"firstperson_lefthand": {
			"rotation": [0, 100, 0],
			"translation": [0, 3, 0],
			"scale": [0.4, 0.4, 0.4]
		},
		"ground": {
			"translation": [0, 0.75, 0],
			"scale": [0.5, 0.5, 0.5]
		},
		"gui": {
			"rotation": [20, -30, 0],
			"translation": [0.5, 0, 0],
			"scale": [-0.7, 0.7, -0.7]
		},
		"head": {
			"translation": [0, 4, 0],
			"scale": [1.6, 1.6, 1.6]
		},
		"fixed": {
			"translation": [0, 0, -1.25],
			"scale": [0.9, 0.9, 0.9]
		}
	}
}