{
	"textures": {
		"0": "mnaf:animatronics/heads/salvage_bonnie"
	},
	"elements": [
		{
			"from": [4.98103, 3.82511, 12.16186],
			"to": [10.98103, 11.52511, 13.16186],
			"rotation": {"angle": 0, "axis": "y", "origin": [7.98103, -11.67489, 9.16186]},
			"faces": {
				"north": {"uv": [3.5, 3.5, 5, 5.5], "texture": "#0"},
				"east": {"uv": [7, 10.25, 7.25, 12.25], "texture": "#0"},
				"south": {"uv": [3.5, 0, 5, 2], "texture": "#0"},
				"west": {"uv": [7.25, 10.25, 7.5, 12.25], "texture": "#0"},
				"up": {"uv": [12, 1.75, 10.5, 1.5], "texture": "#0"},
				"down": {"uv": [12.25, 6.25, 10.75, 6.5], "texture": "#0"}
			}
		},
		{
			"from": [3.98103, 4.82511, 6.16186],
			"to": [4.98103, 10.32511, 13.16186],
			"rotation": {"angle": 0, "axis": "y", "origin": [7.98103, -11.67489, 10.16186]},
			"faces": {
				"north": {"uv": [5.25, 10.5, 5.5, 12.25], "texture": "#0"},
				"east": {"uv": [0, 0, 1.75, 1.75], "texture": "#0"},
				"south": {"uv": [5.5, 10.5, 5.75, 12.25], "texture": "#0"},
				"west": {"uv": [0, 1.75, 1.75, 3.5], "texture": "#0"},
				"up": {"uv": [6, 12.25, 5.75, 10.5], "texture": "#0"},
				"down": {"uv": [6.25, 10.5, 6, 12.25], "texture": "#0"}
			}
		},
		{
			"from": [10.98103, 4.82511, 6.16186],
			"to": [11.98103, 10.32511, 13.16186],
			"rotation": {"angle": 0, "axis": "y", "origin": [14.98103, -11.67489, 10.16186]},
			"faces": {
				"north": {"uv": [10.5, 10.5, 10.75, 12.25], "texture": "#0"},
				"east": {"uv": [1.75, 1.75, 3.5, 3.5], "texture": "#0"},
				"south": {"uv": [10.75, 10.75, 11, 12.5], "texture": "#0"},
				"west": {"uv": [1.75, 0, 3.5, 1.75], "texture": "#0"},
				"up": {"uv": [11, 4.5, 10.75, 2.75], "texture": "#0"},
				"down": {"uv": [11, 4.5, 10.75, 6.25], "texture": "#0"}
			}
		},
		{
			"from": [4.98103, 9.02511, 6.16186],
			"to": [10.98103, 10.32511, 7.16186],
			"rotation": {"angle": 0, "axis": "y", "origin": [13.98103, -10.59612, 10.16186]},
			"faces": {
				"north": {"uv": [8.25, 7.25, 9.75, 7.75], "texture": "#0"},
				"east": {"uv": [6.75, 1, 7, 1.5], "texture": "#0"},
				"south": {"uv": [8.25, 7.75, 9.75, 8.25], "texture": "#0"},
				"west": {"uv": [10.25, 8.25, 10.5, 8.75], "texture": "#0"},
				"up": {"uv": [12.25, 6.75, 10.75, 6.5], "texture": "#0"},
				"down": {"uv": [3, 11, 1.5, 11.25], "texture": "#0"}
			}
		},
		{
			"from": [7.35, 5.12511, 6.16186],
			"to": [8.65, 9.02511, 7.16186],
			"rotation": {"angle": 0, "axis": "y", "origin": [16.35, -13.37489, 10.16186]},
			"faces": {
				"north": {"uv": [7.5, 10.25, 8, 11.25], "texture": "#0"},
				"east": {"uv": [10.5, 4.75, 10.75, 5.75], "texture": "#0"},
				"south": {"uv": [8, 10.25, 8.5, 11.25], "texture": "#0"},
				"west": {"uv": [10.5, 9.5, 10.75, 10.5], "texture": "#0"},
				"up": {"uv": [7, 8.75, 6.5, 8.5], "texture": "#0"},
				"down": {"uv": [10.75, 2.75, 10.25, 3], "texture": "#0"}
			}
		},
		{
			"from": [4.97072, 8.72511, 6.16186],
			"to": [5.47072, 9.02511, 7.16186],
			"rotation": {"angle": 0, "axis": "y", "origin": [13.67072, -12.77489, 10.16186]},
			"faces": {
				"north": {"uv": [6.75, 4.75, 7, 5], "texture": "#0"},
				"east": {"uv": [7, 6.25, 7.25, 6.5], "texture": "#0"},
				"south": {"uv": [4.75, 9.25, 5, 9.5], "texture": "#0"},
				"west": {"uv": [10, 2.25, 10.25, 2.5], "texture": "#0"},
				"up": {"uv": [10.75, 8.75, 10.5, 8.5], "texture": "#0"},
				"down": {"uv": [9, 12, 8.75, 12.25], "texture": "#0"}
			}
		},
		{
			"from": [4.97072, 5.72511, 6.16186],
			"to": [10.97072, 6.72511, 7.16186],
			"rotation": {"angle": 0, "axis": "y", "origin": [13.67072, -14.77489, 10.16186]},
			"faces": {
				"north": {"uv": [3, 11, 4.5, 11.25], "texture": "#0"},
				"east": {"uv": [4.25, 13, 4.5, 13.25], "texture": "#0"},
				"south": {"uv": [11, 11, 12.5, 11.25], "texture": "#0"},
				"west": {"uv": [10, 13.75, 10.25, 14], "texture": "#0"},
				"up": {"uv": [12.5, 3, 11, 2.75], "texture": "#0"},
				"down": {"uv": [12.5, 3, 11, 3.25], "texture": "#0"}
			}
		},
		{
			"from": [10.47072, 8.72511, 6.16186],
			"to": [10.97072, 9.02511, 7.16186],
			"rotation": {"angle": 0, "axis": "y", "origin": [2.17072, -12.77489, 10.16186]},
			"faces": {
				"north": {"uv": [10.25, 13.75, 10.5, 14], "texture": "#0"},
				"east": {"uv": [10.5, 13.75, 10.75, 14], "texture": "#0"},
				"south": {"uv": [10.75, 13.75, 11, 14], "texture": "#0"},
				"west": {"uv": [11, 13.75, 11.25, 14], "texture": "#0"},
				"up": {"uv": [11.5, 14, 11.25, 13.75], "texture": "#0"},
				"down": {"uv": [11.75, 13.75, 11.5, 14], "texture": "#0"}
			}
		},
		{
			"from": [6.67072, 6.72511, 6.16186],
			"to": [7.17072, 7.02511, 7.16186],
			"rotation": {"angle": 0, "axis": "y", "origin": [14.67072, -14.77489, 10.16186]},
			"faces": {
				"north": {"uv": [13.5, 13.75, 13.75, 14], "texture": "#0"},
				"east": {"uv": [13.75, 13.75, 14, 14], "texture": "#0"},
				"south": {"uv": [13.75, 2.5, 14, 2.75], "texture": "#0"},
				"west": {"uv": [13.75, 2.75, 14, 3], "texture": "#0"},
				"up": {"uv": [14, 3.25, 13.75, 3], "texture": "#0"},
				"down": {"uv": [14, 3.25, 13.75, 3.5], "texture": "#0"}
			}
		},
		{
			"from": [8.67072, 6.72511, 6.16186],
			"to": [9.17072, 7.02511, 7.16186],
			"rotation": {"angle": 0, "axis": "y", "origin": [16.67072, -14.77489, 10.16186]},
			"faces": {
				"north": {"uv": [13.75, 6.5, 14, 6.75], "texture": "#0"},
				"east": {"uv": [13.75, 7, 14, 7.25], "texture": "#0"},
				"south": {"uv": [13.75, 7.25, 14, 7.5], "texture": "#0"},
				"west": {"uv": [13.75, 7.5, 14, 7.75], "texture": "#0"},
				"up": {"uv": [14, 8.5, 13.75, 8.25], "texture": "#0"},
				"down": {"uv": [14, 8.5, 13.75, 8.75], "texture": "#0"}
			}
		},
		{
			"from": [4.48103, 4.12511, 12.66186],
			"to": [11.48103, 10.72511, 13.96186],
			"rotation": {"angle": 0, "axis": "y", "origin": [7.48103, -11.67489, 18.16186]},
			"faces": {
				"north": {"uv": [0, 3.5, 1.75, 5.25], "texture": "#0"},
				"east": {"uv": [10.75, 7.25, 11, 9], "texture": "#0"},
				"south": {"uv": [1.75, 3.5, 3.5, 5.25], "texture": "#0"},
				"west": {"uv": [10.75, 9, 11, 10.75], "texture": "#0"},
				"up": {"uv": [12, 0.75, 10.25, 0.5], "texture": "#0"},
				"down": {"uv": [12.25, 0.75, 10.5, 1], "texture": "#0"}
			}
		},
		{
			"from": [4.58103, 3.44634, 11.91556],
			"to": [11.38103, 4.94634, 13.51556],
			"rotation": {"angle": 0, "axis": "y", "origin": [8.58103, -18.67489, 18.16186]},
			"faces": {
				"north": {"uv": [8, 0.75, 9.75, 1.25], "texture": "#0"},
				"east": {"uv": [5, 1.5, 5.5, 2], "texture": "#0"},
				"south": {"uv": [8, 1.25, 9.75, 1.75], "texture": "#0"},
				"west": {"uv": [12, 8.25, 12.5, 8.75], "texture": "#0"},
				"up": {"uv": [8.75, 8.75, 7, 8.25], "texture": "#0"},
				"down": {"uv": [10, 3.25, 8.25, 3.75], "texture": "#0"}
			}
		},
		{
			"from": [5.58103, 2.94634, 12.21556],
			"to": [10.38103, 3.44634, 13.21556],
			"rotation": {"angle": 0, "axis": "y", "origin": [9.58103, -19.67489, 18.16186]},
			"faces": {
				"north": {"uv": [5.5, 3.25, 6.75, 3.5], "texture": "#0"},
				"east": {"uv": [13.75, 8.75, 14, 9], "texture": "#0"},
				"south": {"uv": [8.75, 3, 10, 3.25], "texture": "#0"},
				"west": {"uv": [13.75, 9, 14, 9.25], "texture": "#0"},
				"up": {"uv": [10.75, 9.5, 9.5, 9.25], "texture": "#0"},
				"down": {"uv": [12.75, 5.75, 11.5, 6], "texture": "#0"}
			}
		},
		{
			"from": [5.48103, 4.74634, 13.81556],
			"to": [10.48103, 9.74634, 14.31556],
			"rotation": {"angle": 0, "axis": "y", "origin": [7.48103, -11.67489, 18.66186]},
			"faces": {
				"north": {"uv": [0, 5.25, 1.25, 6.5], "texture": "#0"},
				"east": {"uv": [10.5, 7.25, 10.75, 8.5], "texture": "#0"},
				"south": {"uv": [1.25, 5.25, 2.5, 6.5], "texture": "#0"},
				"west": {"uv": [4.25, 11.75, 4.5, 13], "texture": "#0"},
				"up": {"uv": [13, 10.75, 11.75, 10.5], "texture": "#0"},
				"down": {"uv": [13, 10.75, 11.75, 11], "texture": "#0"}
			}
		},
		{
			"from": [4.58103, 10.3, 6.76186],
			"to": [11.38103, 11.6, 12.56186],
			"rotation": {"angle": 0, "axis": "y", "origin": [7.58103, -3.67489, 10.26186]},
			"faces": {
				"north": {"uv": [10.5, 1, 12.25, 1.25], "texture": "#0"},
				"east": {"uv": [11, 3.25, 12.5, 3.5], "texture": "#0"},
				"south": {"uv": [10.5, 1.25, 12.25, 1.5], "texture": "#0"},
				"west": {"uv": [11, 3.5, 12.5, 3.75], "texture": "#0"},
				"up": {"uv": [6.75, 1.5, 5, 0], "texture": "#0"},
				"down": {"uv": [6.75, 3.5, 5, 5], "texture": "#0"}
			}
		},
		{
			"from": [5.98295, 11.5, 8.41556],
			"to": [9.98295, 12, 12.41556],
			"rotation": {"angle": 0, "axis": "y", "origin": [8.98295, -3.07489, 10.26186]},
			"faces": {
				"north": {"uv": [2.5, 5.25, 3.5, 5.5], "texture": "#0"},
				"east": {"uv": [8, 1.75, 9, 2], "texture": "#0"},
				"south": {"uv": [12, 8.75, 13, 9], "texture": "#0"},
				"west": {"uv": [0.5, 12.25, 1.5, 12.5], "texture": "#0"},
				"up": {"uv": [5, 6.5, 4, 5.5], "texture": "#0"},
				"down": {"uv": [8, 1, 7, 2], "texture": "#0"}
			}
		},
		{
			"from": [11.48295, 7.24634, 7.41556],
			"to": [12.48295, 8.24634, 9.41556],
			"rotation": {"angle": 0, "axis": "y", "origin": [15.98103, -8.67489, 10.16186]},
			"faces": {
				"north": {"uv": [13, 10.75, 13.5, 11], "texture": "#0"},
				"east": {"uv": [13, 11, 13.5, 11.25], "texture": "#0"},
				"south": {"uv": [13, 11.25, 13.5, 11.5], "texture": "#0"},
				"west": {"uv": [13, 11.5, 13.5, 11.75], "texture": "#0"},
				"up": {"uv": [2, 12.75, 1.5, 12.25], "texture": "#0"},
				"down": {"uv": [2.5, 12.25, 2, 12.75], "texture": "#0"}
			}
		},
		{
			"from": [3.48295, 7.24634, 7.41556],
			"to": [4.48295, 8.24634, 9.41556],
			"rotation": {"angle": 0, "axis": "y", "origin": [-0.01513, -8.67489, 10.16186]},
			"faces": {
				"north": {"uv": [13, 11.75, 13.5, 12], "texture": "#0"},
				"east": {"uv": [13, 12, 13.5, 12.25], "texture": "#0"},
				"south": {"uv": [13, 12.75, 13.5, 13], "texture": "#0"},
				"west": {"uv": [2, 13.25, 2.5, 13.5], "texture": "#0"},
				"up": {"uv": [3, 12.75, 2.5, 12.25], "texture": "#0"},
				"down": {"uv": [3.5, 12.25, 3, 12.75], "texture": "#0"}
			}
		},
		{
			"from": [10.72072, 4.24634, 6.91556],
			"to": [12.72072, 7.24634, 9.91556],
			"rotation": {"angle": 0, "axis": "y", "origin": [15.98103, -11.67489, 10.16186]},
			"faces": {
				"north": {"uv": [5.5, 7.75, 6, 8.5], "texture": "#0"},
				"east": {"uv": [10, 4, 10.75, 4.75], "texture": "#0"},
				"south": {"uv": [1.5, 9.5, 2, 10.25], "texture": "#0"},
				"west": {"uv": [1.5, 10.25, 2.25, 11], "texture": "#0"},
				"up": {"uv": [11.5, 4.5, 11, 3.75], "texture": "#0"},
				"down": {"uv": [11.5, 4.5, 11, 5.25], "texture": "#0"}
			}
		},
		{
			"from": [3.24519, 4.24634, 6.91556],
			"to": [5.24519, 7.24634, 9.91556],
			"rotation": {"angle": 0, "axis": "y", "origin": [-0.01513, -11.67489, 10.16186]},
			"faces": {
				"north": {"uv": [11, 5.25, 11.5, 6], "texture": "#0"},
				"east": {"uv": [2.25, 10.25, 3, 11], "texture": "#0"},
				"south": {"uv": [11, 6.75, 11.5, 7.5], "texture": "#0"},
				"west": {"uv": [3, 10.25, 3.75, 11], "texture": "#0"},
				"up": {"uv": [11.5, 8.25, 11, 7.5], "texture": "#0"},
				"down": {"uv": [11.5, 8.25, 11, 9], "texture": "#0"}
			}
		},
		{
			"from": [10.72072, 3.74634, 7.71556],
			"to": [12.52072, 4.24634, 9.01556],
			"rotation": {"angle": 0, "axis": "y", "origin": [15.98103, -14.67489, 10.16186]},
			"faces": {
				"north": {"uv": [2.5, 13.25, 3, 13.5], "texture": "#0"},
				"east": {"uv": [13.75, 9.25, 14, 9.5], "texture": "#0"},
				"south": {"uv": [3, 13.25, 3.5, 13.5], "texture": "#0"},
				"west": {"uv": [13.75, 9.5, 14, 9.75], "texture": "#0"},
				"up": {"uv": [4.5, 13.5, 4, 13.25], "texture": "#0"},
				"down": {"uv": [5, 13.25, 4.5, 13.5], "texture": "#0"}
			}
		},
		{
			"from": [3.44519, 3.74634, 7.71556],
			"to": [5.24519, 4.24634, 9.01556],
			"rotation": {"angle": 0, "axis": "y", "origin": [-0.01513, -14.67489, 10.16186]},
			"faces": {
				"north": {"uv": [5, 13.25, 5.5, 13.5], "texture": "#0"},
				"east": {"uv": [13.75, 10, 14, 10.25], "texture": "#0"},
				"south": {"uv": [7, 13.25, 7.5, 13.5], "texture": "#0"},
				"west": {"uv": [13.75, 10.25, 14, 10.5], "texture": "#0"},
				"up": {"uv": [8, 13.5, 7.5, 13.25], "texture": "#0"},
				"down": {"uv": [8.5, 13.25, 8, 13.5], "texture": "#0"}
			}
		},
		{
			"from": [8.97809, 4.49864, 10.7132],
			"to": [10.97809, 5.19864, 12.2132],
			"rotation": {"angle": 0, "axis": "y", "origin": [11.47515, -16.37489, 8.16186]},
			"faces": {
				"north": {"uv": [8.5, 13.25, 9, 13.5], "texture": "#0"},
				"east": {"uv": [9, 13.25, 9.5, 13.5], "texture": "#0"},
				"south": {"uv": [9.5, 13.25, 10, 13.5], "texture": "#0"},
				"west": {"uv": [10, 13.25, 10.5, 13.5], "texture": "#0"},
				"up": {"uv": [4, 12.75, 3.5, 12.25], "texture": "#0"},
				"down": {"uv": [5, 12.25, 4.5, 12.75], "texture": "#0"}
			}
		},
		{
			"from": [4.97809, 4.49864, 10.7132],
			"to": [6.97809, 5.19864, 12.2132],
			"rotation": {"angle": 0, "axis": "y", "origin": [4.48103, -16.37489, 8.16186]},
			"faces": {
				"north": {"uv": [11, 13.25, 11.5, 13.5], "texture": "#0"},
				"east": {"uv": [11.5, 13.25, 12, 13.5], "texture": "#0"},
				"south": {"uv": [12, 13.25, 12.5, 13.5], "texture": "#0"},
				"west": {"uv": [12.5, 13.25, 13, 13.5], "texture": "#0"},
				"up": {"uv": [5.5, 12.75, 5, 12.25], "texture": "#0"},
				"down": {"uv": [6, 12.25, 5.5, 12.75], "texture": "#0"}
			}
		},
		{
			"from": [4.98295, 3.82511, 2.91556],
			"to": [10.98295, 6.32511, 6.91556],
			"rotation": {"angle": 0, "axis": "y", "origin": [6.98295, -11.67489, -0.83814]},
			"faces": {
				"north": {"uv": [6.75, 3.25, 8.25, 4], "texture": "#0"},
				"east": {"uv": [3, 8.5, 4, 9.25], "texture": "#0"},
				"south": {"uv": [6.75, 4, 8.25, 4.75], "texture": "#0"},
				"west": {"uv": [4, 8.5, 5, 9.25], "texture": "#0"},
				"up": {"uv": [4, 6.5, 2.5, 5.5], "texture": "#0"},
				"down": {"uv": [7, 1.5, 5.5, 2.5], "texture": "#0"}
			}
		},
		{
			"from": [5.58295, 4.14634, 2.61556],
			"to": [10.38295, 5.94634, 3.11556],
			"rotation": {"angle": 0, "axis": "y", "origin": [7.83295, -11.67489, -4.33814]},
			"faces": {
				"north": {"uv": [9.5, 8.75, 10.75, 9.25], "texture": "#0"},
				"east": {"uv": [6.25, 11.75, 6.5, 12.25], "texture": "#0"},
				"south": {"uv": [10, 1.75, 11.25, 2.25], "texture": "#0"},
				"west": {"uv": [10.5, 13.25, 10.75, 13.75], "texture": "#0"},
				"up": {"uv": [8.75, 12.25, 7.5, 12], "texture": "#0"},
				"down": {"uv": [12.75, 12, 11.5, 12.25], "texture": "#0"}
			}
		},
		{
			"from": [10.98295, 4.44634, 3.41556],
			"to": [11.48295, 5.94634, 5.41556],
			"rotation": {"angle": 0, "axis": "y", "origin": [12.98295, -11.67489, -0.83814]},
			"faces": {
				"north": {"uv": [13, 13.25, 13.25, 13.75], "texture": "#0"},
				"east": {"uv": [12.25, 3.75, 12.75, 4.25], "texture": "#0"},
				"south": {"uv": [13.25, 13.25, 13.5, 13.75], "texture": "#0"},
				"west": {"uv": [12.25, 4.25, 12.75, 4.75], "texture": "#0"},
				"up": {"uv": [13.5, 0.5, 13.25, 0], "texture": "#0"},
				"down": {"uv": [13.5, 0.5, 13.25, 1], "texture": "#0"}
			}
		},
		{
			"from": [4.48295, 4.44634, 3.41556],
			"to": [4.98295, 5.94634, 5.41556],
			"rotation": {"angle": 0, "axis": "y", "origin": [2.98295, -11.67489, -0.83814]},
			"faces": {
				"north": {"uv": [13.25, 1, 13.5, 1.5], "texture": "#0"},
				"east": {"uv": [12.25, 4.75, 12.75, 5.25], "texture": "#0"},
				"south": {"uv": [13.25, 1.5, 13.5, 2], "texture": "#0"},
				"west": {"uv": [12.25, 5.25, 12.75, 5.75], "texture": "#0"},
				"up": {"uv": [13.5, 2.5, 13.25, 2], "texture": "#0"},
				"down": {"uv": [13.5, 3.75, 13.25, 4.25], "texture": "#0"}
			}
		},
		{
			"from": [5.48295, 6.32511, 3.46186],
			"to": [10.48295, 6.82511, 6.46186],
			"rotation": {"angle": 0, "axis": "y", "origin": [6.48295, -9.17489, -0.83814]},
			"faces": {
				"north": {"uv": [12, 0.5, 13.25, 0.75], "texture": "#0"},
				"east": {"uv": [12.75, 4.25, 13.5, 4.5], "texture": "#0"},
				"south": {"uv": [12, 1.5, 13.25, 1.75], "texture": "#0"},
				"west": {"uv": [12.75, 4.5, 13.5, 4.75], "texture": "#0"},
				"up": {"uv": [8.75, 3.25, 7.5, 2.5], "texture": "#0"},
				"down": {"uv": [4.25, 7.75, 3, 8.5], "texture": "#0"}
			}
		},
		{
			"from": [5.48295, 3.32511, 3.21556],
			"to": [10.48295, 3.82511, 6.21556],
			"rotation": {"angle": 0, "axis": "y", "origin": [6.48295, -12.17489, -0.83814]},
			"faces": {
				"north": {"uv": [12, 1.75, 13.25, 2], "texture": "#0"},
				"east": {"uv": [12.75, 4.75, 13.5, 5], "texture": "#0"},
				"south": {"uv": [12, 2, 13.25, 2.25], "texture": "#0"},
				"west": {"uv": [12.75, 5, 13.5, 5.25], "texture": "#0"},
				"up": {"uv": [5.5, 8.5, 4.25, 7.75], "texture": "#0"},
				"down": {"uv": [9.25, 0, 8, 0.75], "texture": "#0"}
			}
		},
		{
			"from": [6.98295, 6.24634, 2.91556],
			"to": [8.98295, 7.34634, 3.91556],
			"rotation": {"angle": 0, "axis": "y", "origin": [15.98295, 14.24634, 10.41556]},
			"faces": {
				"north": {"uv": [13.25, 2.5, 13.75, 2.75], "texture": "#0"},
				"east": {"uv": [13.75, 10.5, 14, 10.75], "texture": "#0"},
				"south": {"uv": [2, 13.5, 2.5, 13.75], "texture": "#0"},
				"west": {"uv": [13.75, 10.75, 14, 11], "texture": "#0"},
				"up": {"uv": [3, 13.75, 2.5, 13.5], "texture": "#0"},
				"down": {"uv": [3.5, 13.5, 3, 13.75], "texture": "#0"}
			}
		},
		{
			"from": [7.33295, 6.24634, 2.71556],
			"to": [8.63295, 7.04634, 3.21556],
			"rotation": {"angle": 0, "axis": "y", "origin": [16.33295, 14.24634, 9.41556]},
			"faces": {
				"north": {"uv": [13.75, 11, 14, 11.25], "texture": "#0"},
				"east": {"uv": [13.75, 11.25, 14, 11.5], "texture": "#0"},
				"south": {"uv": [13.75, 11.5, 14, 11.75], "texture": "#0"},
				"west": {"uv": [13.75, 11.75, 14, 12], "texture": "#0"},
				"up": {"uv": [14, 12.25, 13.75, 12], "texture": "#0"},
				"down": {"uv": [14, 12.25, 13.75, 12.5], "texture": "#0"}
			}
		},
		{
			"from": [6.73295, 6.24634, 3.21556],
			"to": [9.23295, 7.04634, 4.01556],
			"rotation": {"angle": 0, "axis": "y", "origin": [17.73295, 14.24634, 10.41556]},
			"faces": {
				"north": {"uv": [12.75, 5.25, 13.5, 5.5], "texture": "#0"},
				"east": {"uv": [13.75, 12.5, 14, 12.75], "texture": "#0"},
				"south": {"uv": [12.75, 5.5, 13.5, 5.75], "texture": "#0"},
				"west": {"uv": [13.75, 13, 14, 13.25], "texture": "#0"},
				"up": {"uv": [13.5, 6, 12.75, 5.75], "texture": "#0"},
				"down": {"uv": [13.5, 6.25, 12.75, 6.5], "texture": "#0"}
			}
		},
		{
			"from": [7.48295, 5.94634, 3.41556],
			"to": [8.48295, 7.24634, 6.91556],
			"rotation": {"angle": 0, "axis": "y", "origin": [15.48295, 13.94634, 13.41556]},
			"faces": {
				"north": {"uv": [0.5, 14, 0.75, 14.25], "texture": "#0"},
				"east": {"uv": [4, 13.5, 4.5, 13.75], "texture": "#0"},
				"south": {"uv": [0.75, 14, 1, 14.25], "texture": "#0"},
				"west": {"uv": [4.5, 13.5, 5, 13.75], "texture": "#0"},
				"up": {"uv": [5.25, 14, 5, 13.5], "texture": "#0"},
				"down": {"uv": [5.5, 13.5, 5.25, 14], "texture": "#0"}
			}
		},
		{
			"from": [4, 2.46389, 9.98056],
			"to": [7, 4.46389, 11.98056],
			"rotation": {"angle": 0, "axis": "y", "origin": [-3, 11.96389, 18.38056]},
			"faces": {
				"north": {"uv": [11, 9, 11.75, 9.5], "texture": "#0"},
				"east": {"uv": [12.25, 6.25, 12.75, 6.75], "texture": "#0"},
				"south": {"uv": [11, 9.5, 11.75, 10], "texture": "#0"},
				"west": {"uv": [12.25, 6.75, 12.75, 7.25], "texture": "#0"},
				"up": {"uv": [11.75, 10.5, 11, 10], "texture": "#0"},
				"down": {"uv": [11.75, 10.5, 11, 11], "texture": "#0"}
			}
		},
		{
			"from": [9, 2.46389, 9.98056],
			"to": [12, 4.46389, 11.98056],
			"rotation": {"angle": 0, "axis": "y", "origin": [19, 11.96389, 18.38056]},
			"faces": {
				"north": {"uv": [1.5, 11.25, 2.25, 11.75], "texture": "#0"},
				"east": {"uv": [12.25, 7.25, 12.75, 7.75], "texture": "#0"},
				"south": {"uv": [2.25, 11.25, 3, 11.75], "texture": "#0"},
				"west": {"uv": [12.25, 7.75, 12.75, 8.25], "texture": "#0"},
				"up": {"uv": [3.75, 11.75, 3, 11.25], "texture": "#0"},
				"down": {"uv": [4.5, 11.25, 3.75, 11.75], "texture": "#0"}
			}
		},
		{
			"from": [7, 2.46389, 9.98056],
			"to": [9, 3.46389, 11.98056],
			"rotation": {"angle": 0, "axis": "y", "origin": [16, 11.96389, 18.38056]},
			"faces": {
				"north": {"uv": [6.5, 13.5, 7, 13.75], "texture": "#0"},
				"east": {"uv": [7, 13.5, 7.5, 13.75], "texture": "#0"},
				"south": {"uv": [7.5, 13.5, 8, 13.75], "texture": "#0"},
				"west": {"uv": [8, 13.5, 8.5, 13.75], "texture": "#0"},
				"up": {"uv": [12.75, 12, 12.25, 11.5], "texture": "#0"},
				"down": {"uv": [0.5, 12.5, 0, 13], "texture": "#0"}
			}
		},
		{
			"from": [5.25, 4.76389, 6.38056],
			"to": [10.75, 6.26389, 7.38056],
			"rotation": {"angle": -22.5, "axis": "x", "origin": [19.25, 14.11194, 16.15219]},
			"faces": {
				"north": {"uv": [5, 8.5, 6.5, 9], "texture": "#0"},
				"east": {"uv": [8.5, 13.5, 8.75, 14], "texture": "#0"},
				"south": {"uv": [6.5, 8.75, 8, 9.25], "texture": "#0"},
				"west": {"uv": [8.75, 13.5, 9, 14], "texture": "#0"},
				"up": {"uv": [12.5, 6.25, 11, 6], "texture": "#0"},
				"down": {"uv": [9, 11.25, 7.5, 11.5], "texture": "#0"}
			}
		},
		{
			"from": [4.25, 3.46389, 3.98056],
			"to": [11.75, 5.26389, 6.98056],
			"rotation": {"angle": -22.5, "axis": "x", "origin": [19.25, 12.96389, 13.38056]},
			"faces": {
				"north": {"uv": [7, 2, 9, 2.5], "texture": "#0"},
				"east": {"uv": [9, 11.25, 9.75, 11.75], "texture": "#0"},
				"south": {"uv": [7, 4.75, 9, 5.25], "texture": "#0"},
				"west": {"uv": [9.75, 11.25, 10.5, 11.75], "texture": "#0"},
				"up": {"uv": [7.5, 3.25, 5.5, 2.5], "texture": "#0"},
				"down": {"uv": [2, 6.5, 0, 7.25], "texture": "#0"}
			}
		},
		{
			"from": [5, 0.46389, 8.38056],
			"to": [11, 1.96389, 9.38056],
			"rotation": {"angle": 0, "axis": "y", "origin": [21, 9.96389, 18.38056]},
			"faces": {
				"north": {"uv": [8, 8.75, 9.5, 9.25], "texture": "#0"},
				"east": {"uv": [9, 13.5, 9.25, 14], "texture": "#0"},
				"south": {"uv": [8.75, 2.5, 10.25, 3], "texture": "#0"},
				"west": {"uv": [9.25, 13.5, 9.5, 14], "texture": "#0"},
				"up": {"uv": [12.5, 11.5, 11, 11.25], "texture": "#0"},
				"down": {"uv": [12.75, 0, 11.25, 0.25], "texture": "#0"}
			}
		},
		{
			"from": [4, 0.26389, 5.38056],
			"to": [12, 2.26389, 8.38056],
			"rotation": {"angle": 0, "axis": "y", "origin": [19, 9.96389, 15.38056]},
			"faces": {
				"north": {"uv": [7, 5.25, 9, 5.75], "texture": "#0"},
				"east": {"uv": [11.25, 1.75, 12, 2.25], "texture": "#0"},
				"south": {"uv": [7, 5.75, 9, 6.25], "texture": "#0"},
				"west": {"uv": [11.25, 2.25, 12, 2.75], "texture": "#0"},
				"up": {"uv": [4, 7.25, 2, 6.5], "texture": "#0"},
				"down": {"uv": [6, 6.5, 4, 7.25], "texture": "#0"}
			}
		},
		{
			"from": [4.6, 0.46389, 3.88056],
			"to": [11.4, 2.46389, 5.68056],
			"rotation": {"angle": 0, "axis": "y", "origin": [17.6, 9.96389, 12.38056]},
			"faces": {
				"north": {"uv": [8.25, 3.75, 10, 4.25], "texture": "#0"},
				"east": {"uv": [0.5, 12.5, 1, 13], "texture": "#0"},
				"south": {"uv": [8.25, 4.25, 10, 4.75], "texture": "#0"},
				"west": {"uv": [1, 12.5, 1.5, 13], "texture": "#0"},
				"up": {"uv": [10, 6.75, 8.25, 6.25], "texture": "#0"},
				"down": {"uv": [10, 6.75, 8.25, 7.25], "texture": "#0"}
			}
		},
		{
			"from": [5, 0.76389, 3.68056],
			"to": [11, 2.56389, 4.48056],
			"rotation": {"angle": 0, "axis": "y", "origin": [18, 9.96389, 11.88056]},
			"faces": {
				"north": {"uv": [8.75, 8.25, 10.25, 8.75], "texture": "#0"},
				"east": {"uv": [9.5, 13.5, 9.75, 14], "texture": "#0"},
				"south": {"uv": [5, 9, 6.5, 9.5], "texture": "#0"},
				"west": {"uv": [9.75, 13.5, 10, 14], "texture": "#0"},
				"up": {"uv": [12.75, 0.5, 11.25, 0.25], "texture": "#0"},
				"down": {"uv": [1.5, 11.5, 0, 11.75], "texture": "#0"}
			}
		},
		{
			"from": [8.81, 2.06389, 4.68056],
			"to": [9.71, 2.96389, 5.58056],
			"rotation": {"angle": 0, "axis": "y", "origin": [15.65, 9.26389, 12.08056]},
			"faces": {
				"north": {"uv": [1, 14, 1.25, 14.25], "texture": "#0"},
				"east": {"uv": [1.25, 14, 1.5, 14.25], "texture": "#0"},
				"south": {"uv": [1.5, 14, 1.75, 14.25], "texture": "#0"},
				"west": {"uv": [1.75, 14, 2, 14.25], "texture": "#0"},
				"up": {"uv": [4.25, 14.25, 4, 14], "texture": "#0"},
				"down": {"uv": [4.5, 14, 4.25, 14.25], "texture": "#0"}
			}
		},
		{
			"from": [10.07, 2.06389, 5.38056],
			"to": [10.97, 2.96389, 6.28056],
			"rotation": {"angle": 0, "axis": "y", "origin": [16.55, 9.26389, 12.08056]},
			"faces": {
				"north": {"uv": [4.5, 14, 4.75, 14.25], "texture": "#0"},
				"east": {"uv": [4.75, 14, 5, 14.25], "texture": "#0"},
				"south": {"uv": [5, 14, 5.25, 14.25], "texture": "#0"},
				"west": {"uv": [5.25, 14, 5.5, 14.25], "texture": "#0"},
				"up": {"uv": [5.75, 14.25, 5.5, 14], "texture": "#0"},
				"down": {"uv": [6, 14, 5.75, 14.25], "texture": "#0"}
			}
		},
		{
			"from": [7.07, 3.56389, 6.38056],
			"to": [7.97, 4.46389, 7.28056],
			"rotation": {"angle": 22.5, "axis": "z", "origin": [13.55, 11.26389, 13.08056]},
			"faces": {
				"north": {"uv": [6, 14, 6.25, 14.25], "texture": "#0"},
				"east": {"uv": [6.25, 14, 6.5, 14.25], "texture": "#0"},
				"south": {"uv": [6.5, 14, 6.75, 14.25], "texture": "#0"},
				"west": {"uv": [6.75, 14, 7, 14.25], "texture": "#0"},
				"up": {"uv": [7.25, 14.25, 7, 14], "texture": "#0"},
				"down": {"uv": [7.5, 14, 7.25, 14.25], "texture": "#0"}
			}
		},
		{
			"from": [7.07, 3.56389, 7.38056],
			"to": [7.97, 4.46389, 8.28056],
			"rotation": {"angle": 22.5, "axis": "z", "origin": [13.55, 11.26389, 14.08056]},
			"faces": {
				"north": {"uv": [7.5, 14, 7.75, 14.25], "texture": "#0"},
				"east": {"uv": [7.75, 14, 8, 14.25], "texture": "#0"},
				"south": {"uv": [8, 14, 8.25, 14.25], "texture": "#0"},
				"west": {"uv": [8.25, 14, 8.5, 14.25], "texture": "#0"},
				"up": {"uv": [8.75, 14.25, 8.5, 14], "texture": "#0"},
				"down": {"uv": [9, 14, 8.75, 14.25], "texture": "#0"}
			}
		},
		{
			"from": [7.55, 2.06389, 4.38056],
			"to": [8.45, 2.96389, 5.28056],
			"rotation": {"angle": 0, "axis": "y", "origin": [14.75, 9.26389, 12.08056]},
			"faces": {
				"north": {"uv": [9, 14, 9.25, 14.25], "texture": "#0"},
				"east": {"uv": [9.25, 14, 9.5, 14.25], "texture": "#0"},
				"south": {"uv": [9.5, 14, 9.75, 14.25], "texture": "#0"},
				"west": {"uv": [9.75, 14, 10, 14.25], "texture": "#0"},
				"up": {"uv": [10.25, 14.25, 10, 14], "texture": "#0"},
				"down": {"uv": [10.5, 14, 10.25, 14.25], "texture": "#0"}
			}
		},
		{
			"from": [6.29, 2.06389, 4.68056],
			"to": [7.19, 2.96389, 5.58056],
			"rotation": {"angle": 0, "axis": "y", "origin": [0.35, 9.26389, 12.08056]},
			"faces": {
				"north": {"uv": [10.5, 14, 10.75, 14.25], "texture": "#0"},
				"east": {"uv": [10.75, 14, 11, 14.25], "texture": "#0"},
				"south": {"uv": [11, 14, 11.25, 14.25], "texture": "#0"},
				"west": {"uv": [11.25, 14, 11.5, 14.25], "texture": "#0"},
				"up": {"uv": [11.75, 14.25, 11.5, 14], "texture": "#0"},
				"down": {"uv": [12, 14, 11.75, 14.25], "texture": "#0"}
			}
		},
		{
			"from": [5.03, 2.06389, 5.38056],
			"to": [5.93, 2.96389, 6.28056],
			"rotation": {"angle": 0, "axis": "y", "origin": [-0.55, 9.26389, 12.08056]},
			"faces": {
				"north": {"uv": [12, 14, 12.25, 14.25], "texture": "#0"},
				"east": {"uv": [12.25, 14, 12.5, 14.25], "texture": "#0"},
				"south": {"uv": [12.5, 14, 12.75, 14.25], "texture": "#0"},
				"west": {"uv": [12.75, 14, 13, 14.25], "texture": "#0"},
				"up": {"uv": [13.25, 14.25, 13, 14], "texture": "#0"},
				"down": {"uv": [13.5, 14, 13.25, 14.25], "texture": "#0"}
			}
		},
		{
			"from": [8.03, 3.56389, 6.38056],
			"to": [8.93, 4.46389, 7.28056],
			"rotation": {"angle": -22.5, "axis": "z", "origin": [2.45, 11.26389, 13.08056]},
			"faces": {
				"north": {"uv": [13.5, 14, 13.75, 14.25], "texture": "#0"},
				"east": {"uv": [13.75, 14, 14, 14.25], "texture": "#0"},
				"south": {"uv": [14, 14, 14.25, 14.25], "texture": "#0"},
				"west": {"uv": [14, 0, 14.25, 0.25], "texture": "#0"},
				"up": {"uv": [14.25, 0.5, 14, 0.25], "texture": "#0"},
				"down": {"uv": [14.25, 0.5, 14, 0.75], "texture": "#0"}
			}
		},
		{
			"from": [8.03, 3.56389, 7.38056],
			"to": [8.93, 4.46389, 8.28056],
			"rotation": {"angle": -22.5, "axis": "z", "origin": [2.45, 11.26389, 14.08056]},
			"faces": {
				"north": {"uv": [14, 0.75, 14.25, 1], "texture": "#0"},
				"east": {"uv": [14, 1, 14.25, 1.25], "texture": "#0"},
				"south": {"uv": [14, 1.25, 14.25, 1.5], "texture": "#0"},
				"west": {"uv": [14, 1.5, 14.25, 1.75], "texture": "#0"},
				"up": {"uv": [14.25, 2, 14, 1.75], "texture": "#0"},
				"down": {"uv": [14.25, 2, 14, 2.25], "texture": "#0"}
			}
		},
		{
			"from": [5.58743, 1.94634, 8.71556],
			"to": [10.58743, 5.94634, 9.71556],
			"rotation": {"angle": 0, "axis": "y", "origin": [15.08743, 9.94634, 16.41556]},
			"faces": {
				"north": {"uv": [6, 6.5, 7.25, 7.5], "texture": "#0"},
				"east": {"uv": [4, 12.25, 4.25, 13.25], "texture": "#0"},
				"south": {"uv": [6.75, 0, 8, 1], "texture": "#0"},
				"west": {"uv": [10.5, 12.25, 10.75, 13.25], "texture": "#0"},
				"up": {"uv": [13.25, 2.5, 12, 2.25], "texture": "#0"},
				"down": {"uv": [13.25, 2.5, 12, 2.75], "texture": "#0"}
			}
		},
		{
			"from": [-0.91257, 4.37096, 8.76556],
			"to": [0.08743, 7.37096, 9.56556],
			"rotation": {"angle": 45, "axis": "z", "origin": [4.44099, 12.37096, 15.76556]},
			"faces": {
				"north": {"uv": [12.75, 9, 13, 9.75], "texture": "#0"},
				"east": {"uv": [12.75, 11.5, 13, 12.25], "texture": "#0"},
				"south": {"uv": [0, 13, 0.25, 13.75], "texture": "#0"},
				"west": {"uv": [0.25, 13, 0.5, 13.75], "texture": "#0"},
				"up": {"uv": [14.25, 2.5, 14, 2.25], "texture": "#0"},
				"down": {"uv": [14.25, 2.5, 14, 2.75], "texture": "#0"}
			}
		},
		{
			"from": [15.754, 4.37096, 8.76556],
			"to": [16.754, 7.37096, 9.56556],
			"rotation": {"angle": -45, "axis": "z", "origin": [11.40044, 12.37096, 15.76556]},
			"faces": {
				"north": {"uv": [0.5, 13, 0.75, 13.75], "texture": "#0"},
				"east": {"uv": [0.75, 13, 1, 13.75], "texture": "#0"},
				"south": {"uv": [1, 13, 1.25, 13.75], "texture": "#0"},
				"west": {"uv": [1.25, 13, 1.5, 13.75], "texture": "#0"},
				"up": {"uv": [14.25, 3, 14, 2.75], "texture": "#0"},
				"down": {"uv": [14.25, 3, 14, 3.25], "texture": "#0"}
			}
		},
		{
			"from": [4.08743, 4.94634, 8.41556],
			"to": [11.88743, 10.94634, 9.91556],
			"rotation": {"angle": 0, "axis": "y", "origin": [14.08743, 13.94634, 16.41556]},
			"faces": {
				"north": {"uv": [3.5, 2, 5.5, 3.5], "texture": "#0"},
				"east": {"uv": [2, 8.75, 2.5, 10.25], "texture": "#0"},
				"south": {"uv": [5, 5, 7, 6.5], "texture": "#0"},
				"west": {"uv": [2.5, 8.75, 3, 10.25], "texture": "#0"},
				"up": {"uv": [4, 7.75, 2, 7.25], "texture": "#0"},
				"down": {"uv": [6, 7.25, 4, 7.75], "texture": "#0"}
			}
		},
		{
			"from": [9.82795, 10.81671, 9.11777],
			"to": [11.44795, 18.91671, 9.56777],
			"rotation": {"angle": 0, "axis": "y", "origin": [13.78795, 18.91671, 15.41777]},
			"faces": {
				"north": {"uv": [0, 7.25, 0.5, 9.5], "texture": "#0"},
				"east": {"uv": [6.25, 9.5, 6.5, 11.75], "texture": "#0"},
				"south": {"uv": [0.5, 7.25, 1, 9.5], "texture": "#0"},
				"west": {"uv": [4.5, 10, 4.75, 12.25], "texture": "#0"},
				"up": {"uv": [10.5, 13.75, 10, 13.5], "texture": "#0"},
				"down": {"uv": [11.25, 13.5, 10.75, 13.75], "texture": "#0"}
			}
		},
		{
			"from": [9.69295, 11.92371, 9.08627],
			"to": [11.49295, 12.37371, 9.62627],
			"rotation": {"angle": 0, "axis": "y", "origin": [13.78795, 20.71671, 15.41777]},
			"faces": {
				"north": {"uv": [11.25, 13.5, 11.75, 13.75], "texture": "#0"},
				"east": {"uv": [14, 3.25, 14.25, 3.5], "texture": "#0"},
				"south": {"uv": [11.75, 13.5, 12.25, 13.75], "texture": "#0"},
				"west": {"uv": [14, 3.5, 14.25, 3.75], "texture": "#0"},
				"up": {"uv": [12.75, 13.75, 12.25, 13.5], "texture": "#0"},
				"down": {"uv": [14, 13.5, 13.5, 13.75], "texture": "#0"}
			}
		},
		{
			"from": [9.37795, 13.51671, 8.66777],
			"to": [11.89795, 17.11671, 10.01777],
			"rotation": {"angle": 0, "axis": "y", "origin": [14.23795, 17.11671, 14.96777]},
			"faces": {
				"north": {"uv": [9, 4.75, 9.75, 5.75], "texture": "#0"},
				"east": {"uv": [8.5, 10.25, 9, 11.25], "texture": "#0"},
				"south": {"uv": [3, 9.25, 3.75, 10.25], "texture": "#0"},
				"west": {"uv": [9, 10.25, 9.5, 11.25], "texture": "#0"},
				"up": {"uv": [8.25, 12, 7.5, 11.5], "texture": "#0"},
				"down": {"uv": [9, 11.5, 8.25, 12], "texture": "#0"}
			}
		},
		{
			"from": [9.51295, 13.06671, 8.75777],
			"to": [11.76295, 13.96671, 9.92777],
			"rotation": {"angle": 0, "axis": "y", "origin": [14.37295, 13.96671, 15.05777]},
			"faces": {
				"north": {"uv": [12.75, 7.75, 13.5, 8], "texture": "#0"},
				"east": {"uv": [14, 3.75, 14.25, 4], "texture": "#0"},
				"south": {"uv": [12.75, 8, 13.5, 8.25], "texture": "#0"},
				"west": {"uv": [14, 4, 14.25, 4.25], "texture": "#0"},
				"up": {"uv": [13.5, 10, 12.75, 9.75], "texture": "#0"},
				"down": {"uv": [13.75, 13, 13, 13.25], "texture": "#0"}
			}
		},
		{
			"from": [9.06295, 13.78671, 8.89277],
			"to": [12.21295, 17.38671, 10.06277],
			"rotation": {"angle": 0, "axis": "y", "origin": [12.12295, 17.11671, 14.96777]},
			"faces": {
				"north": {"uv": [7.25, 7.25, 8.25, 8.25], "texture": "#0"},
				"east": {"uv": [6.5, 12.5, 6.75, 13.5], "texture": "#0"},
				"south": {"uv": [7.25, 6.25, 8.25, 7.25], "texture": "#0"},
				"west": {"uv": [6.75, 12.5, 7, 13.5], "texture": "#0"},
				"up": {"uv": [13.25, 1.5, 12.25, 1.25], "texture": "#0"},
				"down": {"uv": [13.5, 12.5, 12.5, 12.75], "texture": "#0"}
			}
		},
		{
			"from": [9.06295, 19.66371, 6.92402],
			"to": [12.21295, 21.18371, 8.27402],
			"rotation": {"angle": -22.5, "axis": "x", "origin": [14.82295, 23.14671, 13.22402]},
			"faces": {
				"north": {"uv": [9, 1.75, 10, 2.5], "texture": "#0"},
				"east": {"uv": [4.75, 11.5, 5.25, 12.25], "texture": "#0"},
				"south": {"uv": [3.75, 9.25, 4.75, 10], "texture": "#0"},
				"west": {"uv": [11, 11.5, 11.5, 12.25], "texture": "#0"},
				"up": {"uv": [10, 6.25, 9, 5.75], "texture": "#0"},
				"down": {"uv": [11, 6.75, 10, 7.25], "texture": "#0"}
			}
		},
		{
			"from": [9.28795, 21.24671, 6.02402],
			"to": [11.98795, 23.04671, 7.37402],
			"rotation": {"angle": -22.5, "axis": "x", "origin": [15.04795, 25.84671, 13.22402]},
			"faces": {
				"north": {"uv": [11.5, 11.5, 12.25, 12], "texture": "#0"},
				"east": {"uv": [12.5, 2.75, 13, 3.25], "texture": "#0"},
				"south": {"uv": [11.5, 3.75, 12.25, 4.25], "texture": "#0"},
				"west": {"uv": [12.5, 3.25, 13, 3.75], "texture": "#0"},
				"up": {"uv": [12.25, 4.75, 11.5, 4.25], "texture": "#0"},
				"down": {"uv": [12.25, 4.75, 11.5, 5.25], "texture": "#0"}
			}
		},
		{
			"from": [9.37795, 19.72671, 6.69902],
			"to": [11.89795, 22.32671, 8.04902],
			"rotation": {"angle": -22.5, "axis": "x", "origin": [14.23795, 22.87671, 12.99902]},
			"faces": {
				"north": {"uv": [6.5, 9.25, 7.25, 10.25], "texture": "#0"},
				"east": {"uv": [9.5, 10.25, 10, 11.25], "texture": "#0"},
				"south": {"uv": [7.25, 9.25, 8, 10.25], "texture": "#0"},
				"west": {"uv": [10, 10.25, 10.5, 11.25], "texture": "#0"},
				"up": {"uv": [12.25, 5.75, 11.5, 5.25], "texture": "#0"},
				"down": {"uv": [12.25, 6.75, 11.5, 7.25], "texture": "#0"}
			}
		},
		{
			"from": [9.37795, 13.51671, 9.79277],
			"to": [11.89795, 17.11671, 10.24277],
			"rotation": {"angle": 0, "axis": "y", "origin": [14.23795, 17.11671, 14.96777]},
			"faces": {
				"north": {"uv": [8, 9.25, 8.75, 10.25], "texture": "#0"},
				"east": {"uv": [10.75, 12.5, 11, 13.5], "texture": "#0"},
				"south": {"uv": [8.75, 9.25, 9.5, 10.25], "texture": "#0"},
				"west": {"uv": [12.5, 9, 12.75, 10], "texture": "#0"},
				"up": {"uv": [13.75, 3, 13, 2.75], "texture": "#0"},
				"down": {"uv": [13.75, 3, 13, 3.25], "texture": "#0"}
			}
		},
		{
			"from": [9.37795, 19.81671, 7.99277],
			"to": [11.89795, 22.41671, 8.44277],
			"rotation": {"angle": -22.5, "axis": "x", "origin": [14.23795, 23.41671, 13.16777]},
			"faces": {
				"north": {"uv": [0, 9.5, 0.75, 10.5], "texture": "#0"},
				"east": {"uv": [1.5, 12.75, 1.75, 13.75], "texture": "#0"},
				"south": {"uv": [0.75, 9.5, 1.5, 10.5], "texture": "#0"},
				"west": {"uv": [1.75, 12.75, 2, 13.75], "texture": "#0"},
				"up": {"uv": [13.75, 3.5, 13, 3.25], "texture": "#0"},
				"down": {"uv": [13.75, 3.5, 13, 3.75], "texture": "#0"}
			}
		},
		{
			"from": [9.78295, 22.54371, 4.99127],
			"to": [11.58295, 23.34371, 6.61127],
			"rotation": {"angle": -22.5, "axis": "x", "origin": [14.64295, 27.64671, 13.22402]},
			"faces": {
				"north": {"uv": [12.5, 8.25, 13, 8.75], "texture": "#0"},
				"east": {"uv": [12.5, 10, 13, 10.5], "texture": "#0"},
				"south": {"uv": [12.5, 11, 13, 11.5], "texture": "#0"},
				"west": {"uv": [2, 12.75, 2.5, 13.25], "texture": "#0"},
				"up": {"uv": [3, 13.25, 2.5, 12.75], "texture": "#0"},
				"down": {"uv": [3.5, 12.75, 3, 13.25], "texture": "#0"}
			}
		},
		{
			"from": [4.51795, 10.81671, 9.11777],
			"to": [6.13795, 18.91671, 9.56777],
			"rotation": {"angle": 0, "axis": "y", "origin": [2.17795, 18.91671, 15.41777]},
			"faces": {
				"north": {"uv": [0.5, 7.25, 0, 9.5], "texture": "#0"},
				"east": {"uv": [4.75, 10, 4.5, 12.25], "texture": "#0"},
				"south": {"uv": [1, 7.25, 0.5, 9.5], "texture": "#0"},
				"west": {"uv": [6.5, 9.5, 6.25, 11.75], "texture": "#0"},
				"up": {"uv": [10, 13.75, 10.5, 13.5], "texture": "#0"},
				"down": {"uv": [10.75, 13.5, 11.25, 13.75], "texture": "#0"}
			}
		},
		{
			"from": [4.47295, 11.92371, 9.08627],
			"to": [6.27295, 12.37371, 9.62627],
			"rotation": {"angle": 0, "axis": "y", "origin": [2.17795, 20.71671, 15.41777]},
			"faces": {
				"north": {"uv": [11.75, 13.5, 11.25, 13.75], "texture": "#0"},
				"east": {"uv": [14.25, 3.5, 14, 3.75], "texture": "#0"},
				"south": {"uv": [12.25, 13.5, 11.75, 13.75], "texture": "#0"},
				"west": {"uv": [14.25, 3.25, 14, 3.5], "texture": "#0"},
				"up": {"uv": [12.25, 13.75, 12.75, 13.5], "texture": "#0"},
				"down": {"uv": [13.5, 13.5, 14, 13.75], "texture": "#0"}
			}
		},
		{
			"from": [4.06795, 13.51671, 8.66777],
			"to": [6.58795, 17.11671, 10.01777],
			"rotation": {"angle": 0, "axis": "y", "origin": [1.72795, 17.11671, 14.96777]},
			"faces": {
				"north": {"uv": [9.75, 4.75, 9, 5.75], "texture": "#0"},
				"east": {"uv": [9.5, 10.25, 9, 11.25], "texture": "#0"},
				"south": {"uv": [3.75, 9.25, 3, 10.25], "texture": "#0"},
				"west": {"uv": [9, 10.25, 8.5, 11.25], "texture": "#0"},
				"up": {"uv": [7.5, 12, 8.25, 11.5], "texture": "#0"},
				"down": {"uv": [8.25, 11.5, 9, 12], "texture": "#0"}
			}
		},
		{
			"from": [4.20295, 13.06671, 8.75777],
			"to": [6.45295, 13.96671, 9.92777],
			"rotation": {"angle": 0, "axis": "y", "origin": [1.59295, 13.96671, 15.05777]},
			"faces": {
				"north": {"uv": [13.5, 7.75, 12.75, 8], "texture": "#0"},
				"east": {"uv": [14.25, 4, 14, 4.25], "texture": "#0"},
				"south": {"uv": [13.5, 8, 12.75, 8.25], "texture": "#0"},
				"west": {"uv": [14.25, 3.75, 14, 4], "texture": "#0"},
				"up": {"uv": [12.75, 10, 13.5, 9.75], "texture": "#0"},
				"down": {"uv": [13, 13, 13.75, 13.25], "texture": "#0"}
			}
		},
		{
			"from": [3.75295, 13.78671, 8.89277],
			"to": [6.90295, 17.38671, 10.06277],
			"rotation": {"angle": 0, "axis": "y", "origin": [3.84295, 17.11671, 14.96777]},
			"faces": {
				"north": {"uv": [8.25, 7.25, 7.25, 8.25], "texture": "#0"},
				"east": {"uv": [7, 12.5, 6.75, 13.5], "texture": "#0"},
				"south": {"uv": [8.25, 6.25, 7.25, 7.25], "texture": "#0"},
				"west": {"uv": [6.75, 12.5, 6.5, 13.5], "texture": "#0"},
				"up": {"uv": [12.25, 1.5, 13.25, 1.25], "texture": "#0"},
				"down": {"uv": [12.5, 12.5, 13.5, 12.75], "texture": "#0"}
			}
		},
		{
			"from": [3.75295, 19.66371, 6.92402],
			"to": [6.90295, 21.18371, 8.27402],
			"rotation": {"angle": -22.5, "axis": "x", "origin": [1.14295, 23.14671, 13.22402]},
			"faces": {
				"north": {"uv": [10, 1.75, 9, 2.5], "texture": "#0"},
				"east": {"uv": [11.5, 11.5, 11, 12.25], "texture": "#0"},
				"south": {"uv": [4.75, 9.25, 3.75, 10], "texture": "#0"},
				"west": {"uv": [5.25, 11.5, 4.75, 12.25], "texture": "#0"},
				"up": {"uv": [9, 6.25, 10, 5.75], "texture": "#0"},
				"down": {"uv": [10, 6.75, 11, 7.25], "texture": "#0"}
			}
		},
		{
			"from": [3.97795, 21.24671, 6.02402],
			"to": [6.67795, 23.04671, 7.37402],
			"rotation": {"angle": -22.5, "axis": "x", "origin": [0.91795, 25.84671, 13.22402]},
			"faces": {
				"north": {"uv": [12.25, 11.5, 11.5, 12], "texture": "#0"},
				"east": {"uv": [13, 3.25, 12.5, 3.75], "texture": "#0"},
				"south": {"uv": [12.25, 3.75, 11.5, 4.25], "texture": "#0"},
				"west": {"uv": [13, 2.75, 12.5, 3.25], "texture": "#0"},
				"up": {"uv": [11.5, 4.75, 12.25, 4.25], "texture": "#0"},
				"down": {"uv": [11.5, 4.75, 12.25, 5.25], "texture": "#0"}
			}
		},
		{
			"from": [4.06795, 19.72671, 6.69902],
			"to": [6.58795, 22.32671, 8.04902],
			"rotation": {"angle": -22.5, "axis": "x", "origin": [1.72795, 22.87671, 12.99902]},
			"faces": {
				"north": {"uv": [7.25, 9.25, 6.5, 10.25], "texture": "#0"},
				"east": {"uv": [10.5, 10.25, 10, 11.25], "texture": "#0"},
				"south": {"uv": [8, 9.25, 7.25, 10.25], "texture": "#0"},
				"west": {"uv": [10, 10.25, 9.5, 11.25], "texture": "#0"},
				"up": {"uv": [11.5, 5.75, 12.25, 5.25], "texture": "#0"},
				"down": {"uv": [11.5, 6.75, 12.25, 7.25], "texture": "#0"}
			}
		},
		{
			"from": [4.06795, 13.51671, 9.79277],
			"to": [6.58795, 17.11671, 10.24277],
			"rotation": {"angle": 0, "axis": "y", "origin": [1.72795, 17.11671, 14.96777]},
			"faces": {
				"north": {"uv": [8.75, 9.25, 8, 10.25], "texture": "#0"},
				"east": {"uv": [12.75, 9, 12.5, 10], "texture": "#0"},
				"south": {"uv": [9.5, 9.25, 8.75, 10.25], "texture": "#0"},
				"west": {"uv": [11, 12.5, 10.75, 13.5], "texture": "#0"},
				"up": {"uv": [13, 3, 13.75, 2.75], "texture": "#0"},
				"down": {"uv": [13, 3, 13.75, 3.25], "texture": "#0"}
			}
		},
		{
			"from": [4.06795, 19.81671, 7.99277],
			"to": [6.58795, 22.41671, 8.44277],
			"rotation": {"angle": -22.5, "axis": "x", "origin": [1.72795, 23.41671, 13.16777]},
			"faces": {
				"north": {"uv": [0.75, 9.5, 0, 10.5], "texture": "#0"},
				"east": {"uv": [2, 12.75, 1.75, 13.75], "texture": "#0"},
				"south": {"uv": [1.5, 9.5, 0.75, 10.5], "texture": "#0"},
				"west": {"uv": [1.75, 12.75, 1.5, 13.75], "texture": "#0"},
				"up": {"uv": [13, 3.5, 13.75, 3.25], "texture": "#0"},
				"down": {"uv": [13, 3.5, 13.75, 3.75], "texture": "#0"}
			}
		},
		{
			"from": [4.38295, 22.54371, 4.99127],
			"to": [6.18295, 23.34371, 6.61127],
			"rotation": {"angle": -22.5, "axis": "x", "origin": [1.32295, 27.64671, 13.22402]},
			"faces": {
				"north": {"uv": [13, 8.25, 12.5, 8.75], "texture": "#0"},
				"east": {"uv": [2.5, 12.75, 2, 13.25], "texture": "#0"},
				"south": {"uv": [13, 11, 12.5, 11.5], "texture": "#0"},
				"west": {"uv": [13, 10, 12.5, 10.5], "texture": "#0"},
				"up": {"uv": [2.5, 13.25, 3, 12.75], "texture": "#0"},
				"down": {"uv": [3, 12.75, 3.5, 13.25], "texture": "#0"}
			}
		},
		{
			"from": [4.38743, 10.94634, 8.71556],
			"to": [6.38743, 11.24634, 9.51556],
			"rotation": {"angle": 0, "axis": "y", "origin": [14.08743, 19.94634, 16.41556]},
			"faces": {
				"north": {"uv": [13.5, 1.5, 14, 1.75], "texture": "#0"},
				"east": {"uv": [14, 5.25, 14.25, 5.5], "texture": "#0"},
				"south": {"uv": [13.5, 1.75, 14, 2], "texture": "#0"},
				"west": {"uv": [14, 5.5, 14.25, 5.75], "texture": "#0"},
				"up": {"uv": [14, 2.25, 13.5, 2], "texture": "#0"},
				"down": {"uv": [14, 2.25, 13.5, 2.5], "texture": "#0"}
			}
		},
		{
			"from": [6.58743, 10.94634, 8.91556],
			"to": [7.08743, 11.24634, 9.41556],
			"rotation": {"angle": 0, "axis": "y", "origin": [16.08743, 19.94634, 16.41556]},
			"faces": {
				"north": {"uv": [14, 5.75, 14.25, 6], "texture": "#0"},
				"east": {"uv": [14, 6, 14.25, 6.25], "texture": "#0"},
				"south": {"uv": [14, 6.25, 14.25, 6.5], "texture": "#0"},
				"west": {"uv": [14, 6.5, 14.25, 6.75], "texture": "#0"},
				"up": {"uv": [14.25, 7, 14, 6.75], "texture": "#0"},
				"down": {"uv": [14.25, 7, 14, 7.25], "texture": "#0"}
			}
		},
		{
			"from": [7.38743, 10.94634, 8.91556],
			"to": [7.88743, 11.24634, 9.41556],
			"rotation": {"angle": 0, "axis": "y", "origin": [16.08743, 19.94634, 16.41556]},
			"faces": {
				"north": {"uv": [14, 7.25, 14.25, 7.5], "texture": "#0"},
				"east": {"uv": [14, 7.5, 14.25, 7.75], "texture": "#0"},
				"south": {"uv": [14, 7.75, 14.25, 8], "texture": "#0"},
				"west": {"uv": [14, 8, 14.25, 8.25], "texture": "#0"},
				"up": {"uv": [14.25, 8.5, 14, 8.25], "texture": "#0"},
				"down": {"uv": [14.25, 8.5, 14, 8.75], "texture": "#0"}
			}
		},
		{
			"from": [9.78743, 10.94634, 8.71556],
			"to": [11.78743, 11.24634, 9.51556],
			"rotation": {"angle": 0, "axis": "y", "origin": [2.08743, 19.94634, 16.41556]},
			"faces": {
				"north": {"uv": [13.5, 3.75, 14, 4], "texture": "#0"},
				"east": {"uv": [14, 8.75, 14.25, 9], "texture": "#0"},
				"south": {"uv": [13.5, 4, 14, 4.25], "texture": "#0"},
				"west": {"uv": [14, 9, 14.25, 9.25], "texture": "#0"},
				"up": {"uv": [14, 4.5, 13.5, 4.25], "texture": "#0"},
				"down": {"uv": [14, 4.5, 13.5, 4.75], "texture": "#0"}
			}
		},
		{
			"from": [5.4, 6.87661, 7.92857],
			"to": [7.092, 8.56861, 8.60537],
			"rotation": {"angle": 0, "axis": "y", "origin": [13.14997, 12.79861, 14.27357]},
			"faces": {
				"north": {"uv": [10, 12.75, 10.5, 13.25], "texture": "#0"},
				"east": {"uv": [12.75, 13.5, 13, 14], "texture": "#0"},
				"south": {"uv": [11, 12.75, 11.5, 13.25], "texture": "#0"},
				"west": {"uv": [13.5, 4.75, 13.75, 5.25], "texture": "#0"},
				"up": {"uv": [14, 5.5, 13.5, 5.25], "texture": "#0"},
				"down": {"uv": [14, 5.5, 13.5, 5.75], "texture": "#0"}
			}
		},
		{
			"from": [8.908, 6.87661, 7.92857],
			"to": [10.6, 8.56861, 8.60537],
			"rotation": {"angle": 0, "axis": "y", "origin": [2.85003, 12.79861, 14.27357]},
			"faces": {
				"north": {"uv": [10.5, 12.75, 10, 13.25], "texture": "#0"},
				"east": {"uv": [13.75, 4.75, 13.5, 5.25], "texture": "#0"},
				"south": {"uv": [11.5, 12.75, 11, 13.25], "texture": "#0"},
				"west": {"uv": [13, 13.5, 12.75, 14], "texture": "#0"},
				"up": {"uv": [13.5, 5.5, 14, 5.25], "texture": "#0"},
				"down": {"uv": [13.5, 5.5, 14, 5.75], "texture": "#0"}
			}
		},
		{
			"from": [6.38197, 8.67407, 7.97793],
			"to": [6.80497, 9.09707, 8.40093],
			"rotation": {"angle": 0, "axis": "y", "origin": [13.99597, 14.59607, 14.32293]},
			"faces": {
				"north": {"uv": [14, 9.25, 14.25, 9.5], "texture": "#0"},
				"east": {"uv": [14, 9.5, 14.25, 9.75], "texture": "#0"},
				"south": {"uv": [14, 9.75, 14.25, 10], "texture": "#0"},
				"west": {"uv": [14, 10, 14.25, 10.25], "texture": "#0"},
				"up": {"uv": [14.25, 10.5, 14, 10.25], "texture": "#0"},
				"down": {"uv": [14.25, 10.5, 14, 10.75], "texture": "#0"}
			}
		},
		{
			"from": [6.38197, 6.34815, 7.97793],
			"to": [6.80497, 6.77115, 8.40093],
			"rotation": {"angle": 0, "axis": "y", "origin": [13.99597, 0.84915, 14.32293]},
			"faces": {
				"north": {"uv": [14, 10.75, 14.25, 11], "texture": "#0"},
				"east": {"uv": [14, 11, 14.25, 11.25], "texture": "#0"},
				"south": {"uv": [14, 11.25, 14.25, 11.5], "texture": "#0"},
				"west": {"uv": [14, 11.5, 14.25, 11.75], "texture": "#0"},
				"up": {"uv": [14.25, 12, 14, 11.75], "texture": "#0"},
				"down": {"uv": [14.25, 12, 14, 12.25], "texture": "#0"}
			}
		},
		{
			"from": [9.34297, 8.67407, 7.97793],
			"to": [9.76597, 9.09707, 8.40093],
			"rotation": {"angle": 0, "axis": "y", "origin": [2.15197, 14.59607, 14.32293]},
			"faces": {
				"north": {"uv": [14, 12.25, 14.25, 12.5], "texture": "#0"},
				"east": {"uv": [14, 12.5, 14.25, 12.75], "texture": "#0"},
				"south": {"uv": [14, 12.75, 14.25, 13], "texture": "#0"},
				"west": {"uv": [14, 13, 14.25, 13.25], "texture": "#0"},
				"up": {"uv": [14.25, 13.5, 14, 13.25], "texture": "#0"},
				"down": {"uv": [14.25, 13.5, 14, 13.75], "texture": "#0"}
			}
		},
		{
			"from": [9.34297, 6.34815, 7.97793],
			"to": [9.76597, 6.77115, 8.40093],
			"rotation": {"angle": 0, "axis": "y", "origin": [2.15197, 0.84915, 14.32293]},
			"faces": {
				"north": {"uv": [14, 13.75, 14.25, 14], "texture": "#0"},
				"east": {"uv": [0, 14.25, 0.25, 14.5], "texture": "#0"},
				"south": {"uv": [0.25, 14.25, 0.5, 14.5], "texture": "#0"},
				"west": {"uv": [0.5, 14.25, 0.75, 14.5], "texture": "#0"},
				"up": {"uv": [1, 14.5, 0.75, 14.25], "texture": "#0"},
				"down": {"uv": [1.25, 14.25, 1, 14.5], "texture": "#0"}
			}
		},
		{
			"from": [6.38197, 6.21815, 9.76119],
			"to": [6.80497, 6.64115, 10.18419],
			"rotation": {"angle": 22.5, "axis": "x", "origin": [13.99597, 12.14015, 16.10619]},
			"faces": {
				"north": {"uv": [1.25, 14.25, 1.5, 14.5], "texture": "#0"},
				"east": {"uv": [1.5, 14.25, 1.75, 14.5], "texture": "#0"},
				"south": {"uv": [1.75, 14.25, 2, 14.5], "texture": "#0"},
				"west": {"uv": [2, 14.25, 2.25, 14.5], "texture": "#0"},
				"up": {"uv": [2.5, 14.5, 2.25, 14.25], "texture": "#0"},
				"down": {"uv": [2.75, 14.25, 2.5, 14.5], "texture": "#0"}
			}
		},
		{
			"from": [6.38197, 12.14625, 10.30701],
			"to": [6.80497, 12.56925, 10.73001],
			"rotation": {"angle": -45, "axis": "x", "origin": [13.99597, 6.64725, 16.65201]},
			"faces": {
				"north": {"uv": [2.75, 14.25, 3, 14.5], "texture": "#0"},
				"east": {"uv": [3, 14.25, 3.25, 14.5], "texture": "#0"},
				"south": {"uv": [3.25, 14.25, 3.5, 14.5], "texture": "#0"},
				"west": {"uv": [3.5, 14.25, 3.75, 14.5], "texture": "#0"},
				"up": {"uv": [4, 14.5, 3.75, 14.25], "texture": "#0"},
				"down": {"uv": [4.25, 14.25, 4, 14.5], "texture": "#0"}
			}
		},
		{
			"from": [9.34297, 6.21815, 9.76119],
			"to": [9.76597, 6.64115, 10.18419],
			"rotation": {"angle": 22.5, "axis": "x", "origin": [2.15197, 12.14015, 16.10619]},
			"faces": {
				"north": {"uv": [4.25, 14.25, 4.5, 14.5], "texture": "#0"},
				"east": {"uv": [4.5, 14.25, 4.75, 14.5], "texture": "#0"},
				"south": {"uv": [4.75, 14.25, 5, 14.5], "texture": "#0"},
				"west": {"uv": [5, 14.25, 5.25, 14.5], "texture": "#0"},
				"up": {"uv": [5.5, 14.5, 5.25, 14.25], "texture": "#0"},
				"down": {"uv": [5.75, 14.25, 5.5, 14.5], "texture": "#0"}
			}
		},
		{
			"from": [9.34297, 12.14625, 10.30701],
			"to": [9.76597, 12.56925, 10.73001],
			"rotation": {"angle": -45, "axis": "x", "origin": [2.15197, 6.64725, 16.65201]},
			"faces": {
				"north": {"uv": [5.75, 14.25, 6, 14.5], "texture": "#0"},
				"east": {"uv": [6, 14.25, 6.25, 14.5], "texture": "#0"},
				"south": {"uv": [6.25, 14.25, 6.5, 14.5], "texture": "#0"},
				"west": {"uv": [6.5, 14.25, 6.75, 14.5], "texture": "#0"},
				"up": {"uv": [7, 14.5, 6.75, 14.25], "texture": "#0"},
				"down": {"uv": [7.25, 14.25, 7, 14.5], "texture": "#0"}
			}
		},
		{
			"from": [6.08743, 2.67939, 10.9183],
			"to": [6.58743, 3.17939, 11.4183],
			"rotation": {"angle": 45, "axis": "x", "origin": [15.08743, 9.67939, 18.4183]},
			"faces": {
				"north": {"uv": [7.25, 14.25, 7.5, 14.5], "texture": "#0"},
				"east": {"uv": [7.5, 14.25, 7.75, 14.5], "texture": "#0"},
				"south": {"uv": [7.75, 14.25, 8, 14.5], "texture": "#0"},
				"west": {"uv": [8, 14.25, 8.25, 14.5], "texture": "#0"},
				"up": {"uv": [8.5, 14.5, 8.25, 14.25], "texture": "#0"},
				"down": {"uv": [8.75, 14.25, 8.5, 14.5], "texture": "#0"}
			}
		},
		{
			"from": [9.58743, 2.67939, 10.9183],
			"to": [10.08743, 3.17939, 11.4183],
			"rotation": {"angle": 45, "axis": "x", "origin": [1.08743, 9.67939, 18.4183]},
			"faces": {
				"north": {"uv": [8.75, 14.25, 9, 14.5], "texture": "#0"},
				"east": {"uv": [9, 14.25, 9.25, 14.5], "texture": "#0"},
				"south": {"uv": [9.25, 14.25, 9.5, 14.5], "texture": "#0"},
				"west": {"uv": [9.5, 14.25, 9.75, 14.5], "texture": "#0"},
				"up": {"uv": [10, 14.5, 9.75, 14.25], "texture": "#0"},
				"down": {"uv": [10.25, 14.25, 10, 14.5], "texture": "#0"}
			}
		},
		{
			"from": [6.38197, 10.26061, 5.39057],
			"to": [6.80497, 10.68361, 5.81357],
			"rotation": {"angle": -22.5, "axis": "x", "origin": [13.99597, 16.18261, 11.73557]},
			"faces": {
				"north": {"uv": [10.25, 14.25, 10.5, 14.5], "texture": "#0"},
				"east": {"uv": [10.5, 14.25, 10.75, 14.5], "texture": "#0"},
				"south": {"uv": [10.75, 14.25, 11, 14.5], "texture": "#0"},
				"west": {"uv": [11, 14.25, 11.25, 14.5], "texture": "#0"},
				"up": {"uv": [11.5, 14.5, 11.25, 14.25], "texture": "#0"},
				"down": {"uv": [11.75, 14.25, 11.5, 14.5], "texture": "#0"}
			}
		},
		{
			"from": [6.38197, 4.76161, 5.39057],
			"to": [6.80497, 5.18461, 5.81357],
			"rotation": {"angle": 22.5, "axis": "x", "origin": [13.99597, -0.73739, 11.73557]},
			"faces": {
				"north": {"uv": [11.75, 14.25, 12, 14.5], "texture": "#0"},
				"east": {"uv": [12, 14.25, 12.25, 14.5], "texture": "#0"},
				"south": {"uv": [12.25, 14.25, 12.5, 14.5], "texture": "#0"},
				"west": {"uv": [12.5, 14.25, 12.75, 14.5], "texture": "#0"},
				"up": {"uv": [13, 14.5, 12.75, 14.25], "texture": "#0"},
				"down": {"uv": [13.25, 14.25, 13, 14.5], "texture": "#0"}
			}
		},
		{
			"from": [9.34297, 10.26061, 5.39057],
			"to": [9.76597, 10.68361, 5.81357],
			"rotation": {"angle": -22.5, "axis": "x", "origin": [2.15197, 16.18261, 11.73557]},
			"faces": {
				"north": {"uv": [13.25, 14.25, 13.5, 14.5], "texture": "#0"},
				"east": {"uv": [13.5, 14.25, 13.75, 14.5], "texture": "#0"},
				"south": {"uv": [13.75, 14.25, 14, 14.5], "texture": "#0"},
				"west": {"uv": [14, 14.25, 14.25, 14.5], "texture": "#0"},
				"up": {"uv": [14.5, 14.5, 14.25, 14.25], "texture": "#0"},
				"down": {"uv": [14.5, 0, 14.25, 0.25], "texture": "#0"}
			}
		},
		{
			"from": [9.34297, 4.76161, 5.39057],
			"to": [9.76597, 5.18461, 5.81357],
			"rotation": {"angle": 22.5, "axis": "x", "origin": [2.15197, -0.73739, 11.73557]},
			"faces": {
				"north": {"uv": [14.25, 0.25, 14.5, 0.5], "texture": "#0"},
				"east": {"uv": [14.25, 0.5, 14.5, 0.75], "texture": "#0"},
				"south": {"uv": [14.25, 0.75, 14.5, 1], "texture": "#0"},
				"west": {"uv": [14.25, 1, 14.5, 1.25], "texture": "#0"},
				"up": {"uv": [14.5, 1.5, 14.25, 1.25], "texture": "#0"},
				"down": {"uv": [14.5, 1.5, 14.25, 1.75], "texture": "#0"}
			}
		},
		{
			"from": [5.6, 7.13041, 7.75937],
			"to": [6.869, 8.39941, 8.18237],
			"rotation": {"angle": 0, "axis": "y", "origin": [13.14997, 12.79861, 13.59677]},
			"faces": {
				"north": {"uv": [12.5, 12.75, 13, 13.25], "texture": "#0"},
				"east": {"uv": [13.5, 10.75, 13.75, 11.25], "texture": "#0"},
				"south": {"uv": [12.75, 0, 13.25, 0.5], "texture": "#0"},
				"west": {"uv": [13.5, 11.25, 13.75, 11.75], "texture": "#0"},
				"up": {"uv": [14, 8.25, 13.5, 8], "texture": "#0"},
				"down": {"uv": [14, 9.75, 13.5, 10], "texture": "#0"}
			}
		},
		{
			"from": [9.131, 7.13041, 7.75937],
			"to": [10.4, 8.39941, 8.18237],
			"rotation": {"angle": 0, "axis": "y", "origin": [2.85003, 12.79861, 13.59677]},
			"faces": {
				"north": {"uv": [13, 12.75, 12.5, 13.25], "texture": "#0"},
				"east": {"uv": [13.75, 11.25, 13.5, 11.75], "texture": "#0"},
				"south": {"uv": [13.25, 0, 12.75, 0.5], "texture": "#0"},
				"west": {"uv": [13.75, 10.75, 13.5, 11.25], "texture": "#0"},
				"up": {"uv": [13.5, 8.25, 14, 8], "texture": "#0"},
				"down": {"uv": [13.5, 9.75, 14, 10], "texture": "#0"}
			}
		},
		{
			"from": [5.8, 7.29961, 7.33637],
			"to": [6.646, 8.14561, 7.75937],
			"rotation": {"angle": 0, "axis": "y", "origin": [13.14997, 12.79861, 13.17377]},
			"faces": {
				"north": {"uv": [14.25, 1.75, 14.5, 2], "texture": "#0"},
				"east": {"uv": [14.25, 2, 14.5, 2.25], "texture": "#0"},
				"south": {"uv": [14.25, 2.25, 14.5, 2.5], "texture": "#0"},
				"west": {"uv": [14.25, 2.5, 14.5, 2.75], "texture": "#0"},
				"up": {"uv": [14.5, 3, 14.25, 2.75], "texture": "#0"},
				"down": {"uv": [14.5, 3, 14.25, 3.25], "texture": "#0"}
			}
		},
		{
			"from": [9.354, 7.29961, 7.33637],
			"to": [10.2, 8.14561, 7.75937],
			"rotation": {"angle": 0, "axis": "y", "origin": [2.85003, 12.79861, 13.17377]},
			"faces": {
				"north": {"uv": [14.5, 1.75, 14.25, 2], "texture": "#0"},
				"east": {"uv": [14.5, 2.5, 14.25, 2.75], "texture": "#0"},
				"south": {"uv": [14.5, 2.25, 14.25, 2.5], "texture": "#0"},
				"west": {"uv": [14.5, 2, 14.25, 2.25], "texture": "#0"},
				"up": {"uv": [14.25, 3, 14.5, 2.75], "texture": "#0"},
				"down": {"uv": [14.25, 3, 14.5, 3.25], "texture": "#0"}
			}
		},
		{
			"from": [6, 7.55341, 7.16717],
			"to": [6.423, 7.97641, 7.59017],
			"rotation": {"angle": 0, "axis": "y", "origin": [13.14997, 12.79861, 12.75077]},
			"faces": {
				"north": {"uv": [14.25, 3.25, 14.5, 3.5], "texture": "#0"},
				"east": {"uv": [14.25, 3.5, 14.5, 3.75], "texture": "#0"},
				"south": {"uv": [14.25, 3.75, 14.5, 4], "texture": "#0"},
				"west": {"uv": [14.25, 4, 14.5, 4.25], "texture": "#0"},
				"up": {"uv": [14.5, 4.5, 14.25, 4.25], "texture": "#0"},
				"down": {"uv": [14.5, 4.5, 14.25, 4.75], "texture": "#0"}
			}
		},
		{
			"from": [9.577, 7.55341, 7.16717],
			"to": [10, 7.97641, 7.59017],
			"rotation": {"angle": 0, "axis": "y", "origin": [2.85003, 12.79861, 12.75077]},
			"faces": {
				"north": {"uv": [14.5, 3.25, 14.25, 3.5], "texture": "#0"},
				"east": {"uv": [14.5, 4, 14.25, 4.25], "texture": "#0"},
				"south": {"uv": [14.5, 3.75, 14.25, 4], "texture": "#0"},
				"west": {"uv": [14.5, 3.5, 14.25, 3.75], "texture": "#0"},
				"up": {"uv": [14.25, 4.5, 14.5, 4.25], "texture": "#0"},
				"down": {"uv": [14.25, 4.5, 14.5, 4.75], "texture": "#0"}
			}
		},
		{
			"from": [6.58743, 2.24634, 7.41556],
			"to": [9.58743, 2.74634, 8.91556],
			"rotation": {"angle": 0, "axis": "y", "origin": [15.08743, 9.94634, 15.71556]},
			"faces": {
				"north": {"uv": [13, 9.5, 13.75, 9.75], "texture": "#0"},
				"east": {"uv": [0, 13.75, 0.5, 14], "texture": "#0"},
				"south": {"uv": [13, 10, 13.75, 10.25], "texture": "#0"},
				"west": {"uv": [0.5, 13.75, 1, 14], "texture": "#0"},
				"up": {"uv": [10.5, 12.25, 9.75, 11.75], "texture": "#0"},
				"down": {"uv": [12.5, 9, 11.75, 9.5], "texture": "#0"}
			}
		},
		{
			"from": [6.58743, 4.24634, 7.41556],
			"to": [9.58743, 4.74634, 8.91556],
			"rotation": {"angle": 0, "axis": "y", "origin": [15.08743, 11.94634, 15.71556]},
			"faces": {
				"north": {"uv": [13, 10.25, 13.75, 10.5], "texture": "#0"},
				"east": {"uv": [1, 13.75, 1.5, 14], "texture": "#0"},
				"south": {"uv": [13, 10.5, 13.75, 10.75], "texture": "#0"},
				"west": {"uv": [1.5, 13.75, 2, 14], "texture": "#0"},
				"up": {"uv": [12.5, 10, 11.75, 9.5], "texture": "#0"},
				"down": {"uv": [12.5, 10, 11.75, 10.5], "texture": "#0"}
			}
		},
		{
			"from": [6.58743, 3.74634, 7.41556],
			"to": [7.08743, 4.24634, 7.91556],
			"rotation": {"angle": 0, "axis": "y", "origin": [13.08743, 11.44634, 15.71556]},
			"faces": {
				"north": {"uv": [14.25, 7.75, 14.5, 8], "texture": "#0"},
				"east": {"uv": [14.25, 8, 14.5, 8.25], "texture": "#0"},
				"south": {"uv": [14.25, 8.25, 14.5, 8.5], "texture": "#0"},
				"west": {"uv": [14.25, 8.5, 14.5, 8.75], "texture": "#0"},
				"up": {"uv": [14.5, 9, 14.25, 8.75], "texture": "#0"},
				"down": {"uv": [14.5, 9, 14.25, 9.25], "texture": "#0"}
			}
		},
		{
			"from": [6.58743, 2.74634, 7.41556],
			"to": [7.08743, 3.24634, 7.91556],
			"rotation": {"angle": 0, "axis": "y", "origin": [13.08743, 10.44634, 15.71556]},
			"faces": {
				"north": {"uv": [14.25, 9.25, 14.5, 9.5], "texture": "#0"},
				"east": {"uv": [14.25, 9.5, 14.5, 9.75], "texture": "#0"},
				"south": {"uv": [14.25, 9.75, 14.5, 10], "texture": "#0"},
				"west": {"uv": [14.25, 10, 14.5, 10.25], "texture": "#0"},
				"up": {"uv": [14.5, 10.5, 14.25, 10.25], "texture": "#0"},
				"down": {"uv": [14.5, 10.5, 14.25, 10.75], "texture": "#0"}
			}
		},
		{
			"from": [9.08743, 3.74634, 7.41556],
			"to": [9.58743, 4.24634, 7.91556],
			"rotation": {"angle": 0, "axis": "y", "origin": [2.98743, 11.44634, 15.71556]},
			"faces": {
				"north": {"uv": [14.25, 10.75, 14.5, 11], "texture": "#0"},
				"east": {"uv": [14.25, 11, 14.5, 11.25], "texture": "#0"},
				"south": {"uv": [14.25, 11.25, 14.5, 11.5], "texture": "#0"},
				"west": {"uv": [14.25, 11.5, 14.5, 11.75], "texture": "#0"},
				"up": {"uv": [14.5, 12, 14.25, 11.75], "texture": "#0"},
				"down": {"uv": [14.5, 12, 14.25, 12.25], "texture": "#0"}
			}
		},
		{
			"from": [9.08743, 2.74634, 7.41556],
			"to": [9.58743, 3.24634, 7.91556],
			"rotation": {"angle": 0, "axis": "y", "origin": [2.98743, 10.44634, 15.71556]},
			"faces": {
				"north": {"uv": [14.25, 12.25, 14.5, 12.5], "texture": "#0"},
				"east": {"uv": [14.25, 12.5, 14.5, 12.75], "texture": "#0"},
				"south": {"uv": [14.25, 12.75, 14.5, 13], "texture": "#0"},
				"west": {"uv": [14.25, 13, 14.5, 13.25], "texture": "#0"},
				"up": {"uv": [14.5, 13.5, 14.25, 13.25], "texture": "#0"},
				"down": {"uv": [14.5, 13.5, 14.25, 13.75], "texture": "#0"}
			}
		},
		{
			"from": [9.08743, 3.74634, 8.21556],
			"to": [9.58743, 4.24634, 9.01556],
			"rotation": {"angle": 0, "axis": "y", "origin": [2.98743, 11.44634, 16.71556]},
			"faces": {
				"north": {"uv": [14.25, 13.75, 14.5, 14], "texture": "#0"},
				"east": {"uv": [14.25, 14, 14.5, 14.25], "texture": "#0"},
				"south": {"uv": [0, 14.5, 0.25, 14.75], "texture": "#0"},
				"west": {"uv": [0.25, 14.5, 0.5, 14.75], "texture": "#0"},
				"up": {"uv": [0.75, 14.75, 0.5, 14.5], "texture": "#0"},
				"down": {"uv": [1, 14.5, 0.75, 14.75], "texture": "#0"}
			}
		},
		{
			"from": [9.08743, 2.74634, 8.21556],
			"to": [9.58743, 3.24634, 9.01556],
			"rotation": {"angle": 0, "axis": "y", "origin": [2.98743, 10.44634, 16.71556]},
			"faces": {
				"north": {"uv": [1, 14.5, 1.25, 14.75], "texture": "#0"},
				"east": {"uv": [1.25, 14.5, 1.5, 14.75], "texture": "#0"},
				"south": {"uv": [1.5, 14.5, 1.75, 14.75], "texture": "#0"},
				"west": {"uv": [1.75, 14.5, 2, 14.75], "texture": "#0"},
				"up": {"uv": [2.25, 14.75, 2, 14.5], "texture": "#0"},
				"down": {"uv": [2.5, 14.5, 2.25, 14.75], "texture": "#0"}
			}
		},
		{
			"from": [6.58743, 3.74634, 8.21556],
			"to": [7.08743, 4.24634, 9.01556],
			"rotation": {"angle": 0, "axis": "y", "origin": [13.18743, 11.44634, 16.71556]},
			"faces": {
				"north": {"uv": [2.5, 14.5, 2.75, 14.75], "texture": "#0"},
				"east": {"uv": [2.75, 14.5, 3, 14.75], "texture": "#0"},
				"south": {"uv": [3, 14.5, 3.25, 14.75], "texture": "#0"},
				"west": {"uv": [3.25, 14.5, 3.5, 14.75], "texture": "#0"},
				"up": {"uv": [3.75, 14.75, 3.5, 14.5], "texture": "#0"},
				"down": {"uv": [4, 14.5, 3.75, 14.75], "texture": "#0"}
			}
		},
		{
			"from": [6.58743, 2.74634, 8.21556],
			"to": [7.08743, 3.24634, 9.01556],
			"rotation": {"angle": 0, "axis": "y", "origin": [13.18743, 10.44634, 16.71556]},
			"faces": {
				"north": {"uv": [4, 14.5, 4.25, 14.75], "texture": "#0"},
				"east": {"uv": [4.25, 14.5, 4.5, 14.75], "texture": "#0"},
				"south": {"uv": [4.5, 14.5, 4.75, 14.75], "texture": "#0"},
				"west": {"uv": [4.75, 14.5, 5, 14.75], "texture": "#0"},
				"up": {"uv": [5.25, 14.75, 5, 14.5], "texture": "#0"},
				"down": {"uv": [5.5, 14.5, 5.25, 14.75], "texture": "#0"}
			}
		},
		{
			"from": [7.18743, 3.74634, 7.41556],
			"to": [7.98743, 4.24634, 7.91556],
			"rotation": {"angle": 0, "axis": "y", "origin": [13.08743, 11.44634, 15.71556]},
			"faces": {
				"north": {"uv": [5.5, 14.5, 5.75, 14.75], "texture": "#0"},
				"east": {"uv": [5.75, 14.5, 6, 14.75], "texture": "#0"},
				"south": {"uv": [6, 14.5, 6.25, 14.75], "texture": "#0"},
				"west": {"uv": [6.25, 14.5, 6.5, 14.75], "texture": "#0"},
				"up": {"uv": [6.75, 14.75, 6.5, 14.5], "texture": "#0"},
				"down": {"uv": [7, 14.5, 6.75, 14.75], "texture": "#0"}
			}
		},
		{
			"from": [7.18743, 2.74634, 7.41556],
			"to": [7.98743, 3.24634, 7.91556],
			"rotation": {"angle": 0, "axis": "y", "origin": [13.08743, 10.44634, 15.71556]},
			"faces": {
				"north": {"uv": [7, 14.5, 7.25, 14.75], "texture": "#0"},
				"east": {"uv": [7.25, 14.5, 7.5, 14.75], "texture": "#0"},
				"south": {"uv": [7.5, 14.5, 7.75, 14.75], "texture": "#0"},
				"west": {"uv": [7.75, 14.5, 8, 14.75], "texture": "#0"},
				"up": {"uv": [8.25, 14.75, 8, 14.5], "texture": "#0"},
				"down": {"uv": [8.5, 14.5, 8.25, 14.75], "texture": "#0"}
			}
		},
		{
			"from": [8.18743, 3.74634, 7.41556],
			"to": [8.98743, 4.24634, 7.91556],
			"rotation": {"angle": 0, "axis": "y", "origin": [3.08743, 11.44634, 15.71556]},
			"faces": {
				"north": {"uv": [8.5, 14.5, 8.75, 14.75], "texture": "#0"},
				"east": {"uv": [8.75, 14.5, 9, 14.75], "texture": "#0"},
				"south": {"uv": [9, 14.5, 9.25, 14.75], "texture": "#0"},
				"west": {"uv": [9.25, 14.5, 9.5, 14.75], "texture": "#0"},
				"up": {"uv": [9.75, 14.75, 9.5, 14.5], "texture": "#0"},
				"down": {"uv": [10, 14.5, 9.75, 14.75], "texture": "#0"}
			}
		},
		{
			"from": [8.18743, 2.74634, 7.41556],
			"to": [8.98743, 3.24634, 7.91556],
			"rotation": {"angle": 0, "axis": "y", "origin": [3.08743, 10.44634, 15.71556]},
			"faces": {
				"north": {"uv": [10, 14.5, 10.25, 14.75], "texture": "#0"},
				"east": {"uv": [10.25, 14.5, 10.5, 14.75], "texture": "#0"},
				"south": {"uv": [10.5, 14.5, 10.75, 14.75], "texture": "#0"},
				"west": {"uv": [10.75, 14.5, 11, 14.75], "texture": "#0"},
				"up": {"uv": [11.25, 14.75, 11, 14.5], "texture": "#0"},
				"down": {"uv": [11.5, 14.5, 11.25, 14.75], "texture": "#0"}
			}
		},
		{
			"from": [4.53743, 3.44634, 8.96556],
			"to": [5.03743, 4.94634, 9.46556],
			"rotation": {"angle": 0, "axis": "y", "origin": [12.38743, 10.94634, 16.71556]},
			"faces": {
				"north": {"uv": [2, 13.75, 2.25, 14.25], "texture": "#0"},
				"east": {"uv": [2.25, 13.75, 2.5, 14.25], "texture": "#0"},
				"south": {"uv": [2.5, 13.75, 2.75, 14.25], "texture": "#0"},
				"west": {"uv": [2.75, 13.75, 3, 14.25], "texture": "#0"},
				"up": {"uv": [11.75, 14.75, 11.5, 14.5], "texture": "#0"},
				"down": {"uv": [12, 14.5, 11.75, 14.75], "texture": "#0"}
			}
		},
		{
			"from": [11.13743, 3.44634, 8.96556],
			"to": [11.63743, 4.94634, 9.46556],
			"rotation": {"angle": 0, "axis": "y", "origin": [3.78743, 10.94634, 16.71556]},
			"faces": {
				"north": {"uv": [3, 13.75, 3.25, 14.25], "texture": "#0"},
				"east": {"uv": [3.25, 13.75, 3.5, 14.25], "texture": "#0"},
				"south": {"uv": [3.5, 13.75, 3.75, 14.25], "texture": "#0"},
				"west": {"uv": [3.75, 13.75, 4, 14.25], "texture": "#0"},
				"up": {"uv": [12.25, 14.75, 12, 14.5], "texture": "#0"},
				"down": {"uv": [12.5, 14.5, 12.25, 14.75], "texture": "#0"}
			}
		},
		{
			"from": [1.2611, 5.41756, 8.96556],
			"to": [1.7611, 5.91756, 9.46556],
			"rotation": {"angle": 22.5, "axis": "z", "origin": [9.1111, 12.91756, 16.71556]},
			"faces": {
				"north": {"uv": [12.5, 14.5, 12.75, 14.75], "texture": "#0"},
				"east": {"uv": [12.75, 14.5, 13, 14.75], "texture": "#0"},
				"south": {"uv": [13, 14.5, 13.25, 14.75], "texture": "#0"},
				"west": {"uv": [13.25, 14.5, 13.5, 14.75], "texture": "#0"},
				"up": {"uv": [13.75, 14.75, 13.5, 14.5], "texture": "#0"},
				"down": {"uv": [14, 14.5, 13.75, 14.75], "texture": "#0"}
			}
		},
		{
			"from": [14.41376, 5.41756, 8.96556],
			"to": [14.91376, 5.91756, 9.46556],
			"rotation": {"angle": -22.5, "axis": "z", "origin": [7.06376, 12.91756, 16.71556]},
			"faces": {
				"north": {"uv": [14, 14.5, 14.25, 14.75], "texture": "#0"},
				"east": {"uv": [14.25, 14.5, 14.5, 14.75], "texture": "#0"},
				"south": {"uv": [14.5, 14.5, 14.75, 14.75], "texture": "#0"},
				"west": {"uv": [14.5, 0, 14.75, 0.25], "texture": "#0"},
				"up": {"uv": [14.75, 0.5, 14.5, 0.25], "texture": "#0"},
				"down": {"uv": [14.75, 0.5, 14.5, 0.75], "texture": "#0"}
			}
		},
		{
			"from": [-2.52018, 5.98494, 8.96556],
			"to": [-2.02018, 6.48494, 9.46556],
			"rotation": {"angle": 45, "axis": "z", "origin": [5.32982, 13.48494, 16.71556]},
			"faces": {
				"north": {"uv": [14.5, 0.75, 14.75, 1], "texture": "#0"},
				"east": {"uv": [14.5, 1, 14.75, 1.25], "texture": "#0"},
				"south": {"uv": [14.5, 1.25, 14.75, 1.5], "texture": "#0"},
				"west": {"uv": [14.5, 1.5, 14.75, 1.75], "texture": "#0"},
				"up": {"uv": [14.75, 2, 14.5, 1.75], "texture": "#0"},
				"down": {"uv": [14.75, 2, 14.5, 2.25], "texture": "#0"}
			}
		},
		{
			"from": [18.19505, 5.98494, 8.96556],
			"to": [18.69505, 6.48494, 9.46556],
			"rotation": {"angle": -45, "axis": "z", "origin": [10.84505, 13.48494, 16.71556]},
			"faces": {
				"north": {"uv": [14.5, 2.25, 14.75, 2.5], "texture": "#0"},
				"east": {"uv": [14.5, 2.5, 14.75, 2.75], "texture": "#0"},
				"south": {"uv": [14.5, 2.75, 14.75, 3], "texture": "#0"},
				"west": {"uv": [14.5, 3, 14.75, 3.25], "texture": "#0"},
				"up": {"uv": [14.75, 3.5, 14.5, 3.25], "texture": "#0"},
				"down": {"uv": [14.75, 3.5, 14.5, 3.75], "texture": "#0"}
			}
		},
		{
			"from": [8.61924, 4.71209, 8.96556],
			"to": [10.11924, 5.21209, 9.46556],
			"rotation": {"angle": -22.5, "axis": "z", "origin": [1.61924, 12.56209, 16.71556]},
			"faces": {
				"north": {"uv": [4, 13.75, 4.5, 14], "texture": "#0"},
				"east": {"uv": [14.5, 3.75, 14.75, 4], "texture": "#0"},
				"south": {"uv": [4.5, 13.75, 5, 14], "texture": "#0"},
				"west": {"uv": [14.5, 4, 14.75, 4.25], "texture": "#0"},
				"up": {"uv": [6, 14, 5.5, 13.75], "texture": "#0"},
				"down": {"uv": [6.5, 13.75, 6, 14], "texture": "#0"}
			}
		},
		{
			"from": [6.05563, 4.71209, 8.96556],
			"to": [7.55563, 5.21209, 9.46556],
			"rotation": {"angle": 22.5, "axis": "z", "origin": [14.55563, 12.56209, 16.71556]},
			"faces": {
				"north": {"uv": [6.5, 13.75, 7, 14], "texture": "#0"},
				"east": {"uv": [14.5, 4.25, 14.75, 4.5], "texture": "#0"},
				"south": {"uv": [7, 13.75, 7.5, 14], "texture": "#0"},
				"west": {"uv": [14.5, 4.5, 14.75, 4.75], "texture": "#0"},
				"up": {"uv": [8, 14, 7.5, 13.75], "texture": "#0"},
				"down": {"uv": [8.5, 13.75, 8, 14], "texture": "#0"}
			}
		}
	],
	"display": {
		"thirdperson_righthand": {
			"rotation": [60, 0, 0],
			"translation": [0, 0.5, 1],
			"scale": [0.4, 0.4, 0.4]
		},
		"thirdperson_lefthand": {
			"rotation": [60, 0, 0],
			"translation": [0, 0.5, 1],
			"scale": [0.4, 0.4, 0.4]
		},
		"firstperson_righthand": {
			"rotation": [0, 100, 0],
			"translation": [0, 3, 0],
			"scale": [0.4, 0.4, 0.4]
		},
		"firstperson_lefthand": {
			"rotation": [0, 100, 0],
			"translation": [0, 3, 0],
			"scale": [0.4, 0.4, 0.4]
		},
		"ground": {
			"scale": [0.5, 0.5, 0.5]
		},
		"gui": {
			"rotation": [20, -30, 0],
			"translation": [-0.25, -1.5, 0],
			"scale": [-0.7, 0.7, -0.7]
		},
		"head": {
			"translation": [0, 6, -3],
			"scale": [1.8, 1.8, 1.8]
		},
		"fixed": {
			"translation": [0, -2.5, -1.5],
			"scale": [0.9, 0.9, 0.9]
		}
	}
}