{
	"textures": {
		"0": "mnaf:animatronics/heads/starlit_chica"
	},
	"elements": [
		{
			"from": [3.85, 8.75, 4],
			"to": [12.15, 10.25, 13],
			"rotation": {"angle": 0, "axis": "y", "origin": [7.85, -14.25, 8]},
			"faces": {
				"north": {"uv": [8.5, 8.5, 10.5, 9], "texture": "#0"},
				"east": {"uv": [4, 3.5, 6.25, 4], "texture": "#0"},
				"south": {"uv": [8.5, 7.75, 10.5, 8.25], "texture": "#0"},
				"west": {"uv": [8, 4, 10.25, 4.5], "texture": "#0"},
				"up": {"uv": [2, 2.25, 0, 0], "texture": "#0"},
				"down": {"uv": [4, 2, 2, 4.25], "texture": "#0"}
			}
		},
		{
			"from": [3.85, 1.95, 4],
			"to": [4.85, 8.75, 13],
			"rotation": {"angle": 0, "axis": "y", "origin": [7.85, -15.05, 8]},
			"faces": {
				"north": {"uv": [1.75, 2.25, 2, 4], "texture": "#0"},
				"east": {"uv": [2, 0, 4.25, 1.75], "texture": "#0"},
				"south": {"uv": [10.75, 1.5, 11, 3.25], "texture": "#0"},
				"west": {"uv": [4, 4, 6.25, 5.75], "texture": "#0"},
				"up": {"uv": [3.25, 12.75, 3, 10.5], "texture": "#0"},
				"down": {"uv": [3.5, 10.5, 3.25, 12.75], "texture": "#0"}
			}
		},
		{
			"from": [3.3, 2.35, 5],
			"to": [4.3, 9.65, 12],
			"rotation": {"angle": 0, "axis": "y", "origin": [6.85, -14.55, 8]},
			"faces": {
				"north": {"uv": [1.5, 11, 1.75, 12.75], "texture": "#0"},
				"east": {"uv": [0, 2.25, 1.75, 4], "texture": "#0"},
				"south": {"uv": [1.75, 11, 2, 12.75], "texture": "#0"},
				"west": {"uv": [2.25, 4.25, 4, 6], "texture": "#0"},
				"up": {"uv": [2.25, 12.75, 2, 11], "texture": "#0"},
				"down": {"uv": [2.5, 11, 2.25, 12.75], "texture": "#0"}
			}
		},
		{
			"from": [11.7, 2.35, 5],
			"to": [12.7, 9.65, 12],
			"rotation": {"angle": 0, "axis": "y", "origin": [9.15, -14.55, 8]},
			"faces": {
				"north": {"uv": [11, 11, 11.25, 12.75], "texture": "#0"},
				"east": {"uv": [4.25, 0, 6, 1.75], "texture": "#0"},
				"south": {"uv": [11, 1.5, 11.25, 3.25], "texture": "#0"},
				"west": {"uv": [4, 5.75, 5.75, 7.5], "texture": "#0"},
				"up": {"uv": [1.25, 13, 1, 11.25], "texture": "#0"},
				"down": {"uv": [1.5, 11.25, 1.25, 13], "texture": "#0"}
			}
		},
		{
			"from": [4.85, 4.25, 4],
			"to": [11.15, 5.25, 5],
			"rotation": {"angle": 0, "axis": "y", "origin": [8.85, -14.75, 8]},
			"faces": {
				"north": {"uv": [11, 10, 12.5, 10.25], "texture": "#0"},
				"east": {"uv": [6, 1.5, 6.25, 1.75], "texture": "#0"},
				"south": {"uv": [11, 10.25, 12.5, 10.5], "texture": "#0"},
				"west": {"uv": [8.25, 11.25, 8.5, 11.5], "texture": "#0"},
				"up": {"uv": [12.5, 10.75, 11, 10.5], "texture": "#0"},
				"down": {"uv": [12.5, 10.75, 11, 11], "texture": "#0"}
			}
		},
		{
			"from": [9.85, 1.95, 4],
			"to": [11.15, 4.25, 5],
			"rotation": {"angle": 0, "axis": "y", "origin": [8.85, -16.05, 8]},
			"faces": {
				"north": {"uv": [7.5, 9, 7.75, 9.5], "texture": "#0"},
				"east": {"uv": [2.5, 13, 2.75, 13.5], "texture": "#0"},
				"south": {"uv": [5, 13, 5.25, 13.5], "texture": "#0"},
				"west": {"uv": [5.25, 13, 5.5, 13.5], "texture": "#0"},
				"up": {"uv": [12.5, 4.5, 12.25, 4.25], "texture": "#0"},
				"down": {"uv": [2.25, 13.75, 2, 14], "texture": "#0"}
			}
		},
		{
			"from": [4.85, 1.95, 4],
			"to": [6.15, 4.25, 5],
			"rotation": {"angle": 0, "axis": "y", "origin": [7.15, -16.05, 8]},
			"faces": {
				"north": {"uv": [9.75, 13, 10, 13.5], "texture": "#0"},
				"east": {"uv": [10, 13, 10.25, 13.5], "texture": "#0"},
				"south": {"uv": [10.25, 13, 10.5, 13.5], "texture": "#0"},
				"west": {"uv": [10.5, 13, 10.75, 13.5], "texture": "#0"},
				"up": {"uv": [6.25, 14, 6, 13.75], "texture": "#0"},
				"down": {"uv": [6.5, 13.75, 6.25, 14], "texture": "#0"}
			}
		},
		{
			"from": [11.15, 1.95, 4],
			"to": [12.15, 8.75, 13],
			"rotation": {"angle": 0, "axis": "y", "origin": [8.45, -15.05, 8]},
			"faces": {
				"north": {"uv": [5, 11.25, 5.25, 13], "texture": "#0"},
				"east": {"uv": [4, 1.75, 6.25, 3.5], "texture": "#0"},
				"south": {"uv": [5.25, 11.25, 5.5, 13], "texture": "#0"},
				"west": {"uv": [0, 4.25, 2.25, 6], "texture": "#0"},
				"up": {"uv": [3.75, 13, 3.5, 10.75], "texture": "#0"},
				"down": {"uv": [4, 10.75, 3.75, 13], "texture": "#0"}
			}
		},
		{
			"from": [4.85, 7.95, 4],
			"to": [11.15, 8.75, 5],
			"rotation": {"angle": 0, "axis": "y", "origin": [6.15, -15.05, 8]},
			"faces": {
				"north": {"uv": [9, 11.25, 10.5, 11.5], "texture": "#0"},
				"east": {"uv": [6.5, 13.75, 6.75, 14], "texture": "#0"},
				"south": {"uv": [11.25, 11.25, 12.75, 11.5], "texture": "#0"},
				"west": {"uv": [6.75, 13.75, 7, 14], "texture": "#0"},
				"up": {"uv": [12.75, 0.75, 11.25, 0.5], "texture": "#0"},
				"down": {"uv": [12.75, 0.75, 11.25, 1], "texture": "#0"}
			}
		},
		{
			"from": [7.1, 7.45, 4],
			"to": [8.9, 7.95, 5],
			"rotation": {"angle": 0, "axis": "y", "origin": [8.4, -16.15, 8]},
			"faces": {
				"north": {"uv": [7.75, 7.5, 8.25, 7.75], "texture": "#0"},
				"east": {"uv": [7, 13.75, 7.25, 14], "texture": "#0"},
				"south": {"uv": [10.75, 13, 11.25, 13.25], "texture": "#0"},
				"west": {"uv": [7.25, 13.75, 7.5, 14], "texture": "#0"},
				"up": {"uv": [11.75, 13.25, 11.25, 13], "texture": "#0"},
				"down": {"uv": [12.25, 13, 11.75, 13.25], "texture": "#0"}
			}
		},
		{
			"from": [7.1, 5.25, 4],
			"to": [8.9, 5.75, 5],
			"rotation": {"angle": 0, "axis": "y", "origin": [8.4, -18.15, 8]},
			"faces": {
				"north": {"uv": [12.25, 13, 12.75, 13.25], "texture": "#0"},
				"east": {"uv": [8, 13.75, 8.25, 14], "texture": "#0"},
				"south": {"uv": [12.75, 13, 13.25, 13.25], "texture": "#0"},
				"west": {"uv": [8.25, 13.75, 8.5, 14], "texture": "#0"},
				"up": {"uv": [13.5, 0.25, 13, 0], "texture": "#0"},
				"down": {"uv": [13.5, 0.25, 13, 0.5], "texture": "#0"}
			}
		},
		{
			"from": [10.65, 7.65, 4],
			"to": [11.15, 7.95, 5],
			"rotation": {"angle": 0, "axis": "y", "origin": [11.15, -15.75, 8]},
			"faces": {
				"north": {"uv": [8.5, 13.75, 8.75, 14], "texture": "#0"},
				"east": {"uv": [8.75, 13.75, 9, 14], "texture": "#0"},
				"south": {"uv": [9, 13.75, 9.25, 14], "texture": "#0"},
				"west": {"uv": [9.25, 13.75, 9.5, 14], "texture": "#0"},
				"up": {"uv": [9.75, 14, 9.5, 13.75], "texture": "#0"},
				"down": {"uv": [10, 13.75, 9.75, 14], "texture": "#0"}
			}
		},
		{
			"from": [10.65, 5.25, 4],
			"to": [11.15, 5.55, 5],
			"rotation": {"angle": 0, "axis": "y", "origin": [11.15, -18.15, 8]},
			"faces": {
				"north": {"uv": [10, 13.75, 10.25, 14], "texture": "#0"},
				"east": {"uv": [10.25, 13.75, 10.5, 14], "texture": "#0"},
				"south": {"uv": [10.5, 13.75, 10.75, 14], "texture": "#0"},
				"west": {"uv": [10.75, 13.75, 11, 14], "texture": "#0"},
				"up": {"uv": [11.25, 14, 11, 13.75], "texture": "#0"},
				"down": {"uv": [11.5, 13.75, 11.25, 14], "texture": "#0"}
			}
		},
		{
			"from": [4.8, 7.65, 4],
			"to": [5.3, 7.95, 5],
			"rotation": {"angle": 0, "axis": "y", "origin": [5.1, -15.75, 8]},
			"faces": {
				"north": {"uv": [11.5, 13.75, 11.75, 14], "texture": "#0"},
				"east": {"uv": [11.75, 13.75, 12, 14], "texture": "#0"},
				"south": {"uv": [12, 13.75, 12.25, 14], "texture": "#0"},
				"west": {"uv": [12.25, 13.75, 12.5, 14], "texture": "#0"},
				"up": {"uv": [12.75, 14, 12.5, 13.75], "texture": "#0"},
				"down": {"uv": [13, 13.75, 12.75, 14], "texture": "#0"}
			}
		},
		{
			"from": [4.85, 5.25, 4],
			"to": [5.35, 5.55, 5],
			"rotation": {"angle": 0, "axis": "y", "origin": [4.85, -18.15, 8]},
			"faces": {
				"north": {"uv": [13, 13.75, 13.25, 14], "texture": "#0"},
				"east": {"uv": [13.25, 13.75, 13.5, 14], "texture": "#0"},
				"south": {"uv": [13.75, 13.75, 14, 14], "texture": "#0"},
				"west": {"uv": [13.75, 0, 14, 0.25], "texture": "#0"},
				"up": {"uv": [14, 0.5, 13.75, 0.25], "texture": "#0"},
				"down": {"uv": [14, 0.75, 13.75, 1], "texture": "#0"}
			}
		},
		{
			"from": [7.35, 5.75, 4],
			"to": [8.65, 7.45, 5],
			"rotation": {"angle": 0, "axis": "y", "origin": [8.65, -16.65, 8]},
			"faces": {
				"north": {"uv": [13, 0.75, 13.25, 1.25], "texture": "#0"},
				"east": {"uv": [13, 1.25, 13.25, 1.75], "texture": "#0"},
				"south": {"uv": [13, 1.75, 13.25, 2.25], "texture": "#0"},
				"west": {"uv": [13, 2.5, 13.25, 3], "texture": "#0"},
				"up": {"uv": [14, 1.25, 13.75, 1], "texture": "#0"},
				"down": {"uv": [14, 1.25, 13.75, 1.5], "texture": "#0"}
			}
		},
		{
			"from": [4.85, 2.45, 12],
			"to": [11.15, 8.75, 13],
			"rotation": {"angle": 0, "axis": "y", "origin": [7.15, -14.55, 9]},
			"faces": {
				"north": {"uv": [1.75, 7.5, 3.25, 9], "texture": "#0"},
				"east": {"uv": [3.75, 6, 4, 7.5], "texture": "#0"},
				"south": {"uv": [3.25, 7.5, 4.75, 9], "texture": "#0"},
				"west": {"uv": [5.5, 11.25, 5.75, 12.75], "texture": "#0"},
				"up": {"uv": [12.75, 1.25, 11.25, 1], "texture": "#0"},
				"down": {"uv": [12.75, 1.25, 11.25, 1.5], "texture": "#0"}
			}
		},
		{
			"from": [4.25, 1.25, 11.5],
			"to": [11.75, 2.75, 12.8],
			"rotation": {"angle": 0, "axis": "y", "origin": [8.25, -21.75, 8.35]},
			"faces": {
				"north": {"uv": [8.75, 4.5, 10.75, 5], "texture": "#0"},
				"east": {"uv": [13, 3, 13.25, 3.5], "texture": "#0"},
				"south": {"uv": [8.75, 5, 10.75, 5.5], "texture": "#0"},
				"west": {"uv": [13, 3.5, 13.25, 4], "texture": "#0"},
				"up": {"uv": [4, 2, 2, 1.75], "texture": "#0"},
				"down": {"uv": [2, 4, 0, 4.25], "texture": "#0"}
			}
		},
		{
			"from": [9.95, 1.25, 4.5],
			"to": [11.75, 2.75, 11.5],
			"rotation": {"angle": 0, "axis": "y", "origin": [8.2, -21.75, 7.15]},
			"faces": {
				"north": {"uv": [4, 11.75, 4.5, 12.25], "texture": "#0"},
				"east": {"uv": [9.5, 9.5, 11.25, 10], "texture": "#0"},
				"south": {"uv": [4.5, 11.75, 5, 12.25], "texture": "#0"},
				"west": {"uv": [9.5, 5.5, 11.25, 6], "texture": "#0"},
				"up": {"uv": [1.5, 11.25, 1, 9.5], "texture": "#0"},
				"down": {"uv": [8, 9.5, 7.5, 11.25], "texture": "#0"}
			}
		},
		{
			"from": [4.25, 1.25, 4.5],
			"to": [6.05, 2.75, 11.5],
			"rotation": {"angle": 0, "axis": "y", "origin": [7.8, -21.75, 7.15]},
			"faces": {
				"north": {"uv": [6, 11.75, 6.5, 12.25], "texture": "#0"},
				"east": {"uv": [9.5, 6, 11.25, 6.5], "texture": "#0"},
				"south": {"uv": [6.5, 11.75, 7, 12.25], "texture": "#0"},
				"west": {"uv": [9.5, 6.5, 11.25, 7], "texture": "#0"},
				"up": {"uv": [8.5, 11.25, 8, 9.5], "texture": "#0"},
				"down": {"uv": [7, 10, 6.5, 11.75], "texture": "#0"}
			}
		},
		{
			"from": [5, 0.55, 5],
			"to": [11, 1.55, 11.5],
			"rotation": {"angle": 0, "axis": "y", "origin": [9, -24, 9]},
			"faces": {
				"north": {"uv": [11.25, 1.5, 12.75, 1.75], "texture": "#0"},
				"east": {"uv": [11.25, 1.75, 12.75, 2], "texture": "#0"},
				"south": {"uv": [11.25, 2, 12.75, 2.25], "texture": "#0"},
				"west": {"uv": [11.25, 2.25, 12.75, 2.5], "texture": "#0"},
				"up": {"uv": [6.25, 9, 4.75, 7.5], "texture": "#0"},
				"down": {"uv": [7.75, 7.5, 6.25, 9], "texture": "#0"}
			}
		},
		{
			"from": [2.5, 3.45, 6.5],
			"to": [3.5, 6.95, 11.5],
			"rotation": {"angle": 0, "axis": "y", "origin": [-1.9675, -12.5, 9.5]},
			"faces": {
				"north": {"uv": [2.75, 11.75, 3, 12.75], "texture": "#0"},
				"east": {"uv": [8, 0, 9.25, 1], "texture": "#0"},
				"south": {"uv": [7.5, 11.75, 7.75, 12.75], "texture": "#0"},
				"west": {"uv": [8, 1, 9.25, 2], "texture": "#0"},
				"up": {"uv": [1.75, 9, 1.5, 7.75], "texture": "#0"},
				"down": {"uv": [6, 11.25, 5.75, 12.5], "texture": "#0"}
			}
		},
		{
			"from": [12.5, 3.45, 6.5],
			"to": [13.5, 6.95, 11.5],
			"rotation": {"angle": 0, "axis": "y", "origin": [17.9675, -12.5, 9.5]},
			"faces": {
				"north": {"uv": [7.75, 11.75, 8, 12.75], "texture": "#0"},
				"east": {"uv": [8, 2, 9.25, 3], "texture": "#0"},
				"south": {"uv": [8, 11.75, 8.25, 12.75], "texture": "#0"},
				"west": {"uv": [8, 3, 9.25, 4], "texture": "#0"},
				"up": {"uv": [10, 12.75, 9.75, 11.5], "texture": "#0"},
				"down": {"uv": [10.25, 11.5, 10, 12.75], "texture": "#0"}
			}
		},
		{
			"from": [2.7, 2.75, 7.5],
			"to": [3.7, 7.75, 10.5],
			"rotation": {"angle": 0, "axis": "y", "origin": [-1.9675, -11, 10.5]},
			"faces": {
				"north": {"uv": [10.25, 11.5, 10.5, 12.75], "texture": "#0"},
				"east": {"uv": [3.5, 9.5, 4.25, 10.75], "texture": "#0"},
				"south": {"uv": [11.25, 11.5, 11.5, 12.75], "texture": "#0"},
				"west": {"uv": [4.25, 9.5, 5, 10.75], "texture": "#0"},
				"up": {"uv": [2.5, 13.5, 2.25, 12.75], "texture": "#0"},
				"down": {"uv": [3, 12.75, 2.75, 13.5], "texture": "#0"}
			}
		},
		{
			"from": [12.3, 2.75, 7.5],
			"to": [13.3, 7.75, 10.5],
			"rotation": {"angle": 0, "axis": "y", "origin": [17.9675, -11, 10.5]},
			"faces": {
				"north": {"uv": [11.5, 11.5, 11.75, 12.75], "texture": "#0"},
				"east": {"uv": [5, 9.5, 5.75, 10.75], "texture": "#0"},
				"south": {"uv": [0, 11.75, 0.25, 13], "texture": "#0"},
				"west": {"uv": [5.75, 9.5, 6.5, 10.75], "texture": "#0"},
				"up": {"uv": [3.25, 13.5, 3, 12.75], "texture": "#0"},
				"down": {"uv": [3.5, 12.75, 3.25, 13.5], "texture": "#0"}
			}
		},
		{
			"from": [4.4925, 9.05, 4.3],
			"to": [11.4925, 9.55, 11.6],
			"rotation": {"angle": 0, "axis": "y", "origin": [8.4925, -6.25, 8]},
			"faces": {
				"north": {"uv": [10.75, 3.25, 12.5, 3.5], "texture": "#0"},
				"east": {"uv": [10.75, 3.5, 12.5, 3.75], "texture": "#0"},
				"south": {"uv": [10.75, 3.75, 12.5, 4], "texture": "#0"},
				"west": {"uv": [10.75, 4, 12.5, 4.25], "texture": "#0"},
				"up": {"uv": [7.5, 7.5, 5.75, 5.75], "texture": "#0"},
				"down": {"uv": [1.75, 6, 0, 7.75], "texture": "#0"}
			}
		},
		{
			"from": [8.8, 9.95, 4.85],
			"to": [11.8, 11.25, 12.15],
			"rotation": {"angle": 0, "axis": "y", "origin": [8.5, -4.65, 9.55]},
			"faces": {
				"north": {"uv": [8.75, 5.5, 9.5, 5.75], "texture": "#0"},
				"east": {"uv": [10.75, 4.5, 12.5, 4.75], "texture": "#0"},
				"south": {"uv": [7, 12.75, 7.75, 13], "texture": "#0"},
				"west": {"uv": [10.75, 4.75, 12.5, 5], "texture": "#0"},
				"up": {"uv": [8.25, 7.5, 7.5, 5.75], "texture": "#0"},
				"down": {"uv": [0.75, 7.75, 0, 9.5], "texture": "#0"}
			}
		},
		{
			"from": [4.2, 9.95, 4.85],
			"to": [7.2, 11.25, 12.15],
			"rotation": {"angle": 0, "axis": "y", "origin": [7.5, -4.65, 9.55]},
			"faces": {
				"north": {"uv": [7.75, 12.75, 8.5, 13], "texture": "#0"},
				"east": {"uv": [10.75, 5, 12.5, 5.25], "texture": "#0"},
				"south": {"uv": [8.5, 12.75, 9.25, 13], "texture": "#0"},
				"west": {"uv": [10.75, 5.25, 12.5, 5.5], "texture": "#0"},
				"up": {"uv": [1.5, 9.5, 0.75, 7.75], "texture": "#0"},
				"down": {"uv": [8.5, 7.75, 7.75, 9.5], "texture": "#0"}
			}
		},
		{
			"from": [4.7925, 11.25, 6],
			"to": [6.7925, 11.55, 11],
			"rotation": {"angle": 0, "axis": "y", "origin": [7.4925, -3.35, 10.7]},
			"faces": {
				"north": {"uv": [13, 4, 13.5, 4.25], "texture": "#0"},
				"east": {"uv": [11.25, 3, 12.5, 3.25], "texture": "#0"},
				"south": {"uv": [13, 4.25, 13.5, 4.5], "texture": "#0"},
				"west": {"uv": [11.25, 11, 12.5, 11.25], "texture": "#0"},
				"up": {"uv": [10.75, 4.25, 10.25, 3], "texture": "#0"},
				"down": {"uv": [0.5, 10.5, 0, 11.75], "texture": "#0"}
			}
		},
		{
			"from": [9.1925, 11.25, 6],
			"to": [11.1925, 11.55, 11],
			"rotation": {"angle": 0, "axis": "y", "origin": [8.4925, -3.35, 10.7]},
			"faces": {
				"north": {"uv": [13, 4.5, 13.5, 4.75], "texture": "#0"},
				"east": {"uv": [11.75, 11.75, 13, 12], "texture": "#0"},
				"south": {"uv": [13, 4.75, 13.5, 5], "texture": "#0"},
				"west": {"uv": [11.75, 0, 13, 0.25], "texture": "#0"},
				"up": {"uv": [1, 11.75, 0.5, 10.5], "texture": "#0"},
				"down": {"uv": [3, 10.5, 2.5, 11.75], "texture": "#0"}
			}
		},
		{
			"from": [7.1925, 10.15, 4.75],
			"to": [8.7925, 10.95, 12.25],
			"rotation": {"angle": 0, "axis": "y", "origin": [11.0925, -4.25, 10]},
			"faces": {
				"north": {"uv": [13, 5, 13.5, 5.25], "texture": "#0"},
				"east": {"uv": [8.5, 8.25, 10.5, 8.5], "texture": "#0"},
				"south": {"uv": [13, 5.25, 13.5, 5.5], "texture": "#0"},
				"west": {"uv": [10.25, 4.25, 12.25, 4.5], "texture": "#0"},
				"up": {"uv": [2, 11, 1.5, 9], "texture": "#0"},
				"down": {"uv": [2.5, 9, 2, 11], "texture": "#0"}
			}
		},
		{
			"from": [4.5325, 2.25, 12],
			"to": [11.5325, 8.25, 13.5],
			"rotation": {"angle": 0, "axis": "y", "origin": [7.5325, -14.25, 17]},
			"faces": {
				"north": {"uv": [6.25, 1.5, 8, 3], "texture": "#0"},
				"east": {"uv": [7, 10, 7.5, 11.5], "texture": "#0"},
				"south": {"uv": [6.25, 3, 8, 4.5], "texture": "#0"},
				"west": {"uv": [8.5, 10, 9, 11.5], "texture": "#0"},
				"up": {"uv": [11.25, 7.5, 9.5, 7], "texture": "#0"},
				"down": {"uv": [11.25, 9, 9.5, 9.5], "texture": "#0"}
			}
		},
		{
			"from": [9.5, 2.05, 2.8],
			"to": [10, 2.35, 3.4],
			"rotation": {"angle": 0, "axis": "y", "origin": [2.70523, 10.1, -4.11748]},
			"faces": {
				"north": {"uv": [13.75, 1.5, 14, 1.75], "texture": "#0"},
				"east": {"uv": [13.75, 1.75, 14, 2], "texture": "#0"},
				"south": {"uv": [13.75, 2, 14, 2.25], "texture": "#0"},
				"west": {"uv": [13.75, 2.5, 14, 2.75], "texture": "#0"},
				"up": {"uv": [14, 3, 13.75, 2.75], "texture": "#0"},
				"down": {"uv": [14, 3, 13.75, 3.25], "texture": "#0"}
			}
		},
		{
			"from": [7.2, 2.05, 5.2],
			"to": [7.7, 2.35, 5.8],
			"rotation": {"angle": 22.5, "axis": "y", "origin": [0.40667, 10.1, -1.55772]},
			"faces": {
				"north": {"uv": [13.75, 3.25, 14, 3.5], "texture": "#0"},
				"east": {"uv": [13.75, 3.5, 14, 3.75], "texture": "#0"},
				"south": {"uv": [13.75, 3.75, 14, 4], "texture": "#0"},
				"west": {"uv": [13.75, 4, 14, 4.25], "texture": "#0"},
				"up": {"uv": [14, 4.5, 13.75, 4.25], "texture": "#0"},
				"down": {"uv": [14, 4.5, 13.75, 4.75], "texture": "#0"}
			}
		},
		{
			"from": [9.5, 2.05, 3.8],
			"to": [10, 2.35, 4.4],
			"rotation": {"angle": 0, "axis": "y", "origin": [2.70523, 10.1, -3.11748]},
			"faces": {
				"north": {"uv": [13.75, 4.75, 14, 5], "texture": "#0"},
				"east": {"uv": [13.75, 5, 14, 5.25], "texture": "#0"},
				"south": {"uv": [13.75, 5.25, 14, 5.5], "texture": "#0"},
				"west": {"uv": [13.75, 5.5, 14, 5.75], "texture": "#0"},
				"up": {"uv": [14, 6, 13.75, 5.75], "texture": "#0"},
				"down": {"uv": [14, 7.5, 13.75, 7.75], "texture": "#0"}
			}
		},
		{
			"from": [5.8, 2.05, -5.71109],
			"to": [6.4, 2.35, -5.21109],
			"rotation": {"angle": -45, "axis": "y", "origin": [-0.80201, 10.1, 1.88891]},
			"faces": {
				"north": {"uv": [13.75, 7.75, 14, 8], "texture": "#0"},
				"east": {"uv": [13.75, 12, 14, 12.25], "texture": "#0"},
				"south": {"uv": [13.75, 13, 14, 13.25], "texture": "#0"},
				"west": {"uv": [13.75, 13.5, 14, 13.75], "texture": "#0"},
				"up": {"uv": [0.25, 14.25, 0, 14], "texture": "#0"},
				"down": {"uv": [0.5, 14, 0.25, 14.25], "texture": "#0"}
			}
		},
		{
			"from": [8.35, 2.1, 1],
			"to": [8.85, 2.4, 1.5],
			"rotation": {"angle": 0, "axis": "y", "origin": [1.15, 10.1, 8.6]},
			"faces": {
				"north": {"uv": [0.5, 14, 0.75, 14.25], "texture": "#0"},
				"east": {"uv": [0.75, 14, 1, 14.25], "texture": "#0"},
				"south": {"uv": [1, 14, 1.25, 14.25], "texture": "#0"},
				"west": {"uv": [1.25, 14, 1.5, 14.25], "texture": "#0"},
				"up": {"uv": [1.75, 14.25, 1.5, 14], "texture": "#0"},
				"down": {"uv": [2, 14, 1.75, 14.25], "texture": "#0"}
			}
		},
		{
			"from": [7.15, 2.1, 1],
			"to": [7.65, 2.4, 1.5],
			"rotation": {"angle": 0, "axis": "y", "origin": [14.85, 10.1, 8.6]},
			"faces": {
				"north": {"uv": [2, 14, 2.25, 14.25], "texture": "#0"},
				"east": {"uv": [2.25, 14, 2.5, 14.25], "texture": "#0"},
				"south": {"uv": [2.5, 14, 2.75, 14.25], "texture": "#0"},
				"west": {"uv": [2.75, 14, 3, 14.25], "texture": "#0"},
				"up": {"uv": [3.25, 14.25, 3, 14], "texture": "#0"},
				"down": {"uv": [3.5, 14, 3.25, 14.25], "texture": "#0"}
			}
		},
		{
			"from": [9.6, 2.1, -5.71109],
			"to": [10.2, 2.4, -5.21109],
			"rotation": {"angle": 45, "axis": "y", "origin": [16.80201, 10.1, 1.88891]},
			"faces": {
				"north": {"uv": [3.5, 14, 3.75, 14.25], "texture": "#0"},
				"east": {"uv": [3.75, 14, 4, 14.25], "texture": "#0"},
				"south": {"uv": [4, 14, 4.25, 14.25], "texture": "#0"},
				"west": {"uv": [4.25, 14, 4.5, 14.25], "texture": "#0"},
				"up": {"uv": [4.75, 14.25, 4.5, 14], "texture": "#0"},
				"down": {"uv": [5, 14, 4.75, 14.25], "texture": "#0"}
			}
		},
		{
			"from": [8.3, 2.05, 5.2],
			"to": [8.8, 2.35, 5.8],
			"rotation": {"angle": -22.5, "axis": "y", "origin": [15.59333, 10.1, -1.55772]},
			"faces": {
				"north": {"uv": [5, 14, 5.25, 14.25], "texture": "#0"},
				"east": {"uv": [5.25, 14, 5.5, 14.25], "texture": "#0"},
				"south": {"uv": [5.5, 14, 5.75, 14.25], "texture": "#0"},
				"west": {"uv": [5.75, 14, 6, 14.25], "texture": "#0"},
				"up": {"uv": [6.25, 14.25, 6, 14], "texture": "#0"},
				"down": {"uv": [6.5, 14, 6.25, 14.25], "texture": "#0"}
			}
		},
		{
			"from": [6, 2.05, 2.8],
			"to": [6.5, 2.35, 3.4],
			"rotation": {"angle": 0, "axis": "y", "origin": [13.29477, 10.1, -4.11748]},
			"faces": {
				"north": {"uv": [6.5, 14, 6.75, 14.25], "texture": "#0"},
				"east": {"uv": [6.75, 14, 7, 14.25], "texture": "#0"},
				"south": {"uv": [7, 14, 7.25, 14.25], "texture": "#0"},
				"west": {"uv": [7.25, 14, 7.5, 14.25], "texture": "#0"},
				"up": {"uv": [7.75, 14.25, 7.5, 14], "texture": "#0"},
				"down": {"uv": [8, 14, 7.75, 14.25], "texture": "#0"}
			}
		},
		{
			"from": [6, 2.05, 3.8],
			"to": [6.5, 2.35, 4.4],
			"rotation": {"angle": 0, "axis": "y", "origin": [13.29477, 10.1, -3.11748]},
			"faces": {
				"north": {"uv": [8, 14, 8.25, 14.25], "texture": "#0"},
				"east": {"uv": [8.25, 14, 8.5, 14.25], "texture": "#0"},
				"south": {"uv": [8.5, 14, 8.75, 14.25], "texture": "#0"},
				"west": {"uv": [8.75, 14, 9, 14.25], "texture": "#0"},
				"up": {"uv": [9.25, 14.25, 9, 14], "texture": "#0"},
				"down": {"uv": [9.5, 14, 9.25, 14.25], "texture": "#0"}
			}
		},
		{
			"from": [6.5, 0.55, 3],
			"to": [9.5, 0.85, 5],
			"rotation": {"angle": 0, "axis": "y", "origin": [13.5, 8.45, 12]},
			"faces": {
				"north": {"uv": [9.75, 12.75, 10.5, 13], "texture": "#0"},
				"east": {"uv": [13, 5.5, 13.5, 5.75], "texture": "#0"},
				"south": {"uv": [11, 12.75, 11.75, 13], "texture": "#0"},
				"west": {"uv": [13, 5.75, 13.5, 6], "texture": "#0"},
				"up": {"uv": [8.25, 11.75, 7.5, 11.25], "texture": "#0"},
				"down": {"uv": [12, 2.5, 11.25, 3], "texture": "#0"}
			}
		},
		{
			"from": [6, 0.75, 2],
			"to": [10, 2.05, 5],
			"rotation": {"angle": 0, "axis": "y", "origin": [14, 8.75, 12]},
			"faces": {
				"north": {"uv": [9.5, 7.5, 10.5, 7.75], "texture": "#0"},
				"east": {"uv": [12.25, 12.75, 13, 13], "texture": "#0"},
				"south": {"uv": [11.75, 8.75, 12.75, 9], "texture": "#0"},
				"west": {"uv": [12.75, 0.5, 13.5, 0.75], "texture": "#0"},
				"up": {"uv": [10, 10.75, 9, 10], "texture": "#0"},
				"down": {"uv": [11, 10, 10, 10.75], "texture": "#0"}
			}
		},
		{
			"from": [6.25, 1.05, 1.2],
			"to": [9.75, 2.05, 2],
			"rotation": {"angle": 0, "axis": "y", "origin": [14.25, 8.95, 9.2]},
			"faces": {
				"north": {"uv": [11.75, 9, 12.75, 9.25], "texture": "#0"},
				"east": {"uv": [9.5, 14, 9.75, 14.25], "texture": "#0"},
				"south": {"uv": [11.75, 9.25, 12.75, 9.5], "texture": "#0"},
				"west": {"uv": [9.75, 14, 10, 14.25], "texture": "#0"},
				"up": {"uv": [12.75, 9.75, 11.75, 9.5], "texture": "#0"},
				"down": {"uv": [12.75, 9.75, 11.75, 10], "texture": "#0"}
			}
		},
		{
			"from": [6.85, 1.3, 0.6],
			"to": [9.15, 2.1, 4.2],
			"rotation": {"angle": 0, "axis": "y", "origin": [13.85, 9.05, 8.6]},
			"faces": {
				"north": {"uv": [13, 6, 13.5, 6.25], "texture": "#0"},
				"east": {"uv": [11.75, 11.5, 12.75, 11.75], "texture": "#0"},
				"south": {"uv": [13, 6.25, 13.5, 6.5], "texture": "#0"},
				"west": {"uv": [8.25, 12, 9.25, 12.25], "texture": "#0"},
				"up": {"uv": [4.5, 11.75, 4, 10.75], "texture": "#0"},
				"down": {"uv": [5, 10.75, 4.5, 11.75], "texture": "#0"}
			}
		},
		{
			"from": [7.2925, 10.95, 6.75],
			"to": [8.7925, 11.95, 7.75],
			"rotation": {"angle": 0, "axis": "y", "origin": [15.2925, 18.95, 14.75]},
			"faces": {
				"north": {"uv": [13, 6.5, 13.5, 6.75], "texture": "#0"},
				"east": {"uv": [10, 14, 10.25, 14.25], "texture": "#0"},
				"south": {"uv": [13, 6.75, 13.5, 7], "texture": "#0"},
				"west": {"uv": [10.25, 14, 10.5, 14.25], "texture": "#0"},
				"up": {"uv": [13.5, 7.25, 13, 7], "texture": "#0"},
				"down": {"uv": [13.5, 7.25, 13, 7.5], "texture": "#0"}
			}
		},
		{
			"from": [7, 14.05, 3],
			"to": [9, 15.55, 4],
			"rotation": {"angle": -22.5, "axis": "x", "origin": [15, 22.4025, 11.07957]},
			"faces": {
				"north": {"uv": [9.25, 12, 9.75, 12.5], "texture": "#0"},
				"east": {"uv": [13, 7.5, 13.25, 8], "texture": "#0"},
				"south": {"uv": [10.5, 12, 11, 12.5], "texture": "#0"},
				"west": {"uv": [13, 8.5, 13.25, 9], "texture": "#0"},
				"up": {"uv": [13.5, 9.25, 13, 9], "texture": "#0"},
				"down": {"uv": [13.5, 9.25, 13, 9.5], "texture": "#0"}
			}
		},
		{
			"from": [7.1, 15.922, -1.81843],
			"to": [8.9, 16.922, -0.81843],
			"rotation": {"angle": -45, "axis": "x", "origin": [15.1, 24.27451, 6.26114]},
			"faces": {
				"north": {"uv": [13, 10, 13.5, 10.25], "texture": "#0"},
				"east": {"uv": [10.5, 14, 10.75, 14.25], "texture": "#0"},
				"south": {"uv": [13, 10.25, 13.5, 10.5], "texture": "#0"},
				"west": {"uv": [10.75, 14, 11, 14.25], "texture": "#0"},
				"up": {"uv": [13.5, 12, 13, 11.75], "texture": "#0"},
				"down": {"uv": [13.5, 12.75, 13, 13], "texture": "#0"}
			}
		},
		{
			"from": [7.35, 16.62911, -2.52554],
			"to": [8.65, 17.12911, -1.52554],
			"rotation": {"angle": -45, "axis": "x", "origin": [15.35, 24.98161, 5.55403]},
			"faces": {
				"north": {"uv": [11, 14, 11.25, 14.25], "texture": "#0"},
				"east": {"uv": [11.25, 14, 11.5, 14.25], "texture": "#0"},
				"south": {"uv": [11.5, 14, 11.75, 14.25], "texture": "#0"},
				"west": {"uv": [11.75, 14, 12, 14.25], "texture": "#0"},
				"up": {"uv": [12.25, 14.25, 12, 14], "texture": "#0"},
				"down": {"uv": [12.5, 14, 12.25, 14.25], "texture": "#0"}
			}
		},
		{
			"from": [8.2925, 10.95, 7.75],
			"to": [9.2925, 11.95, 9.25],
			"rotation": {"angle": 0, "axis": "y", "origin": [1.2925, 18.95, 15.75]},
			"faces": {
				"north": {"uv": [12.5, 14, 12.75, 14.25], "texture": "#0"},
				"east": {"uv": [3.5, 13.25, 4, 13.5], "texture": "#0"},
				"south": {"uv": [12.75, 14, 13, 14.25], "texture": "#0"},
				"west": {"uv": [4, 13.25, 4.5, 13.5], "texture": "#0"},
				"up": {"uv": [4.75, 13.75, 4.5, 13.25], "texture": "#0"},
				"down": {"uv": [5, 13.25, 4.75, 13.75], "texture": "#0"}
			}
		},
		{
			"from": [12.0425, 14.05, 7.4575],
			"to": [13.0425, 15.55, 9.4575],
			"rotation": {"angle": -22.5, "axis": "z", "origin": [4.96293, 22.4025, 15.4575]},
			"faces": {
				"north": {"uv": [6, 13.25, 6.25, 13.75], "texture": "#0"},
				"east": {"uv": [11.75, 12, 12.25, 12.5], "texture": "#0"},
				"south": {"uv": [6.25, 13.25, 6.5, 13.75], "texture": "#0"},
				"west": {"uv": [12, 2.5, 12.5, 3], "texture": "#0"},
				"up": {"uv": [6.75, 13.75, 6.5, 13.25], "texture": "#0"},
				"down": {"uv": [7, 13.25, 6.75, 13.75], "texture": "#0"}
			}
		},
		{
			"from": [16.86093, 15.922, 7.5575],
			"to": [17.86093, 16.922, 9.3575],
			"rotation": {"angle": -45, "axis": "z", "origin": [9.78136, 24.27451, 15.5575]},
			"faces": {
				"north": {"uv": [13, 14, 13.25, 14.25], "texture": "#0"},
				"east": {"uv": [7, 13.25, 7.5, 13.5], "texture": "#0"},
				"south": {"uv": [13.25, 14, 13.5, 14.25], "texture": "#0"},
				"west": {"uv": [7.5, 13.25, 8, 13.5], "texture": "#0"},
				"up": {"uv": [8.25, 13.75, 8, 13.25], "texture": "#0"},
				"down": {"uv": [8.5, 13.25, 8.25, 13.75], "texture": "#0"}
			}
		},
		{
			"from": [17.56804, 16.62911, 7.8075],
			"to": [18.56804, 17.12911, 9.1075],
			"rotation": {"angle": -45, "axis": "z", "origin": [10.48847, 24.98161, 15.8075]},
			"faces": {
				"north": {"uv": [13.5, 14, 13.75, 14.25], "texture": "#0"},
				"east": {"uv": [13.75, 14, 14, 14.25], "texture": "#0"},
				"south": {"uv": [14, 14, 14.25, 14.25], "texture": "#0"},
				"west": {"uv": [14, 0, 14.25, 0.25], "texture": "#0"},
				"up": {"uv": [14.25, 0.5, 14, 0.25], "texture": "#0"},
				"down": {"uv": [14.25, 0.5, 14, 0.75], "texture": "#0"}
			}
		},
		{
			"from": [6.7075, 10.95, 7.75],
			"to": [7.7075, 11.95, 9.25],
			"rotation": {"angle": 0, "axis": "y", "origin": [14.7075, 18.95, 15.75]},
			"faces": {
				"north": {"uv": [14, 0.75, 14.25, 1], "texture": "#0"},
				"east": {"uv": [8.5, 13.25, 9, 13.5], "texture": "#0"},
				"south": {"uv": [14, 1, 14.25, 1.25], "texture": "#0"},
				"west": {"uv": [9, 13.25, 9.5, 13.5], "texture": "#0"},
				"up": {"uv": [9.75, 13.75, 9.5, 13.25], "texture": "#0"},
				"down": {"uv": [11, 13.25, 10.75, 13.75], "texture": "#0"}
			}
		},
		{
			"from": [2.9575, 14.05, 7.4575],
			"to": [3.9575, 15.55, 9.4575],
			"rotation": {"angle": 22.5, "axis": "z", "origin": [11.03707, 22.4025, 15.4575]},
			"faces": {
				"north": {"uv": [11, 13.25, 11.25, 13.75], "texture": "#0"},
				"east": {"uv": [12, 5.5, 12.5, 6], "texture": "#0"},
				"south": {"uv": [11.25, 13.25, 11.5, 13.75], "texture": "#0"},
				"west": {"uv": [12, 6, 12.5, 6.5], "texture": "#0"},
				"up": {"uv": [11.75, 13.75, 11.5, 13.25], "texture": "#0"},
				"down": {"uv": [12, 13.25, 11.75, 13.75], "texture": "#0"}
			}
		},
		{
			"from": [-1.86093, 15.922, 7.5575],
			"to": [-0.86093, 16.922, 9.3575],
			"rotation": {"angle": 45, "axis": "z", "origin": [6.21864, 24.27451, 15.5575]},
			"faces": {
				"north": {"uv": [14, 1.25, 14.25, 1.5], "texture": "#0"},
				"east": {"uv": [12, 13.25, 12.5, 13.5], "texture": "#0"},
				"south": {"uv": [14, 1.5, 14.25, 1.75], "texture": "#0"},
				"west": {"uv": [12.5, 13.25, 13, 13.5], "texture": "#0"},
				"up": {"uv": [13.25, 13.75, 13, 13.25], "texture": "#0"},
				"down": {"uv": [13.5, 13.25, 13.25, 13.75], "texture": "#0"}
			}
		},
		{
			"from": [-2.56804, 16.62911, 7.8075],
			"to": [-1.56804, 17.12911, 9.1075],
			"rotation": {"angle": 45, "axis": "z", "origin": [5.51153, 24.98161, 15.8075]},
			"faces": {
				"north": {"uv": [14, 1.75, 14.25, 2], "texture": "#0"},
				"east": {"uv": [14, 2, 14.25, 2.25], "texture": "#0"},
				"south": {"uv": [14, 2.25, 14.25, 2.5], "texture": "#0"},
				"west": {"uv": [14, 2.5, 14.25, 2.75], "texture": "#0"},
				"up": {"uv": [14.25, 3, 14, 2.75], "texture": "#0"},
				"down": {"uv": [14.25, 3, 14, 3.25], "texture": "#0"}
			}
		},
		{
			"from": [5.55481, 0.56642, 7.495],
			"to": [10.55481, 4.56642, 8.495],
			"rotation": {"angle": 0, "axis": "y", "origin": [15.05481, 8.56642, 15.195]},
			"faces": {
				"north": {"uv": [8.25, 5.75, 9.5, 6.75], "texture": "#0"},
				"east": {"uv": [12, 6.5, 12.25, 7.5], "texture": "#0"},
				"south": {"uv": [8.25, 6.75, 9.5, 7.75], "texture": "#0"},
				"west": {"uv": [12, 7.5, 12.25, 8.5], "texture": "#0"},
				"up": {"uv": [13, 0.5, 11.75, 0.25], "texture": "#0"},
				"down": {"uv": [13, 8.5, 11.75, 8.75], "texture": "#0"}
			}
		},
		{
			"from": [-0.94519, 2.99104, 7.545],
			"to": [0.05481, 5.99104, 8.345],
			"rotation": {"angle": 45, "axis": "z", "origin": [4.40837, 10.99104, 14.545]},
			"faces": {
				"north": {"uv": [5.5, 12.75, 5.75, 13.5], "texture": "#0"},
				"east": {"uv": [12.75, 0.75, 13, 1.5], "texture": "#0"},
				"south": {"uv": [12.75, 1.5, 13, 2.25], "texture": "#0"},
				"west": {"uv": [12.75, 6.5, 13, 7.25], "texture": "#0"},
				"up": {"uv": [14.25, 3.5, 14, 3.25], "texture": "#0"},
				"down": {"uv": [14.25, 3.5, 14, 3.75], "texture": "#0"}
			}
		},
		{
			"from": [15.72138, 2.99104, 7.545],
			"to": [16.72138, 5.99104, 8.345],
			"rotation": {"angle": -45, "axis": "z", "origin": [11.36783, 10.99104, 14.545]},
			"faces": {
				"north": {"uv": [12.75, 7.25, 13, 8], "texture": "#0"},
				"east": {"uv": [12.75, 8.75, 13, 9.5], "texture": "#0"},
				"south": {"uv": [0, 13, 0.25, 13.75], "texture": "#0"},
				"west": {"uv": [0.25, 13, 0.5, 13.75], "texture": "#0"},
				"up": {"uv": [14.25, 4, 14, 3.75], "texture": "#0"},
				"down": {"uv": [14.25, 4, 14, 4.25], "texture": "#0"}
			}
		},
		{
			"from": [4.05481, 3.56642, 7.195],
			"to": [11.85481, 9.56642, 8.695],
			"rotation": {"angle": 0, "axis": "y", "origin": [14.05481, 12.56642, 15.195]},
			"faces": {
				"north": {"uv": [1.75, 6, 3.75, 7.5], "texture": "#0"},
				"east": {"uv": [10.25, 0, 10.75, 1.5], "texture": "#0"},
				"south": {"uv": [6, 0, 8, 1.5], "texture": "#0"},
				"west": {"uv": [10.25, 1.5, 10.75, 3], "texture": "#0"},
				"up": {"uv": [4.5, 9.5, 2.5, 9], "texture": "#0"},
				"down": {"uv": [6.5, 9, 4.5, 9.5], "texture": "#0"}
			}
		},
		{
			"from": [4.35481, 9.56642, 7.495],
			"to": [6.35481, 9.86642, 8.295],
			"rotation": {"angle": 0, "axis": "y", "origin": [14.05481, 18.56642, 15.195]},
			"faces": {
				"north": {"uv": [13.25, 0.75, 13.75, 1], "texture": "#0"},
				"east": {"uv": [14, 4.25, 14.25, 4.5], "texture": "#0"},
				"south": {"uv": [13.25, 1, 13.75, 1.25], "texture": "#0"},
				"west": {"uv": [14, 4.5, 14.25, 4.75], "texture": "#0"},
				"up": {"uv": [13.75, 1.5, 13.25, 1.25], "texture": "#0"},
				"down": {"uv": [13.75, 1.5, 13.25, 1.75], "texture": "#0"}
			}
		},
		{
			"from": [6.55481, 9.56642, 7.695],
			"to": [7.05481, 9.86642, 8.195],
			"rotation": {"angle": 0, "axis": "y", "origin": [16.05481, 18.56642, 15.195]},
			"faces": {
				"north": {"uv": [14, 4.75, 14.25, 5], "texture": "#0"},
				"east": {"uv": [14, 5, 14.25, 5.25], "texture": "#0"},
				"south": {"uv": [14, 5.25, 14.25, 5.5], "texture": "#0"},
				"west": {"uv": [14, 5.5, 14.25, 5.75], "texture": "#0"},
				"up": {"uv": [14.25, 6, 14, 5.75], "texture": "#0"},
				"down": {"uv": [14.25, 6, 14, 6.25], "texture": "#0"}
			}
		},
		{
			"from": [7.35481, 9.56642, 7.695],
			"to": [7.85481, 9.86642, 8.195],
			"rotation": {"angle": 0, "axis": "y", "origin": [16.05481, 18.56642, 15.195]},
			"faces": {
				"north": {"uv": [14, 6.25, 14.25, 6.5], "texture": "#0"},
				"east": {"uv": [14, 6.5, 14.25, 6.75], "texture": "#0"},
				"south": {"uv": [14, 6.75, 14.25, 7], "texture": "#0"},
				"west": {"uv": [14, 7, 14.25, 7.25], "texture": "#0"},
				"up": {"uv": [14.25, 7.5, 14, 7.25], "texture": "#0"},
				"down": {"uv": [14.25, 7.5, 14, 7.75], "texture": "#0"}
			}
		},
		{
			"from": [9.75481, 9.56642, 7.495],
			"to": [11.75481, 9.86642, 8.295],
			"rotation": {"angle": 0, "axis": "y", "origin": [2.05481, 18.56642, 15.195]},
			"faces": {
				"north": {"uv": [13.25, 1.75, 13.75, 2], "texture": "#0"},
				"east": {"uv": [14, 7.75, 14.25, 8], "texture": "#0"},
				"south": {"uv": [13.25, 2, 13.75, 2.25], "texture": "#0"},
				"west": {"uv": [14, 8, 14.25, 8.25], "texture": "#0"},
				"up": {"uv": [13.75, 2.75, 13.25, 2.5], "texture": "#0"},
				"down": {"uv": [13.75, 2.75, 13.25, 3], "texture": "#0"}
			}
		},
		{
			"from": [5.05481, 5.56642, 6.695],
			"to": [7.05481, 7.56642, 7.495],
			"rotation": {"angle": 0, "axis": "y", "origin": [14.05481, 12.56642, 14.195]},
			"faces": {
				"north": {"uv": [4, 12.25, 4.5, 12.75], "texture": "#0"},
				"east": {"uv": [13.25, 3, 13.5, 3.5], "texture": "#0"},
				"south": {"uv": [4.5, 12.25, 5, 12.75], "texture": "#0"},
				"west": {"uv": [13.25, 3.5, 13.5, 4], "texture": "#0"},
				"up": {"uv": [13.75, 7.75, 13.25, 7.5], "texture": "#0"},
				"down": {"uv": [13.75, 7.75, 13.25, 8], "texture": "#0"}
			}
		},
		{
			"from": [6.05481, 7.69108, 6.75334],
			"to": [6.55481, 8.19108, 7.25334],
			"rotation": {"angle": 0, "axis": "y", "origin": [15.05481, 14.69108, 14.25334]},
			"faces": {
				"north": {"uv": [14, 8.25, 14.25, 8.5], "texture": "#0"},
				"east": {"uv": [14, 8.5, 14.25, 8.75], "texture": "#0"},
				"south": {"uv": [14, 8.75, 14.25, 9], "texture": "#0"},
				"west": {"uv": [14, 9, 14.25, 9.25], "texture": "#0"},
				"up": {"uv": [14.25, 9.5, 14, 9.25], "texture": "#0"},
				"down": {"uv": [14.25, 9.5, 14, 9.75], "texture": "#0"}
			}
		},
		{
			"from": [6.05481, 4.94176, 6.75334],
			"to": [6.55481, 5.44176, 7.25334],
			"rotation": {"angle": 0, "axis": "y", "origin": [15.05481, -1.55824, 14.25334]},
			"faces": {
				"north": {"uv": [14, 9.75, 14.25, 10], "texture": "#0"},
				"east": {"uv": [14, 10, 14.25, 10.25], "texture": "#0"},
				"south": {"uv": [14, 10.25, 14.25, 10.5], "texture": "#0"},
				"west": {"uv": [14, 10.5, 14.25, 10.75], "texture": "#0"},
				"up": {"uv": [14.25, 11, 14, 10.75], "texture": "#0"},
				"down": {"uv": [14.25, 11, 14, 11.25], "texture": "#0"}
			}
		},
		{
			"from": [9.55481, 7.69108, 6.75334],
			"to": [10.05481, 8.19108, 7.25334],
			"rotation": {"angle": 0, "axis": "y", "origin": [1.05481, 14.69108, 14.25334]},
			"faces": {
				"north": {"uv": [14, 11.25, 14.25, 11.5], "texture": "#0"},
				"east": {"uv": [14, 11.5, 14.25, 11.75], "texture": "#0"},
				"south": {"uv": [14, 11.75, 14.25, 12], "texture": "#0"},
				"west": {"uv": [14, 12, 14.25, 12.25], "texture": "#0"},
				"up": {"uv": [14.25, 12.5, 14, 12.25], "texture": "#0"},
				"down": {"uv": [14.25, 12.5, 14, 12.75], "texture": "#0"}
			}
		},
		{
			"from": [9.55481, 4.94176, 6.75334],
			"to": [10.05481, 5.44176, 7.25334],
			"rotation": {"angle": 0, "axis": "y", "origin": [1.05481, -1.55824, 14.25334]},
			"faces": {
				"north": {"uv": [14, 12.75, 14.25, 13], "texture": "#0"},
				"east": {"uv": [14, 13, 14.25, 13.25], "texture": "#0"},
				"south": {"uv": [14, 13.25, 14.25, 13.5], "texture": "#0"},
				"west": {"uv": [14, 13.5, 14.25, 13.75], "texture": "#0"},
				"up": {"uv": [14.25, 14, 14, 13.75], "texture": "#0"},
				"down": {"uv": [0.25, 14.25, 0, 14.5], "texture": "#0"}
			}
		},
		{
			"from": [6.05481, 4.78811, 8.86122],
			"to": [6.55481, 5.28811, 9.36122],
			"rotation": {"angle": 22.5, "axis": "x", "origin": [15.05481, 11.78811, 16.36122]},
			"faces": {
				"north": {"uv": [0.25, 14.25, 0.5, 14.5], "texture": "#0"},
				"east": {"uv": [0.5, 14.25, 0.75, 14.5], "texture": "#0"},
				"south": {"uv": [0.75, 14.25, 1, 14.5], "texture": "#0"},
				"west": {"uv": [1, 14.25, 1.25, 14.5], "texture": "#0"},
				"up": {"uv": [1.5, 14.5, 1.25, 14.25], "texture": "#0"},
				"down": {"uv": [1.75, 14.25, 1.5, 14.5], "texture": "#0"}
			}
		},
		{
			"from": [6.05481, 10.79532, 9.50639],
			"to": [6.55481, 12.29532, 10.00639],
			"rotation": {"angle": -45, "axis": "x", "origin": [15.05481, 5.29532, 17.00639]},
			"faces": {
				"north": {"uv": [13.25, 8.5, 13.5, 9], "texture": "#0"},
				"east": {"uv": [2.25, 13.5, 2.5, 14], "texture": "#0"},
				"south": {"uv": [2.5, 13.5, 2.75, 14], "texture": "#0"},
				"west": {"uv": [2.75, 13.5, 3, 14], "texture": "#0"},
				"up": {"uv": [2, 14.5, 1.75, 14.25], "texture": "#0"},
				"down": {"uv": [2.25, 14.25, 2, 14.5], "texture": "#0"}
			}
		},
		{
			"from": [9.55481, 4.78811, 8.86122],
			"to": [10.05481, 5.28811, 9.36122],
			"rotation": {"angle": 22.5, "axis": "x", "origin": [1.05481, 11.78811, 16.36122]},
			"faces": {
				"north": {"uv": [2.25, 14.25, 2.5, 14.5], "texture": "#0"},
				"east": {"uv": [2.5, 14.25, 2.75, 14.5], "texture": "#0"},
				"south": {"uv": [2.75, 14.25, 3, 14.5], "texture": "#0"},
				"west": {"uv": [3, 14.25, 3.25, 14.5], "texture": "#0"},
				"up": {"uv": [3.5, 14.5, 3.25, 14.25], "texture": "#0"},
				"down": {"uv": [3.75, 14.25, 3.5, 14.5], "texture": "#0"}
			}
		},
		{
			"from": [9.55481, 10.79532, 9.50639],
			"to": [10.05481, 12.29532, 10.00639],
			"rotation": {"angle": -45, "axis": "x", "origin": [1.05481, 5.29532, 17.00639]},
			"faces": {
				"north": {"uv": [3, 13.5, 3.25, 14], "texture": "#0"},
				"east": {"uv": [3.25, 13.5, 3.5, 14], "texture": "#0"},
				"south": {"uv": [3.5, 13.5, 3.75, 14], "texture": "#0"},
				"west": {"uv": [3.75, 13.5, 4, 14], "texture": "#0"},
				"up": {"uv": [4, 14.5, 3.75, 14.25], "texture": "#0"},
				"down": {"uv": [4.25, 14.25, 4, 14.5], "texture": "#0"}
			}
		},
		{
			"from": [6.05481, 1.29946, 9.69773],
			"to": [6.55481, 1.79946, 10.19773],
			"rotation": {"angle": 45, "axis": "x", "origin": [15.05481, 8.29946, 17.19773]},
			"faces": {
				"north": {"uv": [4.25, 14.25, 4.5, 14.5], "texture": "#0"},
				"east": {"uv": [4.5, 14.25, 4.75, 14.5], "texture": "#0"},
				"south": {"uv": [4.75, 14.25, 5, 14.5], "texture": "#0"},
				"west": {"uv": [5, 14.25, 5.25, 14.5], "texture": "#0"},
				"up": {"uv": [5.5, 14.5, 5.25, 14.25], "texture": "#0"},
				"down": {"uv": [5.75, 14.25, 5.5, 14.5], "texture": "#0"}
			}
		},
		{
			"from": [9.55481, 1.29946, 9.69773],
			"to": [10.05481, 1.79946, 10.19773],
			"rotation": {"angle": 45, "axis": "x", "origin": [1.05481, 8.29946, 17.19773]},
			"faces": {
				"north": {"uv": [5.75, 14.25, 6, 14.5], "texture": "#0"},
				"east": {"uv": [6, 14.25, 6.25, 14.5], "texture": "#0"},
				"south": {"uv": [6.25, 14.25, 6.5, 14.5], "texture": "#0"},
				"west": {"uv": [6.5, 14.25, 6.75, 14.5], "texture": "#0"},
				"up": {"uv": [7, 14.5, 6.75, 14.25], "texture": "#0"},
				"down": {"uv": [7.25, 14.25, 7, 14.5], "texture": "#0"}
			}
		},
		{
			"from": [6.05481, 9.56642, 3.695],
			"to": [6.55481, 10.06642, 4.195],
			"rotation": {"angle": -22.5, "axis": "x", "origin": [15.05481, 16.56642, 11.195]},
			"faces": {
				"north": {"uv": [7.25, 14.25, 7.5, 14.5], "texture": "#0"},
				"east": {"uv": [7.5, 14.25, 7.75, 14.5], "texture": "#0"},
				"south": {"uv": [7.75, 14.25, 8, 14.5], "texture": "#0"},
				"west": {"uv": [8, 14.25, 8.25, 14.5], "texture": "#0"},
				"up": {"uv": [8.5, 14.5, 8.25, 14.25], "texture": "#0"},
				"down": {"uv": [8.75, 14.25, 8.5, 14.5], "texture": "#0"}
			}
		},
		{
			"from": [6.05481, 3.06642, 3.695],
			"to": [6.55481, 3.56642, 4.195],
			"rotation": {"angle": 22.5, "axis": "x", "origin": [15.05481, -3.43358, 11.195]},
			"faces": {
				"north": {"uv": [8.75, 14.25, 9, 14.5], "texture": "#0"},
				"east": {"uv": [9, 14.25, 9.25, 14.5], "texture": "#0"},
				"south": {"uv": [9.25, 14.25, 9.5, 14.5], "texture": "#0"},
				"west": {"uv": [9.5, 14.25, 9.75, 14.5], "texture": "#0"},
				"up": {"uv": [10, 14.5, 9.75, 14.25], "texture": "#0"},
				"down": {"uv": [10.25, 14.25, 10, 14.5], "texture": "#0"}
			}
		},
		{
			"from": [9.55481, 9.56642, 3.695],
			"to": [10.05481, 10.06642, 4.195],
			"rotation": {"angle": -22.5, "axis": "x", "origin": [1.05481, 16.56642, 11.195]},
			"faces": {
				"north": {"uv": [10.25, 14.25, 10.5, 14.5], "texture": "#0"},
				"east": {"uv": [10.5, 14.25, 10.75, 14.5], "texture": "#0"},
				"south": {"uv": [10.75, 14.25, 11, 14.5], "texture": "#0"},
				"west": {"uv": [11, 14.25, 11.25, 14.5], "texture": "#0"},
				"up": {"uv": [11.5, 14.5, 11.25, 14.25], "texture": "#0"},
				"down": {"uv": [11.75, 14.25, 11.5, 14.5], "texture": "#0"}
			}
		},
		{
			"from": [9.55481, 3.06642, 3.695],
			"to": [10.05481, 3.56642, 4.195],
			"rotation": {"angle": 22.5, "axis": "x", "origin": [1.05481, -3.43358, 11.195]},
			"faces": {
				"north": {"uv": [11.75, 14.25, 12, 14.5], "texture": "#0"},
				"east": {"uv": [12, 14.25, 12.25, 14.5], "texture": "#0"},
				"south": {"uv": [12.25, 14.25, 12.5, 14.5], "texture": "#0"},
				"west": {"uv": [12.5, 14.25, 12.75, 14.5], "texture": "#0"},
				"up": {"uv": [13, 14.5, 12.75, 14.25], "texture": "#0"},
				"down": {"uv": [13.25, 14.25, 13, 14.5], "texture": "#0"}
			}
		},
		{
			"from": [8.8881, 5.56642, 6.695],
			"to": [10.8881, 7.56642, 7.495],
			"rotation": {"angle": 0, "axis": "y", "origin": [2.05481, 12.56642, 14.195]},
			"faces": {
				"north": {"uv": [6, 12.25, 6.5, 12.75], "texture": "#0"},
				"east": {"uv": [4, 13.5, 4.25, 14], "texture": "#0"},
				"south": {"uv": [6.5, 12.25, 7, 12.75], "texture": "#0"},
				"west": {"uv": [4.25, 13.5, 4.5, 14], "texture": "#0"},
				"up": {"uv": [13.75, 12.25, 13.25, 12], "texture": "#0"},
				"down": {"uv": [13.75, 13, 13.25, 13.25], "texture": "#0"}
			}
		},
		{
			"from": [5.30481, 5.86642, 6.495],
			"to": [6.80481, 7.36642, 6.995],
			"rotation": {"angle": 0, "axis": "y", "origin": [14.05481, 12.56642, 13.395]},
			"faces": {
				"north": {"uv": [7, 12.25, 7.5, 12.75], "texture": "#0"},
				"east": {"uv": [5, 13.5, 5.25, 14], "texture": "#0"},
				"south": {"uv": [8.25, 12.25, 8.75, 12.75], "texture": "#0"},
				"west": {"uv": [5.25, 13.5, 5.5, 14], "texture": "#0"},
				"up": {"uv": [6, 13.75, 5.5, 13.5], "texture": "#0"},
				"down": {"uv": [7.5, 13.5, 7, 13.75], "texture": "#0"}
			}
		},
		{
			"from": [9.1381, 5.86642, 6.495],
			"to": [10.6381, 7.36642, 6.995],
			"rotation": {"angle": 0, "axis": "y", "origin": [2.05481, 12.56642, 13.395]},
			"faces": {
				"north": {"uv": [8.75, 12.25, 9.25, 12.75], "texture": "#0"},
				"east": {"uv": [7.5, 13.5, 7.75, 14], "texture": "#0"},
				"south": {"uv": [12.25, 12.25, 12.75, 12.75], "texture": "#0"},
				"west": {"uv": [7.75, 13.5, 8, 14], "texture": "#0"},
				"up": {"uv": [9, 13.75, 8.5, 13.5], "texture": "#0"},
				"down": {"uv": [9.5, 13.5, 9, 13.75], "texture": "#0"}
			}
		},
		{
			"from": [5.55481, 6.06642, 5.995],
			"to": [6.55481, 7.06642, 6.495],
			"rotation": {"angle": 0, "axis": "y", "origin": [14.05481, 12.56642, 12.895]},
			"faces": {
				"north": {"uv": [13.25, 14.25, 13.5, 14.5], "texture": "#0"},
				"east": {"uv": [13.5, 14.25, 13.75, 14.5], "texture": "#0"},
				"south": {"uv": [13.75, 14.25, 14, 14.5], "texture": "#0"},
				"west": {"uv": [14, 14.25, 14.25, 14.5], "texture": "#0"},
				"up": {"uv": [14.5, 14.5, 14.25, 14.25], "texture": "#0"},
				"down": {"uv": [14.5, 0, 14.25, 0.25], "texture": "#0"}
			}
		},
		{
			"from": [5.80481, 6.36642, 5.795],
			"to": [6.30481, 6.86642, 6.295],
			"rotation": {"angle": 0, "axis": "y", "origin": [14.05481, 12.56642, 12.395]},
			"faces": {
				"north": {"uv": [14.25, 0.25, 14.5, 0.5], "texture": "#0"},
				"east": {"uv": [14.25, 0.5, 14.5, 0.75], "texture": "#0"},
				"south": {"uv": [14.25, 0.75, 14.5, 1], "texture": "#0"},
				"west": {"uv": [14.25, 1, 14.5, 1.25], "texture": "#0"},
				"up": {"uv": [14.5, 1.5, 14.25, 1.25], "texture": "#0"},
				"down": {"uv": [14.5, 1.5, 14.25, 1.75], "texture": "#0"}
			}
		},
		{
			"from": [9.5881, 6.36642, 5.795],
			"to": [10.0881, 6.86642, 6.295],
			"rotation": {"angle": 0, "axis": "y", "origin": [2.05481, 12.56642, 12.395]},
			"faces": {
				"north": {"uv": [14.25, 1.75, 14.5, 2], "texture": "#0"},
				"east": {"uv": [14.25, 2, 14.5, 2.25], "texture": "#0"},
				"south": {"uv": [14.25, 2.25, 14.5, 2.5], "texture": "#0"},
				"west": {"uv": [14.25, 2.5, 14.5, 2.75], "texture": "#0"},
				"up": {"uv": [14.5, 3, 14.25, 2.75], "texture": "#0"},
				"down": {"uv": [14.5, 3, 14.25, 3.25], "texture": "#0"}
			}
		},
		{
			"from": [9.3881, 6.06642, 5.995],
			"to": [10.3881, 7.06642, 6.495],
			"rotation": {"angle": 0, "axis": "y", "origin": [2.05481, 12.56642, 12.895]},
			"faces": {
				"north": {"uv": [14.25, 3.25, 14.5, 3.5], "texture": "#0"},
				"east": {"uv": [14.25, 3.5, 14.5, 3.75], "texture": "#0"},
				"south": {"uv": [14.25, 3.75, 14.5, 4], "texture": "#0"},
				"west": {"uv": [14.25, 4, 14.5, 4.25], "texture": "#0"},
				"up": {"uv": [14.5, 4.5, 14.25, 4.25], "texture": "#0"},
				"down": {"uv": [14.5, 4.5, 14.25, 4.75], "texture": "#0"}
			}
		},
		{
			"from": [6.55481, 0.86642, 6.195],
			"to": [9.55481, 1.36642, 7.695],
			"rotation": {"angle": 0, "axis": "y", "origin": [15.05481, 8.56642, 14.495]},
			"faces": {
				"north": {"uv": [12.75, 2.25, 13.5, 2.5], "texture": "#0"},
				"east": {"uv": [9.75, 13.5, 10.25, 13.75], "texture": "#0"},
				"south": {"uv": [12.75, 8, 13.5, 8.25], "texture": "#0"},
				"west": {"uv": [10.25, 13.5, 10.75, 13.75], "texture": "#0"},
				"up": {"uv": [12, 6, 11.25, 5.5], "texture": "#0"},
				"down": {"uv": [12, 6, 11.25, 6.5], "texture": "#0"}
			}
		},
		{
			"from": [6.55481, 2.86642, 6.195],
			"to": [9.55481, 3.36642, 7.695],
			"rotation": {"angle": 0, "axis": "y", "origin": [15.05481, 10.56642, 14.495]},
			"faces": {
				"north": {"uv": [12.75, 8.25, 13.5, 8.5], "texture": "#0"},
				"east": {"uv": [12, 13.5, 12.5, 13.75], "texture": "#0"},
				"south": {"uv": [12.75, 9.5, 13.5, 9.75], "texture": "#0"},
				"west": {"uv": [12.5, 13.5, 13, 13.75], "texture": "#0"},
				"up": {"uv": [12, 7, 11.25, 6.5], "texture": "#0"},
				"down": {"uv": [12, 7, 11.25, 7.5], "texture": "#0"}
			}
		},
		{
			"from": [6.55481, 2.36642, 6.195],
			"to": [7.05481, 2.86642, 6.695],
			"rotation": {"angle": 0, "axis": "y", "origin": [13.05481, 10.06642, 14.495]},
			"faces": {
				"north": {"uv": [14.25, 4.75, 14.5, 5], "texture": "#0"},
				"east": {"uv": [14.25, 5, 14.5, 5.25], "texture": "#0"},
				"south": {"uv": [14.25, 5.25, 14.5, 5.5], "texture": "#0"},
				"west": {"uv": [14.25, 5.5, 14.5, 5.75], "texture": "#0"},
				"up": {"uv": [14.5, 6, 14.25, 5.75], "texture": "#0"},
				"down": {"uv": [14.5, 6, 14.25, 6.25], "texture": "#0"}
			}
		},
		{
			"from": [6.55481, 1.36642, 6.195],
			"to": [7.05481, 1.86642, 6.695],
			"rotation": {"angle": 0, "axis": "y", "origin": [13.05481, 9.06642, 14.495]},
			"faces": {
				"north": {"uv": [14.25, 6.25, 14.5, 6.5], "texture": "#0"},
				"east": {"uv": [14.25, 6.5, 14.5, 6.75], "texture": "#0"},
				"south": {"uv": [14.25, 6.75, 14.5, 7], "texture": "#0"},
				"west": {"uv": [14.25, 7, 14.5, 7.25], "texture": "#0"},
				"up": {"uv": [14.5, 7.5, 14.25, 7.25], "texture": "#0"},
				"down": {"uv": [14.5, 7.5, 14.25, 7.75], "texture": "#0"}
			}
		},
		{
			"from": [9.05481, 2.36642, 6.195],
			"to": [9.55481, 2.86642, 6.695],
			"rotation": {"angle": 0, "axis": "y", "origin": [2.95481, 10.06642, 14.495]},
			"faces": {
				"north": {"uv": [14.25, 7.75, 14.5, 8], "texture": "#0"},
				"east": {"uv": [14.25, 8, 14.5, 8.25], "texture": "#0"},
				"south": {"uv": [14.25, 8.25, 14.5, 8.5], "texture": "#0"},
				"west": {"uv": [14.25, 8.5, 14.5, 8.75], "texture": "#0"},
				"up": {"uv": [14.5, 9, 14.25, 8.75], "texture": "#0"},
				"down": {"uv": [14.5, 9, 14.25, 9.25], "texture": "#0"}
			}
		},
		{
			"from": [9.05481, 1.36642, 6.195],
			"to": [9.55481, 1.86642, 6.695],
			"rotation": {"angle": 0, "axis": "y", "origin": [2.95481, 9.06642, 14.495]},
			"faces": {
				"north": {"uv": [14.25, 9.25, 14.5, 9.5], "texture": "#0"},
				"east": {"uv": [14.25, 9.5, 14.5, 9.75], "texture": "#0"},
				"south": {"uv": [14.25, 9.75, 14.5, 10], "texture": "#0"},
				"west": {"uv": [14.25, 10, 14.5, 10.25], "texture": "#0"},
				"up": {"uv": [14.5, 10.5, 14.25, 10.25], "texture": "#0"},
				"down": {"uv": [14.5, 10.5, 14.25, 10.75], "texture": "#0"}
			}
		},
		{
			"from": [9.05481, 2.36642, 6.995],
			"to": [9.55481, 2.86642, 7.795],
			"rotation": {"angle": 0, "axis": "y", "origin": [2.95481, 10.06642, 15.495]},
			"faces": {
				"north": {"uv": [14.25, 10.75, 14.5, 11], "texture": "#0"},
				"east": {"uv": [14.25, 11, 14.5, 11.25], "texture": "#0"},
				"south": {"uv": [14.25, 11.25, 14.5, 11.5], "texture": "#0"},
				"west": {"uv": [14.25, 11.5, 14.5, 11.75], "texture": "#0"},
				"up": {"uv": [14.5, 12, 14.25, 11.75], "texture": "#0"},
				"down": {"uv": [14.5, 12, 14.25, 12.25], "texture": "#0"}
			}
		},
		{
			"from": [9.05481, 1.36642, 6.995],
			"to": [9.55481, 1.86642, 7.795],
			"rotation": {"angle": 0, "axis": "y", "origin": [2.95481, 9.06642, 15.495]},
			"faces": {
				"north": {"uv": [14.25, 12.25, 14.5, 12.5], "texture": "#0"},
				"east": {"uv": [14.25, 12.5, 14.5, 12.75], "texture": "#0"},
				"south": {"uv": [14.25, 12.75, 14.5, 13], "texture": "#0"},
				"west": {"uv": [14.25, 13, 14.5, 13.25], "texture": "#0"},
				"up": {"uv": [14.5, 13.5, 14.25, 13.25], "texture": "#0"},
				"down": {"uv": [14.5, 13.5, 14.25, 13.75], "texture": "#0"}
			}
		},
		{
			"from": [6.55481, 2.36642, 6.995],
			"to": [7.05481, 2.86642, 7.795],
			"rotation": {"angle": 0, "axis": "y", "origin": [13.15481, 10.06642, 15.495]},
			"faces": {
				"north": {"uv": [14.25, 13.75, 14.5, 14], "texture": "#0"},
				"east": {"uv": [14.25, 14, 14.5, 14.25], "texture": "#0"},
				"south": {"uv": [0, 14.5, 0.25, 14.75], "texture": "#0"},
				"west": {"uv": [0.25, 14.5, 0.5, 14.75], "texture": "#0"},
				"up": {"uv": [0.75, 14.75, 0.5, 14.5], "texture": "#0"},
				"down": {"uv": [1, 14.5, 0.75, 14.75], "texture": "#0"}
			}
		},
		{
			"from": [6.55481, 1.36642, 6.995],
			"to": [7.05481, 1.86642, 7.795],
			"rotation": {"angle": 0, "axis": "y", "origin": [13.15481, 9.06642, 15.495]},
			"faces": {
				"north": {"uv": [1, 14.5, 1.25, 14.75], "texture": "#0"},
				"east": {"uv": [1.25, 14.5, 1.5, 14.75], "texture": "#0"},
				"south": {"uv": [1.5, 14.5, 1.75, 14.75], "texture": "#0"},
				"west": {"uv": [1.75, 14.5, 2, 14.75], "texture": "#0"},
				"up": {"uv": [2.25, 14.75, 2, 14.5], "texture": "#0"},
				"down": {"uv": [2.5, 14.5, 2.25, 14.75], "texture": "#0"}
			}
		},
		{
			"from": [7.15481, 2.36642, 6.195],
			"to": [7.95481, 2.86642, 6.695],
			"rotation": {"angle": 0, "axis": "y", "origin": [13.05481, 10.06642, 14.495]},
			"faces": {
				"north": {"uv": [2.5, 14.5, 2.75, 14.75], "texture": "#0"},
				"east": {"uv": [2.75, 14.5, 3, 14.75], "texture": "#0"},
				"south": {"uv": [3, 14.5, 3.25, 14.75], "texture": "#0"},
				"west": {"uv": [3.25, 14.5, 3.5, 14.75], "texture": "#0"},
				"up": {"uv": [3.75, 14.75, 3.5, 14.5], "texture": "#0"},
				"down": {"uv": [4, 14.5, 3.75, 14.75], "texture": "#0"}
			}
		},
		{
			"from": [7.15481, 1.36642, 6.195],
			"to": [7.95481, 1.86642, 6.695],
			"rotation": {"angle": 0, "axis": "y", "origin": [13.05481, 9.06642, 14.495]},
			"faces": {
				"north": {"uv": [4, 14.5, 4.25, 14.75], "texture": "#0"},
				"east": {"uv": [4.25, 14.5, 4.5, 14.75], "texture": "#0"},
				"south": {"uv": [4.5, 14.5, 4.75, 14.75], "texture": "#0"},
				"west": {"uv": [4.75, 14.5, 5, 14.75], "texture": "#0"},
				"up": {"uv": [5.25, 14.75, 5, 14.5], "texture": "#0"},
				"down": {"uv": [5.5, 14.5, 5.25, 14.75], "texture": "#0"}
			}
		},
		{
			"from": [8.15481, 2.36642, 6.195],
			"to": [8.95481, 2.86642, 6.695],
			"rotation": {"angle": 0, "axis": "y", "origin": [3.05481, 10.06642, 14.495]},
			"faces": {
				"north": {"uv": [5.5, 14.5, 5.75, 14.75], "texture": "#0"},
				"east": {"uv": [5.75, 14.5, 6, 14.75], "texture": "#0"},
				"south": {"uv": [6, 14.5, 6.25, 14.75], "texture": "#0"},
				"west": {"uv": [6.25, 14.5, 6.5, 14.75], "texture": "#0"},
				"up": {"uv": [6.75, 14.75, 6.5, 14.5], "texture": "#0"},
				"down": {"uv": [7, 14.5, 6.75, 14.75], "texture": "#0"}
			}
		},
		{
			"from": [8.15481, 1.36642, 6.195],
			"to": [8.95481, 1.86642, 6.695],
			"rotation": {"angle": 0, "axis": "y", "origin": [3.05481, 9.06642, 14.495]},
			"faces": {
				"north": {"uv": [7, 14.5, 7.25, 14.75], "texture": "#0"},
				"east": {"uv": [7.25, 14.5, 7.5, 14.75], "texture": "#0"},
				"south": {"uv": [7.5, 14.5, 7.75, 14.75], "texture": "#0"},
				"west": {"uv": [7.75, 14.5, 8, 14.75], "texture": "#0"},
				"up": {"uv": [8.25, 14.75, 8, 14.5], "texture": "#0"},
				"down": {"uv": [8.5, 14.5, 8.25, 14.75], "texture": "#0"}
			}
		},
		{
			"from": [4.50481, 2.06642, 7.745],
			"to": [5.00481, 3.56642, 8.245],
			"rotation": {"angle": 0, "axis": "y", "origin": [12.35481, 9.56642, 15.495]},
			"faces": {
				"north": {"uv": [13.5, 13.5, 13.75, 14], "texture": "#0"},
				"east": {"uv": [13.5, 0, 13.75, 0.5], "texture": "#0"},
				"south": {"uv": [13.5, 3, 13.75, 3.5], "texture": "#0"},
				"west": {"uv": [13.5, 3.5, 13.75, 4], "texture": "#0"},
				"up": {"uv": [8.75, 14.75, 8.5, 14.5], "texture": "#0"},
				"down": {"uv": [9, 14.5, 8.75, 14.75], "texture": "#0"}
			}
		},
		{
			"from": [11.10481, 2.06642, 7.745],
			"to": [11.60481, 3.56642, 8.245],
			"rotation": {"angle": 0, "axis": "y", "origin": [3.75481, 9.56642, 15.495]},
			"faces": {
				"north": {"uv": [13.5, 4, 13.75, 4.5], "texture": "#0"},
				"east": {"uv": [13.5, 4.5, 13.75, 5], "texture": "#0"},
				"south": {"uv": [13.5, 5, 13.75, 5.5], "texture": "#0"},
				"west": {"uv": [13.5, 5.5, 13.75, 6], "texture": "#0"},
				"up": {"uv": [9.25, 14.75, 9, 14.5], "texture": "#0"},
				"down": {"uv": [9.5, 14.5, 9.25, 14.75], "texture": "#0"}
			}
		},
		{
			"from": [1.22848, 4.03764, 7.745],
			"to": [1.72848, 4.53764, 8.245],
			"rotation": {"angle": 22.5, "axis": "z", "origin": [9.07848, 11.53764, 15.495]},
			"faces": {
				"north": {"uv": [9.5, 14.5, 9.75, 14.75], "texture": "#0"},
				"east": {"uv": [9.75, 14.5, 10, 14.75], "texture": "#0"},
				"south": {"uv": [10, 14.5, 10.25, 14.75], "texture": "#0"},
				"west": {"uv": [10.25, 14.5, 10.5, 14.75], "texture": "#0"},
				"up": {"uv": [10.75, 14.75, 10.5, 14.5], "texture": "#0"},
				"down": {"uv": [11, 14.5, 10.75, 14.75], "texture": "#0"}
			}
		},
		{
			"from": [14.38114, 4.03764, 7.745],
			"to": [14.88114, 4.53764, 8.245],
			"rotation": {"angle": -22.5, "axis": "z", "origin": [7.03114, 11.53764, 15.495]},
			"faces": {
				"north": {"uv": [11, 14.5, 11.25, 14.75], "texture": "#0"},
				"east": {"uv": [11.25, 14.5, 11.5, 14.75], "texture": "#0"},
				"south": {"uv": [11.5, 14.5, 11.75, 14.75], "texture": "#0"},
				"west": {"uv": [11.75, 14.5, 12, 14.75], "texture": "#0"},
				"up": {"uv": [12.25, 14.75, 12, 14.5], "texture": "#0"},
				"down": {"uv": [12.5, 14.5, 12.25, 14.75], "texture": "#0"}
			}
		},
		{
			"from": [-2.5528, 4.60502, 7.745],
			"to": [-2.0528, 5.10502, 8.245],
			"rotation": {"angle": 45, "axis": "z", "origin": [5.2972, 12.10502, 15.495]},
			"faces": {
				"north": {"uv": [12.5, 14.5, 12.75, 14.75], "texture": "#0"},
				"east": {"uv": [12.75, 14.5, 13, 14.75], "texture": "#0"},
				"south": {"uv": [13, 14.5, 13.25, 14.75], "texture": "#0"},
				"west": {"uv": [13.25, 14.5, 13.5, 14.75], "texture": "#0"},
				"up": {"uv": [13.75, 14.75, 13.5, 14.5], "texture": "#0"},
				"down": {"uv": [14, 14.5, 13.75, 14.75], "texture": "#0"}
			}
		},
		{
			"from": [18.16243, 4.60502, 7.745],
			"to": [18.66243, 5.10502, 8.245],
			"rotation": {"angle": -45, "axis": "z", "origin": [10.81243, 12.10502, 15.495]},
			"faces": {
				"north": {"uv": [14, 14.5, 14.25, 14.75], "texture": "#0"},
				"east": {"uv": [14.25, 14.5, 14.5, 14.75], "texture": "#0"},
				"south": {"uv": [14.5, 14.5, 14.75, 14.75], "texture": "#0"},
				"west": {"uv": [14.5, 0, 14.75, 0.25], "texture": "#0"},
				"up": {"uv": [14.75, 0.5, 14.5, 0.25], "texture": "#0"},
				"down": {"uv": [14.75, 0.5, 14.5, 0.75], "texture": "#0"}
			}
		},
		{
			"from": [8.58662, 3.33217, 7.745],
			"to": [10.08662, 3.83217, 8.245],
			"rotation": {"angle": -22.5, "axis": "z", "origin": [1.58662, 11.18217, 15.495]},
			"faces": {
				"north": {"uv": [13.5, 0.5, 14, 0.75], "texture": "#0"},
				"east": {"uv": [14.5, 0.75, 14.75, 1], "texture": "#0"},
				"south": {"uv": [13.5, 2.25, 14, 2.5], "texture": "#0"},
				"west": {"uv": [14.5, 1, 14.75, 1.25], "texture": "#0"},
				"up": {"uv": [14, 6.25, 13.5, 6], "texture": "#0"},
				"down": {"uv": [14, 6.25, 13.5, 6.5], "texture": "#0"}
			}
		},
		{
			"from": [6.02301, 3.33217, 7.745],
			"to": [7.52301, 3.83217, 8.245],
			"rotation": {"angle": 22.5, "axis": "z", "origin": [14.52301, 11.18217, 15.495]},
			"faces": {
				"north": {"uv": [13.5, 6.5, 14, 6.75], "texture": "#0"},
				"east": {"uv": [14.5, 1.25, 14.75, 1.5], "texture": "#0"},
				"south": {"uv": [13.5, 6.75, 14, 7], "texture": "#0"},
				"west": {"uv": [14.5, 1.5, 14.75, 1.75], "texture": "#0"},
				"up": {"uv": [14, 7.25, 13.5, 7], "texture": "#0"},
				"down": {"uv": [14, 7.25, 13.5, 7.5], "texture": "#0"}
			}
		},
		{
			"from": [8.63776, 8.85, 3.5],
			"to": [9.93776, 9.85, 4.3],
			"rotation": {"angle": 0, "axis": "y", "origin": [1.93776, 14.75, 11]},
			"faces": {
				"north": {"uv": [14.5, 1.75, 14.75, 2], "texture": "#0"},
				"east": {"uv": [14.5, 2, 14.75, 2.25], "texture": "#0"},
				"south": {"uv": [14.5, 2.25, 14.75, 2.5], "texture": "#0"},
				"west": {"uv": [14.5, 2.5, 14.75, 2.75], "texture": "#0"},
				"up": {"uv": [14.75, 3, 14.5, 2.75], "texture": "#0"},
				"down": {"uv": [14.75, 3, 14.5, 3.25], "texture": "#0"}
			}
		},
		{
			"from": [6.06224, 8.85, 3.5],
			"to": [7.36224, 9.85, 4.3],
			"rotation": {"angle": 0, "axis": "y", "origin": [14.06224, 14.75, 11]},
			"faces": {
				"north": {"uv": [14.5, 3.25, 14.75, 3.5], "texture": "#0"},
				"east": {"uv": [14.5, 3.5, 14.75, 3.75], "texture": "#0"},
				"south": {"uv": [14.5, 3.75, 14.75, 4], "texture": "#0"},
				"west": {"uv": [14.5, 4, 14.75, 4.25], "texture": "#0"},
				"up": {"uv": [14.75, 4.5, 14.5, 4.25], "texture": "#0"},
				"down": {"uv": [14.75, 4.5, 14.5, 4.75], "texture": "#0"}
			}
		},
		{
			"from": [8.93776, 8.75, 3.4],
			"to": [10.93776, 9.75, 4.4],
			"rotation": {"angle": 0, "axis": "y", "origin": [2.93776, 15.75, 11]},
			"faces": {
				"north": {"uv": [13.5, 8, 14, 8.25], "texture": "#0"},
				"east": {"uv": [14.5, 4.75, 14.75, 5], "texture": "#0"},
				"south": {"uv": [13.5, 8.25, 14, 8.5], "texture": "#0"},
				"west": {"uv": [14.5, 5, 14.75, 5.25], "texture": "#0"},
				"up": {"uv": [14, 8.75, 13.5, 8.5], "texture": "#0"},
				"down": {"uv": [14, 8.75, 13.5, 9], "texture": "#0"}
			}
		},
		{
			"from": [5.06224, 8.75, 3.4],
			"to": [7.06224, 9.75, 4.4],
			"rotation": {"angle": 0, "axis": "y", "origin": [13.06224, 15.75, 11]},
			"faces": {
				"north": {"uv": [13.5, 9, 14, 9.25], "texture": "#0"},
				"east": {"uv": [14.5, 5.25, 14.75, 5.5], "texture": "#0"},
				"south": {"uv": [13.5, 9.25, 14, 9.5], "texture": "#0"},
				"west": {"uv": [14.5, 5.5, 14.75, 5.75], "texture": "#0"},
				"up": {"uv": [14, 9.75, 13.5, 9.5], "texture": "#0"},
				"down": {"uv": [14, 9.75, 13.5, 10], "texture": "#0"}
			}
		},
		{
			"from": [10.93776, 8.95, 3.4],
			"to": [11.13776, 9.55, 3.9],
			"rotation": {"angle": 0, "axis": "y", "origin": [3.23776, 15.75, 11]},
			"faces": {
				"north": {"uv": [14.5, 5.75, 14.75, 6], "texture": "#0"},
				"east": {"uv": [14.5, 6, 14.75, 6.25], "texture": "#0"},
				"south": {"uv": [14.5, 6.25, 14.75, 6.5], "texture": "#0"},
				"west": {"uv": [14.5, 6.5, 14.75, 6.75], "texture": "#0"},
				"up": {"uv": [14.75, 7, 14.5, 6.75], "texture": "#0"},
				"down": {"uv": [14.75, 7, 14.5, 7.25], "texture": "#0"}
			}
		},
		{
			"from": [4.86224, 8.95, 3.4],
			"to": [5.06224, 9.55, 3.9],
			"rotation": {"angle": 0, "axis": "y", "origin": [12.76224, 15.75, 11]},
			"faces": {
				"north": {"uv": [14.5, 7.25, 14.75, 7.5], "texture": "#0"},
				"east": {"uv": [14.5, 7.5, 14.75, 7.75], "texture": "#0"},
				"south": {"uv": [14.5, 7.75, 14.75, 8], "texture": "#0"},
				"west": {"uv": [14.5, 8, 14.75, 8.25], "texture": "#0"},
				"up": {"uv": [14.75, 8.5, 14.5, 8.25], "texture": "#0"},
				"down": {"uv": [14.75, 8.5, 14.5, 8.75], "texture": "#0"}
			}
		},
		{
			"from": [7, 3.75, 2.3],
			"to": [9, 5.25, 5.1],
			"rotation": {"angle": 0, "axis": "y", "origin": [14, -3.95, 12]},
			"faces": {
				"north": {"uv": [12.5, 5, 13, 5.5], "texture": "#0"},
				"east": {"uv": [11.25, 7.5, 12, 8], "texture": "#0"},
				"south": {"uv": [12.5, 5.5, 13, 6], "texture": "#0"},
				"west": {"uv": [11.25, 8, 12, 8.5], "texture": "#0"},
				"up": {"uv": [11, 12, 10.5, 11.25], "texture": "#0"},
				"down": {"uv": [11.75, 8.5, 11.25, 9.25], "texture": "#0"}
			}
		},
		{
			"from": [5.7, 2.85, 2],
			"to": [6, 3.65, 5],
			"rotation": {"angle": 0, "axis": "y", "origin": [10.5, -3.75, 12]},
			"faces": {
				"north": {"uv": [14.5, 8.75, 14.75, 9], "texture": "#0"},
				"east": {"uv": [12.75, 9.75, 13.5, 10], "texture": "#0"},
				"south": {"uv": [14.5, 9, 14.75, 9.25], "texture": "#0"},
				"west": {"uv": [12.75, 11.25, 13.5, 11.5], "texture": "#0"},
				"up": {"uv": [0.75, 13.75, 0.5, 13], "texture": "#0"},
				"down": {"uv": [1, 13, 0.75, 13.75], "texture": "#0"}
			}
		},
		{
			"from": [6, 2.75, 1.5],
			"to": [10, 4.25, 5],
			"rotation": {"angle": 0, "axis": "y", "origin": [14, -4.25, 12]},
			"faces": {
				"north": {"uv": [5, 10.75, 6, 11.25], "texture": "#0"},
				"east": {"uv": [9, 10.75, 10, 11.25], "texture": "#0"},
				"south": {"uv": [10, 10.75, 11, 11.25], "texture": "#0"},
				"west": {"uv": [10.75, 0, 11.75, 0.5], "texture": "#0"},
				"up": {"uv": [7.5, 10, 6.5, 9], "texture": "#0"},
				"down": {"uv": [9.5, 9, 8.5, 10], "texture": "#0"}
			}
		},
		{
			"from": [6.35, 3.75, 2],
			"to": [9.65, 4.75, 5],
			"rotation": {"angle": 0, "axis": "y", "origin": [13.35, -3.95, 12]},
			"faces": {
				"north": {"uv": [12.75, 11.5, 13.5, 11.75], "texture": "#0"},
				"east": {"uv": [12.75, 12.25, 13.5, 12.5], "texture": "#0"},
				"south": {"uv": [12.75, 12.5, 13.5, 12.75], "texture": "#0"},
				"west": {"uv": [3.5, 13, 4.25, 13.25], "texture": "#0"},
				"up": {"uv": [11.25, 8.25, 10.5, 7.5], "texture": "#0"},
				"down": {"uv": [11.25, 8.25, 10.5, 9], "texture": "#0"}
			}
		},
		{
			"from": [7, 3.01537, 1.34776],
			"to": [9, 4.41537, 3.84776],
			"rotation": {"angle": 0, "axis": "y", "origin": [13, -3.98463, 8.84776]},
			"faces": {
				"north": {"uv": [13.5, 10, 14, 10.25], "texture": "#0"},
				"east": {"uv": [4.25, 13, 5, 13.25], "texture": "#0"},
				"south": {"uv": [13.5, 10.25, 14, 10.5], "texture": "#0"},
				"west": {"uv": [6, 13, 6.75, 13.25], "texture": "#0"},
				"up": {"uv": [11.75, 10, 11.25, 9.25], "texture": "#0"},
				"down": {"uv": [7.5, 11.5, 7, 12.25], "texture": "#0"}
			}
		},
		{
			"from": [7.1, 3.01537, 0.5],
			"to": [8.9, 4.31537, 2],
			"rotation": {"angle": 0, "axis": "y", "origin": [13.1, -3.98463, 7.34776]},
			"faces": {
				"north": {"uv": [13.5, 10.5, 14, 10.75], "texture": "#0"},
				"east": {"uv": [13.5, 10.75, 14, 11], "texture": "#0"},
				"south": {"uv": [13.5, 11, 14, 11.25], "texture": "#0"},
				"west": {"uv": [13.5, 11.25, 14, 11.5], "texture": "#0"},
				"up": {"uv": [13, 6.5, 12.5, 6], "texture": "#0"},
				"down": {"uv": [13, 10, 12.5, 10.5], "texture": "#0"}
			}
		},
		{
			"from": [7, 2.75, -0.5],
			"to": [9, 3.55, 0],
			"rotation": {"angle": 0, "axis": "y", "origin": [13, -4.25, 7]},
			"faces": {
				"north": {"uv": [13.5, 11.5, 14, 11.75], "texture": "#0"},
				"east": {"uv": [14.5, 9.25, 14.75, 9.5], "texture": "#0"},
				"south": {"uv": [13.5, 11.75, 14, 12], "texture": "#0"},
				"west": {"uv": [14.5, 9.5, 14.75, 9.75], "texture": "#0"},
				"up": {"uv": [14, 12.5, 13.5, 12.25], "texture": "#0"},
				"down": {"uv": [14, 12.5, 13.5, 12.75], "texture": "#0"}
			}
		},
		{
			"from": [6.5, 2.75, 0],
			"to": [9.5, 3.75, 1.5],
			"rotation": {"angle": 0, "axis": "y", "origin": [13.5, -4.25, 8.5]},
			"faces": {
				"north": {"uv": [6.75, 13, 7.5, 13.25], "texture": "#0"},
				"east": {"uv": [13.5, 12.75, 14, 13], "texture": "#0"},
				"south": {"uv": [7.5, 13, 8.25, 13.25], "texture": "#0"},
				"west": {"uv": [13.5, 13.25, 14, 13.5], "texture": "#0"},
				"up": {"uv": [9, 12, 8.25, 11.5], "texture": "#0"},
				"down": {"uv": [9.75, 11.5, 9, 12], "texture": "#0"}
			}
		},
		{
			"from": [10, 2.85, 2],
			"to": [10.3, 3.65, 5],
			"rotation": {"angle": 0, "axis": "y", "origin": [5.5, -3.75, 12]},
			"faces": {
				"north": {"uv": [14.5, 9.75, 14.75, 10], "texture": "#0"},
				"east": {"uv": [8.25, 13, 9, 13.25], "texture": "#0"},
				"south": {"uv": [14.5, 10, 14.75, 10.25], "texture": "#0"},
				"west": {"uv": [9, 13, 9.75, 13.25], "texture": "#0"},
				"up": {"uv": [1.25, 13.75, 1, 13], "texture": "#0"},
				"down": {"uv": [1.5, 13, 1.25, 13.75], "texture": "#0"}
			}
		},
		{
			"from": [7.25, 5.05, 3],
			"to": [8.75, 5.65, 4.3],
			"rotation": {"angle": 0, "axis": "y", "origin": [16.6, 13.05, 11.3]},
			"faces": {
				"north": {"uv": [0, 13.75, 0.5, 14], "texture": "#0"},
				"east": {"uv": [14.5, 10.25, 14.75, 10.5], "texture": "#0"},
				"south": {"uv": [0.5, 13.75, 1, 14], "texture": "#0"},
				"west": {"uv": [14.5, 10.5, 14.75, 10.75], "texture": "#0"},
				"up": {"uv": [1.5, 14, 1, 13.75], "texture": "#0"},
				"down": {"uv": [2, 13.75, 1.5, 14], "texture": "#0"}
			}
		},
		{
			"from": [7, 2.55, 0.07926],
			"to": [9, 3.55, 4.07926],
			"rotation": {"angle": 0, "axis": "y", "origin": [15, 10.63478, 8.07926]},
			"faces": {
				"north": {"uv": [4.5, 13.75, 5, 14], "texture": "#0"},
				"east": {"uv": [12.25, 12, 13.25, 12.25], "texture": "#0"},
				"south": {"uv": [5.5, 13.75, 6, 14], "texture": "#0"},
				"west": {"uv": [12.5, 10.5, 13.5, 10.75], "texture": "#0"},
				"up": {"uv": [6.5, 11.75, 6, 10.75], "texture": "#0"},
				"down": {"uv": [11.25, 0.5, 10.75, 1.5], "texture": "#0"}
			}
		},
		{
			"from": [7.5, 5.65, 3.3],
			"to": [8.5, 6.15, 4.3],
			"rotation": {"angle": 0, "axis": "y", "origin": [16.85, 13.65, 11.3]},
			"faces": {
				"north": {"uv": [14.5, 10.75, 14.75, 11], "texture": "#0"},
				"east": {"uv": [14.5, 11, 14.75, 11.25], "texture": "#0"},
				"south": {"uv": [14.5, 11.25, 14.75, 11.5], "texture": "#0"},
				"west": {"uv": [14.5, 11.5, 14.75, 11.75], "texture": "#0"},
				"up": {"uv": [14.75, 12, 14.5, 11.75], "texture": "#0"},
				"down": {"uv": [14.75, 12, 14.5, 12.25], "texture": "#0"}
			}
		},
		{
			"from": [9, -1.05, 5.7],
			"to": [10.1, 3.9, 10.65],
			"rotation": {"angle": -45, "axis": "z", "origin": [17.8, 12.15, 14.5]},
			"faces": {
				"north": {"uv": [0.25, 11.75, 0.5, 13], "texture": "#0"},
				"east": {"uv": [6.25, 4.5, 7.5, 5.75], "texture": "#0"},
				"south": {"uv": [0.5, 11.75, 0.75, 13], "texture": "#0"},
				"west": {"uv": [7.5, 4.5, 8.75, 5.75], "texture": "#0"},
				"up": {"uv": [1, 13, 0.75, 11.75], "texture": "#0"},
				"down": {"uv": [2.75, 11.75, 2.5, 13], "texture": "#0"}
			}
		},
		{
			"from": [4.11026, 14.36529, 6],
			"to": [4.91026, 15.36529, 10],
			"rotation": {"angle": 22.5, "axis": "z", "origin": [19.31026, 6.56529, 15.5]},
			"faces": {
				"north": {"uv": [14.5, 12.25, 14.75, 12.5], "texture": "#0"},
				"east": {"uv": [12.5, 10.75, 13.5, 11], "texture": "#0"},
				"south": {"uv": [14.5, 12.5, 14.75, 12.75], "texture": "#0"},
				"west": {"uv": [12.5, 11, 13.5, 11.25], "texture": "#0"},
				"up": {"uv": [6, 13.5, 5.75, 12.5], "texture": "#0"},
				"down": {"uv": [1.75, 12.75, 1.5, 13.75], "texture": "#0"}
			}
		},
		{
			"from": [-0.58273, 9.8723, 6.2],
			"to": [0.41727, 10.6723, 10.2],
			"rotation": {"angle": -22.5, "axis": "z", "origin": [8.21727, -4.5277, 15.2]},
			"faces": {
				"north": {"uv": [14.5, 12.75, 14.75, 13], "texture": "#0"},
				"east": {"uv": [4, 12.75, 5, 13], "texture": "#0"},
				"south": {"uv": [14.5, 13, 14.75, 13.25], "texture": "#0"},
				"west": {"uv": [6, 12.75, 7, 13], "texture": "#0"},
				"up": {"uv": [2, 13.75, 1.75, 12.75], "texture": "#0"},
				"down": {"uv": [2.25, 12.75, 2, 13.75], "texture": "#0"}
			}
		},
		{
			"from": [4.6, -0.72, 6.03],
			"to": [9, 3.68, 10.43],
			"rotation": {"angle": -45, "axis": "z", "origin": [17.8, 12.15, 14.5]},
			"faces": {
				"north": {"uv": [9.25, 0, 10.25, 1], "texture": "#0"},
				"east": {"uv": [9.25, 1, 10.25, 2], "texture": "#0"},
				"south": {"uv": [9.25, 2, 10.25, 3], "texture": "#0"},
				"west": {"uv": [9.25, 3, 10.25, 4], "texture": "#0"},
				"up": {"uv": [1, 10.5, 0, 9.5], "texture": "#0"},
				"down": {"uv": [3.5, 9.5, 2.5, 10.5], "texture": "#0"}
			}
		},
		{
			"from": [-7.3, 15.05, 7.3],
			"to": [-5.3, 16.05, 9.3],
			"rotation": {"angle": 45, "axis": "z", "origin": [-0.63427, 23.69705, 15.03]},
			"faces": {
				"north": {"uv": [15.5, 5, 16, 5.25], "texture": "#0"},
				"east": {"uv": [15.25, 0.875, 15.75, 1.125], "texture": "#0"},
				"south": {"uv": [15, 5.75, 15.5, 6], "texture": "#0"},
				"west": {"uv": [15.25, 14, 15.75, 14.25], "texture": "#0"},
				"up": {"uv": [15.5, 8, 16, 8.5], "texture": "#0"},
				"down": {"uv": [15.5, 8.75, 16, 9.25], "texture": "#0"}
			}
		},
		{
			"from": [-6.8, 14.69705, 7.8],
			"to": [-5.8, 17.69705, 8.8],
			"rotation": {"angle": 45, "axis": "z", "origin": [-0.63427, 23.69705, 15.03]},
			"faces": {
				"north": {"uv": [11.125, 15.25, 11.375, 16], "texture": "#0"},
				"east": {"uv": [10.25, 15.25, 10.5, 16], "texture": "#0"},
				"south": {"uv": [12.125, 15.25, 12.375, 16], "texture": "#0"},
				"west": {"uv": [15.25, 15, 15.5, 15.75], "texture": "#0"},
				"up": {"uv": [11.5, 15.125, 11.75, 15.375], "texture": "#0"},
				"down": {"uv": [12.875, 15.125, 13.125, 15.375], "texture": "#0"}
			}
		},
		{
			"from": [-7.3, 17.69705, 8.3],
			"to": [-5.3, 20.69705, 8.3],
			"rotation": {"angle": 45, "axis": "z", "origin": [-0.63427, 23.69705, 15.03]},
			"faces": {
				"north": {"uv": [6.75, 15, 7.25, 15.75], "texture": "#0"},
				"east": {"uv": [9.375, 15.25, 9.375, 16], "texture": "#0"},
				"south": {"uv": [8, 15, 8.5, 15.75], "texture": "#0"},
				"west": {"uv": [14.375, 15.125, 14.375, 15.875], "texture": "#0"},
				"up": {"uv": [8.5, 15.25, 9, 15.25], "texture": "#0"},
				"down": {"uv": [12.875, 15.125, 13.125, 15.375], "texture": "#0"}
			}
		},
		{
			"from": [4.8, 5.2267, 4.18048],
			"to": [7.8, 5.2267, 7.18048],
			"rotation": {"angle": 22.5, "axis": "x", "origin": [13.66329, 13.2267, 12.18048]},
			"faces": {
				"north": {"uv": [15.25, 3.25, 16, 3.25], "texture": "#0"},
				"east": {"uv": [0, 0, 0.75, 0], "texture": "#0"},
				"south": {"uv": [0, 0, 0.75, 0], "texture": "#0"},
				"west": {"uv": [0, 0, 0.75, 0], "texture": "#0"},
				"up": {"uv": [15.25, 6.5, 16, 7.25], "texture": "#0"},
				"down": {"uv": [15.25, 2.625, 16, 3.375], "texture": "#0"}
			}
		},
		{
			"from": [8.2, 5.2267, 4.18048],
			"to": [11.2, 5.2267, 7.18048],
			"rotation": {"angle": 22.5, "axis": "x", "origin": [2.33671, 13.2267, 12.18048]},
			"faces": {
				"north": {"uv": [16, 3.25, 15.25, 3.25], "texture": "#0"},
				"east": {"uv": [0.75, 0, 0, 0], "texture": "#0"},
				"south": {"uv": [0.75, 0, 0, 0], "texture": "#0"},
				"west": {"uv": [0.75, 0, 0, 0], "texture": "#0"},
				"up": {"uv": [16, 6.5, 15.25, 7.25], "texture": "#0"},
				"down": {"uv": [16, 2.625, 15.25, 3.375], "texture": "#0"}
			}
		}
	],
	"display": {
		"thirdperson_righthand": {
			"rotation": [60, 0, 0],
			"translation": [0, 0.5, 1],
			"scale": [0.4, 0.4, 0.4]
		},
		"thirdperson_lefthand": {
			"rotation": [60, 0, 0],
			"translation": [0, 0.5, 1],
			"scale": [0.4, 0.4, 0.4]
		},
		"firstperson_righthand": {
			"rotation": [0, 100, 0],
			"translation": [0, 3, 0],
			"scale": [0.4, 0.4, 0.4]
		},
		"firstperson_lefthand": {
			"rotation": [0, 100, 0],
			"translation": [0, 3, 0],
			"scale": [0.4, 0.4, 0.4]
		},
		"ground": {
			"scale": [0.5, 0.5, 0.5]
		},
		"gui": {
			"rotation": [20, -30, 0],
			"translation": [-0.75, -0.25, 0],
			"scale": [-0.7, 0.7, -0.7]
		},
		"head": {
			"translation": [0, 4.5, 0],
			"scale": [1.7, 1.7, 1.7]
		},
		"fixed": {
			"translation": [1, -0.5, -1.25],
			"scale": [0.9, 0.9, 0.9]
		}
	}
}