{
	"textures": {
		"0": "mnaf:animatronics/heads/vixie"
	},
	"elements": [
		{
			"from": [2, 12.25, 7],
			"to": [3, 13.25, 8],
			"rotation": {"angle": 0, "axis": "y", "origin": [8, 7.25, 8]},
			"faces": {
				"north": {"uv": [9, 12, 9.25, 12.25], "texture": "#0"},
				"south": {"uv": [9.25, 12, 9.5, 12.25], "texture": "#0"},
				"up": {"uv": [9.75, 12.25, 9.5, 12], "texture": "#0"},
				"down": {"uv": [10, 12, 9.75, 12.25], "texture": "#0"}
			}
		},
		{
			"from": [-0.8, 13.93, 6.68],
			"to": [1.84, 14.43, 8.44],
			"rotation": {"angle": 0, "axis": "y", "origin": [8, 6.29, 8]},
			"faces": {
				"north": {"uv": [11.5, 5, 12.25, 5.25], "texture": "#0"},
				"east": {"uv": [1, 12, 1.5, 12.25], "texture": "#0"},
				"south": {"uv": [11.5, 8, 12.25, 8.25], "texture": "#0"},
				"west": {"uv": [1.5, 12, 2, 12.25], "texture": "#0"},
				"up": {"uv": [11.5, 7.75, 10.75, 7.25], "texture": "#0"}
			}
		},
		{
			"from": [-1, 11.25, 6.5],
			"to": [2, 14.25, 8.5],
			"rotation": {"angle": 0, "axis": "y", "origin": [8, 7.25, 8]},
			"faces": {
				"north": {"uv": [2.5, 9.5, 3.25, 10.25], "texture": "#0"},
				"east": {"uv": [10.5, 5.5, 11, 6.25], "texture": "#0"},
				"south": {"uv": [4, 9.5, 4.75, 10.25], "texture": "#0"},
				"west": {"uv": [10.5, 6.25, 11, 7], "texture": "#0"},
				"up": {"uv": [6.25, 11.25, 5.5, 10.75], "texture": "#0"},
				"down": {"uv": [7, 10.75, 6.25, 11.25], "texture": "#0"}
			}
		},
		{
			"from": [-1.408, 11.3076, 6.7328],
			"to": [-0.5632, 13.842, 8.4224],
			"rotation": {"angle": 0, "axis": "y", "origin": [8, 6.0084, 8]},
			"faces": {
				"north": {"uv": [0.25, 11.75, 0.5, 12.5], "texture": "#0"},
				"south": {"uv": [0.5, 11.75, 0.75, 12.5], "texture": "#0"},
				"west": {"uv": [7, 10.75, 7.5, 11.5], "texture": "#0"},
				"up": {"uv": [2.25, 12.5, 2, 12], "texture": "#0"},
				"down": {"uv": [2.5, 12, 2.25, 12.5], "texture": "#0"}
			}
		},
		{
			"from": [-0.8, 10.93, 6.68],
			"to": [1.84, 11.43, 8.44],
			"rotation": {"angle": 0, "axis": "y", "origin": [8, 6.29, 8]},
			"faces": {
				"north": {"uv": [11.5, 9.5, 12.25, 9.75], "texture": "#0"},
				"east": {"uv": [2.5, 12, 3, 12.25], "texture": "#0"},
				"south": {"uv": [8.5, 11.75, 9.25, 12], "texture": "#0"},
				"west": {"uv": [3, 12, 3.5, 12.25], "texture": "#0"},
				"down": {"uv": [11.5, 7.75, 10.75, 8.25], "texture": "#0"}
			}
		},
		{
			"from": [13, 12.25, 7],
			"to": [14, 13.25, 8],
			"rotation": {"angle": 0, "axis": "y", "origin": [8, 7.25, 8]},
			"faces": {
				"north": {"uv": [7.5, 12, 7.75, 12.25], "texture": "#0"},
				"east": {"uv": [7.75, 12, 8, 12.25], "texture": "#0"},
				"south": {"uv": [8, 12, 8.25, 12.25], "texture": "#0"},
				"west": {"uv": [8.25, 12, 8.5, 12.25], "texture": "#0"},
				"up": {"uv": [8.75, 12.25, 8.5, 12], "texture": "#0"},
				"down": {"uv": [9, 12, 8.75, 12.25], "texture": "#0"}
			}
		},
		{
			"from": [14, 11.25, 6.5],
			"to": [17, 14.25, 8.5],
			"rotation": {"angle": 0, "axis": "y", "origin": [8, 7.25, 8]},
			"faces": {
				"north": {"uv": [1, 9.5, 1.75, 10.25], "texture": "#0"},
				"east": {"uv": [8, 10.5, 8.5, 11.25], "texture": "#0"},
				"south": {"uv": [1.75, 9.5, 2.5, 10.25], "texture": "#0"},
				"west": {"uv": [8.5, 10.5, 9, 11.25], "texture": "#0"},
				"up": {"uv": [9.75, 11, 9, 10.5], "texture": "#0"},
				"down": {"uv": [10.5, 10.5, 9.75, 11], "texture": "#0"}
			}
		},
		{
			"from": [16.5632, 11.3076, 6.7328],
			"to": [17.408, 13.842, 8.4224],
			"rotation": {"angle": 0, "axis": "y", "origin": [8, 6.0084, 8]},
			"faces": {
				"north": {"uv": [11.5, 10.75, 11.75, 11.5], "texture": "#0"},
				"east": {"uv": [10.5, 10.5, 11, 11.25], "texture": "#0"},
				"south": {"uv": [0, 11.75, 0.25, 12.5], "texture": "#0"},
				"west": {"uv": [10.5, 0, 11, 0.75], "texture": "#0"},
				"up": {"uv": [12, 10.75, 11.75, 10.25], "texture": "#0"},
				"down": {"uv": [12, 10.75, 11.75, 11.25], "texture": "#0"}
			}
		},
		{
			"from": [14.16, 10.93, 6.68],
			"to": [16.8, 11.43, 8.44],
			"rotation": {"angle": 0, "axis": "y", "origin": [8, 6.29, 8]},
			"faces": {
				"north": {"uv": [11.5, 0.5, 12.25, 0.75], "texture": "#0"},
				"east": {"uv": [11.75, 6.75, 12.25, 7], "texture": "#0"},
				"south": {"uv": [11.5, 2, 12.25, 2.25], "texture": "#0"},
				"west": {"uv": [11.75, 7.75, 12.25, 8], "texture": "#0"},
				"up": {"uv": [11.25, 2.25, 10.5, 1.75], "texture": "#0"},
				"down": {"uv": [11.25, 2.25, 10.5, 2.75], "texture": "#0"}
			}
		},
		{
			"from": [14.16, 13.93, 6.68],
			"to": [16.8, 14.43, 8.44],
			"rotation": {"angle": 0, "axis": "y", "origin": [8, 6.29, 8]},
			"faces": {
				"north": {"uv": [11.5, 4.25, 12.25, 4.5], "texture": "#0"},
				"east": {"uv": [11.75, 9.25, 12.25, 9.5], "texture": "#0"},
				"south": {"uv": [11.5, 4.5, 12.25, 4.75], "texture": "#0"},
				"west": {"uv": [11.75, 11.25, 12.25, 11.5], "texture": "#0"},
				"up": {"uv": [11.25, 4.25, 10.5, 3.75], "texture": "#0"},
				"down": {"uv": [11.25, 4.25, 10.5, 4.75], "texture": "#0"}
			}
		},
		{
			"from": [12, 5.25, 3.5],
			"to": [13, 13.25, 12.5],
			"rotation": {"angle": 0, "axis": "y", "origin": [8, -9.75, 8]},
			"faces": {
				"north": {"uv": [3.25, 9.25, 3.5, 11.25], "texture": "#0"},
				"east": {"uv": [2.5, 0, 4.75, 2], "texture": "#0"},
				"south": {"uv": [4.75, 9.5, 5, 11.5], "texture": "#0"},
				"west": {"uv": [4.5, 4.5, 6.75, 6.5], "texture": "#0"},
				"down": {"uv": [3.75, 9, 3.5, 11.25], "texture": "#0"}
			}
		},
		{
			"from": [3, 5.25, 3.5],
			"to": [4, 13.25, 12.5],
			"rotation": {"angle": 0, "axis": "y", "origin": [8, -9.75, 8]},
			"faces": {
				"north": {"uv": [7.5, 9.5, 7.75, 11.5], "texture": "#0"},
				"east": {"uv": [4.5, 2, 6.75, 4], "texture": "#0"},
				"south": {"uv": [7.75, 9.5, 8, 11.5], "texture": "#0"},
				"west": {"uv": [0, 4.75, 2.25, 6.75], "texture": "#0"},
				"down": {"uv": [4, 9, 3.75, 11.25], "texture": "#0"}
			}
		},
		{
			"from": [3, 13.25, 3.5],
			"to": [13, 14.25, 12.5],
			"rotation": {"angle": 0, "axis": "y", "origin": [8, -9.75, 8]},
			"faces": {
				"north": {"uv": [7.75, 7.5, 10.25, 7.75], "texture": "#0"},
				"east": {"uv": [9, 1.25, 11.25, 1.5], "texture": "#0"},
				"south": {"uv": [8.75, 5.25, 11.25, 5.5], "texture": "#0"},
				"west": {"uv": [9, 1.5, 11.25, 1.75], "texture": "#0"},
				"up": {"uv": [2.5, 2.25, 0, 0], "texture": "#0"}
			}
		},
		{
			"from": [9.1, 13.05, 3.15],
			"to": [11.5, 13.75, 3.85],
			"rotation": {"angle": 0, "axis": "y", "origin": [8, -7.05, 8]},
			"faces": {
				"north": {"uv": [4, 11.75, 4.5, 12], "texture": "#0"},
				"east": {"uv": [5.5, 8.5, 5.75, 8.75], "texture": "#0"},
				"west": {"uv": [5.25, 12, 5.5, 12.25], "texture": "#0"},
				"up": {"uv": [9.75, 12, 9.25, 11.75], "texture": "#0"},
				"down": {"uv": [10.25, 11.75, 9.75, 12], "texture": "#0"}
			}
		},
		{
			"from": [4.5, 13.05, 3.15],
			"to": [6.9, 13.75, 3.85],
			"rotation": {"angle": 0, "axis": "y", "origin": [8, -7.05, 8]},
			"faces": {
				"north": {"uv": [10.25, 11.75, 10.75, 12], "texture": "#0"},
				"east": {"uv": [5.5, 12, 5.75, 12.25], "texture": "#0"},
				"west": {"uv": [5.75, 12, 6, 12.25], "texture": "#0"},
				"up": {"uv": [11.25, 12, 10.75, 11.75], "texture": "#0"},
				"down": {"uv": [12.25, 5.5, 11.75, 5.75], "texture": "#0"}
			}
		},
		{
			"from": [4, 12.25, 3.5],
			"to": [12, 13.25, 5.5],
			"rotation": {"angle": 0, "axis": "y", "origin": [8, -9.75, 8]},
			"faces": {
				"north": {"uv": [2.5, 2, 4.5, 2.25], "texture": "#0"},
				"east": {"uv": [6, 12, 6.25, 12.25], "texture": "#0"},
				"south": {"uv": [4.75, 1.75, 6.75, 2], "texture": "#0"},
				"west": {"uv": [6.25, 12, 6.5, 12.25], "texture": "#0"},
				"up": {"uv": [11.5, 3, 9.5, 2.75], "texture": "#0"},
				"down": {"uv": [11.5, 3, 9.5, 3.25], "texture": "#0"}
			}
		},
		{
			"from": [7, 9.25, 3.5],
			"to": [9, 12.25, 5.5],
			"rotation": {"angle": 0, "axis": "y", "origin": [8, -9.75, 8]},
			"faces": {
				"north": {"uv": [4, 10.25, 4.5, 11], "texture": "#0"},
				"east": {"uv": [1.75, 7.75, 2, 8.5], "texture": "#0"},
				"west": {"uv": [11.5, 5.5, 11.75, 6.25], "texture": "#0"}
			}
		},
		{
			"from": [4.22, 4.11, 9.7],
			"to": [11.78, 6.27, 12.94],
			"rotation": {"angle": 0, "axis": "y", "origin": [8, 4.11, 11.32]},
			"faces": {
				"north": {"uv": [0, 8.5, 2, 9], "texture": "#0"},
				"east": {"uv": [6, 10.25, 6.75, 10.75], "texture": "#0"},
				"south": {"uv": [2, 8.5, 4, 9], "texture": "#0"},
				"west": {"uv": [6.75, 10.25, 7.5, 10.75], "texture": "#0"},
				"down": {"uv": [8.75, 4.75, 6.75, 5.5], "texture": "#0"}
			}
		},
		{
			"from": [12, 4.25, 4.5],
			"to": [13, 5.25, 11.5],
			"rotation": {"angle": 0, "axis": "y", "origin": [8, -9.75, 8]},
			"faces": {
				"north": {"uv": [6.5, 12, 6.75, 12.25], "texture": "#0"},
				"east": {"uv": [9.75, 9.5, 11.5, 9.75], "texture": "#0"},
				"south": {"uv": [6.75, 12, 7, 12.25], "texture": "#0"},
				"west": {"uv": [8, 10, 9.75, 10.25], "texture": "#0"},
				"down": {"uv": [2.25, 6.75, 2, 8.5], "texture": "#0"}
			}
		},
		{
			"from": [3, 4.25, 4.5],
			"to": [4, 5.25, 11.5],
			"rotation": {"angle": 0, "axis": "y", "origin": [8, -9.75, 8]},
			"faces": {
				"north": {"uv": [7, 12, 7.25, 12.25], "texture": "#0"},
				"east": {"uv": [9.75, 10, 11.5, 10.25], "texture": "#0"},
				"south": {"uv": [7.25, 12, 7.5, 12.25], "texture": "#0"},
				"west": {"uv": [10, 8.75, 11.75, 9], "texture": "#0"},
				"down": {"uv": [1.25, 10.25, 1, 12], "texture": "#0"}
			}
		},
		{
			"from": [3, 6.25, 12.5],
			"to": [13, 13.25, 13.5],
			"rotation": {"angle": 0, "axis": "y", "origin": [8, -9.75, 9]},
			"faces": {
				"east": {"uv": [1.25, 10.25, 1.5, 12], "texture": "#0"},
				"south": {"uv": [4.75, 0, 7.25, 1.75], "texture": "#0"},
				"west": {"uv": [1.5, 10.25, 1.75, 12], "texture": "#0"},
				"up": {"uv": [3.5, 9.25, 1, 9], "texture": "#0"},
				"down": {"uv": [11.5, 1, 9, 1.25], "texture": "#0"}
			}
		},
		{
			"from": [4, 7.25, 13],
			"to": [12, 12.25, 14],
			"rotation": {"angle": 0, "axis": "y", "origin": [8, -9.75, 9]},
			"faces": {
				"east": {"uv": [4.5, 10.25, 4.75, 11.5], "texture": "#0"},
				"south": {"uv": [4, 6.5, 6, 7.75], "texture": "#0"},
				"west": {"uv": [3.75, 11.25, 4, 12.5], "texture": "#0"},
				"up": {"uv": [11.5, 3.5, 9.5, 3.25], "texture": "#0"},
				"down": {"uv": [11.5, 3.5, 9.5, 3.75], "texture": "#0"}
			}
		},
		{
			"from": [3.7, 14.25, 4.5],
			"to": [12.2, 15.25, 11.5],
			"rotation": {"angle": 0, "axis": "y", "origin": [8, -9.75, 8]},
			"faces": {
				"north": {"uv": [1, 9.25, 3.25, 9.5], "texture": "#0"},
				"east": {"uv": [10, 9, 11.75, 9.25], "texture": "#0"},
				"south": {"uv": [6, 9.25, 8.25, 9.5], "texture": "#0"},
				"west": {"uv": [8, 10.25, 9.75, 10.5], "texture": "#0"},
				"up": {"uv": [4.5, 6.5, 2.25, 4.75], "texture": "#0"}
			}
		},
		{
			"from": [9, 9.25, 4],
			"to": [12, 12.25, 5],
			"rotation": {"angle": 0, "axis": "y", "origin": [8, -9.75, 10]},
			"faces": {
				"north": {"uv": [8.25, 9.25, 9, 10], "texture": "#0"}
			}
		},
		{
			"from": [4, 9.25, 5],
			"to": [7, 12.25, 6],
			"rotation": {"angle": 0, "axis": "y", "origin": [8, -9.75, 11]},
			"faces": {
				"north": {"uv": [15, 8.875, 15.75, 9.625], "texture": "#0"}
			}
		},
		{
			"from": [13, 6.25, 4.5],
			"to": [14, 10.25, 11.5],
			"rotation": {"angle": 0, "axis": "y", "origin": [8, -9.75, 8]},
			"faces": {
				"north": {"uv": [11.25, 1.25, 11.5, 2.25], "texture": "#0"},
				"east": {"uv": [6.75, 2.75, 8.5, 3.75], "texture": "#0"},
				"south": {"uv": [11.25, 3.75, 11.5, 4.75], "texture": "#0"},
				"up": {"uv": [2, 12, 1.75, 10.25], "texture": "#0"},
				"down": {"uv": [2.25, 10.25, 2, 12], "texture": "#0"}
			}
		},
		{
			"from": [2, 6.25, 4.5],
			"to": [3, 10.25, 11.5],
			"rotation": {"angle": 0, "axis": "y", "origin": [8, -9.75, 8]},
			"faces": {
				"north": {"uv": [4.5, 11.5, 4.75, 12.5], "texture": "#0"},
				"south": {"uv": [4.75, 11.5, 5, 12.5], "texture": "#0"},
				"west": {"uv": [6.75, 3.75, 8.5, 4.75], "texture": "#0"},
				"up": {"uv": [2.5, 12, 2.25, 10.25], "texture": "#0"},
				"down": {"uv": [2.75, 10.25, 2.5, 12], "texture": "#0"}
			}
		},
		{
			"from": [2.5, 10.25, 4.5],
			"to": [3, 11.75, 11.5],
			"rotation": {"angle": 0, "axis": "y", "origin": [8.5, -5.75, 8]},
			"faces": {
				"north": {"uv": [3.5, 12, 3.75, 12.5], "texture": "#0"},
				"south": {"uv": [4, 12, 4.25, 12.5], "texture": "#0"},
				"west": {"uv": [8.75, 2.25, 10.5, 2.75], "texture": "#0"},
				"up": {"uv": [3, 12, 2.75, 10.25], "texture": "#0"}
			}
		},
		{
			"from": [13, 10.25, 4.5],
			"to": [13.5, 11.75, 11.5],
			"rotation": {"angle": 0, "axis": "y", "origin": [19, -5.75, 8]},
			"faces": {
				"north": {"uv": [4.25, 12, 4.5, 12.5], "texture": "#0"},
				"east": {"uv": [8.75, 4.75, 10.5, 5.25], "texture": "#0"},
				"south": {"uv": [5, 12, 5.25, 12.5], "texture": "#0"},
				"up": {"uv": [3.25, 12, 3, 10.25], "texture": "#0"}
			}
		},
		{
			"from": [4.8, 10.15, 4.5],
			"to": [6.3, 11.65, 5.5],
			"rotation": {"angle": 0, "axis": "y", "origin": [13, 18.25, 14]},
			"faces": {
				"north": {"uv": [8.625, 14.75, 9.125, 15.25], "texture": "#0", "cullface": "north"},
				"east": {"uv": [8.75, 15.125, 9, 15.625], "texture": "#0"},
				"south": {"uv": [8, 14.75, 8.5, 15.25], "texture": "#0"},
				"west": {"uv": [7.75, 14.875, 8, 15.375], "texture": "#0"},
				"up": {"uv": [7.375, 15, 7.875, 15.25], "texture": "#0"},
				"down": {"uv": [9.25, 14.5, 9.75, 14.75], "texture": "#0"}
			}
		},
		{
			"from": [5.1, 10.45, 4],
			"to": [5.9, 11.25, 4.8],
			"rotation": {"angle": 0, "axis": "y", "origin": [14, 19.25, 13]},
			"faces": {
				"north": {"uv": [10.375, 15, 10.875, 15.5], "texture": "#0", "cullface": "north"},
				"east": {"uv": [9.5, 15.375, 9.75, 15.875], "texture": "#0"},
				"south": {"uv": [13.125, 15, 13.625, 15.5], "texture": "#0"},
				"west": {"uv": [3.5, 15, 3.75, 15.5], "texture": "#0"},
				"up": {"uv": [5, 15.625, 5.5, 15.875], "texture": "#0"},
				"down": {"uv": [6.625, 15.5, 7.125, 15.75], "texture": "#0"}
			}
		},
		{
			"from": [5.3, 11.75, 4],
			"to": [5.8, 12.55, 4.5],
			"rotation": {"angle": 0, "axis": "y", "origin": [14, 19.25, 12]},
			"faces": {
				"north": {"uv": [1.25, 13.875, 1.375, 14.075], "texture": "#0"},
				"east": {"uv": [2.125, 15.75, 2.25, 15.95], "texture": "#0"},
				"south": {"uv": [0.375, 13.75, 0.5, 13.95], "texture": "#0"},
				"west": {"uv": [0, 14.625, 0.125, 14.825], "texture": "#0"},
				"up": {"uv": [2.125, 14.125, 2.25, 14.25], "texture": "#0"},
				"down": {"uv": [1.75, 12.875, 1.875, 13], "texture": "#0"}
			}
		},
		{
			"from": [5.3, 9.25, 4],
			"to": [5.8, 10.05, 4.5],
			"rotation": {"angle": 0, "axis": "y", "origin": [14, 17.25, 12]},
			"faces": {
				"north": {"uv": [0.5, 14.5, 0.625, 14.7], "texture": "#0"},
				"east": {"uv": [2.375, 13.875, 2.5, 14.075], "texture": "#0"},
				"south": {"uv": [1, 14.625, 1.125, 14.825], "texture": "#0"},
				"west": {"uv": [1.25, 14.875, 1.375, 15.075], "texture": "#0"},
				"up": {"uv": [2.625, 12.5, 2.75, 12.625], "texture": "#0"},
				"down": {"uv": [2.625, 15.875, 2.75, 16], "texture": "#0"}
			}
		},
		{
			"from": [3.5, 5.45, 1.5],
			"to": [4, 8.45, 3.5],
			"rotation": {"angle": 0, "axis": "y", "origin": [8, -9.75, 8]},
			"faces": {
				"north": {"uv": [11.5, 6.25, 11.75, 7], "texture": "#0"},
				"west": {"uv": [10.25, 7.25, 10.75, 8], "texture": "#0"},
				"up": {"uv": [12, 7.75, 11.75, 7.25], "texture": "#0"},
				"down": {"uv": [12, 8.25, 11.75, 8.75], "texture": "#0"}
			}
		},
		{
			"from": [4, 5.25, 0.5],
			"to": [12, 9.25, 4.5],
			"rotation": {"angle": 0, "axis": "y", "origin": [8, -9.75, 8]},
			"faces": {
				"north": {"uv": [6, 6.5, 8, 7.5], "texture": "#0"},
				"east": {"uv": [4, 8.5, 5, 9.5], "texture": "#0"},
				"west": {"uv": [8.5, 2.75, 9.5, 3.75], "texture": "#0"},
				"up": {"uv": [2, 7.75, 0, 6.75], "texture": "#0"},
				"down": {"uv": [8.75, 1.75, 6.75, 2.75], "texture": "#0"}
			}
		},
		{
			"from": [5, 9.25, 1.5],
			"to": [11, 9.75, 5.5],
			"rotation": {"angle": 0, "axis": "y", "origin": [8, -5.75, 8]},
			"faces": {
				"north": {"uv": [10.5, 0.75, 12, 1], "texture": "#0"},
				"east": {"uv": [10.5, 5, 11.5, 5.25], "texture": "#0"},
				"west": {"uv": [11.25, 2.25, 12.25, 2.5], "texture": "#0"},
				"up": {"uv": [8.25, 6.5, 6.75, 5.5], "texture": "#0"}
			}
		},
		{
			"from": [4.4, 6.65, 0.6],
			"to": [6.7, 8.45, 1.5],
			"rotation": {"angle": 0, "axis": "y", "origin": [8, -8.85, 9]},
			"faces": {
				"north": {"uv": [8.5, 11.25, 9, 11.75], "texture": "#0"},
				"east": {"uv": [5.75, 7.75, 6, 8.25], "texture": "#0"},
				"west": {"uv": [8, 9.5, 8.25, 10], "texture": "#0"},
				"up": {"uv": [12.25, 6, 11.75, 5.75], "texture": "#0"},
				"down": {"uv": [12.25, 6, 11.75, 6.25], "texture": "#0"}
			}
		},
		{
			"from": [9.3, 6.65, 0.6],
			"to": [11.6, 8.45, 1.5],
			"rotation": {"angle": 0, "axis": "y", "origin": [8, -8.85, 9]},
			"faces": {
				"north": {"uv": [10.5, 11.25, 11, 11.75], "texture": "#0"},
				"east": {"uv": [0.75, 11.75, 1, 12.25], "texture": "#0"},
				"west": {"uv": [11.25, 11.75, 11.5, 12.25], "texture": "#0"},
				"up": {"uv": [12.25, 6.5, 11.75, 6.25], "texture": "#0"},
				"down": {"uv": [12.25, 6.5, 11.75, 6.75], "texture": "#0"}
			}
		},
		{
			"from": [12, 5.45, 1.5],
			"to": [12.5, 8.45, 3.5],
			"rotation": {"angle": 0, "axis": "y", "origin": [8, -9.75, 8]},
			"faces": {
				"north": {"uv": [11.5, 7.25, 11.75, 8], "texture": "#0"},
				"east": {"uv": [10.25, 8, 10.75, 8.75], "texture": "#0"},
				"south": {"uv": [11.5, 10, 11.75, 10.75], "texture": "#0"},
				"west": {"uv": [5, 10.5, 5.5, 11.25], "texture": "#0"},
				"up": {"uv": [12, 9.25, 11.75, 8.75], "texture": "#0"},
				"down": {"uv": [12, 9.75, 11.75, 10.25], "texture": "#0"}
			}
		},
		{
			"from": [5, 4.85, 1.5],
			"to": [11, 5.35, 5.5],
			"rotation": {"angle": 0, "axis": "y", "origin": [8, -9.75, 8]},
			"faces": {
				"north": {"uv": [10.5, 4.75, 12, 5], "texture": "#0"},
				"east": {"uv": [11.25, 2.5, 12.25, 2.75], "texture": "#0"},
				"west": {"uv": [11.25, 5.25, 12.25, 5.5], "texture": "#0"},
				"down": {"uv": [8.75, 0, 7.25, 1], "texture": "#0"}
			}
		},
		{
			"from": [3.68, 3.25, 12],
			"to": [12.32, 4.75, 13.72],
			"rotation": {"angle": 0, "axis": "y", "origin": [8, 5.11, 13.32]},
			"faces": {
				"north": {"uv": [5.75, 8.25, 8, 8.75], "texture": "#0"},
				"east": {"uv": [11.5, 1.5, 12, 2], "texture": "#0"},
				"south": {"uv": [8, 8.25, 10.25, 8.75], "texture": "#0"},
				"west": {"uv": [11.5, 2.75, 12, 3.25], "texture": "#0"},
				"up": {"uv": [10.5, 6, 8.25, 5.5], "texture": "#0"},
				"down": {"uv": [10.5, 6, 8.25, 6.5], "texture": "#0"}
			}
		},
		{
			"from": [2.6, 2.03, 3.06],
			"to": [4.6, 4.19, 10.78],
			"rotation": {"angle": 0, "axis": "y", "origin": [8.64, 3.11, 11.32]},
			"faces": {
				"north": {"uv": [7.5, 11.5, 8, 12], "texture": "#0"},
				"east": {"uv": [6, 8.75, 8, 9.25], "texture": "#0"},
				"south": {"uv": [11.5, 11.5, 12, 12], "texture": "#0"},
				"west": {"uv": [8, 8.75, 10, 9.25], "texture": "#0"},
				"up": {"uv": [0.5, 11, 0, 9], "texture": "#0"},
				"down": {"uv": [1, 9, 0.5, 11], "texture": "#0"}
			}
		},
		{
			"from": [4.68, 1.25, 10],
			"to": [11.32, 3.75, 12.72],
			"rotation": {"angle": 0, "axis": "y", "origin": [8, 3.11, 19.32]},
			"faces": {
				"north": {"uv": [7.25, 1, 9, 1.75], "texture": "#0"},
				"east": {"uv": [6, 9.5, 6.75, 10.25], "texture": "#0"},
				"south": {"uv": [6, 7.5, 7.75, 8.25], "texture": "#0"},
				"west": {"uv": [6.75, 9.5, 7.5, 10.25], "texture": "#0"},
				"up": {"uv": [1.75, 8.5, 0, 7.75], "texture": "#0"},
				"down": {"uv": [5.75, 7.75, 4, 8.5], "texture": "#0"}
			}
		},
		{
			"from": [11.32, 2.03, 3.06],
			"to": [13.32, 4.19, 10.78],
			"rotation": {"angle": 0, "axis": "y", "origin": [16.64, 3.11, 11.32]},
			"faces": {
				"north": {"uv": [11.25, 8.25, 11.75, 8.75], "texture": "#0"},
				"east": {"uv": [8.5, 3.75, 10.5, 4.25], "texture": "#0"},
				"south": {"uv": [7, 11.5, 7.5, 12], "texture": "#0"},
				"west": {"uv": [8.5, 4.25, 10.5, 4.75], "texture": "#0"},
				"up": {"uv": [5.5, 10.5, 5, 8.5], "texture": "#0"},
				"down": {"uv": [6, 8.75, 5.5, 10.75], "texture": "#0"}
			}
		},
		{
			"from": [4.68, 1.03, 1],
			"to": [11.32, 3.18, 2.72],
			"rotation": {"angle": 0, "axis": "y", "origin": [8, 3.11, 10.32]},
			"faces": {
				"north": {"uv": [8.75, 0, 10.5, 0.5], "texture": "#0"},
				"east": {"uv": [10.75, 8.25, 11.25, 8.75], "texture": "#0"},
				"west": {"uv": [11, 10.5, 11.5, 11], "texture": "#0"},
				"up": {"uv": [10.5, 1, 8.75, 0.5], "texture": "#0"},
				"down": {"uv": [10.5, 1.75, 8.75, 2.25], "texture": "#0"}
			}
		},
		{
			"from": [3.68, 1.03, 2.06],
			"to": [12.32, 3.19, 11.78],
			"rotation": {"angle": 0, "axis": "y", "origin": [8, 3.11, 11.32]},
			"faces": {
				"north": {"uv": [4.5, 4, 6.75, 4.5], "texture": "#0"},
				"east": {"uv": [7.75, 7.75, 10.25, 8.25], "texture": "#0"},
				"south": {"uv": [8, 7, 10.25, 7.5], "texture": "#0"},
				"west": {"uv": [8, 6.5, 10.5, 7], "texture": "#0"},
				"up": {"uv": [2.25, 4.75, 0, 2.25], "texture": "#0"},
				"down": {"uv": [4.5, 2.25, 2.25, 4.75], "texture": "#0"}
			}
		},
		{
			"from": [4.68, 0.55, 2.5],
			"to": [11.32, 1.05, 10.22],
			"rotation": {"angle": 0, "axis": "y", "origin": [8, 0.95, 11.32]},
			"faces": {
				"north": {"uv": [9.75, 10.25, 11.5, 10.5], "texture": "#0"},
				"east": {"uv": [9.75, 9.75, 11.75, 10], "texture": "#0"},
				"south": {"uv": [10.25, 7, 12, 7.25], "texture": "#0"},
				"west": {"uv": [9.75, 9.25, 11.75, 9.5], "texture": "#0"},
				"down": {"uv": [4, 6.5, 2.25, 8.5], "texture": "#0"}
			}
		},
		{
			"from": [10.3, 3.68, 1.25],
			"to": [10.8, 4.18, 1.25],
			"rotation": {"angle": 0, "axis": "y", "origin": [17.82, 11.68, 9]},
			"faces": {
				"north": {"uv": [14.625, 10.125, 14.75, 10.25], "texture": "#0"},
				"east": {"uv": [0, 0, 0, 0.125], "texture": "#0"},
				"south": {"uv": [0, 0, 0.125, 0.125], "texture": "#0"},
				"west": {"uv": [0, 0, 0, 0.125], "texture": "#0"},
				"up": {"uv": [0, 0, 0.125, 0], "texture": "#0"},
				"down": {"uv": [0, 0, 0.125, 0], "texture": "#0"}
			}
		},
		{
			"from": [10.3, 4.32, 1.25],
			"to": [10.8, 4.82, 1.25],
			"rotation": {"angle": 0, "axis": "y", "origin": [17.82, -3.18, 9]},
			"faces": {
				"north": {"uv": [14.625, 10.25, 14.75, 10.125], "texture": "#0"},
				"east": {"uv": [0, 0.125, 0, 0], "texture": "#0"},
				"south": {"uv": [0, 0.125, 0.125, 0], "texture": "#0"},
				"west": {"uv": [0, 0.125, 0, 0], "texture": "#0"},
				"up": {"uv": [0, 0, 0.125, 0], "texture": "#0"},
				"down": {"uv": [0, 0, 0.125, 0], "texture": "#0"}
			}
		},
		{
			"from": [5.2, 3.68, 1.25],
			"to": [5.7, 4.18, 1.25],
			"rotation": {"angle": 0, "axis": "y", "origin": [-1.82, 11.68, 9]},
			"faces": {
				"north": {"uv": [14.75, 10.125, 14.625, 10.25], "texture": "#0"},
				"east": {"uv": [0, 0, 0, 0.125], "texture": "#0"},
				"south": {"uv": [0.125, 0, 0, 0.125], "texture": "#0"},
				"west": {"uv": [0, 0, 0, 0.125], "texture": "#0"},
				"up": {"uv": [0.125, 0, 0, 0], "texture": "#0"},
				"down": {"uv": [0.125, 0, 0, 0], "texture": "#0"}
			}
		},
		{
			"from": [5.2, 4.32, 1.25],
			"to": [5.7, 4.82, 1.25],
			"rotation": {"angle": 0, "axis": "y", "origin": [-1.82, -3.18, 9]},
			"faces": {
				"north": {"uv": [14.75, 10.25, 14.625, 10.125], "texture": "#0"},
				"east": {"uv": [0, 0.125, 0, 0], "texture": "#0"},
				"south": {"uv": [0.125, 0.125, 0, 0], "texture": "#0"},
				"west": {"uv": [0, 0.125, 0, 0], "texture": "#0"},
				"up": {"uv": [0.125, 0, 0, 0], "texture": "#0"},
				"down": {"uv": [0.125, 0, 0, 0], "texture": "#0"}
			}
		},
		{
			"from": [6.2, 3.68, 1.25],
			"to": [6.7, 4.18, 1.25],
			"rotation": {"angle": 0, "axis": "y", "origin": [-0.82, 11.68, 9]},
			"faces": {
				"north": {"uv": [14.75, 10.125, 14.625, 10.25], "texture": "#0"},
				"east": {"uv": [0, 0, 0, 0.125], "texture": "#0"},
				"south": {"uv": [0.125, 0, 0, 0.125], "texture": "#0"},
				"west": {"uv": [0, 0, 0, 0.125], "texture": "#0"},
				"up": {"uv": [0.125, 0, 0, 0], "texture": "#0"},
				"down": {"uv": [0.125, 0, 0, 0], "texture": "#0"}
			}
		},
		{
			"from": [6.2, 4.32, 1.25],
			"to": [6.7, 4.82, 1.25],
			"rotation": {"angle": 0, "axis": "y", "origin": [-0.82, -3.18, 9]},
			"faces": {
				"north": {"uv": [14.75, 10.25, 14.625, 10.125], "texture": "#0"},
				"east": {"uv": [0, 0.125, 0, 0], "texture": "#0"},
				"south": {"uv": [0.125, 0.125, 0, 0], "texture": "#0"},
				"west": {"uv": [0, 0.125, 0, 0], "texture": "#0"},
				"up": {"uv": [0.125, 0, 0, 0], "texture": "#0"},
				"down": {"uv": [0.125, 0, 0, 0], "texture": "#0"}
			}
		},
		{
			"from": [7.2, 3.68, 1.25],
			"to": [7.7, 4.18, 1.25],
			"rotation": {"angle": 0, "axis": "y", "origin": [0.18, 11.68, 9]},
			"faces": {
				"north": {"uv": [14.75, 10.125, 14.625, 10.25], "texture": "#0"},
				"east": {"uv": [0, 0, 0, 0.125], "texture": "#0"},
				"south": {"uv": [0.125, 0, 0, 0.125], "texture": "#0"},
				"west": {"uv": [0, 0, 0, 0.125], "texture": "#0"},
				"up": {"uv": [0.125, 0, 0, 0], "texture": "#0"},
				"down": {"uv": [0.125, 0, 0, 0], "texture": "#0"}
			}
		},
		{
			"from": [7.2, 4.32, 1.25],
			"to": [7.7, 4.82, 1.25],
			"rotation": {"angle": 0, "axis": "y", "origin": [0.18, -3.18, 9]},
			"faces": {
				"north": {"uv": [14.75, 10.25, 14.625, 10.125], "texture": "#0"},
				"east": {"uv": [0, 0.125, 0, 0], "texture": "#0"},
				"south": {"uv": [0.125, 0.125, 0, 0], "texture": "#0"},
				"west": {"uv": [0, 0.125, 0, 0], "texture": "#0"},
				"up": {"uv": [0.125, 0, 0, 0], "texture": "#0"},
				"down": {"uv": [0.125, 0, 0, 0], "texture": "#0"}
			}
		},
		{
			"from": [8.2, 3.68, 1.25],
			"to": [8.7, 4.18, 1.25],
			"rotation": {"angle": 0, "axis": "y", "origin": [1.18, 11.68, 9]},
			"faces": {
				"north": {"uv": [14.75, 10.125, 14.625, 10.25], "texture": "#0"},
				"east": {"uv": [0, 0, 0, 0.125], "texture": "#0"},
				"south": {"uv": [0.125, 0, 0, 0.125], "texture": "#0"},
				"west": {"uv": [0, 0, 0, 0.125], "texture": "#0"},
				"up": {"uv": [0.125, 0, 0, 0], "texture": "#0"},
				"down": {"uv": [0.125, 0, 0, 0], "texture": "#0"}
			}
		},
		{
			"from": [8.2, 4.32, 1.25],
			"to": [8.7, 4.82, 1.25],
			"rotation": {"angle": 0, "axis": "y", "origin": [1.18, -3.18, 9]},
			"faces": {
				"north": {"uv": [14.75, 10.25, 14.625, 10.125], "texture": "#0"},
				"east": {"uv": [0, 0.125, 0, 0], "texture": "#0"},
				"south": {"uv": [0.125, 0.125, 0, 0], "texture": "#0"},
				"west": {"uv": [0, 0.125, 0, 0], "texture": "#0"},
				"up": {"uv": [0.125, 0, 0, 0], "texture": "#0"},
				"down": {"uv": [0.125, 0, 0, 0], "texture": "#0"}
			}
		},
		{
			"from": [9.2, 3.68, 1.25],
			"to": [9.7, 4.18, 1.25],
			"rotation": {"angle": 0, "axis": "y", "origin": [2.18, 11.68, 9]},
			"faces": {
				"north": {"uv": [14.75, 10.125, 14.625, 10.25], "texture": "#0"},
				"east": {"uv": [0, 0, 0, 0.125], "texture": "#0"},
				"south": {"uv": [0.125, 0, 0, 0.125], "texture": "#0"},
				"west": {"uv": [0, 0, 0, 0.125], "texture": "#0"},
				"up": {"uv": [0.125, 0, 0, 0], "texture": "#0"},
				"down": {"uv": [0.125, 0, 0, 0], "texture": "#0"}
			}
		},
		{
			"from": [9.2, 4.32, 1.25],
			"to": [9.7, 4.82, 1.25],
			"rotation": {"angle": 0, "axis": "y", "origin": [2.18, -3.18, 9]},
			"faces": {
				"north": {"uv": [14.75, 10.25, 14.625, 10.125], "texture": "#0"},
				"east": {"uv": [0, 0.125, 0, 0], "texture": "#0"},
				"south": {"uv": [0.125, 0.125, 0, 0], "texture": "#0"},
				"west": {"uv": [0, 0.125, 0, 0], "texture": "#0"},
				"up": {"uv": [0.125, 0, 0, 0], "texture": "#0"},
				"down": {"uv": [0.125, 0, 0, 0], "texture": "#0"}
			}
		},
		{
			"from": [6.2, 3.68, 1.25],
			"to": [6.7, 4.18, 1.25],
			"rotation": {"angle": 0, "axis": "y", "origin": [-0.82, 11.68, 9]},
			"faces": {
				"north": {"uv": [14.75, 10.125, 14.625, 10.25], "texture": "#0"},
				"east": {"uv": [0, 0, 0, 0.125], "texture": "#0"},
				"south": {"uv": [0.125, 0, 0, 0.125], "texture": "#0"},
				"west": {"uv": [0, 0, 0, 0.125], "texture": "#0"},
				"up": {"uv": [0.125, 0, 0, 0], "texture": "#0"},
				"down": {"uv": [0.125, 0, 0, 0], "texture": "#0"}
			}
		},
		{
			"from": [10.3, 3.18, 1],
			"to": [10.8, 3.68, 1.5],
			"rotation": {"angle": 0, "axis": "y", "origin": [17.82, 11.18, 9]},
			"faces": {
				"north": {"uv": [14.625, 10.125, 14.75, 10.25], "texture": "#0"},
				"east": {"uv": [0, 0, 0.125, 0.125], "texture": "#0"},
				"south": {"uv": [0, 0, 0.125, 0.125], "texture": "#0"},
				"west": {"uv": [0, 0, 0.125, 0.125], "texture": "#0"},
				"up": {"uv": [0, 0, 0.125, 0.125], "texture": "#0"},
				"down": {"uv": [0, 0, 0.125, 0.125], "texture": "#0"}
			}
		},
		{
			"from": [10.3, 4.82, 1],
			"to": [10.8, 5.32, 1.5],
			"rotation": {"angle": 0, "axis": "y", "origin": [17.82, -2.68, 9]},
			"faces": {
				"north": {"uv": [14.625, 10.25, 14.75, 10.125], "texture": "#0"},
				"east": {"uv": [0, 0.125, 0.125, 0], "texture": "#0"},
				"south": {"uv": [0, 0.125, 0.125, 0], "texture": "#0"},
				"west": {"uv": [0, 0.125, 0.125, 0], "texture": "#0"},
				"up": {"uv": [0, 0.125, 0.125, 0], "texture": "#0"},
				"down": {"uv": [0, 0.125, 0.125, 0], "texture": "#0"}
			}
		},
		{
			"from": [5.2, 3.18, 1],
			"to": [5.7, 3.68, 1.5],
			"rotation": {"angle": 0, "axis": "y", "origin": [-1.82, 11.18, 9]},
			"faces": {
				"north": {"uv": [14.75, 10.125, 14.625, 10.25], "texture": "#0"},
				"east": {"uv": [0.125, 0, 0, 0.125], "texture": "#0"},
				"south": {"uv": [0.125, 0, 0, 0.125], "texture": "#0"},
				"west": {"uv": [0.125, 0, 0, 0.125], "texture": "#0"},
				"up": {"uv": [0.125, 0, 0, 0.125], "texture": "#0"},
				"down": {"uv": [0.125, 0, 0, 0.125], "texture": "#0"}
			}
		},
		{
			"from": [5.2, 4.82, 1],
			"to": [5.7, 5.32, 1.5],
			"rotation": {"angle": 0, "axis": "y", "origin": [-1.82, -2.68, 9]},
			"faces": {
				"north": {"uv": [14.75, 10.25, 14.625, 10.125], "texture": "#0"},
				"east": {"uv": [0.125, 0.125, 0, 0], "texture": "#0"},
				"south": {"uv": [0.125, 0.125, 0, 0], "texture": "#0"},
				"west": {"uv": [0.125, 0.125, 0, 0], "texture": "#0"},
				"up": {"uv": [0.125, 0.125, 0, 0], "texture": "#0"},
				"down": {"uv": [0.125, 0.125, 0, 0], "texture": "#0"}
			}
		},
		{
			"from": [6.2, 3.18, 1],
			"to": [6.7, 3.68, 1.5],
			"rotation": {"angle": 0, "axis": "y", "origin": [-0.82, 11.18, 9]},
			"faces": {
				"north": {"uv": [14.75, 10.125, 14.625, 10.25], "texture": "#0"},
				"east": {"uv": [0.125, 0, 0, 0.125], "texture": "#0"},
				"south": {"uv": [0.125, 0, 0, 0.125], "texture": "#0"},
				"west": {"uv": [0.125, 0, 0, 0.125], "texture": "#0"},
				"up": {"uv": [0.125, 0, 0, 0.125], "texture": "#0"},
				"down": {"uv": [0.125, 0, 0, 0.125], "texture": "#0"}
			}
		},
		{
			"from": [6.2, 4.82, 1],
			"to": [6.7, 5.32, 1.5],
			"rotation": {"angle": 0, "axis": "y", "origin": [-0.82, -2.68, 9]},
			"faces": {
				"north": {"uv": [14.75, 10.25, 14.625, 10.125], "texture": "#0"},
				"east": {"uv": [0.125, 0.125, 0, 0], "texture": "#0"},
				"south": {"uv": [0.125, 0.125, 0, 0], "texture": "#0"},
				"west": {"uv": [0.125, 0.125, 0, 0], "texture": "#0"},
				"up": {"uv": [0.125, 0.125, 0, 0], "texture": "#0"},
				"down": {"uv": [0.125, 0.125, 0, 0], "texture": "#0"}
			}
		},
		{
			"from": [7.2, 3.18, 1],
			"to": [7.7, 3.68, 1.5],
			"rotation": {"angle": 0, "axis": "y", "origin": [0.18, 11.18, 9]},
			"faces": {
				"north": {"uv": [14.75, 10.125, 14.625, 10.25], "texture": "#0"},
				"east": {"uv": [0.125, 0, 0, 0.125], "texture": "#0"},
				"south": {"uv": [0.125, 0, 0, 0.125], "texture": "#0"},
				"west": {"uv": [0.125, 0, 0, 0.125], "texture": "#0"},
				"up": {"uv": [0.125, 0, 0, 0.125], "texture": "#0"},
				"down": {"uv": [0.125, 0, 0, 0.125], "texture": "#0"}
			}
		},
		{
			"from": [7.2, 4.82, 1],
			"to": [7.7, 5.32, 1.5],
			"rotation": {"angle": 0, "axis": "y", "origin": [0.18, -2.68, 9]},
			"faces": {
				"north": {"uv": [14.75, 10.25, 14.625, 10.125], "texture": "#0"},
				"east": {"uv": [0.125, 0.125, 0, 0], "texture": "#0"},
				"south": {"uv": [0.125, 0.125, 0, 0], "texture": "#0"},
				"west": {"uv": [0.125, 0.125, 0, 0], "texture": "#0"},
				"up": {"uv": [0.125, 0.125, 0, 0], "texture": "#0"},
				"down": {"uv": [0.125, 0.125, 0, 0], "texture": "#0"}
			}
		},
		{
			"from": [8.2, 3.18, 1],
			"to": [8.7, 3.68, 1.5],
			"rotation": {"angle": 0, "axis": "y", "origin": [1.18, 11.18, 9]},
			"faces": {
				"north": {"uv": [14.75, 10.125, 14.625, 10.25], "texture": "#0"},
				"east": {"uv": [0.125, 0, 0, 0.125], "texture": "#0"},
				"south": {"uv": [0.125, 0, 0, 0.125], "texture": "#0"},
				"west": {"uv": [0.125, 0, 0, 0.125], "texture": "#0"},
				"up": {"uv": [0.125, 0, 0, 0.125], "texture": "#0"},
				"down": {"uv": [0.125, 0, 0, 0.125], "texture": "#0"}
			}
		},
		{
			"from": [8.2, 4.82, 1],
			"to": [8.7, 5.32, 1.5],
			"rotation": {"angle": 0, "axis": "y", "origin": [1.18, -2.68, 9]},
			"faces": {
				"north": {"uv": [14.75, 10.25, 14.625, 10.125], "texture": "#0"},
				"east": {"uv": [0.125, 0.125, 0, 0], "texture": "#0"},
				"south": {"uv": [0.125, 0.125, 0, 0], "texture": "#0"},
				"west": {"uv": [0.125, 0.125, 0, 0], "texture": "#0"},
				"up": {"uv": [0.125, 0.125, 0, 0], "texture": "#0"},
				"down": {"uv": [0.125, 0.125, 0, 0], "texture": "#0"}
			}
		},
		{
			"from": [9.2, 3.18, 1],
			"to": [9.7, 3.68, 1.5],
			"rotation": {"angle": 0, "axis": "y", "origin": [2.18, 11.18, 9]},
			"faces": {
				"north": {"uv": [14.75, 10.125, 14.625, 10.25], "texture": "#0"},
				"east": {"uv": [0.125, 0, 0, 0.125], "texture": "#0"},
				"south": {"uv": [0.125, 0, 0, 0.125], "texture": "#0"},
				"west": {"uv": [0.125, 0, 0, 0.125], "texture": "#0"},
				"up": {"uv": [0.125, 0, 0, 0.125], "texture": "#0"},
				"down": {"uv": [0.125, 0, 0, 0.125], "texture": "#0"}
			}
		},
		{
			"from": [9.2, 4.82, 1],
			"to": [9.7, 5.32, 1.5],
			"rotation": {"angle": 0, "axis": "y", "origin": [2.18, -2.68, 9]},
			"faces": {
				"north": {"uv": [14.75, 10.25, 14.625, 10.125], "texture": "#0"},
				"east": {"uv": [0.125, 0.125, 0, 0], "texture": "#0"},
				"south": {"uv": [0.125, 0.125, 0, 0], "texture": "#0"},
				"west": {"uv": [0.125, 0.125, 0, 0], "texture": "#0"},
				"up": {"uv": [0.125, 0.125, 0, 0], "texture": "#0"},
				"down": {"uv": [0.125, 0.125, 0, 0], "texture": "#0"}
			}
		},
		{
			"from": [6.2, 3.18, 1],
			"to": [6.7, 3.68, 1.5],
			"rotation": {"angle": 0, "axis": "y", "origin": [-0.82, 11.18, 9]},
			"faces": {
				"north": {"uv": [14.75, 10.125, 14.625, 10.25], "texture": "#0"},
				"east": {"uv": [0.125, 0, 0, 0.125], "texture": "#0"},
				"south": {"uv": [0.125, 0, 0, 0.125], "texture": "#0"},
				"west": {"uv": [0.125, 0, 0, 0.125], "texture": "#0"},
				"up": {"uv": [0.125, 0, 0, 0.125], "texture": "#0"},
				"down": {"uv": [0.125, 0, 0, 0.125], "texture": "#0"}
			}
		},
		{
			"from": [1.5, 13.75, 8],
			"to": [4, 16.25, 10.5],
			"rotation": {"angle": -45, "axis": "z", "origin": [3, 14.75, 9]},
			"faces": {
				"north": {"uv": [13.625, 11.5, 14.25, 12.125], "rotation": 270, "texture": "#0"},
				"east": {"uv": [15.375, 0, 16, 0.625], "texture": "#0"},
				"south": {"uv": [12.25, 1.25, 12.875, 1.875], "rotation": 90, "texture": "#0"},
				"west": {"uv": [12.25, 2.5, 12.875, 3.125], "rotation": 180, "texture": "#0"},
				"up": {"uv": [12.25, 0.625, 12.875, 1.25], "rotation": 90, "texture": "#0"},
				"down": {"uv": [12.25, 1.875, 12.875, 2.5], "rotation": 90, "texture": "#0"}
			}
		},
		{
			"from": [0.87343, 15.41012, 8.25],
			"to": [2.87343, 18.41012, 10.25],
			"rotation": {"angle": 22.5, "axis": "z", "origin": [1.87343, 16.41012, 9.3]},
			"faces": {
				"north": {"uv": [13.625, 11.5, 14.25, 12.125], "rotation": 180, "texture": "#0"},
				"east": {"uv": [12.25, 5.5, 12.75, 6.25], "rotation": 180, "texture": "#0"},
				"south": {"uv": [12.25, 4.75, 12.75, 5.5], "rotation": 180, "texture": "#0"},
				"west": {"uv": [12.25, 3.5, 13, 4], "rotation": 90, "texture": "#0"},
				"up": {"uv": [12.25, 6.25, 12.75, 6.75], "rotation": 270, "texture": "#0"},
				"down": {"uv": [15.375, 9, 15.875, 9.5], "rotation": 90, "texture": "#0"}
			}
		},
		{
			"from": [0.38418, 17.87519, 8.55],
			"to": [1.88418, 20.87519, 10.05],
			"rotation": {"angle": 0, "axis": "y", "origin": [1.38418, 18.87519, 9.6]},
			"faces": {
				"north": {"uv": [13.625, 11.5, 14.25, 12.125], "rotation": 180, "texture": "#0"},
				"east": {"uv": [12.25, 9, 12.625, 9.75], "rotation": 180, "texture": "#0"},
				"south": {"uv": [12.25, 8.25, 12.625, 9], "rotation": 180, "texture": "#0"},
				"west": {"uv": [12.25, 7.5, 12.625, 8.25], "rotation": 180, "texture": "#0"},
				"up": {"uv": [12.25, 9.75, 12.625, 10.125], "rotation": 270, "texture": "#0"},
				"down": {"uv": [0, 0, 0.375, 0.375], "rotation": 90, "texture": "#0"}
			}
		},
		{
			"from": [0.89075, 20.41639, 8.8],
			"to": [1.89075, 23.41639, 9.8],
			"rotation": {"angle": -22.5, "axis": "z", "origin": [1.89075, 21.41639, 9.8]},
			"faces": {
				"north": {"uv": [13.625, 11.5, 14.25, 12.125], "rotation": 180, "texture": "#0"},
				"east": {"uv": [12.25, 12.375, 12.5, 13.125], "rotation": 180, "texture": "#0"},
				"south": {"uv": [12.25, 11.625, 12.5, 12.375], "rotation": 180, "texture": "#0"},
				"west": {"uv": [12.25, 10.875, 12.5, 11.625], "rotation": 180, "texture": "#0"},
				"up": {"uv": [12.25, 13.125, 12.5, 13.375], "rotation": 270, "texture": "#0"},
				"down": {"uv": [0, 0, 0.25, 0.25], "rotation": 90, "texture": "#0"}
			}
		},
		{
			"from": [12, 13.75, 8],
			"to": [14.5, 16.25, 10.5],
			"rotation": {"angle": 45, "axis": "z", "origin": [13, 14.75, 9]},
			"faces": {
				"north": {"uv": [13.625, 11.5, 14.25, 12.125], "rotation": 270, "texture": "#0"},
				"east": {"uv": [13, 3.125, 13.625, 2.5], "rotation": 90, "texture": "#0"},
				"south": {"uv": [13, 1.875, 13.625, 1.25], "rotation": 90, "texture": "#0"},
				"west": {"uv": [13.875, 3.125, 14.5, 2.5], "rotation": 90, "texture": "#0"},
				"up": {"uv": [13, 2.5, 13.625, 1.875], "rotation": 90, "texture": "#0"},
				"down": {"uv": [13, 1.25, 13.625, 0.625], "rotation": 90, "texture": "#0"}
			}
		},
		{
			"from": [13.12657, 15.41012, 8.25],
			"to": [15.12657, 18.41012, 10.25],
			"rotation": {"angle": -22.5, "axis": "z", "origin": [14.12657, 16.41012, 9.3]},
			"faces": {
				"north": {"uv": [13.625, 11.5, 14.25, 12.125], "rotation": 180, "texture": "#0"},
				"east": {"uv": [13.5, 3.25, 13, 4], "rotation": 180, "texture": "#0"},
				"south": {"uv": [13.5, 4.75, 13, 5.5], "rotation": 180, "texture": "#0"},
				"west": {"uv": [13.5, 5.5, 13, 6.25], "rotation": 180, "texture": "#0"},
				"up": {"uv": [13, 6.75, 13.5, 6.25], "rotation": 270, "texture": "#0"},
				"down": {"uv": [0, 0.5, 0.5, 0], "rotation": 90, "texture": "#0"}
			}
		},
		{
			"from": [14.11582, 17.87519, 8.55],
			"to": [15.61582, 20.87519, 10.05],
			"rotation": {"angle": 0, "axis": "y", "origin": [14.61582, 18.87519, 9.6]},
			"faces": {
				"north": {"uv": [13.625, 11.5, 14.25, 12.125], "rotation": 180, "texture": "#0"},
				"east": {"uv": [13.375, 7.5, 13, 8.25], "rotation": 180, "texture": "#0"},
				"south": {"uv": [13.375, 8.25, 13, 9], "rotation": 180, "texture": "#0"},
				"west": {"uv": [13.375, 9, 13, 9.75], "rotation": 180, "texture": "#0"},
				"up": {"uv": [13, 10.125, 13.375, 9.75], "rotation": 270, "texture": "#0"},
				"down": {"uv": [0, 0.375, 0.375, 0], "rotation": 90, "texture": "#0"}
			}
		},
		{
			"from": [14.10925, 20.41639, 8.8],
			"to": [15.10925, 23.41639, 9.8],
			"rotation": {"angle": 22.5, "axis": "z", "origin": [14.10925, 21.41639, 9.8]},
			"faces": {
				"north": {"uv": [13.625, 11.5, 14.25, 12.125], "rotation": 180, "texture": "#0"},
				"east": {"uv": [13.25, 10.875, 13, 11.625], "rotation": 180, "texture": "#0"},
				"south": {"uv": [13.25, 11.625, 13, 12.375], "rotation": 180, "texture": "#0"},
				"west": {"uv": [13.25, 12.375, 13, 13.125], "rotation": 180, "texture": "#0"},
				"up": {"uv": [13, 13.375, 13.25, 13.125], "rotation": 270, "texture": "#0"},
				"down": {"uv": [0, 0.25, 0.25, 0], "rotation": 90, "texture": "#0"}
			}
		},
		{
			"from": [4.68, 1.02, 1],
			"to": [11.32, 3.17, 2.72],
			"rotation": {"angle": 0, "axis": "y", "origin": [8, 11.25, 8]},
			"faces": {
				"north": {"uv": [8.75, 0, 10.41, 0.5375], "texture": "#0"},
				"east": {"uv": [10.75, 8.25, 11.25, 8.75], "texture": "#0"},
				"south": {"uv": [0, 0, 1.66, 0.5375], "texture": "#0"},
				"west": {"uv": [11, 10.5, 11.5, 11], "texture": "#0"},
				"up": {"uv": [10.5, 1, 8.75, 0.5], "texture": "#0"},
				"down": {"uv": [10.5, 1.75, 8.75, 2.25], "texture": "#0"}
			}
		},
		{
			"from": [4, 12.25, -2],
			"to": [7, 12.25, 3],
			"rotation": {"angle": -22.5, "axis": "x", "origin": [13, 19.25, 7]},
			"faces": {
				"north": {"uv": [0, 0, 0.75, 0], "texture": "#0"},
				"east": {"uv": [0, 0, 1.25, 0], "texture": "#0"},
				"south": {"uv": [0, 0, 0.75, 0], "texture": "#0"},
				"west": {"uv": [0, 0, 1.25, 0], "texture": "#0"},
				"up": {"uv": [14.875, 3.625, 15.625, 4.875], "texture": "#0"},
				"down": {"uv": [14.875, 4.875, 15.625, 6.125], "texture": "#0"}
			}
		}
	],
	"display": {
		"thirdperson_righthand": {
			"rotation": [60, 0, 0],
			"translation": [0, 0.5, 1],
			"scale": [0.39, 0.4, 0.4]
		},
		"thirdperson_lefthand": {
			"rotation": [60, 0, 0],
			"translation": [0, 0.5, 1],
			"scale": [0.39, 0.4, 0.4]
		},
		"firstperson_righthand": {
			"rotation": [0, 100, 0],
			"translation": [0, 3, 0],
			"scale": [0.4, 0.4, 0.4]
		},
		"firstperson_lefthand": {
			"rotation": [0, 100, 0],
			"translation": [0, 3, 0],
			"scale": [0.4, 0.4, 0.4]
		},
		"ground": {
			"scale": [0.5, 0.5, 0.5]
		},
		"gui": {
			"rotation": [20, -30, 0],
			"translation": [0, -2, 0],
			"scale": [-0.58, 0.58, -0.58]
		},
		"head": {
			"translation": [0, 2.75, 0.25],
			"scale": [1.5, 1.5, 1.5]
		},
		"fixed": {
			"translation": [0, -3.5, -1.25],
			"scale": [0.85, 0.85, 0.85]
		}
	}
}