{
	"textures": {
		"texture": "mnaf:materials/yellow",
		"purple": "mnaf:materials/orange",
		"black": "mnaf:materials/black",
		"light_gold": "mnaf:materials/light_yellow",
		"white": "mnaf:materials/plushie_chica_eye",
		"lets_eat": "mnaf:materials/lets_eat",
		"cupcake_rapper": "mnaf:materials/cupcake_wrapper",
		"frosting": "mnaf:materials/frosting",
		"candle": "mnaf:materials/candle",
		"plushie_foxy_eye": "mnaf:materials/plushie_foxy_eye"
	},
	"elements": [
		{
			"from": [6, 0, 5.5],
			"to": [8, 2, 9],
			"rotation": {"angle": 22.5, "axis": "y", "origin": [6, 0, 9]},
			"faces": {
				"north": {"uv": [7, 14, 5, 16], "texture": "#texture"},
				"east": {"uv": [7, 14, 4, 16], "texture": "#texture"},
				"south": {"uv": [11, 14, 9, 16], "texture": "#texture"},
				"west": {"uv": [12, 14, 9, 16], "texture": "#texture"},
				"up": {"uv": [5, 12, 7, 9], "texture": "#texture"},
				"down": {"uv": [11, 9, 9, 12], "texture": "#texture"}
			}
		},
		{
			"from": [10, 2.25, 7.5],
			"to": [12.5, 4.25, 9.5],
			"rotation": {"angle": -22.5, "axis": "z", "origin": [10, 4.25, 9.5]},
			"faces": {
				"north": {"uv": [12.5, 11, 10, 13], "texture": "#texture"},
				"east": {"uv": [8.5, 11, 6.5, 13], "texture": "#texture"},
				"south": {"uv": [12.5, 11, 10, 13], "texture": "#texture"},
				"west": {"uv": [8.5, 11, 6.5, 13], "texture": "#texture"},
				"up": {"uv": [10, 8.5, 12.5, 6.5], "texture": "#texture"},
				"down": {"uv": [10, 8.5, 12.5, 6.5], "texture": "#texture"}
			}
		},
		{
			"from": [6.25, 7.75, 7.75],
			"to": [9.75, 8.25, 10],
			"faces": {
				"north": {"uv": [9.75, 7.75, 6.25, 8.25], "texture": "#texture"},
				"east": {"uv": [10, 7.75, 7.75, 8.25], "texture": "#texture"},
				"south": {"uv": [9.75, 7.75, 6.25, 8.25], "texture": "#texture"},
				"west": {"uv": [8.25, 7.75, 6, 8.25], "texture": "#texture"},
				"up": {"uv": [6.25, 8.25, 9.75, 6], "texture": "#texture"},
				"down": {"uv": [9.75, 6, 6.25, 8.25], "texture": "#texture"}
			}
		},
		{
			"from": [6, 0, 7.5],
			"to": [10, 4.25, 9.5],
			"faces": {
				"north": {"uv": [10, 11.75, 6, 16], "texture": "#texture"},
				"east": {"uv": [9.5, 11.75, 7.5, 16], "texture": "#texture"},
				"south": {"uv": [10, 11.75, 6, 16], "texture": "#texture"},
				"west": {"uv": [8.5, 11.75, 6.5, 16], "texture": "#texture"},
				"up": {"uv": [6, 8.5, 10, 6.5], "texture": "#texture"},
				"down": {"uv": [10, 6.5, 6, 8.5], "texture": "#texture"}
			}
		},
		{
			"from": [5.5, 4.75, 7.75],
			"to": [10.5, 6, 10],
			"faces": {
				"north": {"uv": [10.5, 10, 5.5, 11.25], "texture": "#texture"},
				"east": {"uv": [10, 10, 7.75, 11.25], "texture": "#texture"},
				"south": {"uv": [10.5, 10, 5.5, 11.25], "texture": "#texture"},
				"west": {"uv": [8.25, 10, 6, 11.25], "texture": "#texture"},
				"up": {"uv": [5.5, 8.25, 10.5, 6], "texture": "#texture"},
				"down": {"uv": [10.5, 6, 5.5, 8.25], "texture": "#texture"}
			}
		},
		{
			"from": [5.75, 4.25, 7.75],
			"to": [10.25, 4.75, 9.75],
			"faces": {
				"north": {"uv": [10.25, 11.25, 5.75, 11.75], "texture": "#texture"},
				"east": {"uv": [9.75, 11.25, 7.75, 11.75], "texture": "#texture"},
				"south": {"uv": [10.25, 11.25, 5.75, 11.75], "texture": "#texture"},
				"west": {"uv": [8.25, 11.25, 6.25, 11.75], "texture": "#texture"},
				"up": {"uv": [5.75, 8.25, 10.25, 6.25], "texture": "#texture"},
				"down": {"uv": [10.25, 6.25, 5.75, 8.25], "texture": "#texture"}
			}
		},
		{
			"from": [8.25, 0, 4.75],
			"to": [10.25, 2, 8.25],
			"rotation": {"angle": -22.5, "axis": "y", "origin": [8.25, 0, 8.25]},
			"faces": {
				"north": {"uv": [7, 14, 5, 16], "texture": "#texture"},
				"east": {"uv": [7, 14, 4, 16], "texture": "#texture"},
				"south": {"uv": [11, 14, 9, 16], "texture": "#texture"},
				"west": {"uv": [12, 14, 9, 16], "texture": "#texture"},
				"up": {"uv": [5, 12, 7, 9], "texture": "#texture"},
				"down": {"uv": [11, 9, 9, 12], "texture": "#texture"}
			}
		},
		{
			"from": [6.5, 6.25, 7.5],
			"to": [7.5, 7.25, 7.75],
			"faces": {
				"north": {"uv": [16, 0, 0, 16], "texture": "#white"},
				"east": {"uv": [2, 0, 0, 2], "texture": "#white"},
				"south": {"uv": [2, 0, 0, 2], "texture": "#white"},
				"west": {"uv": [2, 0, 0, 2], "texture": "#white"},
				"up": {"uv": [0, 2, 2, 0], "texture": "#white"},
				"down": {"uv": [0, 2, 2, 0], "texture": "#white"}
			}
		},
		{
			"from": [6.75, 7.5, 7.5],
			"to": [7.5, 7.75, 7.75],
			"faces": {
				"north": {"uv": [7.5, 8.25, 6.75, 8.5], "texture": "#black"},
				"east": {"uv": [7.75, 8.25, 7.5, 8.5], "texture": "#black"},
				"south": {"uv": [9.25, 8.25, 8.5, 8.5], "texture": "#black"},
				"west": {"uv": [8.5, 8.25, 8.25, 8.5], "texture": "#black"},
				"up": {"uv": [6.75, 8.5, 7.5, 8.25], "texture": "#black"},
				"down": {"uv": [9.25, 8.25, 8.5, 8.5], "texture": "#black"}
			}
		},
		{
			"from": [4.875, 0.25, 5.5],
			"to": [6.375, 1.75, 5.75],
			"rotation": {"angle": 22.5, "axis": "y", "origin": [4.875, 0.25, 5.75]},
			"faces": {
				"north": {"uv": [7.75, 14.25, 6.25, 15.75], "texture": "#light_gold"},
				"east": {"uv": [3.5, 14.25, 3.25, 15.75], "texture": "#light_gold"},
				"south": {"uv": [9.75, 14.25, 8.25, 15.75], "texture": "#light_gold"},
				"west": {"uv": [12.75, 14.25, 12.5, 15.75], "texture": "#light_gold"},
				"up": {"uv": [6.25, 12.75, 7.75, 12.5], "texture": "#light_gold"},
				"down": {"uv": [9.75, 12.5, 8.25, 12.75], "texture": "#light_gold"}
			}
		},
		{
			"from": [9.75, 0.25, 4.9375],
			"to": [11.25, 1.75, 5.1875],
			"rotation": {"angle": -22.5, "axis": "y", "origin": [9.75, 0.25, 5.1875]},
			"faces": {
				"north": {"uv": [7.75, 14.25, 6.25, 15.75], "texture": "#light_gold"},
				"east": {"uv": [3.5, 14.25, 3.25, 15.75], "texture": "#light_gold"},
				"south": {"uv": [9.75, 14.25, 8.25, 15.75], "texture": "#light_gold"},
				"west": {"uv": [12.75, 14.25, 12.5, 15.75], "texture": "#light_gold"},
				"up": {"uv": [6.25, 12.75, 7.75, 12.5], "texture": "#light_gold"},
				"down": {"uv": [9.75, 12.5, 8.25, 12.75], "texture": "#light_gold"}
			}
		},
		{
			"from": [12.125, 1.5625, 7.75],
			"to": [12.375, 3.0625, 9.25],
			"rotation": {"angle": -22.5, "axis": "z", "origin": [12.125, 3.0625, 9.25]},
			"faces": {
				"north": {"uv": [7.75, 14.25, 6.25, 15.75], "texture": "#light_gold"},
				"east": {"uv": [3.5, 14.25, 3.25, 15.75], "texture": "#light_gold"},
				"south": {"uv": [9.75, 14.25, 8.25, 15.75], "texture": "#light_gold"},
				"west": {"uv": [12.75, 14.25, 12.5, 15.75], "texture": "#light_gold"},
				"up": {"uv": [6.25, 12.75, 7.75, 12.5], "texture": "#light_gold"},
				"down": {"uv": [9.75, 12.5, 8.25, 12.75], "texture": "#light_gold"}
			}
		},
		{
			"from": [4.8125, 2.25, 6.4375],
			"to": [6.3125, 3.75, 6.6875],
			"rotation": {"angle": 22.5, "axis": "y", "origin": [4.8125, 2.25, 6.6875]},
			"faces": {
				"north": {"uv": [7.75, 14.25, 6.25, 15.75], "texture": "#light_gold"},
				"east": {"uv": [3.5, 14.25, 3.25, 15.75], "texture": "#light_gold"},
				"south": {"uv": [9.75, 14.25, 8.25, 15.75], "texture": "#light_gold"},
				"west": {"uv": [12.75, 14.25, 12.5, 15.75], "texture": "#light_gold"},
				"up": {"uv": [6.25, 12.75, 7.75, 12.5], "texture": "#light_gold"},
				"down": {"uv": [9.75, 12.5, 8.25, 12.75], "texture": "#light_gold"}
			}
		},
		{
			"from": [8.5, 6.25, 7.5],
			"to": [9.5, 7.25, 7.75],
			"faces": {
				"north": {"uv": [16, 0, 0, 16], "texture": "#white"},
				"east": {"uv": [2, 0, 0, 2], "texture": "#white"},
				"south": {"uv": [2, 0, 0, 2], "texture": "#white"},
				"west": {"uv": [2, 0, 0, 2], "texture": "#white"},
				"up": {"uv": [0, 2, 2, 0], "texture": "#white"},
				"down": {"uv": [0, 2, 2, 0], "texture": "#white"}
			}
		},
		{
			"from": [7.75, 6.25, 7.25],
			"to": [8.25, 6.5, 7.75],
			"faces": {
				"north": {"uv": [8.25, 9.5, 7.75, 9.75], "texture": "#purple"},
				"east": {"uv": [7.75, 9.5, 7.25, 9.75], "texture": "#purple"},
				"south": {"uv": [8.25, 9.5, 7.75, 9.75], "texture": "#purple"},
				"west": {"uv": [8.75, 9.5, 8.25, 9.75], "texture": "#purple"},
				"up": {"uv": [7.75, 8.75, 8.25, 8.25], "texture": "#purple"},
				"down": {"uv": [8.25, 8.25, 7.75, 8.75], "texture": "#purple"}
			}
		},
		{
			"from": [5.75, 6, 7.75],
			"to": [10.25, 7.75, 10],
			"faces": {
				"north": {"uv": [10.25, 8.25, 5.75, 10], "texture": "#texture"},
				"east": {"uv": [10, 8.25, 7.75, 10], "texture": "#texture"},
				"south": {"uv": [10.25, 8.25, 5.75, 10], "texture": "#texture"},
				"west": {"uv": [8.25, 8.25, 6, 10], "texture": "#texture"},
				"up": {"uv": [5.75, 8.25, 10.25, 6], "texture": "#texture"},
				"down": {"uv": [10.25, 6, 5.75, 8.25], "texture": "#texture"}
			}
		},
		{
			"from": [7, 5.75, 7],
			"to": [9, 6.25, 7.75],
			"faces": {
				"north": {"uv": [9, 9.75, 7, 10.25], "texture": "#purple"},
				"east": {"uv": [7.75, 9.75, 7, 10.25], "texture": "#purple"},
				"south": {"uv": [9, 9.75, 7, 10.25], "texture": "#purple"},
				"west": {"uv": [9, 9.75, 8.25, 10.25], "texture": "#purple"},
				"up": {"uv": [7, 9, 9, 8.25], "texture": "#purple"},
				"down": {"uv": [9, 8.25, 7, 9], "texture": "#purple"}
			}
		},
		{
			"from": [6.5, 5.25, 7],
			"to": [9.5, 5.75, 7.75],
			"faces": {
				"north": {"uv": [9.5, 10.25, 6.5, 10.75], "texture": "#purple"},
				"east": {"uv": [7.75, 10.25, 7, 10.75], "texture": "#purple"},
				"south": {"uv": [9.5, 10.25, 6.5, 10.75], "texture": "#purple"},
				"west": {"uv": [9, 10.25, 8.25, 10.75], "texture": "#purple"},
				"up": {"uv": [6.5, 9, 9.5, 8.25], "texture": "#purple"},
				"down": {"uv": [9.5, 8.25, 6.5, 9], "texture": "#purple"}
			}
		},
		{
			"from": [6.75, 4.75, 6.75],
			"to": [9.25, 5.25, 7.75],
			"faces": {
				"north": {"uv": [9.25, 10.75, 6.75, 11.25], "texture": "#purple"},
				"east": {"uv": [7.75, 10.75, 6.75, 11.25], "texture": "#purple"},
				"south": {"uv": [9.25, 10.75, 6.75, 11.25], "texture": "#purple"},
				"west": {"uv": [9.25, 10.75, 8.25, 11.25], "texture": "#purple"},
				"up": {"uv": [6.75, 9.25, 9.25, 8.25], "texture": "#purple"},
				"down": {"uv": [9.25, 8.25, 6.75, 9.25], "texture": "#purple"}
			}
		},
		{
			"from": [6.75, 5.25, 6.5],
			"to": [9.25, 5.75, 7.25],
			"faces": {
				"north": {"uv": [9.25, 10.25, 6.75, 10.75], "texture": "#purple"},
				"east": {"uv": [7.25, 10.25, 6.5, 10.75], "texture": "#purple"},
				"south": {"uv": [9.25, 10.25, 6.75, 10.75], "texture": "#purple"},
				"west": {"uv": [9.5, 10.25, 8.75, 10.75], "texture": "#purple"},
				"up": {"uv": [6.75, 9.5, 9.25, 8.75], "texture": "#purple"},
				"down": {"uv": [9.25, 8.75, 6.75, 9.5], "texture": "#purple"}
			}
		},
		{
			"from": [7.25, 5.75, 6.25],
			"to": [8.75, 6.25, 7],
			"faces": {
				"north": {"uv": [8.75, 9.75, 7.25, 10.25], "texture": "#purple"},
				"east": {"uv": [7, 9.75, 6.25, 10.25], "texture": "#purple"},
				"south": {"uv": [8.75, 9.75, 7.25, 10.25], "texture": "#purple"},
				"west": {"uv": [9.75, 9.75, 9, 10.25], "texture": "#purple"},
				"up": {"uv": [7.25, 9.75, 8.75, 9], "texture": "#purple"},
				"down": {"uv": [8.75, 9, 7.25, 9.75], "texture": "#purple"}
			}
		},
		{
			"from": [7, 5.25, 6],
			"to": [8.75, 5.75, 6.5],
			"faces": {
				"north": {"uv": [8.75, 10.25, 7, 10.75], "texture": "#purple"},
				"east": {"uv": [6.5, 10.25, 6, 10.75], "texture": "#purple"},
				"south": {"uv": [9, 10.25, 7.25, 10.75], "texture": "#purple"},
				"west": {"uv": [10, 10.25, 9.5, 10.75], "texture": "#purple"},
				"up": {"uv": [7, 10, 8.75, 9.5], "texture": "#purple"},
				"down": {"uv": [9, 9.5, 7.25, 10], "texture": "#purple"}
			}
		},
		{
			"from": [7, 4.5, 7],
			"to": [9, 4.75, 7.75],
			"faces": {
				"north": {"uv": [9, 11.25, 7, 11.5], "texture": "#purple"},
				"east": {"uv": [7.75, 11.25, 7, 11.5], "texture": "#purple"},
				"south": {"uv": [9, 11.25, 7, 11.5], "texture": "#purple"},
				"west": {"uv": [9, 11.25, 8.25, 11.5], "texture": "#purple"},
				"up": {"uv": [7, 9, 9, 8.25], "texture": "#purple"},
				"down": {"uv": [9, 8.25, 7, 9], "texture": "#purple"}
			}
		},
		{
			"from": [8.5, 7.5, 7.5],
			"to": [9.25, 7.75, 7.75],
			"faces": {
				"north": {"uv": [9.25, 8.25, 8.5, 8.5], "texture": "#black"},
				"east": {"uv": [7.75, 8.25, 7.5, 8.5], "texture": "#black"},
				"south": {"uv": [7.5, 8.25, 6.75, 8.5], "texture": "#black"},
				"west": {"uv": [8.5, 8.25, 8.25, 8.5], "texture": "#black"},
				"up": {"uv": [8.5, 8.5, 9.25, 8.25], "texture": "#black"},
				"down": {"uv": [7.5, 8.25, 6.75, 8.5], "texture": "#black"}
			}
		},
		{
			"from": [8, 7.6875, 8.75],
			"to": [9.5, 7.9375, 9.25],
			"rotation": {"angle": 45, "axis": "z", "origin": [8, 7.9375, 9.25]},
			"faces": {
				"north": {"uv": [10.5, 6.25, 9, 6.5], "texture": "#texture"},
				"east": {"uv": [13, 6.25, 12.5, 6.5], "texture": "#texture"},
				"south": {"uv": [7, 6.25, 5.5, 6.5], "texture": "#texture"},
				"west": {"uv": [3.5, 6.25, 3, 6.5], "texture": "#texture"},
				"up": {"uv": [9, 3.5, 10.5, 3], "texture": "#texture"},
				"down": {"uv": [7, 3, 5.5, 3.5], "texture": "#texture"}
			}
		},
		{
			"from": [7, 8.75, 8.75],
			"to": [8.5, 9, 9.25],
			"rotation": {"angle": -45, "axis": "z", "origin": [7, 9, 9.25]},
			"faces": {
				"north": {"uv": [10.5, 6.25, 9, 6.5], "texture": "#texture"},
				"east": {"uv": [13, 6.25, 12.5, 6.5], "texture": "#texture"},
				"south": {"uv": [7, 6.25, 5.5, 6.5], "texture": "#texture"},
				"west": {"uv": [3.5, 6.25, 3, 6.5], "texture": "#texture"},
				"up": {"uv": [9, 3.5, 10.5, 3], "texture": "#texture"},
				"down": {"uv": [7, 3, 5.5, 3.5], "texture": "#texture"}
			}
		},
		{
			"from": [7.75, 8.75, 8.75],
			"to": [8.25, 9, 10],
			"rotation": {"angle": -45, "axis": "x", "origin": [7.75, 9, 10]},
			"faces": {
				"north": {"uv": [10.5, 6.25, 9, 6.5], "texture": "#texture"},
				"east": {"uv": [13, 6.25, 12.5, 6.5], "texture": "#texture"},
				"south": {"uv": [7, 6.25, 5.5, 6.5], "texture": "#texture"},
				"west": {"uv": [3.5, 6.25, 3, 6.5], "texture": "#texture"},
				"up": {"uv": [9, 3.5, 10.5, 3], "texture": "#texture"},
				"down": {"uv": [7, 3, 5.5, 3.5], "texture": "#texture"}
			}
		},
		{
			"from": [7.75, 8, 7.5],
			"to": [8.25, 8.25, 8.75],
			"rotation": {"angle": 45, "axis": "x", "origin": [7.75, 8.25, 8.75]},
			"faces": {
				"north": {"uv": [10.5, 6.25, 9, 6.5], "texture": "#texture"},
				"east": {"uv": [13, 6.25, 12.5, 6.5], "texture": "#texture"},
				"south": {"uv": [7, 6.25, 5.5, 6.5], "texture": "#texture"},
				"west": {"uv": [3.5, 6.25, 3, 6.5], "texture": "#texture"},
				"up": {"uv": [9, 3.5, 10.5, 3], "texture": "#texture"},
				"down": {"uv": [7, 3, 5.5, 3.5], "texture": "#texture"}
			}
		},
		{
			"from": [6.5, 1.25, 7.25],
			"to": [9.5, 4.25, 7.5],
			"faces": {
				"north": {"uv": [16, 0, 0, 16], "texture": "#lets_eat"},
				"east": {"uv": [16, 0, 15, 16], "texture": "#lets_eat"},
				"south": {"uv": [16, 0, 0, 16], "texture": "#lets_eat"},
				"west": {"uv": [1, 0, 0, 16], "texture": "#lets_eat"},
				"up": {"uv": [0, 1, 16, 0], "texture": "#lets_eat"},
				"down": {"uv": [0, 1, 16, 0], "texture": "#lets_eat"}
			}
		},
		{
			"from": [5.75, 2, 6.4375],
			"to": [7.75, 4, 9.6875],
			"rotation": {"angle": 22.5, "axis": "y", "origin": [5.75, 2, 9.6875]},
			"faces": {
				"north": {"uv": [6, 11, 4, 13], "texture": "#texture"},
				"east": {"uv": [9.5, 11, 7.5, 13], "texture": "#texture"},
				"south": {"uv": [12, 11, 10, 13], "texture": "#texture"},
				"west": {"uv": [8.5, 11, 6.5, 13], "texture": "#texture"},
				"up": {"uv": [4, 8.5, 6, 6.5], "texture": "#texture"},
				"down": {"uv": [12, 6.5, 10, 8.5], "texture": "#texture"}
			}
		},
		{
			"from": [5, 2.5, 5.25],
			"to": [6.5, 4, 6.75],
			"faces": {
				"north": {"uv": [16, 0, 0, 16], "texture": "#cupcake_rapper"},
				"east": {"uv": [16, 0, 0, 16], "texture": "#cupcake_rapper"},
				"south": {"uv": [16, 0, 0, 16], "texture": "#cupcake_rapper"},
				"west": {"uv": [16, 0, 0, 16], "texture": "#cupcake_rapper"},
				"up": {"uv": [0, 16, 16, 0], "texture": "#cupcake_rapper"},
				"down": {"uv": [0, 16, 16, 0], "texture": "#cupcake_rapper"}
			}
		},
		{
			"from": [4.75, 3.75, 5],
			"to": [6.75, 4.5, 7],
			"faces": {
				"north": {"uv": [16, 0, 0, 16], "texture": "#frosting"},
				"east": {"uv": [16, 0, 0, 16], "texture": "#frosting"},
				"south": {"uv": [16, 0, 0, 16], "texture": "#frosting"},
				"west": {"uv": [16, 0, 0, 16], "texture": "#frosting"},
				"up": {"uv": [0, 16, 16, 0], "texture": "#frosting"},
				"down": {"uv": [0, 16, 16, 0], "texture": "#frosting"}
			}
		},
		{
			"from": [5, 4.5, 5.25],
			"to": [6.5, 5, 6.75],
			"faces": {
				"north": {"uv": [16, 0, 0, 16], "texture": "#frosting"},
				"east": {"uv": [16, 0, 0, 16], "texture": "#frosting"},
				"south": {"uv": [16, 0, 0, 16], "texture": "#frosting"},
				"west": {"uv": [16, 0, 0, 16], "texture": "#frosting"},
				"up": {"uv": [0, 16, 16, 0], "texture": "#frosting"},
				"down": {"uv": [0, 16, 16, 0], "texture": "#frosting"}
			}
		},
		{
			"from": [5, 4.25, 4.75],
			"to": [5.5, 4.75, 5.25],
			"faces": {
				"north": {"uv": [16, 0, 0, 16], "texture": "#plushie_foxy_eye"},
				"east": {"uv": [2, 0, 0, 2], "texture": "#plushie_foxy_eye"},
				"south": {"uv": [2, 0, 0, 2], "texture": "#plushie_foxy_eye"},
				"west": {"uv": [2, 0, 0, 2], "texture": "#plushie_foxy_eye"},
				"up": {"uv": [0, 2, 2, 0], "texture": "#plushie_foxy_eye"},
				"down": {"uv": [0, 2, 2, 0], "texture": "#plushie_foxy_eye"}
			}
		},
		{
			"from": [5.5, 5, 5.75],
			"to": [6, 6, 6.25],
			"faces": {
				"north": {"uv": [4, 0, 0, 16], "texture": "#candle"},
				"east": {"uv": [4, 0, 0, 16], "texture": "#candle"},
				"south": {"uv": [4, 0, 0, 16], "texture": "#candle"},
				"west": {"uv": [4, 0, 0, 16], "texture": "#candle"},
				"up": {"uv": [7, 9, 16, 0], "texture": "#candle"},
				"down": {"uv": [7, 9, 16, 0], "texture": "#candle"}
			}
		},
		{
			"from": [5.5, 6, 5.75],
			"to": [6, 6.5, 6.25],
			"faces": {
				"north": {"uv": [16, 0, 7, 9], "texture": "#candle"},
				"east": {"uv": [16, 0, 7, 9], "texture": "#candle"},
				"south": {"uv": [16, 0, 7, 9], "texture": "#candle"},
				"west": {"uv": [16, 0, 7, 9], "texture": "#candle"},
				"up": {"uv": [7, 9, 16, 0], "texture": "#candle"},
				"down": {"uv": [7, 9, 16, 0], "texture": "#candle"}
			}
		},
		{
			"from": [6, 4.25, 4.75],
			"to": [6.5, 4.75, 5.25],
			"faces": {
				"north": {"uv": [16, 0, 0, 16], "texture": "#plushie_foxy_eye"},
				"east": {"uv": [2, 0, 0, 2], "texture": "#plushie_foxy_eye"},
				"south": {"uv": [2, 0, 0, 2], "texture": "#plushie_foxy_eye"},
				"west": {"uv": [2, 0, 0, 2], "texture": "#plushie_foxy_eye"},
				"up": {"uv": [0, 2, 2, 0], "texture": "#plushie_foxy_eye"},
				"down": {"uv": [0, 2, 2, 0], "texture": "#plushie_foxy_eye"}
			}
		}
	],
	"display": {
		"thirdperson_righthand": {
			"rotation": [48, 0, 0],
			"translation": [0, 2.5, 2.5],
			"scale": [0.55, 0.55, 0.55]
		},
		"thirdperson_lefthand": {
			"rotation": [48, 0, 0],
			"translation": [0, 2.5, 2.5],
			"scale": [0.55, 0.55, 0.55]
		},
		"firstperson_righthand": {
			"rotation": [0, 90, -25],
			"translation": [0, 5.1, 0.8],
			"scale": [0.68, 0.68, 0.68]
		},
		"firstperson_lefthand": {
			"rotation": [0, 90, -25],
			"translation": [0, 5.1, 0.8],
			"scale": [0.68, 0.68, 0.68]
		},
		"ground": {
			"translation": [0, 2.25, 0],
			"scale": [0.75, 0.75, 0.75]
		},
		"gui": {
			"rotation": [30, 135, 0],
			"translation": [0, 4.25, 0],
			"scale": [1.2, 1.2, 1.2]
		},
		"head": {
			"translation": [0, 14.25, 0]
		},
		"fixed": {
			"rotation": [-90, 0, 0],
			"translation": [0, 0, -16],
			"scale": [2, 2, 2]
		}
	}
}