{
	"textures": {
		"texture": "mnaf:materials/red",
		"purple": "mnaf:materials/brown",
		"black": "mnaf:materials/black",
		"light_gold": "mnaf:materials/light_red",
		"white": "mnaf:materials/plushie_foxy_eye"
	},
	"elements": [
		{
			"from": [5.375, 0, 5.6875],
			"to": [7.375, 2, 7.4375],
			"rotation": {"angle": 22.5, "axis": "y", "origin": [5.375, 0, 7.4375]},
			"faces": {
				"north": {"uv": [7, 14, 5, 16], "texture": "#texture"},
				"east": {"uv": [7, 14, 4, 16], "texture": "#texture"},
				"south": {"uv": [11, 14, 9, 16], "texture": "#texture"},
				"west": {"uv": [12, 14, 9, 16], "texture": "#texture"},
				"up": {"uv": [5, 12, 7, 9], "texture": "#texture"},
				"down": {"uv": [11, 9, 9, 12], "texture": "#texture"}
			}
		},
		{
			"from": [3.75, 1.25, 7.5],
			"to": [6.25, 3.25, 9.5],
			"rotation": {"angle": 22.5, "axis": "z", "origin": [3.75, 3.25, 9.5]},
			"faces": {
				"north": {"uv": [6, 11, 4, 13], "texture": "#texture"},
				"east": {"uv": [9.5, 11, 7.5, 13], "texture": "#texture"},
				"south": {"uv": [12, 11, 10, 13], "texture": "#texture"},
				"west": {"uv": [8.5, 11, 6.5, 13], "texture": "#texture"},
				"up": {"uv": [4, 8.5, 6, 6.5], "texture": "#texture"},
				"down": {"uv": [12, 6.5, 10, 8.5], "texture": "#texture"}
			}
		},
		{
			"from": [10, 2.25, 7.5],
			"to": [12.5, 4.25, 9.5],
			"rotation": {"angle": -22.5, "axis": "z", "origin": [10, 4.25, 9.5]},
			"faces": {
				"north": {"uv": [12.5, 11, 10, 13], "texture": "#texture"},
				"east": {"uv": [8.5, 11, 6.5, 13], "texture": "#texture"},
				"south": {"uv": [12.5, 11, 10, 13], "texture": "#texture"},
				"west": {"uv": [8.5, 11, 6.5, 13], "texture": "#texture"},
				"up": {"uv": [10, 8.5, 12.5, 6.5], "texture": "#texture"},
				"down": {"uv": [10, 8.5, 12.5, 6.5], "texture": "#texture"}
			}
		},
		{
			"from": [6.25, 6.5, 7.75],
			"to": [9.75, 8.25, 10],
			"faces": {
				"north": {"uv": [9.75, 7.75, 6.25, 9.5], "texture": "#texture"},
				"east": {"uv": [10, 7.75, 7.75, 9.5], "texture": "#texture"},
				"south": {"uv": [9.75, 7.75, 6.25, 9.5], "texture": "#texture"},
				"west": {"uv": [8.25, 7.75, 6, 9.5], "texture": "#texture"},
				"up": {"uv": [6.25, 8.25, 9.75, 6], "texture": "#texture"},
				"down": {"uv": [9.75, 6, 6.25, 8.25], "texture": "#texture"}
			}
		},
		{
			"from": [6, 2, 7.5],
			"to": [10, 4.25, 9.5],
			"faces": {
				"north": {"uv": [10, 11.75, 6, 14], "texture": "#texture"},
				"east": {"uv": [9.5, 11.75, 7.5, 14], "texture": "#texture"},
				"south": {"uv": [10, 11.75, 6, 14], "texture": "#texture"},
				"west": {"uv": [8.5, 11.75, 6.5, 14], "texture": "#texture"},
				"up": {"uv": [6, 8.5, 10, 6.5], "texture": "#texture"},
				"down": {"uv": [10, 6.5, 6, 8.5], "texture": "#texture"}
			}
		},
		{
			"from": [6, 5.5, 7.75],
			"to": [10, 6, 10],
			"faces": {
				"north": {"uv": [10, 10, 6, 10.5], "texture": "#texture"},
				"east": {"uv": [10, 10, 7.75, 10.5], "texture": "#texture"},
				"south": {"uv": [10, 10, 6, 10.5], "texture": "#texture"},
				"west": {"uv": [8.25, 10, 6, 10.5], "texture": "#texture"},
				"up": {"uv": [6, 8.25, 10, 6], "texture": "#texture"},
				"down": {"uv": [10, 6, 6, 8.25], "texture": "#texture"}
			}
		},
		{
			"from": [6.25, 4.25, 7.75],
			"to": [9.75, 4.75, 9.75],
			"faces": {
				"north": {"uv": [9.75, 11.25, 6.25, 11.75], "texture": "#texture"},
				"east": {"uv": [9.75, 11.25, 7.75, 11.75], "texture": "#texture"},
				"south": {"uv": [9.75, 11.25, 6.25, 11.75], "texture": "#texture"},
				"west": {"uv": [8.25, 11.25, 6.25, 11.75], "texture": "#texture"},
				"up": {"uv": [6.25, 8.25, 9.75, 6.25], "texture": "#texture"},
				"down": {"uv": [9.75, 6.25, 6.25, 8.25], "texture": "#texture"}
			}
		},
		{
			"from": [7, 5.5, 5.25],
			"to": [9, 6.25, 7.75],
			"faces": {
				"north": {"uv": [9, 9.75, 7, 10.5], "texture": "#light_gold"},
				"east": {"uv": [7.75, 9.75, 5.25, 10.5], "texture": "#light_gold"},
				"south": {"uv": [9, 9.75, 7, 10.5], "texture": "#light_gold"},
				"west": {"uv": [10.75, 9.75, 8.25, 10.5], "texture": "#light_gold"},
				"up": {"uv": [7, 10.75, 9, 8.25], "texture": "#light_gold"},
				"down": {"uv": [9, 8.25, 7, 10.75], "texture": "#light_gold"}
			}
		},
		{
			"from": [9.0625, 0, 5.125],
			"to": [11.0625, 2, 6.675],
			"rotation": {"angle": -22.5, "axis": "y", "origin": [9.0625, 0, 6.875]},
			"faces": {
				"north": {"uv": [7, 14, 5, 16], "texture": "#texture"},
				"east": {"uv": [7, 14, 4, 16], "texture": "#texture"},
				"south": {"uv": [11, 14, 9, 16], "texture": "#texture"},
				"west": {"uv": [12, 14, 9, 16], "texture": "#texture"},
				"up": {"uv": [5, 12, 7, 9], "texture": "#texture"},
				"down": {"uv": [11, 9, 9, 12], "texture": "#texture"}
			}
		},
		{
			"from": [5.75, 6, 7.75],
			"to": [10.25, 6.5, 10],
			"faces": {
				"north": {"uv": [10.25, 9.5, 5.75, 10], "texture": "#texture"},
				"east": {"uv": [10, 9.5, 7.75, 10], "texture": "#texture"},
				"south": {"uv": [10.25, 9.5, 5.75, 10], "texture": "#texture"},
				"west": {"uv": [8.25, 9.5, 6, 10], "texture": "#texture"},
				"up": {"uv": [5.75, 8.25, 10.25, 6], "texture": "#texture"},
				"down": {"uv": [10.25, 6, 5.75, 8.25], "texture": "#texture"}
			}
		},
		{
			"from": [5.5, 8, 8.75],
			"to": [8, 10, 9.25],
			"rotation": {"angle": -45, "axis": "z", "origin": [5.5, 10, 9.25]},
			"faces": {
				"north": {"uv": [4.75, 5.75, 3.25, 7.25], "texture": "#texture"},
				"east": {"uv": [7.25, 5.75, 6.75, 7.25], "texture": "#texture"},
				"south": {"uv": [4.75, 5.75, 3.25, 7.25], "texture": "#texture"},
				"west": {"uv": [7.25, 5.75, 6.75, 7.25], "texture": "#texture"},
				"up": {"uv": [3.25, 7.25, 4.75, 6.75], "texture": "#texture"},
				"down": {"uv": [3.25, 7.25, 4.75, 6.75], "texture": "#texture"}
			}
		},
		{
			"from": [8.75, 6.25, 8.75],
			"to": [11.25, 8.25, 9.25],
			"rotation": {"angle": 45, "axis": "z", "origin": [8.75, 8.25, 9.25]},
			"faces": {
				"north": {"uv": [12, 7.5, 10.5, 9], "texture": "#texture"},
				"east": {"uv": [7.25, 7.5, 6.75, 9], "texture": "#texture"},
				"south": {"uv": [12, 7.5, 10.5, 9], "texture": "#texture"},
				"west": {"uv": [7.25, 7.5, 6.75, 9], "texture": "#texture"},
				"up": {"uv": [10.5, 7.25, 12, 6.75], "texture": "#texture"},
				"down": {"uv": [10.5, 7.25, 12, 6.75], "texture": "#texture"}
			}
		},
		{
			"from": [6.5, 6.25, 7.5],
			"to": [7.5, 7.25, 7.75],
			"faces": {
				"north": {"uv": [16, 0, 0, 16], "texture": "#black"},
				"east": {"uv": [2, 0, 0, 2], "texture": "#black"},
				"south": {"uv": [2, 0, 0, 2], "texture": "#black"},
				"west": {"uv": [2, 0, 0, 2], "texture": "#black"},
				"up": {"uv": [0, 2, 2, 0], "texture": "#black"},
				"down": {"uv": [0, 2, 2, 0], "texture": "#black"}
			}
		},
		{
			"from": [7.5, 6.25, 5.25],
			"to": [8.5, 6.5, 6],
			"faces": {
				"north": {"uv": [8.5, 9.5, 7.5, 9.75], "texture": "#black"},
				"east": {"uv": [6, 9.5, 5.25, 9.75], "texture": "#black"},
				"south": {"uv": [8.5, 9.5, 7.5, 9.75], "texture": "#black"},
				"west": {"uv": [10.75, 9.5, 10, 9.75], "texture": "#black"},
				"up": {"uv": [7.5, 10.75, 8.5, 10], "texture": "#black"},
				"down": {"uv": [8.5, 10, 7.5, 10.75], "texture": "#black"}
			}
		},
		{
			"from": [4.875, 0.25, 5.5],
			"to": [6.375, 1.75, 5.75],
			"rotation": {"angle": 22.5, "axis": "y", "origin": [4.875, 0.25, 5.75]},
			"faces": {
				"north": {"uv": [7.75, 14.25, 6.25, 15.75], "texture": "#light_gold"},
				"east": {"uv": [3.5, 14.25, 3.25, 15.75], "texture": "#light_gold"},
				"south": {"uv": [9.75, 14.25, 8.25, 15.75], "texture": "#light_gold"},
				"west": {"uv": [12.75, 14.25, 12.5, 15.75], "texture": "#light_gold"},
				"up": {"uv": [6.25, 12.75, 7.75, 12.5], "texture": "#light_gold"},
				"down": {"uv": [9.75, 12.5, 8.25, 12.75], "texture": "#light_gold"}
			}
		},
		{
			"from": [9.9375, 0.25, 5.125],
			"to": [11.4375, 1.75, 5.375],
			"rotation": {"angle": -22.5, "axis": "y", "origin": [9.9375, 0.25, 5.375]},
			"faces": {
				"north": {"uv": [7.75, 14.25, 6.25, 15.75], "texture": "#light_gold"},
				"east": {"uv": [3.5, 14.25, 3.25, 15.75], "texture": "#light_gold"},
				"south": {"uv": [9.75, 14.25, 8.25, 15.75], "texture": "#light_gold"},
				"west": {"uv": [12.75, 14.25, 12.5, 15.75], "texture": "#light_gold"},
				"up": {"uv": [6.25, 12.75, 7.75, 12.5], "texture": "#light_gold"},
				"down": {"uv": [9.75, 12.5, 8.25, 12.75], "texture": "#light_gold"}
			}
		},
		{
			"from": [12.125, 1.5625, 7.75],
			"to": [12.375, 3.0625, 9.25],
			"rotation": {"angle": -22.5, "axis": "z", "origin": [12.125, 3.0625, 9.25]},
			"faces": {
				"north": {"uv": [7.75, 14.25, 6.25, 15.75], "texture": "#light_gold"},
				"east": {"uv": [3.5, 14.25, 3.25, 15.75], "texture": "#light_gold"},
				"south": {"uv": [9.75, 14.25, 8.25, 15.75], "texture": "#light_gold"},
				"west": {"uv": [12.75, 14.25, 12.5, 15.75], "texture": "#light_gold"},
				"up": {"uv": [6.25, 12.75, 7.75, 12.5], "texture": "#light_gold"},
				"down": {"uv": [9.75, 12.5, 8.25, 12.75], "texture": "#light_gold"}
			}
		},
		{
			"from": [3.6875, 1.4375, 7.75],
			"to": [3.9375, 2.9375, 9.25],
			"rotation": {"angle": 22.5, "axis": "z", "origin": [3.6875, 2.9375, 9.25]},
			"faces": {
				"north": {"uv": [7.75, 14.25, 6.25, 15.75], "texture": "#light_gold"},
				"east": {"uv": [3.5, 14.25, 3.25, 15.75], "texture": "#light_gold"},
				"south": {"uv": [9.75, 14.25, 8.25, 15.75], "texture": "#light_gold"},
				"west": {"uv": [12.75, 14.25, 12.5, 15.75], "texture": "#light_gold"},
				"up": {"uv": [6.25, 12.75, 7.75, 12.5], "texture": "#light_gold"},
				"down": {"uv": [9.75, 12.5, 8.25, 12.75], "texture": "#light_gold"}
			}
		},
		{
			"from": [6.5, 2, 7.25],
			"to": [9.5, 4, 7.5],
			"faces": {
				"north": {"uv": [7.75, 14.25, 6.25, 15.75], "texture": "#light_gold"},
				"east": {"uv": [3.5, 14.25, 3.25, 15.75], "texture": "#light_gold"},
				"south": {"uv": [9.75, 14.25, 8.25, 15.75], "texture": "#light_gold"},
				"west": {"uv": [12.75, 14.25, 12.5, 15.75], "texture": "#light_gold"},
				"up": {"uv": [6.25, 12.75, 7.75, 12.5], "texture": "#light_gold"},
				"down": {"uv": [9.75, 12.5, 8.25, 12.75], "texture": "#light_gold"}
			}
		},
		{
			"from": [8.5, 6.25, 7.5],
			"to": [9.5, 7.25, 7.75],
			"faces": {
				"north": {"uv": [16, 0, 0, 16], "texture": "#white"},
				"east": {"uv": [2, 0, 0, 2], "texture": "#white"},
				"south": {"uv": [2, 0, 0, 2], "texture": "#white"},
				"west": {"uv": [2, 0, 0, 2], "texture": "#white"},
				"up": {"uv": [0, 2, 2, 0], "texture": "#white"},
				"down": {"uv": [0, 2, 2, 0], "texture": "#white"}
			}
		},
		{
			"from": [6.75, 7.75, 7.5],
			"to": [7.5, 8, 7.75],
			"faces": {
				"north": {"uv": [7.5, 8, 6.75, 8.25], "texture": "#black"},
				"east": {"uv": [7.75, 8, 7.5, 8.25], "texture": "#black"},
				"south": {"uv": [9.25, 8, 8.5, 8.25], "texture": "#black"},
				"west": {"uv": [8.5, 8, 8.25, 8.25], "texture": "#black"},
				"up": {"uv": [6.75, 8.5, 7.5, 8.25], "texture": "#black"},
				"down": {"uv": [9.25, 8.25, 8.5, 8.5], "texture": "#black"}
			}
		},
		{
			"from": [5.25, 4.75, 7.75],
			"to": [10.75, 5.5, 10],
			"faces": {
				"north": {"uv": [10.75, 10.5, 5.25, 11.25], "texture": "#texture"},
				"east": {"uv": [10, 10.5, 7.75, 11.25], "texture": "#texture"},
				"south": {"uv": [10.75, 10.5, 5.25, 11.25], "texture": "#texture"},
				"west": {"uv": [8.25, 10.5, 6, 11.25], "texture": "#texture"},
				"up": {"uv": [5.25, 8.25, 10.75, 6], "texture": "#texture"},
				"down": {"uv": [10.75, 6, 5.25, 8.25], "texture": "#texture"}
			}
		},
		{
			"from": [7, 5, 5.5],
			"to": [9, 5.5, 7.75],
			"faces": {
				"north": {"uv": [9, 10.5, 7, 11], "texture": "#texture"},
				"east": {"uv": [7.75, 10.5, 5.5, 11], "texture": "#texture"},
				"south": {"uv": [9, 10.5, 7, 11], "texture": "#texture"},
				"west": {"uv": [10.5, 10.5, 8.25, 11], "texture": "#texture"},
				"up": {"uv": [7, 10.5, 9, 8.25], "texture": "#texture"},
				"down": {"uv": [9, 8.25, 7, 10.5], "texture": "#texture"}
			}
		},
		{
			"from": [7, 4.75, 6.5],
			"to": [9, 5, 7.75],
			"faces": {
				"north": {"uv": [9, 11, 7, 11.25], "texture": "#texture"},
				"east": {"uv": [7.75, 11, 6.5, 11.25], "texture": "#texture"},
				"south": {"uv": [9, 11, 7, 11.25], "texture": "#texture"},
				"west": {"uv": [9.5, 11, 8.25, 11.25], "texture": "#texture"},
				"up": {"uv": [7, 9.5, 9, 8.25], "texture": "#texture"},
				"down": {"uv": [9, 8.25, 7, 9.5], "texture": "#texture"}
			}
		},
		{
			"from": [5.5, 8.25, 8.5],
			"to": [7.25, 9.25, 8.75],
			"rotation": {"angle": -45, "axis": "z", "origin": [5.5, 9.25, 8.75]},
			"faces": {
				"north": {"uv": [7.75, 6.5, 6, 7.5], "texture": "#purple"},
				"east": {"uv": [8.75, 6.5, 8.5, 7.5], "texture": "#purple"},
				"south": {"uv": [10, 6.5, 8.25, 7.5], "texture": "#purple"},
				"west": {"uv": [7.5, 6.5, 7.25, 7.5], "texture": "#purple"},
				"up": {"uv": [6, 7.5, 7.75, 7.25], "texture": "#purple"},
				"down": {"uv": [10, 7.25, 8.25, 7.5], "texture": "#purple"}
			}
		},
		{
			"from": [9.25, 7, 8.5],
			"to": [11, 8, 8.75],
			"rotation": {"angle": 45, "axis": "z", "origin": [9.25, 8, 8.75]},
			"faces": {
				"north": {"uv": [7.75, 6.5, 6, 7.5], "texture": "#purple"},
				"east": {"uv": [8.75, 6.5, 8.5, 7.5], "texture": "#purple"},
				"south": {"uv": [10, 6.5, 8.25, 7.5], "texture": "#purple"},
				"west": {"uv": [7.5, 6.5, 7.25, 7.5], "texture": "#purple"},
				"up": {"uv": [6, 7.5, 7.75, 7.25], "texture": "#purple"},
				"down": {"uv": [10, 7.25, 8.25, 7.5], "texture": "#purple"}
			}
		},
		{
			"from": [8.5, 7.75, 7.5],
			"to": [9.25, 8, 7.75],
			"faces": {
				"north": {"uv": [9.25, 8, 8.5, 8.25], "texture": "#black"},
				"east": {"uv": [7.75, 8, 7.5, 8.25], "texture": "#black"},
				"south": {"uv": [7.5, 8, 6.75, 8.25], "texture": "#black"},
				"west": {"uv": [8.5, 8, 8.25, 8.25], "texture": "#black"},
				"up": {"uv": [8.5, 8.5, 9.25, 8.25], "texture": "#black"},
				"down": {"uv": [7.5, 8.25, 6.75, 8.5], "texture": "#black"}
			}
		},
		{
			"from": [8.25, 0, 6.5],
			"to": [10.25, 2, 8.75],
			"rotation": {"angle": -22.5, "axis": "y", "origin": [8.25, 0, 8.75]},
			"faces": {
				"north": {"uv": [7.75, 6.5, 6, 7.5], "texture": "#purple"},
				"east": {"uv": [8.75, 6.5, 8.5, 7.5], "texture": "#purple"},
				"south": {"uv": [10, 6.5, 8.25, 7.5], "texture": "#purple"},
				"west": {"uv": [7.5, 6.5, 7.25, 7.5], "texture": "#purple"},
				"up": {"uv": [6, 7.5, 7.75, 7.25], "texture": "#purple"},
				"down": {"uv": [10, 7.25, 8.25, 7.5], "texture": "#purple"}
			}
		},
		{
			"from": [6.25, 0, 7.25],
			"to": [10, 2, 9.5],
			"faces": {
				"north": {"uv": [7.75, 6.5, 6, 7.5], "texture": "#purple"},
				"east": {"uv": [8.75, 6.5, 8.5, 7.5], "texture": "#purple"},
				"south": {"uv": [10, 6.5, 8.25, 7.5], "texture": "#purple"},
				"west": {"uv": [7.5, 6.5, 7.25, 7.5], "texture": "#purple"},
				"up": {"uv": [6, 7.5, 7.75, 7.25], "texture": "#purple"},
				"down": {"uv": [10, 7.25, 8.25, 7.5], "texture": "#purple"}
			}
		},
		{
			"from": [6.25, 0, 7.25],
			"to": [8.25, 2, 9.5],
			"rotation": {"angle": 22.5, "axis": "y", "origin": [6.25, 0, 9.5]},
			"faces": {
				"north": {"uv": [7.75, 6.5, 6, 7.5], "texture": "#purple"},
				"east": {"uv": [8.75, 6.5, 8.5, 7.5], "texture": "#purple"},
				"south": {"uv": [10, 6.5, 8.25, 7.5], "texture": "#purple"},
				"west": {"uv": [7.5, 6.5, 7.25, 7.5], "texture": "#purple"},
				"up": {"uv": [6, 7.5, 7.75, 7.25], "texture": "#purple"},
				"down": {"uv": [10, 7.25, 8.25, 7.5], "texture": "#purple"}
			}
		}
	],
	"display": {
		"thirdperson_righthand": {
			"rotation": [48, 0, 0],
			"translation": [0, 2.5, 2.5],
			"scale": [0.55, 0.55, 0.55]
		},
		"thirdperson_lefthand": {
			"rotation": [48, 0, 0],
			"translation": [0, 2.5, 2.5],
			"scale": [0.55, 0.55, 0.55]
		},
		"firstperson_righthand": {
			"rotation": [0, 90, -25],
			"translation": [0, 5.1, 0.8],
			"scale": [0.68, 0.68, 0.68]
		},
		"firstperson_lefthand": {
			"rotation": [0, 90, -25],
			"translation": [0, 5.1, 0.8],
			"scale": [0.68, 0.68, 0.68]
		},
		"ground": {
			"translation": [0, 2.25, 0],
			"scale": [0.75, 0.75, 0.75]
		},
		"gui": {
			"rotation": [30, 135, 0],
			"translation": [0, 3.5, 0],
			"scale": [1.2, 1.2, 1.2]
		},
		"head": {
			"translation": [0, 14.25, 0]
		},
		"fixed": {
			"rotation": [-90, 0, 0],
			"translation": [0, 0, -16],
			"scale": [2, 2, 2]
		}
	}
}