{
	"textures": {
		"0": "mnaf:cctv/camera"
	},
	"elements": [
		{
			"name": "head",
			"from": [7, 4, 7],
			"to": [9, 8, 9],
			"rotation": {"angle": 0, "axis": "y", "origin": [8, -18, 6]},
			"faces": {
				"north": {"uv": [1, 1, 2, 3], "texture": "#0"},
				"east": {"uv": [0, 1, 1, 3], "texture": "#0"},
				"south": {"uv": [3, 1, 4, 3], "texture": "#0"},
				"west": {"uv": [2, 1, 3, 3], "texture": "#0"},
				"up": {"uv": [2, 1, 1, 0], "texture": "#0"}
			}
		},
		{
			"name": "bone",
			"from": [6, 0, 2],
			"to": [10, 3, 10],
			"rotation": {"angle": -22.5, "axis": "x", "origin": [8, 4, 7]},
			"faces": {
				"north": {"uv": [4, 9, 6, 10.5], "texture": "#0"},
				"east": {"uv": [0, 9, 4, 10.5], "texture": "#0"},
				"south": {"uv": [10, 9, 12, 10.5], "texture": "#0"},
				"west": {"uv": [6, 9, 10, 10.5], "texture": "#0"},
				"up": {"uv": [6, 9, 4, 5], "texture": "#0"},
				"down": {"uv": [8, 5, 6, 9], "texture": "#0"}
			}
		},
		{
			"name": "bone",
			"from": [6, 3, 1],
			"to": [10, 4, 10],
			"rotation": {"angle": -22.5, "axis": "x", "origin": [8, 4, 7]},
			"faces": {
				"north": {"uv": [4.5, 4.5, 6.5, 5], "texture": "#0"},
				"east": {"uv": [0, 4.5, 4.5, 5], "texture": "#0"},
				"south": {"uv": [11, 4.5, 13, 5], "texture": "#0"},
				"west": {"uv": [6.5, 4.5, 11, 5], "texture": "#0"},
				"up": {"uv": [6.5, 4.5, 4.5, 0], "texture": "#0"},
				"down": {"uv": [8.5, 0, 6.5, 4.5], "texture": "#0"}
			}
		},
		{
			"name": "bone2",
			"from": [6, 2, 1],
			"to": [7, 3, 2],
			"rotation": {"angle": -22.5, "axis": "x", "origin": [8, 4, 7]},
			"faces": {
				"north": {"uv": [2.5, 5.5, 3, 6], "texture": "#0"},
				"east": {"uv": [2, 5.5, 2.5, 6], "texture": "#0"},
				"west": {"uv": [3, 5.5, 3.5, 6], "texture": "#0"},
				"down": {"uv": [3.5, 5, 3, 5.5], "texture": "#0"}
			}
		},
		{
			"name": "bone3",
			"from": [9, 2, 1],
			"to": [10, 3, 2],
			"rotation": {"angle": -22.5, "axis": "x", "origin": [8, 4, 7]},
			"faces": {
				"north": {"uv": [0.5, 5.5, 1, 6], "texture": "#0"},
				"east": {"uv": [0, 5.5, 0.5, 6], "texture": "#0"},
				"west": {"uv": [1, 5.5, 1.5, 6], "texture": "#0"},
				"down": {"uv": [1.5, 5, 1, 5.5], "texture": "#0"}
			}
		},
		{
			"name": "bone4",
			"from": [7, 0.5, 2.1],
			"to": [9, 2.5, 2.1],
			"rotation": {"angle": -22.5, "axis": "x", "origin": [8, 4, 7]},
			"faces": {
				"north": {"uv": [0, 0, 1, 1], "texture": "#0"}
			}
		}
	],
	"display": {
		"thirdperson_righthand": {
			"rotation": [90, 0, 0],
			"translation": [-0.25, 0, 5.5]
		},
		"thirdperson_lefthand": {
			"rotation": [90, 0, 0],
			"translation": [-0.25, 0, 5.5]
		},
		"firstperson_righthand": {
			"rotation": [20, 10, 0],
			"translation": [0, 5.75, 2.5],
			"scale": [0.75, 0.75, 0.75]
		},
		"firstperson_lefthand": {
			"rotation": [20, 10, 0],
			"translation": [0, 5.75, 2.5],
			"scale": [0.75, 0.75, 0.75]
		},
		"ground": {
			"translation": [0, 4, 1.5],
			"scale": [0.8, 0.8, 0.8]
		},
		"gui": {
			"rotation": [0, 135, 0],
			"translation": [2, 7.25, 0],
			"scale": [1.5, 1.5, 1.5]
		},
		"head": {
			"translation": [0, 7, 0],
			"scale": [2, 2, 2]
		},
		"fixed": {
			"rotation": [0, 90, 0],
			"translation": [2.75, 9, -3],
			"scale": [1.8, 1.8, 1.8]
		}
	},
	"groups": [
		{
			"name": "camera",
			"origin": [0, 18, 0],
			"children": [0,
				{
					"name": "head",
					"origin": [0, 22, 1],
					"children": [1, 2,
						{
							"name": "bone2",
							"origin": [-1, 21, -4],
							"children": [3]
						},
						{
							"name": "bone3",
							"origin": [1, 21, -4],
							"children": [4]
						},
						{
							"name": "bone4",
							"origin": [0, 19.5, -5],
							"children": [5]
						}
					]
				}
			]
		}
	]
}