{
	"credit": "Made with Blockbench",
	"textures": {
		"0": "mnaf:map",
		"particle": "mnaf:map"
	},
	"elements": [
		{
			"from": [-2.6, 2.2, 8],
			"to": [18.6, 13.8, 8],
			"faces": {
				"north": {"uv": [0, 0, 15.991, 8.8], "texture": "#0"},
				"south": {"uv": [0, 0, 15.991, 8.8], "texture": "#0"}
			}
		}
	],
	"display": {
		"thirdperson_righthand": {
			"translation": [0, 2.75, 0.25],
			"scale": [0.5, 0.5, 0.5]
		},
		"thirdperson_lefthand": {
			"translation": [0, 2.75, 0.25],
			"scale": [0.5, 0.5, 0.5]
		},
		"firstperson_righthand": {
			"translation": [4.75, 0.5, -7]
		},
		"firstperson_lefthand": {
			"translation": [4.75, 0.5, -7]
		},
		"ground": {
			"rotation": [90, 0, 0],
			"translation": [0, -3.5, 0],
			"scale": [0.5, 0.5, 0.5]
		},
		"gui": {
			"translation": [0.25, 0, 0],
			"scale": [0.75, 0.75, 1]
		},
		"head": {
			"translation": [0, -18.5, -2.5],
			"scale": [4, 4, 4]
		},
		"fixed": {
			"translation": [0, 0, -1.25],
			"scale": [1.7, 1.7, 1.7]
		}
	}
}