{
	"credit": "Made with Blockbench",
	"textures": {
		"0": "block/newolreliable",
		"1": "block/olreliabletext",
		"particle": "block/newolreliable"
	},
	"elements": [
		{
			"from": [1, 3, 4],
			"to": [15, 14, 16],
			"rotation": {"angle": 0, "axis": "y", "origin": [8, 9, 10]},
			"faces": {
				"north": {"uv": [3.5, 3.5, 7, 6.25], "texture": "#0"},
				"east": {"uv": [0, 6, 3, 8.75], "texture": "#0"},
				"south": {"uv": [3.5, 0, 7, 2.75], "texture": "#0"},
				"west": {"uv": [3, 6.25, 6, 9], "texture": "#0"},
				"up": {"uv": [3.5, 3, 0, 0], "texture": "#0"},
				"down": {"uv": [3.5, 3, 0, 6], "texture": "#0"}
			}
		},
		{
			"from": [3, 4, 7],
			"to": [13, 10, 7],
			"rotation": {"angle": 22.5, "axis": "x", "origin": [13, 10, 7]},
			"faces": {
				"north": {"uv": [0, 11.5, 5, 14.5], "texture": "#0"},
				"east": {"uv": [0, 0, 0, 1.5], "texture": "#0"},
				"south": {"uv": [0, 11.5, 5, 14.5], "texture": "#0"},
				"west": {"uv": [0, 0, 0, 1.5], "texture": "#0"},
				"up": {"uv": [2.5, 0, 0, 0], "texture": "#0"},
				"down": {"uv": [2.5, 0, 0, 0], "texture": "#0"}
			}
		},
		{
			"from": [4, 4, 6],
			"to": [4, 10, 14],
			"rotation": {"angle": -22.5, "axis": "z", "origin": [4, 10, 6]},
			"faces": {
				"north": {"uv": [0, 0, 0, 1.5], "texture": "#0"},
				"east": {"uv": [5, 11.5, 9, 14.5], "texture": "#0"},
				"south": {"uv": [0, 0, 0, 1.5], "texture": "#0"},
				"west": {"uv": [5, 11.5, 9, 14.5], "texture": "#0"},
				"up": {"uv": [0, 2, 0, 0], "texture": "#0"},
				"down": {"uv": [0, 0, 0, 2], "texture": "#0"}
			}
		},
		{
			"from": [12, 4, 6],
			"to": [12, 10, 14],
			"rotation": {"angle": 22.5, "axis": "z", "origin": [12, 10, 6]},
			"faces": {
				"north": {"uv": [0, 0, 0, 1.5], "texture": "#0"},
				"east": {"uv": [5, 11.5, 9, 14.5], "texture": "#0"},
				"south": {"uv": [0, 0, 0, 1.5], "texture": "#0"},
				"west": {"uv": [5, 11.5, 9, 14.5], "texture": "#0"},
				"up": {"uv": [0, 2, 0, 0], "texture": "#0"},
				"down": {"uv": [0, 0, 0, 2], "texture": "#0"}
			}
		},
		{
			"from": [3, 4, 13],
			"to": [13, 10, 13],
			"rotation": {"angle": -22.5, "axis": "x", "origin": [12, 10, 13]},
			"faces": {
				"north": {"uv": [0, 11.5, 5, 14.5], "texture": "#0"},
				"east": {"uv": [0, 0, 0, 1.5], "texture": "#0"},
				"south": {"uv": [0, 11.5, 5, 14.5], "texture": "#0"},
				"west": {"uv": [0, 0, 0, 1.5], "texture": "#0"},
				"up": {"uv": [2.5, 0, 0, 0], "texture": "#0"},
				"down": {"uv": [2.5, 0, 0, 0], "texture": "#0"}
			}
		},
		{
			"from": [4, 10, 7],
			"to": [12, 10, 13],
			"rotation": {"angle": 0, "axis": "y", "origin": [12, 18, 15]},
			"faces": {
				"north": {"uv": [0, 0, 2, 0], "texture": "#0"},
				"east": {"uv": [0, 0, 1.5, 0], "texture": "#0"},
				"south": {"uv": [0, 0, 2, 0], "texture": "#0"},
				"west": {"uv": [0, 0, 1.5, 0], "texture": "#0"},
				"up": {"uv": [11, 13, 9, 11.5], "texture": "#0"},
				"down": {"uv": [11, 11.5, 9, 13], "texture": "#0"}
			}
		},
		{
			"from": [0, 0, 10],
			"to": [16, 3, 16],
			"rotation": {"angle": 0, "axis": "y", "origin": [8, 8, 23]},
			"faces": {
				"north": {"uv": [10, 7.75, 14, 8.5], "texture": "#0"},
				"east": {"uv": [3.5, 2.75, 5, 3.5], "texture": "#0"},
				"south": {"uv": [0, 10.5, 4, 11.25], "texture": "#0"},
				"west": {"uv": [5, 2.75, 6.5, 3.5], "texture": "#0"},
				"up": {"uv": [11, 3.25, 7, 1.75], "texture": "#0"},
				"down": {"uv": [11, 3.25, 7, 4.75], "texture": "#0"}
			}
		},
		{
			"from": [0, 1, 3],
			"to": [16, 3, 10],
			"rotation": {"angle": 0, "axis": "y", "origin": [8, 8, 17]},
			"faces": {
				"north": {"uv": [10.5, 10.5, 14.5, 11], "texture": "#0"},
				"east": {"uv": [4, 11, 5.75, 11.5], "texture": "#0"},
				"south": {"uv": [10.5, 10, 14.5, 10.5], "texture": "#0"},
				"west": {"uv": [5.75, 11, 7.5, 11.5], "texture": "#0"},
				"up": {"uv": [10, 8, 6, 6.25], "texture": "#0"},
				"down": {"uv": [11, 0, 7, 1.75], "texture": "#0"}
			}
		},
		{
			"from": [0, -1, 3],
			"to": [16, 3, 3],
			"rotation": {"angle": 0, "axis": "y", "origin": [8, 8, 17]},
			"faces": {
				"north": {"uv": [0, 0, 16, 4], "texture": "#1"},
				"east": {"uv": [0, 0, 0, 4], "texture": "#1"},
				"south": {"uv": [0, 4, 16, 8], "texture": "#1"},
				"west": {"uv": [0, 0, 0, 4], "texture": "#1"},
				"up": {"uv": [16, 0, 0, 0], "texture": "#1"},
				"down": {"uv": [16, 0, 0, 0], "texture": "#1"}
			}
		},
		{
			"from": [7, 3, 9],
			"to": [9, 11, 11],
			"rotation": {"angle": 0, "axis": "y", "origin": [15, 11, 17]},
			"faces": {
				"north": {"uv": [15.5, 0.5, 16, 2.5], "texture": "#0"},
				"east": {"uv": [15.5, 2.5, 16, 4.5], "texture": "#0"},
				"south": {"uv": [15, 0, 15.5, 2], "texture": "#0"},
				"west": {"uv": [15, 2, 15.5, 4], "texture": "#0"},
				"up": {"uv": [15.5, 0, 16, 0.5], "texture": "#0"},
				"down": {"uv": [0, 0, 2, 2], "texture": "#0"}
			}
		}
	],
	"display": {
		"thirdperson_righthand": {
			"scale": [0.5, 0.5, 0.5]
		},
		"thirdperson_lefthand": {
			"scale": [0.5, 0.5, 0.5]
		},
		"firstperson_righthand": {
			"scale": [0.5, 0.5, 0.5]
		},
		"firstperson_lefthand": {
			"scale": [0.5, 0.5, 0.5]
		},
		"ground": {
			"scale": [0.5, 0.5, 0.5]
		},
		"gui": {
			"rotation": [0, 140.25, 19.5],
			"scale": [0.6, 0.6, 0.61]
		},
		"fixed": {
			"translation": [0, 2.25, -15],
			"scale": [2, 2, 2]
		}
	}
}