{
	"credit": "Made with Blockbench",
	"texture_size": [64, 64],
	"textures": {
		"0": "mnaf:props/blocks/circuit_breaker",
		"particle": "mnaf:props/blocks/circuit_breaker"
	},
	"elements": [
		{
			"from": [2.94643, 1, 0],
			"to": [12.94643, 14, 1],
			"rotation": {"angle": 0, "axis": "y", "origin": [7.94643, 7, -8]},
			"faces": {
				"north": {"uv": [0, 0, 2.5, 3.25], "texture": "#0"},
				"east": {"uv": [4.75, 5.75, 5, 9], "texture": "#0"},
				"south": {"uv": [2.5, 2.5, 5, 5.75], "texture": "#0"},
				"west": {"uv": [0, 6.5, 0.25, 9.75], "texture": "#0"},
				"up": {"uv": [5, 0.25, 2.5, 0], "texture": "#0"},
				"down": {"uv": [5, 0.25, 2.5, 0.5], "texture": "#0"}
			}
		},
		{
			"from": [9.44643, 7.3, 1],
			"to": [11.94643, 8.6, 1.5],
			"rotation": {"angle": 0, "axis": "y", "origin": [7.94643, 3, -8]},
			"faces": {
				"north": {"uv": [7.75, 7.5, 8.5, 7.75], "texture": "#0"},
				"east": {"uv": [7, 4.5, 7.25, 4.75], "texture": "#0"},
				"south": {"uv": [8, 1, 8.75, 1.25], "texture": "#0"},
				"west": {"uv": [7.25, 4.5, 7.5, 4.75], "texture": "#0"},
				"up": {"uv": [8.75, 1.5, 8, 1.25], "texture": "#0"},
				"down": {"uv": [8.75, 1.5, 8, 1.75], "texture": "#0"}
			}
		},
		{
			"from": [3.94643, 7.3, 1],
			"to": [6.44643, 8.6, 1.5],
			"rotation": {"angle": 0, "axis": "y", "origin": [7.94643, 3, -8]},
			"faces": {
				"north": {"uv": [8, 1.75, 8.75, 2], "texture": "#0"},
				"east": {"uv": [8.25, 7.25, 8.5, 7.5], "texture": "#0"},
				"south": {"uv": [8, 2, 8.75, 2.25], "texture": "#0"},
				"west": {"uv": [8.25, 8, 8.5, 8.25], "texture": "#0"},
				"up": {"uv": [8.75, 2.5, 8, 2.25], "texture": "#0"},
				"down": {"uv": [8.75, 2.5, 8, 2.75], "texture": "#0"}
			}
		},
		{
			"from": [3.94643, 10.3, 1],
			"to": [6.44643, 11.6, 1.5],
			"rotation": {"angle": 0, "axis": "y", "origin": [7.94643, 6, -8]},
			"faces": {
				"north": {"uv": [8, 2.75, 8.75, 3], "texture": "#0"},
				"east": {"uv": [5.25, 8.5, 5.5, 8.75], "texture": "#0"},
				"south": {"uv": [8, 3, 8.75, 3.25], "texture": "#0"},
				"west": {"uv": [5.5, 8.5, 5.75, 8.75], "texture": "#0"},
				"up": {"uv": [8.75, 3.5, 8, 3.25], "texture": "#0"},
				"down": {"uv": [8.75, 3.5, 8, 3.75], "texture": "#0"}
			}
		},
		{
			"from": [3.94643, 2.3, 1],
			"to": [6.44643, 3.6, 1.5],
			"rotation": {"angle": 0, "axis": "y", "origin": [7.94643, -2, -8]},
			"faces": {
				"north": {"uv": [8, 3.75, 8.75, 4], "texture": "#0"},
				"east": {"uv": [5.75, 8.5, 6, 8.75], "texture": "#0"},
				"south": {"uv": [8, 4, 8.75, 4.25], "texture": "#0"},
				"west": {"uv": [6, 8.5, 6.25, 8.75], "texture": "#0"},
				"up": {"uv": [8.75, 4.5, 8, 4.25], "texture": "#0"},
				"down": {"uv": [8.75, 4.5, 8, 4.75], "texture": "#0"}
			}
		},
		{
			"from": [9.44643, 2.3, 1],
			"to": [11.94643, 3.6, 1.5],
			"rotation": {"angle": 0, "axis": "y", "origin": [7.94643, -2, -8]},
			"faces": {
				"north": {"uv": [8, 4.75, 8.75, 5], "texture": "#0"},
				"east": {"uv": [6.25, 8.5, 6.5, 8.75], "texture": "#0"},
				"south": {"uv": [8, 5, 8.75, 5.25], "texture": "#0"},
				"west": {"uv": [6.5, 8.5, 6.75, 8.75], "texture": "#0"},
				"up": {"uv": [8.75, 5.5, 8, 5.25], "texture": "#0"},
				"down": {"uv": [8.75, 5.5, 8, 5.75], "texture": "#0"}
			}
		},
		{
			"from": [9.44643, 4.3, 1],
			"to": [11.94643, 5.6, 1.5],
			"rotation": {"angle": 0, "axis": "y", "origin": [7.94643, 0, -8]},
			"faces": {
				"north": {"uv": [8, 5.75, 8.75, 6], "texture": "#0"},
				"east": {"uv": [6.75, 8.5, 7, 8.75], "texture": "#0"},
				"south": {"uv": [8, 6, 8.75, 6.25], "texture": "#0"},
				"west": {"uv": [7, 8.5, 7.25, 8.75], "texture": "#0"},
				"up": {"uv": [8.75, 6.5, 8, 6.25], "texture": "#0"},
				"down": {"uv": [8.75, 6.5, 8, 6.75], "texture": "#0"}
			}
		},
		{
			"from": [3.94643, 4.3, 1],
			"to": [6.44643, 5.6, 1.5],
			"rotation": {"angle": 0, "axis": "y", "origin": [7.94643, 0, -8]},
			"faces": {
				"north": {"uv": [8, 6.75, 8.75, 7], "texture": "#0"},
				"east": {"uv": [8.25, 8.5, 8.5, 8.75], "texture": "#0"},
				"south": {"uv": [8, 7.75, 8.75, 8], "texture": "#0"},
				"west": {"uv": [8.5, 8.5, 8.75, 8.75], "texture": "#0"},
				"up": {"uv": [5.75, 8.5, 5, 8.25], "texture": "#0"},
				"down": {"uv": [6.5, 8.25, 5.75, 8.5], "texture": "#0"}
			}
		},
		{
			"from": [9.44643, 9.8, 1],
			"to": [11.94643, 10.8, 1.5],
			"rotation": {"angle": 0, "axis": "y", "origin": [7.94643, 6, -8]},
			"faces": {
				"north": {"uv": [6.5, 8.25, 7.25, 8.5], "texture": "#0"},
				"east": {"uv": [8.5, 7, 8.75, 7.25], "texture": "#0"},
				"south": {"uv": [8.25, 8.25, 9, 8.5], "texture": "#0"},
				"west": {"uv": [8.5, 7.25, 8.75, 7.5], "texture": "#0"},
				"up": {"uv": [9, 0.25, 8.25, 0], "texture": "#0"},
				"down": {"uv": [9, 0.25, 8.25, 0.5], "texture": "#0"}
			}
		},
		{
			"from": [9.94643, 7.6, 1.3],
			"to": [10.44643, 8.3, 1.8],
			"rotation": {"angle": 0, "axis": "y", "origin": [7.94643, 3, -8]},
			"faces": {
				"north": {"uv": [3.5, 8.75, 3.75, 9], "texture": "#0"},
				"east": {"uv": [3.75, 8.75, 4, 9], "texture": "#0"},
				"south": {"uv": [4, 8.75, 4.25, 9], "texture": "#0"},
				"west": {"uv": [4.25, 8.75, 4.5, 9], "texture": "#0"},
				"up": {"uv": [4.75, 9, 4.5, 8.75], "texture": "#0"},
				"down": {"uv": [5.5, 8.75, 5.25, 9], "texture": "#0"}
			}
		},
		{
			"from": [5.44643, 7.6, 1.3],
			"to": [5.94643, 8.3, 1.8],
			"rotation": {"angle": 0, "axis": "y", "origin": [7.94643, 3, -8]},
			"faces": {
				"north": {"uv": [5.5, 8.75, 5.75, 9], "texture": "#0"},
				"east": {"uv": [5.75, 8.75, 6, 9], "texture": "#0"},
				"south": {"uv": [6, 8.75, 6.25, 9], "texture": "#0"},
				"west": {"uv": [6.25, 8.75, 6.5, 9], "texture": "#0"},
				"up": {"uv": [6.75, 9, 6.5, 8.75], "texture": "#0"},
				"down": {"uv": [7, 8.75, 6.75, 9], "texture": "#0"}
			}
		},
		{
			"from": [5.44643, 10.6, 1.3],
			"to": [5.94643, 11.3, 1.8],
			"rotation": {"angle": 0, "axis": "y", "origin": [7.94643, 6, -8]},
			"faces": {
				"north": {"uv": [7, 8.75, 7.25, 9], "texture": "#0"},
				"east": {"uv": [8.25, 8.75, 8.5, 9], "texture": "#0"},
				"south": {"uv": [8.5, 8.75, 8.75, 9], "texture": "#0"},
				"west": {"uv": [8.75, 8.75, 9, 9], "texture": "#0"},
				"up": {"uv": [9, 1.25, 8.75, 1], "texture": "#0"},
				"down": {"uv": [9, 1.25, 8.75, 1.5], "texture": "#0"}
			}
		},
		{
			"from": [5.44643, 2.6, 1.3],
			"to": [5.94643, 3.3, 1.8],
			"rotation": {"angle": 0, "axis": "y", "origin": [7.94643, -2, -8]},
			"faces": {
				"north": {"uv": [8.75, 1.5, 9, 1.75], "texture": "#0"},
				"east": {"uv": [8.75, 1.75, 9, 2], "texture": "#0"},
				"south": {"uv": [8.75, 2, 9, 2.25], "texture": "#0"},
				"west": {"uv": [8.75, 2.25, 9, 2.5], "texture": "#0"},
				"up": {"uv": [9, 2.75, 8.75, 2.5], "texture": "#0"},
				"down": {"uv": [9, 2.75, 8.75, 3], "texture": "#0"}
			}
		},
		{
			"from": [9.94643, 2.6, 1.3],
			"to": [10.44643, 3.3, 1.8],
			"rotation": {"angle": 0, "axis": "y", "origin": [7.94643, -2, -8]},
			"faces": {
				"north": {"uv": [8.75, 3, 9, 3.25], "texture": "#0"},
				"east": {"uv": [8.75, 3.25, 9, 3.5], "texture": "#0"},
				"south": {"uv": [8.75, 3.5, 9, 3.75], "texture": "#0"},
				"west": {"uv": [8.75, 3.75, 9, 4], "texture": "#0"},
				"up": {"uv": [9, 4.25, 8.75, 4], "texture": "#0"},
				"down": {"uv": [9, 4.25, 8.75, 4.5], "texture": "#0"}
			}
		},
		{
			"from": [9.94643, 4.6, 1.3],
			"to": [10.44643, 5.3, 1.8],
			"rotation": {"angle": 0, "axis": "y", "origin": [7.94643, 0, -8]},
			"faces": {
				"north": {"uv": [8.75, 4.5, 9, 4.75], "texture": "#0"},
				"east": {"uv": [8.75, 4.75, 9, 5], "texture": "#0"},
				"south": {"uv": [8.75, 5, 9, 5.25], "texture": "#0"},
				"west": {"uv": [8.75, 5.25, 9, 5.5], "texture": "#0"},
				"up": {"uv": [9, 5.75, 8.75, 5.5], "texture": "#0"},
				"down": {"uv": [9, 5.75, 8.75, 6], "texture": "#0"}
			}
		},
		{
			"from": [5.44643, 4.6, 1.3],
			"to": [5.94643, 5.3, 1.8],
			"rotation": {"angle": 0, "axis": "y", "origin": [7.94643, 0, -8]},
			"faces": {
				"north": {"uv": [8.75, 6, 9, 6.25], "texture": "#0"},
				"east": {"uv": [8.75, 6.25, 9, 6.5], "texture": "#0"},
				"south": {"uv": [8.75, 6.5, 9, 6.75], "texture": "#0"},
				"west": {"uv": [8.75, 6.75, 9, 7], "texture": "#0"},
				"up": {"uv": [9, 7.25, 8.75, 7], "texture": "#0"},
				"down": {"uv": [9, 7.25, 8.75, 7.5], "texture": "#0"}
			}
		},
		{
			"from": [9.94643, 10, 1.3],
			"to": [10.44643, 10.6, 1.8],
			"rotation": {"angle": 0, "axis": "y", "origin": [7.94643, 6, -8]},
			"faces": {
				"north": {"uv": [8.75, 7.5, 9, 7.75], "texture": "#0"},
				"east": {"uv": [8.75, 7.75, 9, 8], "texture": "#0"},
				"south": {"uv": [8.75, 8, 9, 8.25], "texture": "#0"},
				"west": {"uv": [8.75, 8.5, 9, 8.75], "texture": "#0"},
				"up": {"uv": [2.75, 9.25, 2.5, 9], "texture": "#0"},
				"down": {"uv": [3, 9, 2.75, 9.25], "texture": "#0"}
			}
		},
		{
			"from": [2.44643, 1, 2],
			"to": [2.94643, 14, 12],
			"rotation": {"angle": -45, "axis": "y", "origin": [2.94643, 7, 2]},
			"faces": {
				"north": {"uv": [0.25, 6.5, 0.5, 9.75], "texture": "#0"},
				"east": {"uv": [0, 3.25, 2.5, 6.5], "texture": "#0"},
				"south": {"uv": [0.5, 6.5, 0.75, 9.75], "texture": "#0"},
				"west": {"uv": [5, 5, 7.5, 8.25], "texture": "#0"},
				"up": {"uv": [8, 2.5, 7.75, 0], "texture": "#0"},
				"down": {"uv": [8, 2.5, 7.75, 5], "texture": "#0"}
			}
		},
		{
			"from": [2.94643, 1, 1],
			"to": [3.44643, 14, 2],
			"rotation": {"angle": 0, "axis": "y", "origin": [7.94643, 7, -8]},
			"faces": {
				"north": {"uv": [0.75, 6.5, 1, 9.75], "texture": "#0"},
				"east": {"uv": [1, 6.5, 1.25, 9.75], "texture": "#0"},
				"south": {"uv": [1.25, 6.5, 1.5, 9.75], "texture": "#0"},
				"west": {"uv": [1.5, 6.5, 1.75, 9.75], "texture": "#0"},
				"up": {"uv": [3.25, 9.25, 3, 9], "texture": "#0"},
				"down": {"uv": [3.5, 9, 3.25, 9.25], "texture": "#0"}
			}
		},
		{
			"from": [12.44643, 1, 1],
			"to": [12.94643, 14, 2],
			"rotation": {"angle": 0, "axis": "y", "origin": [7.94643, 7, -8]},
			"faces": {
				"north": {"uv": [1.75, 6.5, 2, 9.75], "texture": "#0"},
				"east": {"uv": [2, 6.5, 2.25, 9.75], "texture": "#0"},
				"south": {"uv": [2.25, 6.5, 2.5, 9.75], "texture": "#0"},
				"west": {"uv": [7.25, 0, 7.5, 3.25], "texture": "#0"},
				"up": {"uv": [3.75, 9.25, 3.5, 9], "texture": "#0"},
				"down": {"uv": [4, 9, 3.75, 9.25], "texture": "#0"}
			}
		},
		{
			"from": [3.44643, 13.5, 1],
			"to": [12.44643, 14, 2],
			"rotation": {"angle": 0, "axis": "y", "origin": [7.94643, 7, -8]},
			"faces": {
				"north": {"uv": [2.5, 0.5, 4.75, 0.75], "texture": "#0"},
				"east": {"uv": [4, 9, 4.25, 9.25], "texture": "#0"},
				"south": {"uv": [2.5, 0.75, 4.75, 0.875], "texture": "#0"},
				"west": {"uv": [4.25, 9, 4.5, 9.25], "texture": "#0"},
				"up": {"uv": [4.75, 1.25, 2.5, 1], "texture": "#0"},
				"down": {"uv": [4.75, 1.25, 2.5, 1.5], "texture": "#0"}
			}
		},
		{
			"from": [3.44643, 1, 1],
			"to": [12.44643, 1.5, 2],
			"rotation": {"angle": 0, "axis": "y", "origin": [7.94643, 7, -8]},
			"faces": {
				"north": {"uv": [2.5, 1.5, 4.75, 1.75], "texture": "#0"},
				"east": {"uv": [4.5, 9, 4.75, 9.25], "texture": "#0"},
				"south": {"uv": [2.5, 1.75, 4.75, 2], "texture": "#0"},
				"west": {"uv": [4.75, 9, 5, 9.25], "texture": "#0"},
				"up": {"uv": [4.75, 2.25, 2.5, 2], "texture": "#0"},
				"down": {"uv": [4.75, 2.25, 2.5, 2.5], "texture": "#0"}
			}
		},
		{
			"from": [10.94643, 14, 0.5],
			"to": [11.44643, 18.5, 1],
			"rotation": {"angle": 0, "axis": "y", "origin": [7.94643, 8, -9]},
			"faces": {
				"north": {"uv": [5.75, 3, 6, 4.25], "texture": "#0"},
				"east": {"uv": [6, 3, 6.25, 4.25], "texture": "#0"},
				"south": {"uv": [6.25, 3, 6.5, 4.25], "texture": "#0"},
				"west": {"uv": [6.5, 3, 6.75, 4.25], "texture": "#0"},
				"up": {"uv": [5.5, 9.25, 5.25, 9], "texture": "#0"},
				"down": {"uv": [5.75, 9, 5.5, 9.25], "texture": "#0"}
			}
		},
		{
			"from": [10.94643, 18, -3],
			"to": [11.44643, 18.5, 0.5],
			"rotation": {"angle": 0, "axis": "y", "origin": [7.94643, 8, -10]},
			"faces": {
				"north": {"uv": [5.75, 9, 6, 9.25], "texture": "#0"},
				"east": {"uv": [5, 4.5, 6, 4.75], "texture": "#0"},
				"south": {"uv": [6, 9, 6.25, 9.25], "texture": "#0"},
				"west": {"uv": [5, 4.75, 6, 5], "texture": "#0"},
				"up": {"uv": [8, 6, 7.75, 5], "texture": "#0"},
				"down": {"uv": [8, 6, 7.75, 7], "texture": "#0"}
			}
		},
		{
			"from": [9.94643, 14, 0.5],
			"to": [10.44643, 18.5, 1],
			"rotation": {"angle": 0, "axis": "y", "origin": [7.94643, 8, -9]},
			"faces": {
				"north": {"uv": [6.75, 3, 7, 4.25], "texture": "#0"},
				"east": {"uv": [7, 3, 7.25, 4.25], "texture": "#0"},
				"south": {"uv": [7.25, 3.25, 7.5, 4.5], "texture": "#0"},
				"west": {"uv": [7.5, 6, 7.75, 7.25], "texture": "#0"},
				"up": {"uv": [6.5, 9.25, 6.25, 9], "texture": "#0"},
				"down": {"uv": [6.75, 9, 6.5, 9.25], "texture": "#0"}
			}
		},
		{
			"from": [9.94643, 18, -3],
			"to": [10.44643, 18.5, 0.5],
			"rotation": {"angle": 0, "axis": "y", "origin": [7.94643, 8, -10]},
			"faces": {
				"north": {"uv": [6.75, 9, 7, 9.25], "texture": "#0"},
				"east": {"uv": [5.75, 4.25, 6.75, 4.5], "texture": "#0"},
				"south": {"uv": [7, 9, 7.25, 9.25], "texture": "#0"},
				"west": {"uv": [6, 4.5, 7, 4.75], "texture": "#0"},
				"up": {"uv": [8.25, 9, 8, 8], "texture": "#0"},
				"down": {"uv": [8.25, 0, 8, 1], "texture": "#0"}
			}
		},
		{
			"from": [3.94643, 14, 0.5],
			"to": [4.44643, 19.5, 1],
			"rotation": {"angle": 0, "axis": "y", "origin": [7.94643, 8, -9]},
			"faces": {
				"north": {"uv": [4.75, 0.5, 5, 2], "texture": "#0"},
				"east": {"uv": [5, 3, 5.25, 4.5], "texture": "#0"},
				"south": {"uv": [5.25, 3, 5.5, 4.5], "texture": "#0"},
				"west": {"uv": [5.5, 3, 5.75, 4.5], "texture": "#0"},
				"up": {"uv": [7.5, 9.25, 7.25, 9], "texture": "#0"},
				"down": {"uv": [8.25, 9, 8, 9.25], "texture": "#0"}
			}
		},
		{
			"from": [3.94643, 19, -2.5],
			"to": [4.44643, 19.5, 0.5],
			"rotation": {"angle": 0, "axis": "y", "origin": [7.94643, 8, -9]},
			"faces": {
				"north": {"uv": [8.25, 9, 8.5, 9.25], "texture": "#0"},
				"east": {"uv": [8.25, 0.5, 9, 0.75], "texture": "#0"},
				"south": {"uv": [8.5, 9, 8.75, 9.25], "texture": "#0"},
				"west": {"uv": [8.25, 0.75, 9, 1], "texture": "#0"},
				"up": {"uv": [7.5, 9, 7.25, 8.25], "texture": "#0"},
				"down": {"uv": [5.25, 8.5, 5, 9.25], "texture": "#0"}
			}
		},
		{
			"from": [3.44643, 1.5, 2],
			"to": [12.44643, 13.5, 2],
			"rotation": {"angle": 0, "axis": "y", "origin": [11.44643, 20.5, 10]},
			"faces": {
				"north": {"uv": [2.5, 5.75, 4.75, 8.75], "texture": "#0"},
				"east": {"uv": [0, 0, 0, 3], "texture": "#0"},
				"south": {"uv": [2.5, 5.75, 4.75, 8.75], "texture": "#0"},
				"west": {"uv": [0, 0, 0, 3], "texture": "#0"},
				"up": {"uv": [2.25, 0, 0, 0], "texture": "#0"},
				"down": {"uv": [2.25, 0, 0, 0], "texture": "#0"}
			}
		}
	],
	"display": {
		"thirdperson_righthand": {
			"rotation": [0, -156.75, -4.75],
			"translation": [-2, 1.25, -4],
			"scale": [0.55, 0.55, 0.55]
		},
		"thirdperson_lefthand": {
			"rotation": [0, -156.75, -4.75],
			"translation": [-2, 1.25, -4],
			"scale": [0.55, 0.55, 0.55]
		},
		"firstperson_righthand": {
			"rotation": [0, -76.75, 25],
			"translation": [-0.12, 3.2, 1.13],
			"scale": [0.68, 0.68, 0.68]
		},
		"firstperson_lefthand": {
			"rotation": [0, -76.75, 25],
			"translation": [-0.12, 3.2, 1.13],
			"scale": [0.68, 0.68, 0.68]
		},
		"ground": {
			"rotation": [-56, 13.5, 28.75],
			"translation": [0, 8.5, 0]
		},
		"gui": {
			"translation": [3, -0.75, 0]
		},
		"head": {
			"rotation": [0, 180, 0],
			"translation": [0, 13, 7]
		},
		"fixed": {
			"rotation": [0, 180, 0],
			"translation": [0, 0, -15.75],
			"scale": [2, 2, 2]
		}
	}
}