{
	"credit": "Made with Blockbench",
	"texture_size": [32, 32],
	"textures": {
		"0": "block/predator_database",
		"particle": "block/predator_database"
	},
	"elements": [
		{
			"from": [2.70714, 4, 6.92263],
			"to": [10.70714, 9, 10.92263],
			"rotation": {"angle": 0, "axis": "y", "origin": [16.70714, 13, 14.92263]},
			"faces": {
				"north": {"uv": [0, 0, 4, 2.5], "texture": "#0"},
				"east": {"uv": [0, 5, 2, 7.5], "texture": "#0"},
				"south": {"uv": [0, 2.5, 4, 5], "texture": "#0"},
				"west": {"uv": [2, 5, 4, 7.5], "texture": "#0"},
				"up": {"uv": [8, 6, 4, 4], "texture": "#0"},
				"down": {"uv": [8, 0, 4, 2], "texture": "#0"}
			}
		},
		{
			"from": [3.20714, 0, 6.72263],
			"to": [5.20714, 3, 7.12263],
			"rotation": {"angle": 22.5, "axis": "x", "origin": [11.20714, 8, 14.92263]},
			"faces": {
				"north": {"uv": [8, 0.5, 9, 2], "texture": "#0"},
				"east": {"uv": [2, 9, 2.5, 10.5], "texture": "#0"},
				"south": {"uv": [8, 4, 9, 5.5], "texture": "#0"},
				"west": {"uv": [2.5, 9, 3, 10.5], "texture": "#0"},
				"up": {"uv": [7, 4, 6, 3.5], "texture": "#0"},
				"down": {"uv": [9, 9, 8, 9.5], "texture": "#0"}
			}
		},
		{
			"from": [3.20714, 2.77202, 8.06975],
			"to": [5.20714, 4.77202, 8.06975],
			"rotation": {"angle": 22.5, "axis": "x", "origin": [11.20714, 10.77202, 16.06975]},
			"faces": {
				"north": {"uv": [12.5, 11, 14, 12.5], "texture": "#0"},
				"east": {"uv": [0, 0, 0, 1], "texture": "#0"},
				"south": {"uv": [12.5, 11, 14, 12.5], "texture": "#0"},
				"west": {"uv": [0, 0, 0, 1], "texture": "#0"},
				"up": {"uv": [1, 0, 0, 0], "texture": "#0"},
				"down": {"uv": [1, 0, 0, 0], "texture": "#0"}
			}
		},
		{
			"from": [3.20714, 0.87632, 8.28233],
			"to": [5.20714, 1.87632, 8.28233],
			"rotation": {"angle": 45, "axis": "x", "origin": [11.20714, 6.87632, 16.28233]},
			"faces": {
				"north": {"uv": [12.5, 11, 14, 12.5], "texture": "#0"},
				"east": {"uv": [0, 0, 0, 0.5], "texture": "#0"},
				"south": {"uv": [12.5, 11, 14, 12.5], "texture": "#0"},
				"west": {"uv": [0, 0, 0, 0.5], "texture": "#0"},
				"up": {"uv": [1, 0, 0, 0], "texture": "#0"},
				"down": {"uv": [1, 0, 0, 0], "texture": "#0"}
			}
		},
		{
			"from": [3.35714, 1.30698, 6.92263],
			"to": [4.15714, 3.10698, 7.72263],
			"rotation": {"angle": 22.5, "axis": "x", "origin": [11.20714, 10.30698, 14.57934]},
			"faces": {
				"north": {"uv": [9, 1, 9.5, 2], "texture": "#0"},
				"east": {"uv": [9, 4, 9.5, 5], "texture": "#0"},
				"south": {"uv": [9, 7.5, 9.5, 8.5], "texture": "#0"},
				"west": {"uv": [3, 9.5, 3.5, 10.5], "texture": "#0"},
				"up": {"uv": [7.5, 4, 7, 3.5], "texture": "#0"},
				"down": {"uv": [9.5, 5, 9, 5.5], "texture": "#0"}
			}
		},
		{
			"from": [10.20714, 5, 7.5],
			"to": [12.70714, 7.5, 10],
			"rotation": {"angle": 0, "axis": "y", "origin": [20.20714, 13, 15.92263]},
			"faces": {
				"north": {"uv": [6, 6, 7.5, 7.5], "texture": "#0"},
				"east": {"uv": [6, 2, 7.5, 3.5], "texture": "#0"},
				"south": {"uv": [0, 7.5, 1.5, 9], "texture": "#0"},
				"west": {"uv": [1.5, 7.5, 3, 9], "texture": "#0"},
				"up": {"uv": [7.5, 9, 6, 7.5], "texture": "#0"},
				"down": {"uv": [9, 7.5, 7.5, 9], "texture": "#0"}
			}
		},
		{
			"from": [2, 4.3, 8],
			"to": [3, 8.3, 10],
			"rotation": {"angle": 0, "axis": "y", "origin": [10, 12, 16]},
			"faces": {
				"north": {"uv": [0, 9, 0.5, 11], "texture": "#0"},
				"east": {"uv": [3, 7.5, 4, 9.5], "texture": "#0"},
				"south": {"uv": [0.5, 9, 1, 11], "texture": "#0"},
				"west": {"uv": [7.5, 2, 8.5, 4], "texture": "#0"},
				"up": {"uv": [4, 10.5, 3.5, 9.5], "texture": "#0"},
				"down": {"uv": [6.5, 9.5, 6, 10.5], "texture": "#0"}
			}
		},
		{
			"from": [2.3, 8, 8],
			"to": [2.3, 12, 10],
			"rotation": {"angle": 0, "axis": "y", "origin": [10, 16, 16]},
			"faces": {
				"north": {"uv": [0, 0, 0, 2], "texture": "#0"},
				"east": {"uv": [10.5, 10.5, 11.5, 12.5], "texture": "#0"},
				"south": {"uv": [0, 0, 0, 2], "texture": "#0"},
				"west": {"uv": [10, 10.5, 11, 12.5], "texture": "#0"},
				"up": {"uv": [0, 1, 0, 0], "texture": "#0"},
				"down": {"uv": [0, 0, 0, 1], "texture": "#0"}
			}
		},
		{
			"from": [3.15, 8.3, 8.5],
			"to": [10.15, 9.3, 9.5],
			"rotation": {"angle": 0, "axis": "y", "origin": [14, 16, 16]},
			"faces": {
				"north": {"uv": [7.5, 6, 11, 6.5], "texture": "#0"},
				"east": {"uv": [9, 8.5, 9.5, 9], "texture": "#0"},
				"south": {"uv": [7.5, 6.5, 11, 7], "texture": "#0"},
				"west": {"uv": [6.5, 9.5, 7, 10], "texture": "#0"},
				"up": {"uv": [11, 7.5, 7.5, 7], "texture": "#0"},
				"down": {"uv": [11.5, 0, 8, 0.5], "texture": "#0"}
			}
		},
		{
			"from": [4.5, 8, 8.8],
			"to": [8.5, 12, 9.3],
			"rotation": {"angle": 0, "axis": "y", "origin": [14.5, 16, 17]},
			"faces": {
				"north": {"uv": [4, 2, 6, 4], "texture": "#0"},
				"east": {"uv": [1, 9, 1.5, 11], "texture": "#0"},
				"south": {"uv": [4, 6, 6, 8], "texture": "#0"},
				"west": {"uv": [1.5, 9, 2, 11], "texture": "#0"},
				"up": {"uv": [10, 6, 8, 5.5], "texture": "#0"},
				"down": {"uv": [8, 9, 6, 9.5], "texture": "#0"}
			}
		}
	],
	"display": {
		"thirdperson_righthand": {
			"rotation": [0, 33.75, 0.75],
			"translation": [0, 0, -2.75]
		},
		"thirdperson_lefthand": {
			"rotation": [0, 33.75, 0.75],
			"translation": [0, 0, -2.75]
		},
		"firstperson_righthand": {
			"rotation": [25, 76.5, -23.5],
			"translation": [0, 2.25, 0]
		},
		"firstperson_lefthand": {
			"rotation": [25, 76.5, -23.5],
			"translation": [0, 2.25, 0]
		},
		"gui": {
			"rotation": [0, 139.25, 0],
			"translation": [-1.25, 0, 0],
			"scale": [1.3, 1.3, 1.3]
		}
	}
}