{
	"credit": "Made with Blockbench",
	"texture_size": [64, 64],
	"textures": {
		"0": "block/sheriffphone",
		"particle": "block/sheriffphone"
	},
	"elements": [
		{
			"from": [3, 0, 15],
			"to": [13, 14, 16],
			"rotation": {"angle": 0, "axis": "y", "origin": [8, 8, 23]},
			"faces": {
				"north": {"uv": [0, 0, 2.5, 3.5], "texture": "#0"},
				"east": {"uv": [2.5, 6, 2.75, 9.5], "texture": "#0"},
				"south": {"uv": [2.5, 2.5, 5, 6], "texture": "#0"},
				"west": {"uv": [2.75, 6, 3, 9.5], "texture": "#0"},
				"up": {"uv": [7.5, 5, 5, 4.75], "texture": "#0"},
				"down": {"uv": [8, 1, 5.5, 1.25], "texture": "#0"}
			}
		},
		{
			"from": [12, 11, 12],
			"to": [15, 11, 15],
			"rotation": {"angle": 0, "axis": "y", "origin": [11, 12, 21]},
			"faces": {
				"north": {"uv": [0, 0, 0.75, 0], "texture": "#0"},
				"east": {"uv": [0, 0, 0.75, 0], "texture": "#0"},
				"south": {"uv": [0, 0, 0.75, 0], "texture": "#0"},
				"west": {"uv": [0, 0, 0.75, 0], "texture": "#0"},
				"up": {"uv": [6.25, 2, 5.5, 1.25], "texture": "#0"},
				"down": {"uv": [6.25, 2, 5.5, 2.75], "texture": "#0"}
			}
		},
		{
			"from": [4, 0, 13],
			"to": [12, 13, 15],
			"rotation": {"angle": 0, "axis": "y", "origin": [8, 8, 21]},
			"faces": {
				"north": {"uv": [0, 3.5, 2, 6.75], "texture": "#0"},
				"east": {"uv": [2, 3.5, 2.5, 6.75], "texture": "#0"},
				"south": {"uv": [5, 5, 7, 8.25], "texture": "#0"},
				"west": {"uv": [5, 0, 5.5, 3.25], "texture": "#0"},
				"up": {"uv": [7.5, 0.5, 5.5, 0], "texture": "#0"},
				"down": {"uv": [7.5, 0.5, 5.5, 1], "texture": "#0"}
			}
		},
		{
			"from": [12, 3, 13.5],
			"to": [16, 13, 13.5],
			"rotation": {"angle": 0, "axis": "y", "origin": [16, 8, 20.5]},
			"faces": {
				"north": {"uv": [2.5, 0, 3.5, 2.5], "texture": "#0"},
				"east": {"uv": [0, 0, 0, 2.5], "texture": "#0"},
				"south": {"uv": [3.5, 0, 4.5, 2.5], "texture": "#0"},
				"west": {"uv": [0, 0, 0, 2.5], "texture": "#0"},
				"up": {"uv": [1, 0, 0, 0], "texture": "#0"},
				"down": {"uv": [1, 0, 0, 0], "texture": "#0"}
			}
		},
		{
			"from": [13, 9.6, 13],
			"to": [14, 11.6, 14],
			"rotation": {"angle": 0, "axis": "y", "origin": [11, 6.6, 20]},
			"faces": {
				"north": {"uv": [4.5, 7.5, 4.75, 8], "texture": "#0"},
				"east": {"uv": [4.75, 7.5, 5, 8], "texture": "#0"},
				"south": {"uv": [7, 7.5, 7.25, 8], "texture": "#0"},
				"west": {"uv": [7.25, 7.5, 7.5, 8], "texture": "#0"},
				"up": {"uv": [7.75, 5.25, 7.5, 5], "texture": "#0"},
				"down": {"uv": [7.75, 5.25, 7.5, 5.5], "texture": "#0"}
			}
		},
		{
			"from": [12.75, 7.6, 12.75],
			"to": [14.25, 9.6, 14.25],
			"rotation": {"angle": 0, "axis": "y", "origin": [11.5, 4.6, 20.5]},
			"faces": {
				"north": {"uv": [4, 7, 4.5, 7.5], "texture": "#0"},
				"east": {"uv": [4.5, 7, 4.875, 7.5], "texture": "#0"},
				"south": {"uv": [7, 7, 7.5, 7.5], "texture": "#0"},
				"west": {"uv": [7, 3.25, 7.5, 3.75], "texture": "#0"},
				"up": {"uv": [7.5, 4.25, 7, 3.75], "texture": "#0"},
				"down": {"uv": [7.5, 4.25, 7, 4.75], "texture": "#0"}
			}
		},
		{
			"from": [12.55, 7.1, 12.55],
			"to": [14.45, 7.6, 14.45],
			"rotation": {"angle": 0, "axis": "y", "origin": [11.5, 3.6, 20.5]},
			"faces": {
				"north": {"uv": [7.5, 7.5, 8, 7.75], "texture": "#0"},
				"east": {"uv": [7.5, 0, 8, 0.25], "texture": "#0"},
				"south": {"uv": [7.5, 0.25, 8, 0.5], "texture": "#0"},
				"west": {"uv": [7.5, 0.5, 8, 0.75], "texture": "#0"},
				"up": {"uv": [7.5, 5.5, 7, 5], "texture": "#0"},
				"down": {"uv": [7.5, 5.5, 7, 6], "texture": "#0"}
			}
		},
		{
			"from": [5, 10, 12],
			"to": [7, 12, 13],
			"rotation": {"angle": 0, "axis": "y", "origin": [8, 17, 20]},
			"faces": {
				"north": {"uv": [4.5, 6, 5, 6.5], "texture": "#0"},
				"east": {"uv": [1.75, 7.25, 2, 7.75], "texture": "#0"},
				"south": {"uv": [2, 7, 2.5, 7.5], "texture": "#0"},
				"west": {"uv": [7.25, 6.5, 7.5, 7], "texture": "#0"},
				"up": {"uv": [1.25, 7.75, 0.75, 7.5], "texture": "#0"},
				"down": {"uv": [2.5, 7.5, 2, 7.75], "texture": "#0"}
			}
		},
		{
			"from": [9, 10, 12],
			"to": [11, 12, 13],
			"rotation": {"angle": 0, "axis": "y", "origin": [12, 17, 20]},
			"faces": {
				"north": {"uv": [3, 7, 3.5, 7.5], "texture": "#0"},
				"east": {"uv": [3, 7.5, 3.25, 8], "texture": "#0"},
				"south": {"uv": [3.5, 7, 4, 7.5], "texture": "#0"},
				"west": {"uv": [3.25, 7.5, 3.5, 8], "texture": "#0"},
				"up": {"uv": [4, 7.75, 3.5, 7.5], "texture": "#0"},
				"down": {"uv": [4.5, 7.5, 4, 7.75], "texture": "#0"}
			}
		},
		{
			"from": [7.5, 7, 12],
			"to": [8.5, 9, 13],
			"rotation": {"angle": 0, "axis": "y", "origin": [7.5, 8, 19]},
			"faces": {
				"north": {"uv": [7, 6.5, 7.25, 7], "texture": "#0"},
				"east": {"uv": [0, 7.25, 0.25, 7.75], "texture": "#0"},
				"south": {"uv": [0.25, 7.25, 0.5, 7.75], "texture": "#0"},
				"west": {"uv": [0.5, 7.25, 0.75, 7.75], "texture": "#0"},
				"up": {"uv": [7.75, 4.25, 7.5, 4], "texture": "#0"},
				"down": {"uv": [7.75, 4.25, 7.5, 4.5], "texture": "#0"}
			}
		},
		{
			"from": [7.5, 7.5, 10],
			"to": [8.5, 8.5, 12],
			"rotation": {"angle": -22.5, "axis": "x", "origin": [7.5, 8.5, 12]},
			"faces": {
				"north": {"uv": [7.5, 4.5, 7.75, 4.75], "texture": "#0"},
				"east": {"uv": [4.5, 6.5, 5, 6.75], "texture": "#0"},
				"south": {"uv": [7.5, 4.75, 7.75, 5], "texture": "#0"},
				"west": {"uv": [0.75, 7.25, 1.25, 7.5], "texture": "#0"},
				"up": {"uv": [1.5, 7.75, 1.25, 7.25], "texture": "#0"},
				"down": {"uv": [1.75, 7.25, 1.5, 7.75], "texture": "#0"}
			}
		},
		{
			"from": [6.5, 5.65813, 9.76863],
			"to": [9.5, 8.65813, 9.76863],
			"rotation": {"angle": -22.5, "axis": "x", "origin": [7.5, 8.65813, 9.76863]},
			"faces": {
				"north": {"uv": [3, 6, 3.75, 6.75], "texture": "#0"},
				"east": {"uv": [0, 0, 0, 0.75], "texture": "#0"},
				"south": {"uv": [3.75, 6, 4.5, 6.75], "texture": "#0"},
				"west": {"uv": [0, 0, 0, 0.75], "texture": "#0"},
				"up": {"uv": [0.75, 0, 0, 0], "texture": "#0"},
				"down": {"uv": [0.75, 0, 0, 0], "texture": "#0"}
			}
		},
		{
			"from": [4, 3, 10],
			"to": [12, 4, 13],
			"rotation": {"angle": 0, "axis": "y", "origin": [8, 8, 19]},
			"faces": {
				"north": {"uv": [6.25, 1.75, 8.25, 2], "texture": "#0"},
				"east": {"uv": [7, 6, 7.75, 6.25], "texture": "#0"},
				"south": {"uv": [6.25, 2, 8.25, 2.25], "texture": "#0"},
				"west": {"uv": [7, 6.25, 7.75, 6.5], "texture": "#0"},
				"up": {"uv": [7, 4, 5, 3.25], "texture": "#0"},
				"down": {"uv": [7, 4, 5, 4.75], "texture": "#0"}
			}
		},
		{
			"from": [5, 2.5412, 10.30656],
			"to": [6, 3.5412, 15.30656],
			"rotation": {"angle": 22.5, "axis": "x", "origin": [6, 3.5412, 11.30656]},
			"faces": {
				"north": {"uv": [7.5, 3, 7.75, 3.25], "texture": "#0"},
				"east": {"uv": [6.25, 2.25, 7.5, 2.5], "texture": "#0"},
				"south": {"uv": [7.5, 3.25, 7.75, 3.5], "texture": "#0"},
				"west": {"uv": [6.25, 2.5, 7.5, 2.75], "texture": "#0"},
				"up": {"uv": [4.75, 1.25, 4.5, 0], "texture": "#0"},
				"down": {"uv": [4.75, 1.25, 4.5, 2.5], "texture": "#0"}
			}
		},
		{
			"from": [10, 2.5412, 10.30656],
			"to": [11, 3.5412, 15.30656],
			"rotation": {"angle": 22.5, "axis": "x", "origin": [11, 3.5412, 11.30656]},
			"faces": {
				"north": {"uv": [7.5, 3.5, 7.75, 3.75], "texture": "#0"},
				"east": {"uv": [0, 6.75, 1.25, 7], "texture": "#0"},
				"south": {"uv": [7.5, 3.75, 7.75, 4], "texture": "#0"},
				"west": {"uv": [1.25, 6.75, 2.5, 7], "texture": "#0"},
				"up": {"uv": [5, 1.25, 4.75, 0], "texture": "#0"},
				"down": {"uv": [5, 1.25, 4.75, 2.5], "texture": "#0"}
			}
		},
		{
			"from": [4, 14, 15],
			"to": [12, 15, 16],
			"rotation": {"angle": 0, "axis": "y", "origin": [8, 10, 23]},
			"faces": {
				"north": {"uv": [5.5, 2.75, 7.5, 3], "texture": "#0"},
				"east": {"uv": [7.5, 0.75, 7.75, 1], "texture": "#0"},
				"south": {"uv": [5.5, 3, 7.5, 3.25], "texture": "#0"},
				"west": {"uv": [7.5, 2.25, 7.75, 2.5], "texture": "#0"},
				"up": {"uv": [8.25, 1.5, 6.25, 1.25], "texture": "#0"},
				"down": {"uv": [8.25, 1.5, 6.25, 1.75], "texture": "#0"}
			}
		},
		{
			"from": [6, 15, 15],
			"to": [10, 16, 16],
			"rotation": {"angle": 0, "axis": "y", "origin": [8, 11, 23]},
			"faces": {
				"north": {"uv": [3, 6.75, 4, 7], "texture": "#0"},
				"east": {"uv": [7.5, 2.5, 7.75, 2.75], "texture": "#0"},
				"south": {"uv": [4, 6.75, 5, 7], "texture": "#0"},
				"west": {"uv": [7.5, 2.75, 7.75, 3], "texture": "#0"},
				"up": {"uv": [1, 7.25, 0, 7], "texture": "#0"},
				"down": {"uv": [2, 7, 1, 7.25], "texture": "#0"}
			}
		}
	],
	"display": {
		"thirdperson_righthand": {
			"translation": [0, 0, -3.75],
			"scale": [0.5, 0.5, 0.5]
		},
		"thirdperson_lefthand": {
			"translation": [0, 0, -3.75],
			"scale": [0.5, 0.5, 0.5]
		},
		"firstperson_righthand": {
			"rotation": [0, 92, 0]
		},
		"firstperson_lefthand": {
			"rotation": [0, 92, 0]
		},
		"ground": {
			"scale": [0.5, 0.5, 0.5]
		},
		"gui": {
			"rotation": [-19, 166, 13],
			"translation": [-0.75, 2.25, 0]
		},
		"fixed": {
			"translation": [0, 0, -15],
			"scale": [2, 2, 2]
		}
	}
}