{
  "parent": "minecraft:item/handheld",
  "textures": {
    "layer0": "minecraft:item/netherite_hoe"
  },
  "overrides": [
  	{ "predicate": { "custom_model_data": 1  }, "model": "mnaf:animatronics/arms/arm" },
    { "predicate": { "custom_model_data": 2  }, "model": "mnaf:animatronics/arms/bandit_foxy" },
    { "predicate": { "custom_model_data": 3  }, "model": "mnaf:animatronics/arms/bandit_foxy_hook" },
    { "predicate": { "custom_model_data": 4  }, "model": "mnaf:animatronics/arms/barhop_bonnie" },
    { "predicate": { "custom_model_data": 5  }, "model": "mnaf:animatronics/arms/circus_baby" },
    { "predicate": { "custom_model_data": 6  }, "model": "mnaf:animatronics/arms/cowpoke_freddy" },
    { "predicate": { "custom_model_data": 7  }, "model": "mnaf:animatronics/arms/glitchtrap" },
    { "predicate": { "custom_model_data": 8  }, "model": "mnaf:animatronics/arms/hook" },
    { "predicate": { "custom_model_data": 9  }, "model": "mnaf:animatronics/arms/salvage_bonnie" },
    { "predicate": { "custom_model_data": 10 }, "model": "mnaf:animatronics/arms/salvage_bonnie_broken" },
    { "predicate": { "custom_model_data": 11 }, "model": "mnaf:animatronics/arms/salvage_chica" },
    { "predicate": { "custom_model_data": 12 }, "model": "mnaf:animatronics/arms/salvage_chica_broken" },
    { "predicate": { "custom_model_data": 13 }, "model": "mnaf:animatronics/arms/salvage_freddy_left" },
    { "predicate": { "custom_model_data": 14 }, "model": "mnaf:animatronics/arms/salvage_freddy_right" },
    { "predicate": { "custom_model_data": 15 }, "model": "mnaf:animatronics/arms/starlit_chica" },
    { "predicate": { "custom_model_data": 16 }, "model": "mnaf:animatronics/arms/vinnie" },
    { "predicate": { "custom_model_data": 17 }, "model": "mnaf:animatronics/arms/springtraparm" },
    { "predicate": { "custom_model_data": 18 }, "model": "mnaf:animatronics/arms/immolated_circus_baby" },

    { "predicate": { "custom_model_data": 51 }, "model": "mnaf:animatronics/heads/bonnie_green" },
    { "predicate": { "custom_model_data": 52 }, "model": "mnaf:animatronics/heads/bonnie_red" },
    { "predicate": { "custom_model_data": 53 }, "model": "mnaf:animatronics/heads/bonnie_yellow" },
    { "predicate": { "custom_model_data": 54 }, "model": "mnaf:animatronics/heads/foxy" },
    { "predicate": { "custom_model_data": 55 }, "model": "mnaf:animatronics/heads/freddy" },
    { "predicate": { "custom_model_data": 56 }, "model": "mnaf:animatronics/heads/glitchtrap" },
    { "predicate": { "custom_model_data": 57 }, "model": "mnaf:animatronics/heads/salvage_bonnie" },
    { "predicate": { "custom_model_data": 58 }, "model": "mnaf:animatronics/heads/salvage_chica" },
    { "predicate": { "custom_model_data": 59 }, "model": "mnaf:animatronics/heads/salvage_foxy" },
    { "predicate": { "custom_model_data": 60 }, "model": "mnaf:animatronics/heads/salvage_freddy" },
    { "predicate": { "custom_model_data": 61 }, "model": "mnaf:animatronics/heads/starlit_chica" },
    { "predicate": { "custom_model_data": 62 }, "model": "mnaf:animatronics/heads/vinnie" },
    { "predicate": { "custom_model_data": 63 }, "model": "mnaf:animatronics/heads/vixie" },
    { "predicate": { "custom_model_data": 64 }, "model": "minecraft:item/netherite_hoe" },

    { "predicate": { "custom_model_data": 91 }, "model": "mnaf:animatronics/plushies/bonnie" },
    { "predicate": { "custom_model_data": 92 }, "model": "mnaf:animatronics/plushies/chica" },
    { "predicate": { "custom_model_data": 93 }, "model": "mnaf:animatronics/plushies/foxy" },
    { "predicate": { "custom_model_data": 94 }, "model": "mnaf:animatronics/plushies/fredbear" },
    { "predicate": { "custom_model_data": 95 }, "model": "mnaf:animatronics/plushies/freddy" },
    { "predicate": { "custom_model_data": 96 }, "model": "minecraft:item/netherite_hoe" },

    { "predicate": { "custom_model_data": 101 }, "model": "mnaf:props/block/arcade_cabinet_blue" },
    { "predicate": { "custom_model_data": 102 }, "model": "mnaf:props/block/arcade_cabinet_green" },
    { "predicate": { "custom_model_data": 103 }, "model": "mnaf:props/block/arcade_cabinet_red" },
    { "predicate": { "custom_model_data": 104 }, "model": "mnaf:props/block/arcade_cabinet_yellow" },
    { "predicate": { "custom_model_data": 105 }, "model": "mnaf:props/block/arcade_machine_2" },
    { "predicate": { "custom_model_data": 106 }, "model": "mnaf:props/block/bar_stool" },
    { "predicate": { "custom_model_data": 107 }, "model": "mnaf:props/block/blue_guard_desk" },
    { "predicate": { "custom_model_data": 108 }, "model": "mnaf:props/block/button" },
    { "predicate": { "custom_model_data": 109 }, "model": "mnaf:props/block/button_pressed" },
    { "predicate": { "custom_model_data": 110 }, "model": "mnaf:props/block/chair" },
    { "predicate": { "custom_model_data": 111 }, "model": "mnaf:props/block/chica_cupcake" },
    { "predicate": { "custom_model_data": 112 }, "model": "mnaf:props/block/door_big" },
    { "predicate": { "custom_model_data": 113 }, "model": "minecraft:item/netherite_hoe" },
    { "predicate": { "custom_model_data": 114 }, "model": "mnaf:props/block/fake_cactus" },
    { "predicate": { "custom_model_data": 115 }, "model": "mnaf:props/block/flashlight" },
    { "predicate": { "custom_model_data": 116 }, "model": "mnaf:props/block/mic_stand" },
    { "predicate": { "custom_model_data": 117 }, "model": "mnaf:props/block/poker_table_blue" },
    { "predicate": { "custom_model_data": 118 }, "model": "mnaf:props/block/poker_table_green" },
    { "predicate": { "custom_model_data": 119 }, "model": "mnaf:props/block/poker_table_magenta" },
    { "predicate": { "custom_model_data": 120 }, "model": "mnaf:props/block/poker_table_purple" },
    { "predicate": { "custom_model_data": 121 }, "model": "mnaf:props/block/poker_table_red" },
    { "predicate": { "custom_model_data": 122 }, "model": "mnaf:props/block/poster_celebrate" },
    { "predicate": { "custom_model_data": 123 }, "model": "mnaf:props/block/poster_enjoy" },
    { "predicate": { "custom_model_data": 124 }, "model": "mnaf:props/block/red_guard_desk" },
    { "predicate": { "custom_model_data": 125 }, "model": "mnaf:props/block/red_guard_desk_2" },
    { "predicate": { "custom_model_data": 126 }, "model": "mnaf:props/block/sconce" },
    { "predicate": { "custom_model_data": 127 }, "model": "mnaf:props/block/sink" },
    { "predicate": { "custom_model_data": 128 }, "model": "mnaf:props/block/speaker" },
    { "predicate": { "custom_model_data": 129 }, "model": "mnaf:props/block/static" },
    { "predicate": { "custom_model_data": 130 }, "model": "mnaf:props/block/tnt_barrel" },
    { "predicate": { "custom_model_data": 131 }, "model": "mnaf:props/block/toilet" },
    { "predicate": { "custom_model_data": 132 }, "model": "mnaf:props/block/trash_can" },
    { "predicate": { "custom_model_data": 133 }, "model": "mnaf:props/block/western_chair" },
    { "predicate": { "custom_model_data": 134 }, "model": "mnaf:props/block/western_table" },
    { "predicate": { "custom_model_data": 135 }, "model": "mnaf:props/block/wooden_cart" },
    { "predicate": { "custom_model_data": 136 }, "model": "mnaf:props/block/skirting" },
    { "predicate": { "custom_model_data": 137 }, "model": "mnaf:props/block/mop_bucket" },
    { "predicate": { "custom_model_data": 138 }, "model": "mnaf:props/block/papers" },
    { "predicate": { "custom_model_data": 139 }, "model": "mnaf:props/block/wires" },
    { "predicate": { "custom_model_data": 140 }, "model": "mnaf:props/block/trash_can_2" },
    { "predicate": { "custom_model_data": 141 }, "model": "mnaf:props/block/balloon_barrel" },
    { "predicate": { "custom_model_data": 142 }, "model": "mnaf:props/block/peanuts" },
    { "predicate": { "custom_model_data": 143 }, "model": "mnaf:props/block/balloons" },
    { "predicate": { "custom_model_data": 144 }, "model": "mnaf:props/block/fnaf_table" },
    { "predicate": { "custom_model_data": 145 }, "model": "mnaf:props/block/tip_jar" },
    { "predicate": { "custom_model_data": 146 }, "model": "mnaf:props/block/bench" },
    { "predicate": { "custom_model_data": 147 }, "model": "mnaf:props/block/red_guard_door" },
    { "predicate": { "custom_model_data": 148 }, "model": "mnaf:props/block/blue_guard_door" },
    { "predicate": { "custom_model_data": 149 }, "model": "mnaf:props/block/noose" },
    { "predicate": { "custom_model_data": 150 }, "model": "mnaf:props/block/wall_socket" },
    { "predicate": { "custom_model_data": 151 }, "model": "mnaf:props/block/cream_soda_rack" },
    { "predicate": { "custom_model_data": 152 }, "model": "mnaf:props/block/boxes1" },
    { "predicate": { "custom_model_data": 153 }, "model": "mnaf:props/block/boxes2" },
    { "predicate": { "custom_model_data": 154 }, "model": "mnaf:props/block/shelf2x1" },
    { "predicate": { "custom_model_data": 155 }, "model": "mnaf:props/block/shelf2x2_roof" },
    { "predicate": { "custom_model_data": 156 }, "model": "mnaf:props/block/shelf2x2_no_roof" },
    { "predicate": { "custom_model_data": 157 }, "model": "mnaf:props/block/shelf1x2" },
    { "predicate": { "custom_model_data": 201 }, "model": "mnaf:animatronics/vixie_bull" },
    { "predicate": { "custom_model_data": 202 }, "model": "minecraft:item/netherite_hoe" },
    { "predicate": { "custom_model_data": 1001 }, "model": "mnaf:cctv/camera" }
  ]
}