{
	"credit": "Made with Blockbench",
	"texture_size": [128, 128],
	"textures": {
		"0": "mnaf:props/blocks/server_towers",
		"particle": "mnaf:props/blocks/server_towers"
	},
	"elements": [
		{
			"from": [6, -14, 2.5],
			"to": [18, 14, 13.5],
			"rotation": {"angle": 0, "axis": "y", "origin": [23, -6, 10.5]},
			"faces": {
				"north": {"uv": [0, 0, 1.5, 3.5], "texture": "#0"},
				"east": {"uv": [4.5, 4.5, 5.875, 8], "texture": "#0"},
				"south": {"uv": [1.5, 1.5, 3, 5], "texture": "#0"},
				"west": {"uv": [4.5, 0, 5.875, 3.5], "texture": "#0"},
				"up": {"uv": [3, 1.375, 1.5, 0], "texture": "#0"},
				"down": {"uv": [4.5, 0, 3, 1.375], "texture": "#0"}
			}
		},
		{
			"from": [-8.5, -14, 2.5],
			"to": [3.5, 14, 13.5],
			"rotation": {"angle": 0, "axis": "y", "origin": [9, -6, 10.5]},
			"faces": {
				"north": {"uv": [3, 3, 4.5, 6.5], "texture": "#0"},
				"east": {"uv": [1.5, 5, 2.875, 8.5], "texture": "#0"},
				"south": {"uv": [0, 3.5, 1.5, 7], "texture": "#0"},
				"west": {"uv": [4.5, 4.5, 5.875, 8], "texture": "#0"},
				"up": {"uv": [4.5, 2.75, 3, 1.375], "texture": "#0"},
				"down": {"uv": [7.375, 0, 5.875, 1.375], "texture": "#0"}
			}
		},
		{
			"from": [3, 0, 6],
			"to": [6, 10, 6],
			"rotation": {"angle": 0, "axis": "y", "origin": [13, 8, 14]},
			"faces": {
				"north": {"uv": [7.25, 3, 7.625, 4.25], "texture": "#0"},
				"east": {"uv": [0, 0, 0, 1.25], "texture": "#0"},
				"south": {"uv": [7.25, 3, 7.625, 4.25], "texture": "#0"},
				"west": {"uv": [0, 0, 0, 1.25], "texture": "#0"},
				"up": {"uv": [0, 0, 0.375, 0], "texture": "#0"},
				"down": {"uv": [0, 0, 0.375, 0], "texture": "#0"}
			}
		},
		{
			"from": [-15.5, -14, 2.5],
			"to": [-8.5, -6, 2.5],
			"rotation": {"angle": 0, "axis": "y", "origin": [-1.5, -6, 10.5]},
			"faces": {
				"north": {"uv": [11.125, 5.625, 12, 6.625], "texture": "#0"},
				"east": {"uv": [0, 0, 0, 1], "texture": "#0"},
				"south": {"uv": [0, 0, 0.875, 1], "texture": "#0"},
				"west": {"uv": [0, 0, 0, 1], "texture": "#0"},
				"up": {"uv": [10.25, 5, 11.125, 5], "texture": "#0"},
				"down": {"uv": [0, 0, 0.875, 0], "texture": "#0"}
			}
		}
	],
	"display": {
		"fixed": {
			"rotation": [-90, 0, 0],
			"translation": [0, 0, -49.5],
			"scale": [2.3, 2.3, 2.3]
		}
	}
}