{
	"credit": "Made with Blockbench",
	"texture_size": [32, 32],
	"textures": {
		"0": "block/voicebox",
		"particle": "block/voicebox"
	},
	"elements": [
		{
			"from": [5.46905, 4, 6.92263],
			"to": [10.46905, 10, 10.92263],
			"rotation": {"angle": 0, "axis": "y", "origin": [16.46905, 13, 14.92263]},
			"faces": {
				"north": {"uv": [0, 0, 2.5, 3], "texture": "#0"},
				"east": {"uv": [0, 3, 2, 6], "texture": "#0"},
				"south": {"uv": [2.5, 2.5, 5, 5.5], "texture": "#0"},
				"west": {"uv": [5, 5, 7, 8], "texture": "#0"},
				"up": {"uv": [5, 2, 2.5, 0], "texture": "#0"},
				"down": {"uv": [7.5, 0, 5, 2], "texture": "#0"}
			}
		},
		{
			"from": [8.6, 7.4, 6.5],
			"to": [9.4, 8.2, 7.3],
			"rotation": {"angle": 0, "axis": "y", "origin": [15.30714, 3.8, 11.12263]},
			"faces": {
				"north": {"uv": [4, 2.5, 4.5, 2], "texture": "#0"},
				"east": {"uv": [2, 5, 2.5, 4.5], "texture": "#0"},
				"south": {"uv": [4.5, 2.5, 5, 2], "texture": "#0"},
				"west": {"uv": [2, 5.5, 2.5, 5], "texture": "#0"},
				"up": {"uv": [5, 6, 4.5, 5.5], "texture": "#0"},
				"down": {"uv": [5.5, 4.5, 5, 5], "texture": "#0"}
			}
		},
		{
			"from": [6.6, 7.4, 6.5],
			"to": [7.4, 8.2, 7.3],
			"rotation": {"angle": 0, "axis": "y", "origin": [13.30714, 3.8, 11.12263]},
			"faces": {
				"north": {"uv": [5.5, 5, 6, 4.5], "texture": "#0"},
				"east": {"uv": [1.5, 6.5, 2, 6], "texture": "#0"},
				"south": {"uv": [4.5, 6.5, 5, 6], "texture": "#0"},
				"west": {"uv": [6, 5, 6.5, 4.5], "texture": "#0"},
				"up": {"uv": [5, 7, 4.5, 6.5], "texture": "#0"},
				"down": {"uv": [2, 6.5, 1.5, 7], "texture": "#0"}
			}
		},
		{
			"from": [4.8, 8.8, 8],
			"to": [5.6, 9.6, 8],
			"rotation": {"angle": 0, "axis": "y", "origin": [12.30714, 13.2, 13.12263]},
			"faces": {
				"north": {"uv": [6.5, 4, 7, 4.5], "texture": "#0"},
				"east": {"uv": [0, 0, 0, 0.5], "texture": "#0"},
				"south": {"uv": [6.5, 4.5, 7, 5], "texture": "#0"},
				"west": {"uv": [0, 0, 0, 0.5], "texture": "#0"},
				"up": {"uv": [0.5, 0, 0, 0], "texture": "#0"},
				"down": {"uv": [0.5, 0, 0, 0], "texture": "#0"}
			}
		},
		{
			"from": [7.6, 8.4, 6.5],
			"to": [8.4, 9.2, 7.3],
			"rotation": {"angle": 0, "axis": "y", "origin": [14.30714, 4.8, 11.12263]},
			"faces": {
				"north": {"uv": [1.5, 7.5, 2, 7], "texture": "#0"},
				"east": {"uv": [4, 7.5, 4.5, 7], "texture": "#0"},
				"south": {"uv": [4.5, 7.5, 5, 7], "texture": "#0"},
				"west": {"uv": [7, 2.5, 7.5, 2], "texture": "#0"},
				"up": {"uv": [7.5, 3.5, 7, 3], "texture": "#0"},
				"down": {"uv": [7.5, 2.5, 7, 3], "texture": "#0"}
			}
		},
		{
			"from": [6.75, 4.5, 5.92263],
			"to": [9.25, 7, 6.92263],
			"rotation": {"angle": 0, "axis": "y", "origin": [16.75, 12, 13.92263]},
			"faces": {
				"north": {"uv": [0, 6, 1.5, 7.5], "texture": "#0"},
				"east": {"uv": [2, 3, 2.5, 4.5], "texture": "#0"},
				"south": {"uv": [7, 7, 8.5, 8.5], "texture": "#0"},
				"west": {"uv": [4, 5.5, 4.5, 7], "texture": "#0"},
				"up": {"uv": [4, 2.5, 2.5, 2], "texture": "#0"},
				"down": {"uv": [6.5, 4, 5, 4.5], "texture": "#0"}
			}
		},
		{
			"from": [6.06191, -2, 13.92263],
			"to": [10.06191, -2, 17.92263],
			"rotation": {"angle": 45, "axis": "x", "origin": [17.46905, 6, 21.92263]},
			"faces": {
				"north": {"uv": [0, 0, 2, 0], "texture": "#0"},
				"east": {"uv": [0, 0, 2, 0], "texture": "#0"},
				"south": {"uv": [0, 0, 2, 0], "texture": "#0"},
				"west": {"uv": [0, 0, 2, 0], "texture": "#0"},
				"up": {"uv": [11, 7, 13.5, 9.5], "texture": "#0"},
				"down": {"uv": [13.5, 9.5, 11, 12], "texture": "#0"}
			}
		}
	],
	"display": {
		"thirdperson_righthand": {
			"rotation": [0, 33.75, 0.75],
			"translation": [0, 0, -2.75]
		},
		"thirdperson_lefthand": {
			"rotation": [0, 33.75, 0.75],
			"translation": [0, 0, -2.75]
		},
		"firstperson_righthand": {
			"rotation": [25, 76.5, -23.5],
			"translation": [0, 2.25, 0]
		},
		"firstperson_lefthand": {
			"rotation": [25, 76.5, -23.5],
			"translation": [0, 2.25, 0]
		},
		"gui": {
			"rotation": [0, 139.25, 0],
			"translation": [0, 2, 0],
			"scale": [1.3, 1.3, 1.3]
		}
	}
}