{
	"credit": "Made with Blockbench",
	"texture_size": [64, 64],
	"textures": {
		"0": "mnaf:props/items/lantern",
		"particle": "mnaf:props/items/lantern"
	},
	"elements": [
		{
			"from": [4.75, 1, 4.75],
			"to": [11.25, 2, 11.25],
			"rotation": {"angle": 0, "axis": "y", "origin": [17.75, 9, 12.75]},
			"faces": {
				"north": {"uv": [6, 1.5, 7.75, 1.75], "texture": "#0"},
				"east": {"uv": [5, 6.5, 6.75, 6.75], "texture": "#0"},
				"south": {"uv": [6.5, 3, 8.25, 3.25], "texture": "#0"},
				"west": {"uv": [6.5, 3.25, 8.25, 3.5], "texture": "#0"},
				"up": {"uv": [1.75, 5.75, 0, 4], "texture": "#0"},
				"down": {"uv": [3.5, 4, 1.75, 5.75], "texture": "#0"}
			}
		},
		{
			"from": [4.5, 10, 4.5],
			"to": [11.5, 11, 11.5],
			"rotation": {"angle": 0, "axis": "y", "origin": [17.5, 3, 12.5]},
			"faces": {
				"north": {"uv": [6.5, 3.5, 8.25, 3.75], "texture": "#0"},
				"east": {"uv": [6.5, 3.75, 8.25, 4], "texture": "#0"},
				"south": {"uv": [6.5, 4, 8.25, 4.25], "texture": "#0"},
				"west": {"uv": [6.5, 5.25, 8.25, 5.5], "texture": "#0"},
				"up": {"uv": [5.25, 5.75, 3.5, 4], "texture": "#0"},
				"down": {"uv": [6, 0, 4.25, 1.75], "texture": "#0"}
			}
		},
		{
			"from": [5.5, 2, 5.5],
			"to": [10.5, 4, 10.5],
			"rotation": {"angle": 0, "axis": "y", "origin": [17.5, 10, 12.5]},
			"faces": {
				"north": {"uv": [2.25, 1.75, 3.5, 2.25], "texture": "#0"},
				"east": {"uv": [6, 1, 7.25, 1.5], "texture": "#0"},
				"south": {"uv": [6.25, 4.25, 7.5, 4.75], "texture": "#0"},
				"west": {"uv": [6.25, 4.75, 7.5, 5.25], "texture": "#0"},
				"up": {"uv": [5.5, 3, 4.25, 1.75], "texture": "#0"},
				"down": {"uv": [6.5, 5.25, 5.25, 6.5], "texture": "#0"}
			}
		},
		{
			"from": [5.5, 9, 5.5],
			"to": [10.5, 10, 10.5],
			"rotation": {"angle": 0, "axis": "y", "origin": [17.5, 2, 12.5]},
			"faces": {
				"north": {"uv": [6.5, 5.5, 7.75, 5.75], "texture": "#0"},
				"east": {"uv": [6.5, 5.75, 7.75, 6], "texture": "#0"},
				"south": {"uv": [6.5, 6, 7.75, 6.25], "texture": "#0"},
				"west": {"uv": [6.5, 6.25, 7.75, 6.5], "texture": "#0"},
				"up": {"uv": [6.5, 4.25, 5.25, 3], "texture": "#0"},
				"down": {"uv": [6.75, 1.75, 5.5, 3], "texture": "#0"}
			}
		},
		{
			"from": [3.5, 11.56569, 8],
			"to": [12.5, 19.36569, 8],
			"rotation": {"angle": 0, "axis": "z", "origin": [4.3, -3.63431, 16]},
			"faces": {
				"north": {"uv": [0, 0, 2.25, 2], "texture": "#0"},
				"east": {"uv": [0, 0, 0, 2], "texture": "#0"},
				"south": {"uv": [0, 2, 2.25, 4], "texture": "#0"},
				"west": {"uv": [0, 0, 0, 2], "texture": "#0"},
				"up": {"uv": [2.25, 0, 0, 0], "texture": "#0"},
				"down": {"uv": [2.25, 0, 0, 0], "texture": "#0"}
			}
		},
		{
			"from": [6, 4, 6],
			"to": [10, 9, 10],
			"rotation": {"angle": 0, "axis": "y", "origin": [14, 11, 14]},
			"faces": {
				"north": {"uv": [0, 5.75, 1, 7], "texture": "#0"},
				"east": {"uv": [1, 5.75, 2, 7], "texture": "#0"},
				"south": {"uv": [2, 5.75, 3, 7], "texture": "#0"},
				"west": {"uv": [3, 5.75, 4, 7], "texture": "#0"},
				"up": {"uv": [5.25, 4, 4.25, 3], "texture": "#0"},
				"down": {"uv": [6.25, 4.25, 5.25, 5.25], "texture": "#0"}
			}
		},
		{
			"from": [6, 11, 6],
			"to": [10, 12, 10],
			"rotation": {"angle": 0, "axis": "y", "origin": [14, 19, 14]},
			"faces": {
				"north": {"uv": [4, 6.75, 5, 7], "texture": "#0"},
				"east": {"uv": [5, 6.75, 6, 7], "texture": "#0"},
				"south": {"uv": [6, 6.75, 7, 7], "texture": "#0"},
				"west": {"uv": [6.75, 1.75, 7.75, 2], "texture": "#0"},
				"up": {"uv": [5, 6.75, 4, 5.75], "texture": "#0"},
				"down": {"uv": [7, 0, 6, 1], "texture": "#0"}
			}
		},
		{
			"from": [4, 3, 8],
			"to": [12, 10, 8],
			"rotation": {"angle": 0, "axis": "y", "origin": [13, 10, 16]},
			"faces": {
				"north": {"uv": [2.25, 2.25, 4.25, 4], "texture": "#0"},
				"east": {"uv": [0, 0, 0, 1.75], "texture": "#0"},
				"south": {"uv": [2.25, 0, 4.25, 1.75], "texture": "#0"},
				"west": {"uv": [0, 0, 0, 1.75], "texture": "#0"},
				"up": {"uv": [2, 0, 0, 0], "texture": "#0"},
				"down": {"uv": [2, 0, 0, 0], "texture": "#0"}
			}
		}
	],
	"display": {
		"thirdperson_righthand": {
			"rotation": [61.25, 0, 0],
			"translation": [0, -5, -5.5],
			"scale": [0.6, 0.6, 0.6]
		},
		"thirdperson_lefthand": {
			"rotation": [61.25, 0, 0],
			"translation": [0, -5, -5.5],
			"scale": [0.6, 0.6, 0.6]
		},
		"firstperson_righthand": {
			"rotation": [18.25, 8.5, 0],
			"translation": [-2, -1, 1.5],
			"scale": [0.6, 0.6, 0.6]
		},
		"firstperson_lefthand": {
			"rotation": [18.25, 8.5, 0],
			"translation": [-2, -1, 1.5],
			"scale": [0.6, 0.6, 0.6]
		},
		"ground": {
			"rotation": [68.5, 52.5, -33.5],
			"translation": [0, 3, 0],
			"scale": [0.8, 0.8, 0.8]
		},
		"gui": {
			"rotation": [14.5, -38, 1.25],
			"translation": [0, -1.75, 0],
			"scale": [0.6, 0.6, 0.6]
		}
	}
}