{
	"credit": "Made with Blockbench",
	"texture_size": [64, 64],
	"textures": {
		"0": "block/tablephone",
		"particle": "block/tablephone"
	},
	"elements": [
		{
			"from": [3, 0, 3],
			"to": [13, 1, 13],
			"rotation": {"angle": 0, "axis": "y", "origin": [13, 8, 13]},
			"faces": {
				"north": {"uv": [2.5, 2, 5, 2.25], "texture": "#0"},
				"east": {"uv": [2.5, 2.25, 5, 2.5], "texture": "#0"},
				"south": {"uv": [0, 5.75, 2.5, 6], "texture": "#0"},
				"west": {"uv": [2.5, 5.75, 5, 6], "texture": "#0"},
				"up": {"uv": [2.5, 2.5, 0, 0], "texture": "#0"},
				"down": {"uv": [2.5, 2.5, 0, 5], "texture": "#0"}
			}
		},
		{
			"from": [3, 1, 8],
			"to": [9, 4, 13],
			"rotation": {"angle": 0, "axis": "y", "origin": [13, 9, 13]},
			"faces": {
				"north": {"uv": [0, 5, 1.5, 5.75], "texture": "#0"},
				"east": {"uv": [5, 0.75, 6.25, 1.5], "texture": "#0"},
				"south": {"uv": [5, 0, 6.5, 0.75], "texture": "#0"},
				"west": {"uv": [5, 1.5, 6.25, 2.25], "texture": "#0"},
				"up": {"uv": [4, 5.75, 2.5, 4.5], "texture": "#0"},
				"down": {"uv": [5.5, 4.5, 4, 5.75], "texture": "#0"}
			}
		},
		{
			"from": [4, 4, 11],
			"to": [5, 6, 12],
			"rotation": {"angle": 0, "axis": "y", "origin": [14, 12, 16]},
			"faces": {
				"north": {"uv": [6.5, 0, 6.75, 0.5], "texture": "#0"},
				"east": {"uv": [6.5, 3.25, 6.75, 3.75], "texture": "#0"},
				"south": {"uv": [6.5, 3.75, 6.75, 4.25], "texture": "#0"},
				"west": {"uv": [1.5, 6.75, 1.75, 7.25], "texture": "#0"},
				"up": {"uv": [6.75, 0.75, 6.5, 0.5], "texture": "#0"},
				"down": {"uv": [6.75, 4.25, 6.5, 4.5], "texture": "#0"}
			}
		},
		{
			"from": [4, 4, 11.5],
			"to": [7, 8, 11.5],
			"rotation": {"angle": 0, "axis": "y", "origin": [16, 12, 16.5]},
			"faces": {
				"north": {"uv": [5.5, 5.5, 6.25, 6.5], "texture": "#0"},
				"east": {"uv": [0, 0, 0, 1], "texture": "#0"},
				"south": {"uv": [5.5, 4.5, 6.25, 5.5], "texture": "#0"},
				"west": {"uv": [0, 0, 0, 1], "texture": "#0"},
				"up": {"uv": [0.75, 0, 0, 0], "texture": "#0"},
				"down": {"uv": [0.75, 0, 0, 0], "texture": "#0"}
			}
		},
		{
			"from": [3, 1, 5],
			"to": [3, 3, 8],
			"rotation": {"angle": 0, "axis": "y", "origin": [13, 9, 8]},
			"faces": {
				"north": {"uv": [0, 0, 0, 0.5], "texture": "#0"},
				"east": {"uv": [14.5, 5.5, 16, 6.5], "texture": "#0"},
				"south": {"uv": [0, 0, 0, 0.5], "texture": "#0"},
				"west": {"uv": [14.5, 4.5, 16, 5.5], "texture": "#0"},
				"up": {"uv": [0, 0.75, 0, 0], "texture": "#0"},
				"down": {"uv": [0, 0, 0, 0.75], "texture": "#0"}
			}
		},
		{
			"from": [9, 1, 10],
			"to": [13, 4, 13],
			"rotation": {"angle": 0, "axis": "y", "origin": [20, 9, 13]},
			"faces": {
				"north": {"uv": [1.5, 5, 2.5, 5.75], "texture": "#0"},
				"east": {"uv": [0, 6.25, 0.75, 7], "texture": "#0"},
				"south": {"uv": [5, 2.25, 6, 3], "texture": "#0"},
				"west": {"uv": [0.75, 6.25, 1.5, 7], "texture": "#0"},
				"up": {"uv": [6, 3.75, 5, 3], "texture": "#0"},
				"down": {"uv": [6, 3.75, 5, 4.5], "texture": "#0"}
			}
		},
		{
			"from": [13, 1, 5],
			"to": [13, 3, 10],
			"rotation": {"angle": 0, "axis": "y", "origin": [20, 9, 10]},
			"faces": {
				"north": {"uv": [0, 0, 0, 0.5], "texture": "#0"},
				"east": {"uv": [13.5, 2.5, 16, 3.5], "texture": "#0"},
				"south": {"uv": [0, 0, 0, 0.5], "texture": "#0"},
				"west": {"uv": [13.5, 3.5, 16, 4.5], "texture": "#0"},
				"up": {"uv": [0, 1.25, 0, 0], "texture": "#0"},
				"down": {"uv": [0, 0, 0, 1.25], "texture": "#0"}
			}
		},
		{
			"from": [3, 0, 3],
			"to": [13, 1, 11],
			"rotation": {"angle": -22.5, "axis": "x", "origin": [13, 0, 3]},
			"faces": {
				"north": {"uv": [0, 6, 2.5, 6.25], "texture": "#0"},
				"east": {"uv": [1.5, 6.25, 3.5, 6.5], "texture": "#0"},
				"south": {"uv": [2.5, 6, 5, 6.25], "texture": "#0"},
				"west": {"uv": [6.25, 6.25, 8.25, 6.5], "texture": "#0"},
				"up": {"uv": [5, 4.5, 2.5, 2.5], "texture": "#0"},
				"down": {"uv": [5, 0, 2.5, 2], "texture": "#0"}
			}
		},
		{
			"from": [10, 2, 4],
			"to": [12, 3, 9],
			"rotation": {"angle": -22.5, "axis": "x", "origin": [12, 3, 4]},
			"faces": {
				"north": {"uv": [6.25, 5.5, 6.75, 5.75], "texture": "#0"},
				"east": {"uv": [6.25, 0.75, 7.5, 1], "texture": "#0"},
				"south": {"uv": [6.25, 5.75, 6.75, 6], "texture": "#0"},
				"west": {"uv": [6.25, 1, 7.5, 1.25], "texture": "#0"},
				"up": {"uv": [5.5, 7, 5, 5.75], "texture": "#0"},
				"down": {"uv": [6.5, 3.25, 6, 4.5], "texture": "#0"}
			}
		},
		{
			"from": [10, 2.76537, 2],
			"to": [12, 3.76537, 4],
			"rotation": {"angle": -45, "axis": "x", "origin": [12, 3.38268, 4.92388]},
			"faces": {
				"north": {"uv": [3, 6.5, 3.5, 6.75], "texture": "#0"},
				"east": {"uv": [5.5, 6.5, 6, 6.75], "texture": "#0"},
				"south": {"uv": [6, 6.5, 6.5, 6.75], "texture": "#0"},
				"west": {"uv": [6.5, 6.5, 7, 6.75], "texture": "#0"},
				"up": {"uv": [6.75, 5, 6.25, 4.5], "texture": "#0"},
				"down": {"uv": [6.75, 5, 6.25, 5.5], "texture": "#0"}
			}
		},
		{
			"from": [10, 3.91342, 8.6194],
			"to": [12, 4.91342, 10.6194],
			"rotation": {"angle": 0, "axis": "x", "origin": [12, 3, 4]},
			"faces": {
				"north": {"uv": [6.25, 6, 6.75, 6.25], "texture": "#0"},
				"east": {"uv": [1.5, 6.5, 2, 6.75], "texture": "#0"},
				"south": {"uv": [2, 6.5, 2.5, 6.75], "texture": "#0"},
				"west": {"uv": [2.5, 6.5, 3, 6.75], "texture": "#0"},
				"up": {"uv": [6.75, 1.75, 6.25, 1.25], "texture": "#0"},
				"down": {"uv": [6.75, 1.75, 6.25, 2.25], "texture": "#0"}
			}
		}
	],
	"display": {
		"thirdperson_righthand": {
			"translation": [0, 2.75, 0],
			"scale": [0.5, 0.5, 0.5]
		},
		"thirdperson_lefthand": {
			"translation": [0, 2.75, 0],
			"scale": [0.5, 0.5, 0.5]
		},
		"firstperson_righthand": {
			"translation": [0, 4.75, 0]
		},
		"firstperson_lefthand": {
			"translation": [0, 4.75, 0]
		},
		"ground": {
			"translation": [0, 4.25, 0]
		},
		"gui": {
			"rotation": [27, 165, -14],
			"translation": [-1.5, 4, 0]
		},
		"fixed": {
			"rotation": [-89.5, 0, 0],
			"translation": [0, 0, -15],
			"scale": [2, 2, 2]
		}
	},
	"groups": [0, 1, 2, 3, 4, 5, 6, 7,
		{
			"name": "group",
			"origin": [10, 3, 9],
			"children": [8, 9, 10]
		}
	]
}