{
	"credit": "Made with Blockbench",
	"texture_size": [64, 64],
	"textures": {
		"0": "blockbench/speaker",
		"particle": "blockbench/speaker"
	},
	"elements": [
		{
			"from": [3, 0, 3],
			"to": [14, 17, 13],
			"rotation": {"angle": 0, "axis": "y", "origin": [11, 8, 12]},
			"faces": {
				"north": {"uv": [0, 0, 2.75, 4.25], "texture": "#0"},
				"east": {"uv": [0, 4.25, 2.5, 8.5], "texture": "#0"},
				"south": {"uv": [2.75, 2.75, 5.5, 7], "texture": "#0"},
				"west": {"uv": [5.5, 5.5, 8, 9.75], "texture": "#0"},
				"up": {"uv": [5.5, 2.5, 2.75, 0], "texture": "#0"},
				"down": {"uv": [8.25, 0, 5.5, 2.5], "texture": "#0"}
			}
		},
		{
			"from": [4.5, 1, 2],
			"to": [12.5, 8, 3],
			"rotation": {"angle": 0, "axis": "y", "origin": [12, 10, 10]},
			"faces": {
				"north": {"uv": [5.5, 2.5, 7.5, 4.25], "texture": "#0"},
				"east": {"uv": [2.5, 4.25, 2.75, 6], "texture": "#0"},
				"south": {"uv": [2.5, 7, 4.5, 8.75], "texture": "#0"},
				"west": {"uv": [4.5, 7, 4.75, 8.75], "texture": "#0"},
				"up": {"uv": [4.75, 2.75, 2.75, 2.5], "texture": "#0"},
				"down": {"uv": [7.5, 4.25, 5.5, 4.5], "texture": "#0"}
			}
		},
		{
			"from": [5, 9, 2],
			"to": [12, 15, 3],
			"rotation": {"angle": 0, "axis": "y", "origin": [13, 17, 10]},
			"faces": {
				"north": {"uv": [7.5, 2.5, 9.25, 4], "texture": "#0"},
				"east": {"uv": [4.75, 7, 5, 8.5], "texture": "#0"},
				"south": {"uv": [7.5, 4, 9.25, 5.5], "texture": "#0"},
				"west": {"uv": [5, 7, 5.25, 8.5], "texture": "#0"},
				"up": {"uv": [7.25, 4.75, 5.5, 4.5], "texture": "#0"},
				"down": {"uv": [7.25, 4.75, 5.5, 5], "texture": "#0"}
			}
		}
	]
}